# LNZ.STD logo - dibuat dari lnz-A-LNZ.STD.svg
mtllib lnz-A-LNZ.STD.mtl
o Putih
usemtl Putih
v 4.2765 1.3938 0.7500
v 3.0668 1.3938 0.7500
v 2.5291 -1.1524 0.7500
v 3.7390 -1.1524 0.7500
v 3.8330 -1.1511 0.7500
v 3.9236 -1.1473 0.7500
v 4.0112 -1.1407 0.7500
v 4.0955 -1.1315 0.7500
v 4.1762 -1.1198 0.7500
v 4.2539 -1.1055 0.7500
v 4.3282 -1.0885 0.7500
v 4.3992 -1.0689 0.7500
v 4.4672 -1.0467 0.7500
v 4.5316 -1.0220 0.7500
v 4.5933 -0.9943 0.7500
v 4.6523 -0.9637 0.7500
v 4.7091 -0.9304 0.7500
v 4.7631 -0.8937 0.7500
v 4.8148 -0.8545 0.7500
v 4.8639 -0.8120 0.7500
v 4.9105 -0.7666 0.7500
v 4.9548 -0.7183 0.7500
v 4.9966 -0.6671 0.7500
v 5.0358 -0.6126 0.7500
v 5.0727 -0.5553 0.7500
v 5.1081 -0.4947 0.7500
v 5.1414 -0.4311 0.7500
v 5.1730 -0.3641 0.7500
v 5.2028 -0.2938 0.7500
v 5.2308 -0.2205 0.7500
v 5.2568 -0.1441 0.7500
v 5.2812 -0.0642 0.7500
v 5.3036 0.0186 0.7500
v 5.3243 0.1049 0.7500
v 5.3281 0.1222 0.7500
v 5.3319 0.1393 0.7500
v 5.3352 0.1563 0.7500
v 5.3385 0.1731 0.7500
v 5.3416 0.1899 0.7500
v 5.3444 0.2065 0.7500
v 5.3472 0.2228 0.7500
v 5.3497 0.2391 0.7500
v 5.3520 0.2551 0.7500
v 5.3540 0.2709 0.7500
v 5.3576 0.3025 0.7500
v 5.3591 0.3180 0.7500
v 5.3604 0.3335 0.7500
v 5.3614 0.3491 0.7500
v 5.3630 0.3796 0.7500
v 5.3635 0.3949 0.7500
v 5.3637 0.4099 0.7500
v 5.3640 0.4252 0.7500
v 5.3624 0.4858 0.7500
v 5.3581 0.5449 0.7500
v 5.3512 0.6019 0.7500
v 5.3413 0.6569 0.7500
v 5.3288 0.7104 0.7500
v 5.3133 0.7618 0.7500
v 5.2950 0.8112 0.7500
v 5.2741 0.8591 0.7500
v 5.2502 0.9049 0.7500
v 5.2234 0.9489 0.7500
v 5.1944 0.9910 0.7500
v 5.1631 1.0312 0.7500
v 5.1300 1.0691 0.7500
v 5.0943 1.1053 0.7500
v 5.0569 1.1391 0.7500
v 5.0174 1.1712 0.7500
v 4.9757 1.2013 0.7500
v 4.9319 1.2293 0.7500
v 4.8861 1.2553 0.7500
v 4.8379 1.2792 0.7500
v 4.7883 1.3008 0.7500
v 4.7371 1.3204 0.7500
v 4.6847 1.3375 0.7500
v 4.6304 1.3525 0.7500
v 4.5752 1.3650 0.7500
v 4.5181 1.3754 0.7500
v 4.4601 1.3833 0.7500
v 4.4003 1.3892 0.7500
v 4.3391 1.3925 0.7500
v 3.7823 -0.4250 0.7500
v 3.6400 -0.4250 0.7500
v 3.8574 0.6108 0.7500
v 3.9997 0.6108 0.7500
v 4.0384 0.6106 0.7500
v 4.0746 0.6090 0.7500
v 4.1090 0.6067 0.7500
v 4.1413 0.6037 0.7500
v 4.1714 0.5996 0.7500
v 4.1994 0.5945 0.7500
v 4.2253 0.5887 0.7500
v 4.2490 0.5818 0.7500
v 4.2709 0.5742 0.7500
v 4.2905 0.5655 0.7500
v 4.3081 0.5553 0.7500
v 4.3239 0.5426 0.7500
v 4.3379 0.5278 0.7500
v 4.3498 0.5105 0.7500
v 4.3600 0.4909 0.7500
v 4.3684 0.4690 0.7500
v 4.3750 0.4446 0.7500
v 4.3796 0.4181 0.7500
v 4.3824 0.3891 0.7500
v 4.3835 0.3580 0.7500
v 4.3832 0.3475 0.7500
v 4.3832 0.3369 0.7500
v 4.3827 0.3262 0.7500
v 4.3824 0.3152 0.7500
v 4.3819 0.3040 0.7500
v 4.3804 0.2811 0.7500
v 4.3796 0.2694 0.7500
v 4.3786 0.2574 0.7500
v 4.3773 0.2452 0.7500
v 4.3761 0.2327 0.7500
v 4.3745 0.2200 0.7500
v 4.3725 0.2067 0.7500
v 4.3705 0.1933 0.7500
v 4.3679 0.1795 0.7500
v 4.3654 0.1652 0.7500
v 4.3623 0.1507 0.7500
v 4.3590 0.1357 0.7500
v 4.3554 0.1204 0.7500
v 4.3516 0.1049 0.7500
v 4.3419 0.0616 0.7500
v 4.3318 0.0206 0.7500
v 4.3208 -0.0183 0.7500
v 4.3096 -0.0553 0.7500
v 4.2979 -0.0899 0.7500
v 4.2854 -0.1225 0.7500
v 4.2727 -0.1528 0.7500
v 4.2595 -0.1810 0.7500
v 4.2454 -0.2073 0.7500
v 4.2312 -0.2312 0.7500
v 4.2162 -0.2533 0.7500
v 4.2004 -0.2740 0.7500
v 4.1841 -0.2933 0.7500
v 4.1670 -0.3109 0.7500
v 4.1492 -0.3272 0.7500
v 4.1306 -0.3417 0.7500
v 4.1113 -0.3549 0.7500
v 4.0914 -0.3666 0.7500
v 4.0705 -0.3768 0.7500
v 4.0491 -0.3855 0.7500
v 4.0270 -0.3929 0.7500
v 4.0038 -0.3995 0.7500
v 3.9796 -0.4056 0.7500
v 3.9544 -0.4107 0.7500
v 3.9282 -0.4150 0.7500
v 3.9010 -0.4186 0.7500
v 3.8729 -0.4214 0.7500
v 3.8437 -0.4234 0.7500
v 3.8136 -0.4244 0.7500
v 4.2765 1.3938 -0.7500
v 3.0668 1.3938 -0.7500
v 2.5291 -1.1524 -0.7500
v 3.7390 -1.1524 -0.7500
v 3.8330 -1.1511 -0.7500
v 3.9236 -1.1473 -0.7500
v 4.0112 -1.1407 -0.7500
v 4.0955 -1.1315 -0.7500
v 4.1762 -1.1198 -0.7500
v 4.2539 -1.1055 -0.7500
v 4.3282 -1.0885 -0.7500
v 4.3992 -1.0689 -0.7500
v 4.4672 -1.0467 -0.7500
v 4.5316 -1.0220 -0.7500
v 4.5933 -0.9943 -0.7500
v 4.6523 -0.9637 -0.7500
v 4.7091 -0.9304 -0.7500
v 4.7631 -0.8937 -0.7500
v 4.8148 -0.8545 -0.7500
v 4.8639 -0.8120 -0.7500
v 4.9105 -0.7666 -0.7500
v 4.9548 -0.7183 -0.7500
v 4.9966 -0.6671 -0.7500
v 5.0358 -0.6126 -0.7500
v 5.0727 -0.5553 -0.7500
v 5.1081 -0.4947 -0.7500
v 5.1414 -0.4311 -0.7500
v 5.1730 -0.3641 -0.7500
v 5.2028 -0.2938 -0.7500
v 5.2308 -0.2205 -0.7500
v 5.2568 -0.1441 -0.7500
v 5.2812 -0.0642 -0.7500
v 5.3036 0.0186 -0.7500
v 5.3243 0.1049 -0.7500
v 5.3281 0.1222 -0.7500
v 5.3319 0.1393 -0.7500
v 5.3352 0.1563 -0.7500
v 5.3385 0.1731 -0.7500
v 5.3416 0.1899 -0.7500
v 5.3444 0.2065 -0.7500
v 5.3472 0.2228 -0.7500
v 5.3497 0.2391 -0.7500
v 5.3520 0.2551 -0.7500
v 5.3540 0.2709 -0.7500
v 5.3576 0.3025 -0.7500
v 5.3591 0.3180 -0.7500
v 5.3604 0.3335 -0.7500
v 5.3614 0.3491 -0.7500
v 5.3630 0.3796 -0.7500
v 5.3635 0.3949 -0.7500
v 5.3637 0.4099 -0.7500
v 5.3640 0.4252 -0.7500
v 5.3624 0.4858 -0.7500
v 5.3581 0.5449 -0.7500
v 5.3512 0.6019 -0.7500
v 5.3413 0.6569 -0.7500
v 5.3288 0.7104 -0.7500
v 5.3133 0.7618 -0.7500
v 5.2950 0.8112 -0.7500
v 5.2741 0.8591 -0.7500
v 5.2502 0.9049 -0.7500
v 5.2234 0.9489 -0.7500
v 5.1944 0.9910 -0.7500
v 5.1631 1.0312 -0.7500
v 5.1300 1.0691 -0.7500
v 5.0943 1.1053 -0.7500
v 5.0569 1.1391 -0.7500
v 5.0174 1.1712 -0.7500
v 4.9757 1.2013 -0.7500
v 4.9319 1.2293 -0.7500
v 4.8861 1.2553 -0.7500
v 4.8379 1.2792 -0.7500
v 4.7883 1.3008 -0.7500
v 4.7371 1.3204 -0.7500
v 4.6847 1.3375 -0.7500
v 4.6304 1.3525 -0.7500
v 4.5752 1.3650 -0.7500
v 4.5181 1.3754 -0.7500
v 4.4601 1.3833 -0.7500
v 4.4003 1.3892 -0.7500
v 4.3391 1.3925 -0.7500
v 3.7823 -0.4250 -0.7500
v 3.6400 -0.4250 -0.7500
v 3.8574 0.6108 -0.7500
v 3.9997 0.6108 -0.7500
v 4.0384 0.6106 -0.7500
v 4.0746 0.6090 -0.7500
v 4.1090 0.6067 -0.7500
v 4.1413 0.6037 -0.7500
v 4.1714 0.5996 -0.7500
v 4.1994 0.5945 -0.7500
v 4.2253 0.5887 -0.7500
v 4.2490 0.5818 -0.7500
v 4.2709 0.5742 -0.7500
v 4.2905 0.5655 -0.7500
v 4.3081 0.5553 -0.7500
v 4.3239 0.5426 -0.7500
v 4.3379 0.5278 -0.7500
v 4.3498 0.5105 -0.7500
v 4.3600 0.4909 -0.7500
v 4.3684 0.4690 -0.7500
v 4.3750 0.4446 -0.7500
v 4.3796 0.4181 -0.7500
v 4.3824 0.3891 -0.7500
v 4.3835 0.3580 -0.7500
v 4.3832 0.3475 -0.7500
v 4.3832 0.3369 -0.7500
v 4.3827 0.3262 -0.7500
v 4.3824 0.3152 -0.7500
v 4.3819 0.3040 -0.7500
v 4.3804 0.2811 -0.7500
v 4.3796 0.2694 -0.7500
v 4.3786 0.2574 -0.7500
v 4.3773 0.2452 -0.7500
v 4.3761 0.2327 -0.7500
v 4.3745 0.2200 -0.7500
v 4.3725 0.2067 -0.7500
v 4.3705 0.1933 -0.7500
v 4.3679 0.1795 -0.7500
v 4.3654 0.1652 -0.7500
v 4.3623 0.1507 -0.7500
v 4.3590 0.1357 -0.7500
v 4.3554 0.1204 -0.7500
v 4.3516 0.1049 -0.7500
v 4.3419 0.0616 -0.7500
v 4.3318 0.0206 -0.7500
v 4.3208 -0.0183 -0.7500
v 4.3096 -0.0553 -0.7500
v 4.2979 -0.0899 -0.7500
v 4.2854 -0.1225 -0.7500
v 4.2727 -0.1528 -0.7500
v 4.2595 -0.1810 -0.7500
v 4.2454 -0.2073 -0.7500
v 4.2312 -0.2312 -0.7500
v 4.2162 -0.2533 -0.7500
v 4.2004 -0.2740 -0.7500
v 4.1841 -0.2933 -0.7500
v 4.1670 -0.3109 -0.7500
v 4.1492 -0.3272 -0.7500
v 4.1306 -0.3417 -0.7500
v 4.1113 -0.3549 -0.7500
v 4.0914 -0.3666 -0.7500
v 4.0705 -0.3768 -0.7500
v 4.0491 -0.3855 -0.7500
v 4.0270 -0.3929 -0.7500
v 4.0038 -0.3995 -0.7500
v 3.9796 -0.4056 -0.7500
v 3.9544 -0.4107 -0.7500
v 3.9282 -0.4150 -0.7500
v 3.9010 -0.4186 -0.7500
v 3.8729 -0.4214 -0.7500
v 3.8437 -0.4234 -0.7500
v 3.8136 -0.4244 -0.7500
v 3.6400 -0.4250 -0.7500
v 3.8574 0.6108 -0.7500
v 3.8574 0.6108 0.7500
v 3.6400 -0.4250 0.7500
v 4.3835 0.3580 -0.7500
v 4.3832 0.3475 -0.7500
v 4.3832 0.3475 0.7500
v 4.3835 0.3580 0.7500
v 4.3832 0.3475 -0.7500
v 4.3832 0.3369 -0.7500
v 4.3832 0.3369 0.7500
v 4.3832 0.3475 0.7500
v 4.3832 0.3369 -0.7500
v 4.3827 0.3262 -0.7500
v 4.3827 0.3262 0.7500
v 4.3832 0.3369 0.7500
v 4.3827 0.3262 -0.7500
v 4.3824 0.3152 -0.7500
v 4.3824 0.3152 0.7500
v 4.3827 0.3262 0.7500
v 4.3819 0.3040 -0.7500
v 4.3804 0.2811 -0.7500
v 4.3804 0.2811 0.7500
v 4.3819 0.3040 0.7500
v 4.3804 0.2811 -0.7500
v 4.3796 0.2694 -0.7500
v 4.3796 0.2694 0.7500
v 4.3804 0.2811 0.7500
v 4.3786 0.2574 -0.7500
v 4.3773 0.2452 -0.7500
v 4.3773 0.2452 0.7500
v 4.3786 0.2574 0.7500
v 4.3773 0.2452 -0.7500
v 4.3761 0.2327 -0.7500
v 4.3761 0.2327 0.7500
v 4.3773 0.2452 0.7500
v 4.3745 0.2200 -0.7500
v 4.3725 0.2067 -0.7500
v 4.3725 0.2067 0.7500
v 4.3745 0.2200 0.7500
v 4.3725 0.2067 -0.7500
v 4.3705 0.1933 -0.7500
v 4.3705 0.1933 0.7500
v 4.3725 0.2067 0.7500
v 4.3705 0.1933 -0.7500
v 4.3679 0.1795 -0.7500
v 4.3679 0.1795 0.7500
v 4.3705 0.1933 0.7500
v 4.3679 0.1795 -0.7500
v 4.3654 0.1652 -0.7500
v 4.3654 0.1652 0.7500
v 4.3679 0.1795 0.7500
v 4.3554 0.1204 -0.7500
v 4.3516 0.1049 -0.7500
v 4.3516 0.1049 0.7500
v 4.3554 0.1204 0.7500
v 4.3516 0.1049 -0.7500
v 4.3419 0.0616 -0.7500
v 4.3419 0.0616 0.7500
v 4.3516 0.1049 0.7500
v 3.7823 -0.4250 -0.7500
v 3.6400 -0.4250 -0.7500
v 3.6400 -0.4250 0.7500
v 3.7823 -0.4250 0.7500
v 2.5291 -1.1524 -0.7500
v 3.7390 -1.1524 -0.7500
v 3.7390 -1.1524 0.7500
v 2.5291 -1.1524 0.7500
v 3.7390 -1.1524 -0.7500
v 3.8330 -1.1511 -0.7500
v 3.8330 -1.1511 0.7500
v 3.7390 -1.1524 0.7500
v 3.8330 -1.1511 -0.7500
v 3.9236 -1.1473 -0.7500
v 3.9236 -1.1473 0.7500
v 3.8330 -1.1511 0.7500
v 3.9236 -1.1473 -0.7500
v 4.0112 -1.1407 -0.7500
v 4.0112 -1.1407 0.7500
v 3.9236 -1.1473 0.7500
v 4.0112 -1.1407 -0.7500
v 4.0955 -1.1315 -0.7500
v 4.0955 -1.1315 0.7500
v 4.0112 -1.1407 0.7500
v 4.0955 -1.1315 -0.7500
v 4.1762 -1.1198 -0.7500
v 4.1762 -1.1198 0.7500
v 4.0955 -1.1315 0.7500
v 4.1762 -1.1198 -0.7500
v 4.2539 -1.1055 -0.7500
v 4.2539 -1.1055 0.7500
v 4.1762 -1.1198 0.7500
v 4.2539 -1.1055 -0.7500
v 4.3282 -1.0885 -0.7500
v 4.3282 -1.0885 0.7500
v 4.2539 -1.1055 0.7500
v 4.3282 -1.0885 -0.7500
v 4.3992 -1.0689 -0.7500
v 4.3992 -1.0689 0.7500
v 4.3282 -1.0885 0.7500
v 4.3992 -1.0689 -0.7500
v 4.4672 -1.0467 -0.7500
v 4.4672 -1.0467 0.7500
v 4.3992 -1.0689 0.7500
v 4.4672 -1.0467 -0.7500
v 4.5316 -1.0220 -0.7500
v 4.5316 -1.0220 0.7500
v 4.4672 -1.0467 0.7500
v 4.5316 -1.0220 -0.7500
v 4.5933 -0.9943 -0.7500
v 4.5933 -0.9943 0.7500
v 4.5316 -1.0220 0.7500
v 4.5933 -0.9943 -0.7500
v 4.6523 -0.9637 -0.7500
v 4.6523 -0.9637 0.7500
v 4.5933 -0.9943 0.7500
v 4.6523 -0.9637 -0.7500
v 4.7091 -0.9304 -0.7500
v 4.7091 -0.9304 0.7500
v 4.6523 -0.9637 0.7500
v 4.7091 -0.9304 -0.7500
v 4.7631 -0.8937 -0.7500
v 4.7631 -0.8937 0.7500
v 4.7091 -0.9304 0.7500
v 4.7631 -0.8937 -0.7500
v 4.8148 -0.8545 -0.7500
v 4.8148 -0.8545 0.7500
v 4.7631 -0.8937 0.7500
v 4.8148 -0.8545 -0.7500
v 4.8639 -0.8120 -0.7500
v 4.8639 -0.8120 0.7500
v 4.8148 -0.8545 0.7500
v 4.8639 -0.8120 -0.7500
v 4.9105 -0.7666 -0.7500
v 4.9105 -0.7666 0.7500
v 4.8639 -0.8120 0.7500
v 4.9105 -0.7666 -0.7500
v 4.9548 -0.7183 -0.7500
v 4.9548 -0.7183 0.7500
v 4.9105 -0.7666 0.7500
v 4.9548 -0.7183 -0.7500
v 4.9966 -0.6671 -0.7500
v 4.9966 -0.6671 0.7500
v 4.9548 -0.7183 0.7500
v 4.9966 -0.6671 -0.7500
v 5.0358 -0.6126 -0.7500
v 5.0358 -0.6126 0.7500
v 4.9966 -0.6671 0.7500
v 5.0358 -0.6126 -0.7500
v 5.0727 -0.5553 -0.7500
v 5.0727 -0.5553 0.7500
v 5.0358 -0.6126 0.7500
v 5.0727 -0.5553 -0.7500
v 5.1081 -0.4947 -0.7500
v 5.1081 -0.4947 0.7500
v 5.0727 -0.5553 0.7500
v 5.1081 -0.4947 -0.7500
v 5.1414 -0.4311 -0.7500
v 5.1414 -0.4311 0.7500
v 5.1081 -0.4947 0.7500
v 5.1414 -0.4311 -0.7500
v 5.1730 -0.3641 -0.7500
v 5.1730 -0.3641 0.7500
v 5.1414 -0.4311 0.7500
v 5.1730 -0.3641 -0.7500
v 5.2028 -0.2938 -0.7500
v 5.2028 -0.2938 0.7500
v 5.1730 -0.3641 0.7500
v 5.2028 -0.2938 -0.7500
v 5.2308 -0.2205 -0.7500
v 5.2308 -0.2205 0.7500
v 5.2028 -0.2938 0.7500
v 5.2308 -0.2205 -0.7500
v 5.2568 -0.1441 -0.7500
v 5.2568 -0.1441 0.7500
v 5.2308 -0.2205 0.7500
v 5.2568 -0.1441 -0.7500
v 5.2812 -0.0642 -0.7500
v 5.2812 -0.0642 0.7500
v 5.2568 -0.1441 0.7500
v 5.2812 -0.0642 -0.7500
v 5.3036 0.0186 -0.7500
v 5.3036 0.0186 0.7500
v 5.2812 -0.0642 0.7500
v 5.3036 0.0186 -0.7500
v 5.3243 0.1049 -0.7500
v 5.3243 0.1049 0.7500
v 5.3036 0.0186 0.7500
v 5.3243 0.1049 -0.7500
v 5.3281 0.1222 -0.7500
v 5.3281 0.1222 0.7500
v 5.3243 0.1049 0.7500
v 5.3281 0.1222 -0.7500
v 5.3319 0.1393 -0.7500
v 5.3319 0.1393 0.7500
v 5.3281 0.1222 0.7500
v 5.3319 0.1393 -0.7500
v 5.3352 0.1563 -0.7500
v 5.3352 0.1563 0.7500
v 5.3319 0.1393 0.7500
v 5.3352 0.1563 -0.7500
v 5.3385 0.1731 -0.7500
v 5.3385 0.1731 0.7500
v 5.3352 0.1563 0.7500
v 5.3385 0.1731 -0.7500
v 5.3416 0.1899 -0.7500
v 5.3416 0.1899 0.7500
v 5.3385 0.1731 0.7500
v 5.3444 0.2065 -0.7500
v 5.3472 0.2228 -0.7500
v 5.3472 0.2228 0.7500
v 5.3444 0.2065 0.7500
v 5.3472 0.2228 -0.7500
v 5.3497 0.2391 -0.7500
v 5.3497 0.2391 0.7500
v 5.3472 0.2228 0.7500
v 5.3497 0.2391 -0.7500
v 5.3520 0.2551 -0.7500
v 5.3520 0.2551 0.7500
v 5.3497 0.2391 0.7500
v 5.3520 0.2551 -0.7500
v 5.3540 0.2709 -0.7500
v 5.3540 0.2709 0.7500
v 5.3520 0.2551 0.7500
v 5.3540 0.2709 -0.7500
v 5.3576 0.3025 -0.7500
v 5.3576 0.3025 0.7500
v 5.3540 0.2709 0.7500
v 5.3576 0.3025 -0.7500
v 5.3591 0.3180 -0.7500
v 5.3591 0.3180 0.7500
v 5.3576 0.3025 0.7500
v 5.3591 0.3180 -0.7500
v 5.3604 0.3335 -0.7500
v 5.3604 0.3335 0.7500
v 5.3591 0.3180 0.7500
v 5.3604 0.3335 -0.7500
v 5.3614 0.3491 -0.7500
v 5.3614 0.3491 0.7500
v 5.3604 0.3335 0.7500
v 5.3614 0.3491 -0.7500
v 5.3630 0.3796 -0.7500
v 5.3630 0.3796 0.7500
v 5.3614 0.3491 0.7500
v 5.3630 0.3796 -0.7500
v 5.3635 0.3949 -0.7500
v 5.3635 0.3949 0.7500
v 5.3630 0.3796 0.7500
v 5.3635 0.3949 -0.7500
v 5.3637 0.4099 -0.7500
v 5.3637 0.4099 0.7500
v 5.3635 0.3949 0.7500
v 5.3637 0.4099 -0.7500
v 5.3640 0.4252 -0.7500
v 5.3640 0.4252 0.7500
v 5.3637 0.4099 0.7500
v 5.3640 0.4252 -0.7500
v 5.3624 0.4858 -0.7500
v 5.3624 0.4858 0.7500
v 5.3640 0.4252 0.7500
v 5.3624 0.4858 -0.7500
v 5.3581 0.5449 -0.7500
v 5.3581 0.5449 0.7500
v 5.3624 0.4858 0.7500
v 5.3581 0.5449 -0.7500
v 5.3512 0.6019 -0.7500
v 5.3512 0.6019 0.7500
v 5.3581 0.5449 0.7500
v 5.3512 0.6019 -0.7500
v 5.3413 0.6569 -0.7500
v 5.3413 0.6569 0.7500
v 5.3512 0.6019 0.7500
v 5.3413 0.6569 -0.7500
v 5.3288 0.7104 -0.7500
v 5.3288 0.7104 0.7500
v 5.3413 0.6569 0.7500
v 5.3288 0.7104 -0.7500
v 5.3133 0.7618 -0.7500
v 5.3133 0.7618 0.7500
v 5.3288 0.7104 0.7500
v 5.3133 0.7618 -0.7500
v 5.2950 0.8112 -0.7500
v 5.2950 0.8112 0.7500
v 5.3133 0.7618 0.7500
v 5.2950 0.8112 -0.7500
v 5.2741 0.8591 -0.7500
v 5.2741 0.8591 0.7500
v 5.2950 0.8112 0.7500
v 5.2741 0.8591 -0.7500
v 5.2502 0.9049 -0.7500
v 5.2502 0.9049 0.7500
v 5.2741 0.8591 0.7500
v 5.2502 0.9049 -0.7500
v 5.2234 0.9489 -0.7500
v 5.2234 0.9489 0.7500
v 5.2502 0.9049 0.7500
v 5.2234 0.9489 -0.7500
v 5.1944 0.9910 -0.7500
v 5.1944 0.9910 0.7500
v 5.2234 0.9489 0.7500
v 5.1944 0.9910 -0.7500
v 5.1631 1.0312 -0.7500
v 5.1631 1.0312 0.7500
v 5.1944 0.9910 0.7500
v 5.1631 1.0312 -0.7500
v 5.1300 1.0691 -0.7500
v 5.1300 1.0691 0.7500
v 5.1631 1.0312 0.7500
v 5.1300 1.0691 -0.7500
v 5.0943 1.1053 -0.7500
v 5.0943 1.1053 0.7500
v 5.1300 1.0691 0.7500
v 5.0943 1.1053 -0.7500
v 5.0569 1.1391 -0.7500
v 5.0569 1.1391 0.7500
v 5.0943 1.1053 0.7500
v 5.0569 1.1391 -0.7500
v 5.0174 1.1712 -0.7500
v 5.0174 1.1712 0.7500
v 5.0569 1.1391 0.7500
v 5.0174 1.1712 -0.7500
v 4.9757 1.2013 -0.7500
v 4.9757 1.2013 0.7500
v 5.0174 1.1712 0.7500
v 4.9757 1.2013 -0.7500
v 4.9319 1.2293 -0.7500
v 4.9319 1.2293 0.7500
v 4.9757 1.2013 0.7500
v 4.9319 1.2293 -0.7500
v 4.8861 1.2553 -0.7500
v 4.8861 1.2553 0.7500
v 4.9319 1.2293 0.7500
v 4.8861 1.2553 -0.7500
v 4.8379 1.2792 -0.7500
v 4.8379 1.2792 0.7500
v 4.8861 1.2553 0.7500
v 4.8379 1.2792 -0.7500
v 4.7883 1.3008 -0.7500
v 4.7883 1.3008 0.7500
v 4.8379 1.2792 0.7500
v 4.7883 1.3008 -0.7500
v 4.7371 1.3204 -0.7500
v 4.7371 1.3204 0.7500
v 4.7883 1.3008 0.7500
v 4.7371 1.3204 -0.7500
v 4.6847 1.3375 -0.7500
v 4.6847 1.3375 0.7500
v 4.7371 1.3204 0.7500
v 4.6847 1.3375 -0.7500
v 4.6304 1.3525 -0.7500
v 4.6304 1.3525 0.7500
v 4.6847 1.3375 0.7500
v 4.6304 1.3525 -0.7500
v 4.5752 1.3650 -0.7500
v 4.5752 1.3650 0.7500
v 4.6304 1.3525 0.7500
v 4.5752 1.3650 -0.7500
v 4.5181 1.3754 -0.7500
v 4.5181 1.3754 0.7500
v 4.5752 1.3650 0.7500
v 4.5181 1.3754 -0.7500
v 4.4601 1.3833 -0.7500
v 4.4601 1.3833 0.7500
v 4.5181 1.3754 0.7500
v 4.4601 1.3833 -0.7500
v 4.4003 1.3892 -0.7500
v 4.4003 1.3892 0.7500
v 4.4601 1.3833 0.7500
v 4.4003 1.3892 -0.7500
v 4.3391 1.3925 -0.7500
v 4.3391 1.3925 0.7500
v 4.4003 1.3892 0.7500
v 4.3391 1.3925 -0.7500
v 4.2765 1.3938 -0.7500
v 4.2765 1.3938 0.7500
v 4.3391 1.3925 0.7500
v 4.2765 1.3938 -0.7500
v 3.0668 1.3938 -0.7500
v 3.0668 1.3938 0.7500
v 4.2765 1.3938 0.7500
v 3.0668 1.3938 -0.7500
v 2.5291 -1.1524 -0.7500
v 2.5291 -1.1524 0.7500
v 3.0668 1.3938 0.7500
v 4.3590 0.1357 -0.7500
v 4.3554 0.1204 -0.7500
v 4.3554 0.1204 0.7500
v 4.3590 0.1357 0.7500
v 3.8136 -0.4244 -0.7500
v 3.7823 -0.4250 -0.7500
v 3.7823 -0.4250 0.7500
v 3.8136 -0.4244 0.7500
v 5.3416 0.1899 -0.7500
v 5.3444 0.2065 -0.7500
v 5.3444 0.2065 0.7500
v 5.3416 0.1899 0.7500
v 3.8437 -0.4234 -0.7500
v 3.8136 -0.4244 -0.7500
v 3.8136 -0.4244 0.7500
v 3.8437 -0.4234 0.7500
v 3.8574 0.6108 -0.7500
v 3.9997 0.6108 -0.7500
v 3.9997 0.6108 0.7500
v 3.8574 0.6108 0.7500
v 3.8729 -0.4214 -0.7500
v 3.8437 -0.4234 -0.7500
v 3.8437 -0.4234 0.7500
v 3.8729 -0.4214 0.7500
v 3.9997 0.6108 -0.7500
v 4.0384 0.6106 -0.7500
v 4.0384 0.6106 0.7500
v 3.9997 0.6108 0.7500
v 3.9010 -0.4186 -0.7500
v 3.8729 -0.4214 -0.7500
v 3.8729 -0.4214 0.7500
v 3.9010 -0.4186 0.7500
v 3.9282 -0.4150 -0.7500
v 3.9010 -0.4186 -0.7500
v 3.9010 -0.4186 0.7500
v 3.9282 -0.4150 0.7500
v 4.0384 0.6106 -0.7500
v 4.0746 0.6090 -0.7500
v 4.0746 0.6090 0.7500
v 4.0384 0.6106 0.7500
v 3.9544 -0.4107 -0.7500
v 3.9282 -0.4150 -0.7500
v 3.9282 -0.4150 0.7500
v 3.9544 -0.4107 0.7500
v 4.0746 0.6090 -0.7500
v 4.1090 0.6067 -0.7500
v 4.1090 0.6067 0.7500
v 4.0746 0.6090 0.7500
v 3.9796 -0.4056 -0.7500
v 3.9544 -0.4107 -0.7500
v 3.9544 -0.4107 0.7500
v 3.9796 -0.4056 0.7500
v 4.1090 0.6067 -0.7500
v 4.1413 0.6037 -0.7500
v 4.1413 0.6037 0.7500
v 4.1090 0.6067 0.7500
v 4.0038 -0.3995 -0.7500
v 3.9796 -0.4056 -0.7500
v 3.9796 -0.4056 0.7500
v 4.0038 -0.3995 0.7500
v 4.1413 0.6037 -0.7500
v 4.1714 0.5996 -0.7500
v 4.1714 0.5996 0.7500
v 4.1413 0.6037 0.7500
v 4.0270 -0.3929 -0.7500
v 4.0038 -0.3995 -0.7500
v 4.0038 -0.3995 0.7500
v 4.0270 -0.3929 0.7500
v 4.1714 0.5996 -0.7500
v 4.1994 0.5945 -0.7500
v 4.1994 0.5945 0.7500
v 4.1714 0.5996 0.7500
v 4.0491 -0.3855 -0.7500
v 4.0270 -0.3929 -0.7500
v 4.0270 -0.3929 0.7500
v 4.0491 -0.3855 0.7500
v 4.1994 0.5945 -0.7500
v 4.2253 0.5887 -0.7500
v 4.2253 0.5887 0.7500
v 4.1994 0.5945 0.7500
v 4.0705 -0.3768 -0.7500
v 4.0491 -0.3855 -0.7500
v 4.0491 -0.3855 0.7500
v 4.0705 -0.3768 0.7500
v 4.2253 0.5887 -0.7500
v 4.2490 0.5818 -0.7500
v 4.2490 0.5818 0.7500
v 4.2253 0.5887 0.7500
v 4.0914 -0.3666 -0.7500
v 4.0705 -0.3768 -0.7500
v 4.0705 -0.3768 0.7500
v 4.0914 -0.3666 0.7500
v 4.2490 0.5818 -0.7500
v 4.2709 0.5742 -0.7500
v 4.2709 0.5742 0.7500
v 4.2490 0.5818 0.7500
v 4.1113 -0.3549 -0.7500
v 4.0914 -0.3666 -0.7500
v 4.0914 -0.3666 0.7500
v 4.1113 -0.3549 0.7500
v 4.2709 0.5742 -0.7500
v 4.2905 0.5655 -0.7500
v 4.2905 0.5655 0.7500
v 4.2709 0.5742 0.7500
v 4.1306 -0.3417 -0.7500
v 4.1113 -0.3549 -0.7500
v 4.1113 -0.3549 0.7500
v 4.1306 -0.3417 0.7500
v 4.2905 0.5655 -0.7500
v 4.3081 0.5553 -0.7500
v 4.3081 0.5553 0.7500
v 4.2905 0.5655 0.7500
v 4.1492 -0.3272 -0.7500
v 4.1306 -0.3417 -0.7500
v 4.1306 -0.3417 0.7500
v 4.1492 -0.3272 0.7500
v 4.3081 0.5553 -0.7500
v 4.3239 0.5426 -0.7500
v 4.3239 0.5426 0.7500
v 4.3081 0.5553 0.7500
v 4.1670 -0.3109 -0.7500
v 4.1492 -0.3272 -0.7500
v 4.1492 -0.3272 0.7500
v 4.1670 -0.3109 0.7500
v 4.3239 0.5426 -0.7500
v 4.3379 0.5278 -0.7500
v 4.3379 0.5278 0.7500
v 4.3239 0.5426 0.7500
v 4.1841 -0.2933 -0.7500
v 4.1670 -0.3109 -0.7500
v 4.1670 -0.3109 0.7500
v 4.1841 -0.2933 0.7500
v 4.3379 0.5278 -0.7500
v 4.3498 0.5105 -0.7500
v 4.3498 0.5105 0.7500
v 4.3379 0.5278 0.7500
v 4.2004 -0.2740 -0.7500
v 4.1841 -0.2933 -0.7500
v 4.1841 -0.2933 0.7500
v 4.2004 -0.2740 0.7500
v 4.3498 0.5105 -0.7500
v 4.3600 0.4909 -0.7500
v 4.3600 0.4909 0.7500
v 4.3498 0.5105 0.7500
v 4.2162 -0.2533 -0.7500
v 4.2004 -0.2740 -0.7500
v 4.2004 -0.2740 0.7500
v 4.2162 -0.2533 0.7500
v 4.3600 0.4909 -0.7500
v 4.3684 0.4690 -0.7500
v 4.3684 0.4690 0.7500
v 4.3600 0.4909 0.7500
v 4.2312 -0.2312 -0.7500
v 4.2162 -0.2533 -0.7500
v 4.2162 -0.2533 0.7500
v 4.2312 -0.2312 0.7500
v 4.3684 0.4690 -0.7500
v 4.3750 0.4446 -0.7500
v 4.3750 0.4446 0.7500
v 4.3684 0.4690 0.7500
v 4.2454 -0.2073 -0.7500
v 4.2312 -0.2312 -0.7500
v 4.2312 -0.2312 0.7500
v 4.2454 -0.2073 0.7500
v 4.3750 0.4446 -0.7500
v 4.3796 0.4181 -0.7500
v 4.3796 0.4181 0.7500
v 4.3750 0.4446 0.7500
v 4.2595 -0.1810 -0.7500
v 4.2454 -0.2073 -0.7500
v 4.2454 -0.2073 0.7500
v 4.2595 -0.1810 0.7500
v 4.3796 0.4181 -0.7500
v 4.3824 0.3891 -0.7500
v 4.3824 0.3891 0.7500
v 4.3796 0.4181 0.7500
v 4.2727 -0.1528 -0.7500
v 4.2595 -0.1810 -0.7500
v 4.2595 -0.1810 0.7500
v 4.2727 -0.1528 0.7500
v 4.3824 0.3891 -0.7500
v 4.3835 0.3580 -0.7500
v 4.3835 0.3580 0.7500
v 4.3824 0.3891 0.7500
v 4.2854 -0.1225 -0.7500
v 4.2727 -0.1528 -0.7500
v 4.2727 -0.1528 0.7500
v 4.2854 -0.1225 0.7500
v 4.2979 -0.0899 -0.7500
v 4.2854 -0.1225 -0.7500
v 4.2854 -0.1225 0.7500
v 4.2979 -0.0899 0.7500
v 4.3096 -0.0553 -0.7500
v 4.2979 -0.0899 -0.7500
v 4.2979 -0.0899 0.7500
v 4.3096 -0.0553 0.7500
v 4.3824 0.3152 -0.7500
v 4.3819 0.3040 -0.7500
v 4.3819 0.3040 0.7500
v 4.3824 0.3152 0.7500
v 4.3208 -0.0183 -0.7500
v 4.3096 -0.0553 -0.7500
v 4.3096 -0.0553 0.7500
v 4.3208 -0.0183 0.7500
v 4.3318 0.0206 -0.7500
v 4.3208 -0.0183 -0.7500
v 4.3208 -0.0183 0.7500
v 4.3318 0.0206 0.7500
v 4.3796 0.2694 -0.7500
v 4.3786 0.2574 -0.7500
v 4.3786 0.2574 0.7500
v 4.3796 0.2694 0.7500
v 4.3419 0.0616 -0.7500
v 4.3318 0.0206 -0.7500
v 4.3318 0.0206 0.7500
v 4.3419 0.0616 0.7500
v 4.3761 0.2327 -0.7500
v 4.3745 0.2200 -0.7500
v 4.3745 0.2200 0.7500
v 4.3761 0.2327 0.7500
v 4.3623 0.1507 -0.7500
v 4.3590 0.1357 -0.7500
v 4.3590 0.1357 0.7500
v 4.3623 0.1507 0.7500
v 4.3654 0.1652 -0.7500
v 4.3623 0.1507 -0.7500
v 4.3623 0.1507 0.7500
v 4.3654 0.1652 0.7500
f 3 83 84
f 105 106 107
f 107 108 109
f 110 111 112
f 113 114 115
f 116 117 118
f 118 119 120
f 123 124 125
f 82 83 3
f 3 4 5
f 5 6 7
f 7 8 9
f 9 10 11
f 11 12 13
f 13 14 15
f 15 16 17
f 17 18 19
f 19 20 21
f 21 22 23
f 23 24 25
f 25 26 27
f 27 28 29
f 29 30 31
f 31 32 33
f 33 34 35
f 35 36 37
f 37 38 39
f 40 41 42
f 42 43 44
f 44 45 46
f 46 47 48
f 48 49 50
f 50 51 52
f 52 53 54
f 54 55 56
f 56 57 58
f 58 59 60
f 60 61 62
f 62 63 64
f 64 65 66
f 66 67 68
f 68 69 70
f 70 71 72
f 72 73 74
f 74 75 76
f 76 77 78
f 78 79 80
f 80 81 1
f 1 2 3
f 122 123 125
f 153 82 3
f 3 5 7
f 7 9 11
f 11 13 15
f 15 17 19
f 19 21 23
f 23 25 27
f 27 29 31
f 31 33 35
f 35 37 39
f 39 40 42
f 42 44 46
f 46 48 50
f 50 52 54
f 54 56 58
f 58 60 62
f 62 64 66
f 66 68 70
f 70 72 74
f 74 76 78
f 78 80 1
f 1 3 84
f 152 153 3
f 3 7 11
f 11 15 19
f 19 23 27
f 27 31 35
f 35 39 42
f 42 46 50
f 50 54 58
f 58 62 66
f 66 70 74
f 74 78 1
f 1 84 85
f 151 152 3
f 3 11 19
f 19 27 35
f 35 42 50
f 50 58 66
f 66 74 1
f 1 85 86
f 150 151 3
f 3 19 35
f 35 50 66
f 66 1 86
f 149 150 3
f 66 86 87
f 148 149 3
f 66 87 88
f 147 148 3
f 66 88 89
f 146 147 3
f 66 89 90
f 145 146 3
f 66 90 91
f 144 145 3
f 66 91 92
f 143 144 3
f 66 92 93
f 142 143 3
f 66 93 94
f 142 3 35
f 35 66 94
f 141 142 35
f 35 94 95
f 140 141 35
f 35 95 96
f 139 140 35
f 35 96 97
f 138 139 35
f 35 97 98
f 137 138 35
f 35 98 99
f 136 137 35
f 35 99 100
f 135 136 35
f 35 100 101
f 134 135 35
f 35 101 102
f 133 134 35
f 35 102 103
f 132 133 35
f 35 103 104
f 131 132 35
f 35 104 105
f 130 131 35
f 35 105 107
f 129 130 35
f 35 107 109
f 128 129 35
f 35 109 110
f 127 128 35
f 35 110 112
f 126 127 35
f 35 112 113
f 125 126 35
f 35 113 115
f 122 125 35
f 35 115 116
f 121 122 35
f 35 116 118
f 120 121 35
f 35 118 120
f 156 237 236
f 258 260 259
f 260 262 261
f 263 265 264
f 266 268 267
f 269 271 270
f 271 273 272
f 276 278 277
f 235 156 236
f 156 158 157
f 158 160 159
f 160 162 161
f 162 164 163
f 164 166 165
f 166 168 167
f 168 170 169
f 170 172 171
f 172 174 173
f 174 176 175
f 176 178 177
f 178 180 179
f 180 182 181
f 182 184 183
f 184 186 185
f 186 188 187
f 188 190 189
f 190 192 191
f 193 195 194
f 195 197 196
f 197 199 198
f 199 201 200
f 201 203 202
f 203 205 204
f 205 207 206
f 207 209 208
f 209 211 210
f 211 213 212
f 213 215 214
f 215 217 216
f 217 219 218
f 219 221 220
f 221 223 222
f 223 225 224
f 225 227 226
f 227 229 228
f 229 231 230
f 231 233 232
f 233 154 234
f 154 156 155
f 275 278 276
f 306 156 235
f 156 160 158
f 160 164 162
f 164 168 166
f 168 172 170
f 172 176 174
f 176 180 178
f 180 184 182
f 184 188 186
f 188 192 190
f 192 195 193
f 195 199 197
f 199 203 201
f 203 207 205
f 207 211 209
f 211 215 213
f 215 219 217
f 219 223 221
f 223 227 225
f 227 231 229
f 231 154 233
f 154 237 156
f 305 156 306
f 156 164 160
f 164 172 168
f 172 180 176
f 180 188 184
f 188 195 192
f 195 203 199
f 203 211 207
f 211 219 215
f 219 227 223
f 227 154 231
f 154 238 237
f 304 156 305
f 156 172 164
f 172 188 180
f 188 203 195
f 203 219 211
f 219 154 227
f 154 239 238
f 303 156 304
f 156 188 172
f 188 219 203
f 219 239 154
f 302 156 303
f 219 240 239
f 301 156 302
f 219 241 240
f 300 156 301
f 219 242 241
f 299 156 300
f 219 243 242
f 298 156 299
f 219 244 243
f 297 156 298
f 219 245 244
f 296 156 297
f 219 246 245
f 295 156 296
f 219 247 246
f 295 188 156
f 188 247 219
f 294 188 295
f 188 248 247
f 293 188 294
f 188 249 248
f 292 188 293
f 188 250 249
f 291 188 292
f 188 251 250
f 290 188 291
f 188 252 251
f 289 188 290
f 188 253 252
f 288 188 289
f 188 254 253
f 287 188 288
f 188 255 254
f 286 188 287
f 188 256 255
f 285 188 286
f 188 257 256
f 284 188 285
f 188 258 257
f 283 188 284
f 188 260 258
f 282 188 283
f 188 262 260
f 281 188 282
f 188 263 262
f 280 188 281
f 188 265 263
f 279 188 280
f 188 266 265
f 278 188 279
f 188 268 266
f 275 188 278
f 188 269 268
f 274 188 275
f 188 271 269
f 273 188 274
f 188 273 271
f 307 308 309
f 307 309 310
f 311 312 313
f 311 313 314
f 315 316 317
f 315 317 318
f 319 320 321
f 319 321 322
f 323 324 325
f 323 325 326
f 327 328 329
f 327 329 330
f 331 332 333
f 331 333 334
f 335 336 337
f 335 337 338
f 339 340 341
f 339 341 342
f 343 344 345
f 343 345 346
f 347 348 349
f 347 349 350
f 351 352 353
f 351 353 354
f 355 356 357
f 355 357 358
f 359 360 361
f 359 361 362
f 363 364 365
f 363 365 366
f 367 368 369
f 367 369 370
f 371 372 373
f 371 373 374
f 375 376 377
f 375 377 378
f 379 380 381
f 379 381 382
f 383 384 385
f 383 385 386
f 387 388 389
f 387 389 390
f 391 392 393
f 391 393 394
f 395 396 397
f 395 397 398
f 399 400 401
f 399 401 402
f 403 404 405
f 403 405 406
f 407 408 409
f 407 409 410
f 411 412 413
f 411 413 414
f 415 416 417
f 415 417 418
f 419 420 421
f 419 421 422
f 423 424 425
f 423 425 426
f 427 428 429
f 427 429 430
f 431 432 433
f 431 433 434
f 435 436 437
f 435 437 438
f 439 440 441
f 439 441 442
f 443 444 445
f 443 445 446
f 447 448 449
f 447 449 450
f 451 452 453
f 451 453 454
f 455 456 457
f 455 457 458
f 459 460 461
f 459 461 462
f 463 464 465
f 463 465 466
f 467 468 469
f 467 469 470
f 471 472 473
f 471 473 474
f 475 476 477
f 475 477 478
f 479 480 481
f 479 481 482
f 483 484 485
f 483 485 486
f 487 488 489
f 487 489 490
f 491 492 493
f 491 493 494
f 495 496 497
f 495 497 498
f 499 500 501
f 499 501 502
f 503 504 505
f 503 505 506
f 507 508 509
f 507 509 510
f 511 512 513
f 511 513 514
f 515 516 517
f 515 517 518
f 519 520 521
f 519 521 522
f 523 524 525
f 523 525 526
f 527 528 529
f 527 529 530
f 531 532 533
f 531 533 534
f 535 536 537
f 535 537 538
f 539 540 541
f 539 541 542
f 543 544 545
f 543 545 546
f 547 548 549
f 547 549 550
f 551 552 553
f 551 553 554
f 555 556 557
f 555 557 558
f 559 560 561
f 559 561 562
f 563 564 565
f 563 565 566
f 567 568 569
f 567 569 570
f 571 572 573
f 571 573 574
f 575 576 577
f 575 577 578
f 579 580 581
f 579 581 582
f 583 584 585
f 583 585 586
f 587 588 589
f 587 589 590
f 591 592 593
f 591 593 594
f 595 596 597
f 595 597 598
f 599 600 601
f 599 601 602
f 603 604 605
f 603 605 606
f 607 608 609
f 607 609 610
f 611 612 613
f 611 613 614
f 615 616 617
f 615 617 618
f 619 620 621
f 619 621 622
f 623 624 625
f 623 625 626
f 627 628 629
f 627 629 630
f 631 632 633
f 631 633 634
f 635 636 637
f 635 637 638
f 639 640 641
f 639 641 642
f 643 644 645
f 643 645 646
f 647 648 649
f 647 649 650
f 651 652 653
f 651 653 654
f 655 656 657
f 655 657 658
f 659 660 661
f 659 661 662
f 663 664 665
f 663 665 666
f 667 668 669
f 667 669 670
f 671 672 673
f 671 673 674
f 675 676 677
f 675 677 678
f 679 680 681
f 679 681 682
f 683 684 685
f 683 685 686
f 687 688 689
f 687 689 690
f 691 692 693
f 691 693 694
f 695 696 697
f 695 697 698
f 699 700 701
f 699 701 702
f 703 704 705
f 703 705 706
f 707 708 709
f 707 709 710
f 711 712 713
f 711 713 714
f 715 716 717
f 715 717 718
f 719 720 721
f 719 721 722
f 723 724 725
f 723 725 726
f 727 728 729
f 727 729 730
f 731 732 733
f 731 733 734
f 735 736 737
f 735 737 738
f 739 740 741
f 739 741 742
f 743 744 745
f 743 745 746
f 747 748 749
f 747 749 750
f 751 752 753
f 751 753 754
f 755 756 757
f 755 757 758
f 759 760 761
f 759 761 762
f 763 764 765
f 763 765 766
f 767 768 769
f 767 769 770
f 771 772 773
f 771 773 774
f 775 776 777
f 775 777 778
f 779 780 781
f 779 781 782
f 783 784 785
f 783 785 786
f 787 788 789
f 787 789 790
f 791 792 793
f 791 793 794
f 795 796 797
f 795 797 798
f 799 800 801
f 799 801 802
f 803 804 805
f 803 805 806
f 807 808 809
f 807 809 810
f 811 812 813
f 811 813 814
f 815 816 817
f 815 817 818
f 819 820 821
f 819 821 822
f 823 824 825
f 823 825 826
f 827 828 829
f 827 829 830
f 831 832 833
f 831 833 834
f 835 836 837
f 835 837 838
f 839 840 841
f 839 841 842
f 843 844 845
f 843 845 846
f 847 848 849
f 847 849 850
f 851 852 853
f 851 853 854
f 855 856 857
f 855 857 858
f 859 860 861
f 859 861 862
f 863 864 865
f 863 865 866
f 867 868 869
f 867 869 870
f 871 872 873
f 871 873 874
f 875 876 877
f 875 877 878
f 879 880 881
f 879 881 882
f 883 884 885
f 883 885 886
f 887 888 889
f 887 889 890
f 891 892 893
f 891 893 894
f 895 896 897
f 895 897 898
f 899 900 901
f 899 901 902
f 903 904 905
f 903 905 906
f 907 908 909
f 907 909 910
f 911 912 913
f 911 913 914
f 915 916 917
f 915 917 918
v -7.3235 1.3938 0.7500
v -7.8610 -1.1524 0.7500
v -6.9044 -1.1524 0.7500
v -6.6948 -0.1561 0.7500
v -6.1966 -1.1524 0.7500
v -5.3899 -1.1524 0.7500
v -4.8525 1.3938 0.7500
v -5.8090 1.3938 0.7500
v -6.0186 0.3975 0.7500
v -6.5207 1.3938 0.7500
v -7.3235 1.3938 -0.7500
v -7.8610 -1.1524 -0.7500
v -6.9044 -1.1524 -0.7500
v -6.6948 -0.1561 -0.7500
v -6.1966 -1.1524 -0.7500
v -5.3899 -1.1524 -0.7500
v -4.8525 1.3938 -0.7500
v -5.8090 1.3938 -0.7500
v -6.0186 0.3975 -0.7500
v -6.5207 1.3938 -0.7500
v -6.0186 0.3975 -0.7500
v -6.5207 1.3938 -0.7500
v -6.5207 1.3938 0.7500
v -6.0186 0.3975 0.7500
v -6.5207 1.3938 -0.7500
v -7.3235 1.3938 -0.7500
v -7.3235 1.3938 0.7500
v -6.5207 1.3938 0.7500
v -7.3235 1.3938 -0.7500
v -7.8610 -1.1524 -0.7500
v -7.8610 -1.1524 0.7500
v -7.3235 1.3938 0.7500
v -7.8610 -1.1524 -0.7500
v -6.9044 -1.1524 -0.7500
v -6.9044 -1.1524 0.7500
v -7.8610 -1.1524 0.7500
v -6.6948 -0.1561 -0.7500
v -6.1966 -1.1524 -0.7500
v -6.1966 -1.1524 0.7500
v -6.6948 -0.1561 0.7500
v -6.1966 -1.1524 -0.7500
v -5.3899 -1.1524 -0.7500
v -5.3899 -1.1524 0.7500
v -6.1966 -1.1524 0.7500
v -5.3899 -1.1524 -0.7500
v -4.8525 1.3938 -0.7500
v -4.8525 1.3938 0.7500
v -5.3899 -1.1524 0.7500
v -4.8525 1.3938 -0.7500
v -5.8090 1.3938 -0.7500
v -5.8090 1.3938 0.7500
v -4.8525 1.3938 0.7500
v -6.9044 -1.1524 -0.7500
v -6.6948 -0.1561 -0.7500
v -6.6948 -0.1561 0.7500
v -6.9044 -1.1524 0.7500
v -5.8090 1.3938 -0.7500
v -6.0186 0.3975 -0.7500
v -6.0186 0.3975 0.7500
v -5.8090 1.3938 0.7500
f 927 928 919
f 919 920 921
f 922 923 924
f 924 925 926
f 919 921 922
f 924 926 927
f 927 919 922
f 922 924 927
f 937 929 938
f 929 931 930
f 932 934 933
f 934 936 935
f 929 932 931
f 934 937 936
f 937 932 929
f 932 937 934
f 939 940 941
f 939 941 942
f 943 944 945
f 943 945 946
f 947 948 949
f 947 949 950
f 951 952 953
f 951 953 954
f 955 956 957
f 955 957 958
f 959 960 961
f 959 961 962
f 963 964 965
f 963 965 966
f 967 968 969
f 967 969 970
f 971 972 973
f 971 973 974
f 975 976 977
f 975 977 978
v -3.8877 0.6108 0.7500
v -5.0936 -0.6819 0.7500
v -5.1924 -1.1524 0.7500
v -2.9744 -1.1524 0.7500
v -2.8201 -0.4250 0.7500
v -3.7652 -0.4250 0.7500
v -2.5752 0.8522 0.7500
v -2.4603 1.3938 0.7500
v -4.5994 1.3938 0.7500
v -4.7654 0.6108 0.7500
v -3.8877 0.6108 -0.7500
v -5.0936 -0.6819 -0.7500
v -5.1924 -1.1524 -0.7500
v -2.9744 -1.1524 -0.7500
v -2.8201 -0.4250 -0.7500
v -3.7652 -0.4250 -0.7500
v -2.5752 0.8522 -0.7500
v -2.4603 1.3938 -0.7500
v -4.5994 1.3938 -0.7500
v -4.7654 0.6108 -0.7500
v -4.5994 1.3938 -0.7500
v -4.7654 0.6108 -0.7500
v -4.7654 0.6108 0.7500
v -4.5994 1.3938 0.7500
v -4.7654 0.6108 -0.7500
v -3.8877 0.6108 -0.7500
v -3.8877 0.6108 0.7500
v -4.7654 0.6108 0.7500
v -3.8877 0.6108 -0.7500
v -5.0936 -0.6819 -0.7500
v -5.0936 -0.6819 0.7500
v -3.8877 0.6108 0.7500
v -5.0936 -0.6819 -0.7500
v -5.1924 -1.1524 -0.7500
v -5.1924 -1.1524 0.7500
v -5.0936 -0.6819 0.7500
v -5.1924 -1.1524 -0.7500
v -2.9744 -1.1524 -0.7500
v -2.9744 -1.1524 0.7500
v -5.1924 -1.1524 0.7500
v -2.9744 -1.1524 -0.7500
v -2.8201 -0.4250 -0.7500
v -2.8201 -0.4250 0.7500
v -2.9744 -1.1524 0.7500
v -3.7652 -0.4250 -0.7500
v -2.5752 0.8522 -0.7500
v -2.5752 0.8522 0.7500
v -3.7652 -0.4250 0.7500
v -2.5752 0.8522 -0.7500
v -2.4603 1.3938 -0.7500
v -2.4603 1.3938 0.7500
v -2.5752 0.8522 0.7500
v -2.4603 1.3938 -0.7500
v -4.5994 1.3938 -0.7500
v -4.5994 1.3938 0.7500
v -2.4603 1.3938 0.7500
v -2.8201 -0.4250 -0.7500
v -3.7652 -0.4250 -0.7500
v -3.7652 -0.4250 0.7500
v -2.8201 -0.4250 0.7500
f 987 988 979
f 979 980 981
f 981 982 983
f 984 985 986
f 986 987 979
f 981 983 984
f 984 986 979
f 979 981 984
f 997 989 998
f 989 991 990
f 991 993 992
f 994 996 995
f 996 989 997
f 991 994 993
f 994 989 996
f 989 994 991
f 999 1000 1001
f 999 1001 1002
f 1003 1004 1005
f 1003 1005 1006
f 1007 1008 1009
f 1007 1009 1010
f 1011 1012 1013
f 1011 1013 1014
f 1015 1016 1017
f 1015 1017 1018
f 1019 1020 1021
f 1019 1021 1022
f 1023 1024 1025
f 1023 1025 1026
f 1027 1028 1029
f 1027 1029 1030
f 1031 1032 1033
f 1031 1033 1034
f 1035 1036 1037
f 1035 1037 1038
v -1.1791 -1.1901 0.7500
v -1.1262 -1.1913 0.7500
v -1.0727 -1.1919 0.7500
v -0.9897 -1.1908 0.7500
v -0.9097 -1.1880 0.7500
v -0.8328 -1.1829 0.7500
v -0.7590 -1.1761 0.7500
v -0.6882 -1.1672 0.7500
v -0.6205 -1.1565 0.7500
v -0.5561 -1.1435 0.7500
v -0.4945 -1.1287 0.7500
v -0.4362 -1.1119 0.7500
v -0.3809 -1.0931 0.7500
v -0.3282 -1.0724 0.7500
v -0.2780 -1.0503 0.7500
v -0.2304 -1.0264 0.7500
v -0.1851 -1.0006 0.7500
v -0.1421 -0.9734 0.7500
v -0.1016 -0.9446 0.7500
v -0.0634 -0.9141 0.7500
v -0.0278 -0.8817 0.7500
v 0.0053 -0.8479 0.7500
v 0.0364 -0.8125 0.7500
v 0.0649 -0.7753 0.7500
v 0.0917 -0.7374 0.7500
v 0.1166 -0.6979 0.7500
v 0.1395 -0.6574 0.7500
v 0.1604 -0.6157 0.7500
v 0.1792 -0.5729 0.7500
v 0.1963 -0.5286 0.7500
v 0.2116 -0.4835 0.7500
v 0.2248 -0.4369 0.7500
v 0.2360 -0.3893 0.7500
v 0.2391 -0.3753 0.7500
v 0.2447 -0.3473 0.7500
v 0.2472 -0.3335 0.7500
v 0.2498 -0.3201 0.7500
v 0.2544 -0.2936 0.7500
v 0.2579 -0.2676 0.7500
v 0.2597 -0.2549 0.7500
v 0.2612 -0.2424 0.7500
v 0.2625 -0.2297 0.7500
v 0.2638 -0.2172 0.7500
v 0.2648 -0.2050 0.7500
v 0.2663 -0.1805 0.7500
v 0.2668 -0.1683 0.7500
v 0.2673 -0.1563 0.7500
v 0.2676 -0.1444 0.7500
v 0.2676 -0.1324 0.7500
v 0.2663 -0.0904 0.7500
v 0.2625 -0.0494 0.7500
v 0.2561 -0.0099 0.7500
v 0.2470 0.0283 0.7500
v 0.2355 0.0654 0.7500
v 0.2213 0.1011 0.7500
v 0.2047 0.1355 0.7500
v 0.1854 0.1688 0.7500
v 0.1635 0.2006 0.7500
v 0.1390 0.2314 0.7500
v 0.1113 0.2610 0.7500
v 0.0794 0.2895 0.7500
v 0.0438 0.3170 0.7500
v 0.0038 0.3435 0.7500
v -0.0402 0.3687 0.7500
v -0.0884 0.3931 0.7500
v -0.1405 0.4165 0.7500
v -0.1968 0.4390 0.7500
v -0.2572 0.4601 0.7500
v -0.3216 0.4805 0.7500
v -0.3554 0.4912 0.7500
v -0.3875 0.5013 0.7500
v -0.4178 0.5110 0.7500
v -0.4463 0.5199 0.7500
v -0.4733 0.5283 0.7500
v -0.4983 0.5362 0.7500
v -0.5215 0.5433 0.7500
v -0.5428 0.5500 0.7500
v -0.5624 0.5561 0.7500
v -0.5805 0.5614 0.7500
v -0.5966 0.5668 0.7500
v -0.6111 0.5726 0.7500
v -0.6238 0.5790 0.7500
v -0.6348 0.5856 0.7500
v -0.6442 0.5927 0.7500
v -0.6518 0.6001 0.7500
v -0.6579 0.6083 0.7500
v -0.6620 0.6167 0.7500
v -0.6645 0.6253 0.7500
v -0.6656 0.6348 0.7500
v -0.6648 0.6439 0.7500
v -0.6633 0.6526 0.7500
v -0.6607 0.6610 0.7500
v -0.6569 0.6689 0.7500
v -0.6521 0.6763 0.7500
v -0.6462 0.6831 0.7500
v -0.6393 0.6895 0.7500
v -0.6312 0.6954 0.7500
v -0.6223 0.7010 0.7500
v -0.6121 0.7058 0.7500
v -0.6011 0.7104 0.7500
v -0.5899 0.7147 0.7500
v -0.5782 0.7185 0.7500
v -0.5660 0.7223 0.7500
v -0.5533 0.7257 0.7500
v -0.5403 0.7287 0.7500
v -0.5268 0.7313 0.7500
v -0.5128 0.7335 0.7500
v -0.4983 0.7358 0.7500
v -0.4835 0.7374 0.7500
v -0.4685 0.7389 0.7500
v -0.4537 0.7404 0.7500
v -0.4094 0.7435 0.7500
v -0.3949 0.7440 0.7500
v -0.3804 0.7447 0.7500
v -0.3659 0.7450 0.7500
v -0.3516 0.7453 0.7500
v -0.3374 0.7453 0.7500
v -0.3116 0.7450 0.7500
v -0.2854 0.7440 0.7500
v -0.2584 0.7425 0.7500
v -0.2307 0.7404 0.7500
v -0.2024 0.7374 0.7500
v -0.1734 0.7341 0.7500
v -0.1436 0.7300 0.7500
v -0.1133 0.7251 0.7500
v -0.0822 0.7198 0.7500
v -0.0507 0.7137 0.7500
v -0.0183 0.7068 0.7500
v 0.0148 0.6987 0.7500
v 0.0484 0.6895 0.7500
v 0.0827 0.6791 0.7500
v 0.1179 0.6673 0.7500
v 0.1535 0.6544 0.7500
v 0.1899 0.6404 0.7500
v 0.2271 0.6251 0.7500
v 0.2648 0.6088 0.7500
v 0.3032 0.5912 0.7500
v 0.4573 1.3108 0.7500
v 0.4372 1.3171 0.7500
v 0.4160 1.3232 0.7500
v 0.3941 1.3293 0.7500
v 0.3712 1.3355 0.7500
v 0.3475 1.3413 0.7500
v 0.3231 1.3472 0.7500
v 0.2976 1.3530 0.7500
v 0.2714 1.3589 0.7500
v 0.2442 1.3645 0.7500
v 0.2162 1.3701 0.7500
v 0.1877 1.3754 0.7500
v 0.1589 1.3808 0.7500
v 0.1301 1.3859 0.7500
v 0.1011 1.3907 0.7500
v 0.0718 1.3953 0.7500
v 0.0425 1.3996 0.7500
v 0.0130 1.4039 0.7500
v -0.0165 1.4080 0.7500
v -0.0463 1.4118 0.7500
v -0.0764 1.4154 0.7500
v -0.1062 1.4190 0.7500
v -0.1355 1.4220 0.7500
v -0.1645 1.4246 0.7500
v -0.1927 1.4269 0.7500
v -0.2208 1.4289 0.7500
v -0.2480 1.4304 0.7500
v -0.2750 1.4317 0.7500
v -0.3015 1.4325 0.7500
v -0.3277 1.4332 0.7500
v -0.3532 1.4332 0.7500
v -0.4718 1.4314 0.7500
v -0.5841 1.4256 0.7500
v -0.6903 1.4157 0.7500
v -0.7903 1.4019 0.7500
v -0.8840 1.3843 0.7500
v -0.9714 1.3630 0.7500
v -1.0526 1.3375 0.7500
v -1.1274 1.3080 0.7500
v -1.1962 1.2749 0.7500
v -1.2586 1.2377 0.7500
v -1.3156 1.1964 0.7500
v -1.3688 1.1511 0.7500
v -1.4174 1.1015 0.7500
v -1.4623 1.0477 0.7500
v -1.5027 0.9899 0.7500
v -1.5389 0.9281 0.7500
v -1.5710 0.8619 0.7500
v -1.5987 0.7916 0.7500
v -1.6224 0.7173 0.7500
v -1.6420 0.6386 0.7500
v -1.6474 0.6157 0.7500
v -1.6519 0.5930 0.7500
v -1.6560 0.5706 0.7500
v -1.6598 0.5482 0.7500
v -1.6629 0.5260 0.7500
v -1.6652 0.5039 0.7500
v -1.6672 0.4820 0.7500
v -1.6685 0.4603 0.7500
v -1.6695 0.4387 0.7500
v -1.6698 0.4173 0.7500
v -1.6685 0.3753 0.7500
v -1.6647 0.3351 0.7500
v -1.6583 0.2964 0.7500
v -1.6494 0.2595 0.7500
v -1.6379 0.2241 0.7500
v -1.6242 0.1902 0.7500
v -1.6076 0.1581 0.7500
v -1.5888 0.1276 0.7500
v -1.5672 0.0985 0.7500
v -1.5432 0.0713 0.7500
v -1.5165 0.0451 0.7500
v -1.4875 0.0194 0.7500
v -1.4559 -0.0059 0.7500
v -1.4218 -0.0306 0.7500
v -1.3851 -0.0547 0.7500
v -1.3459 -0.0784 0.7500
v -1.3041 -0.1016 0.7500
v -1.2598 -0.1243 0.7500
v -1.2130 -0.1464 0.7500
v -1.1636 -0.1680 0.7500
v -1.1279 -0.1826 0.7500
v -1.0605 -0.2095 0.7500
v -1.0289 -0.2218 0.7500
v -0.9986 -0.2332 0.7500
v -0.9696 -0.2439 0.7500
v -0.9418 -0.2536 0.7500
v -0.9156 -0.2628 0.7500
v -0.8906 -0.2712 0.7500
v -0.8672 -0.2785 0.7500
v -0.8453 -0.2859 0.7500
v -0.8257 -0.2941 0.7500
v -0.8087 -0.3025 0.7500
v -0.7936 -0.3116 0.7500
v -0.7812 -0.3211 0.7500
v -0.7707 -0.3313 0.7500
v -0.7628 -0.3419 0.7500
v -0.7570 -0.3532 0.7500
v -0.7537 -0.3651 0.7500
v -0.7524 -0.3776 0.7500
v -0.7532 -0.3898 0.7500
v -0.7554 -0.4015 0.7500
v -0.7593 -0.4127 0.7500
v -0.7644 -0.4234 0.7500
v -0.7712 -0.4334 0.7500
v -0.7794 -0.4428 0.7500
v -0.7893 -0.4514 0.7500
v -0.8005 -0.4598 0.7500
v -0.8132 -0.4672 0.7500
v -0.8275 -0.4743 0.7500
v -0.8430 -0.4807 0.7500
v -0.8596 -0.4863 0.7500
v -0.8771 -0.4914 0.7500
v -0.8960 -0.4957 0.7500
v -0.9156 -0.4996 0.7500
v -0.9362 -0.5026 0.7500
v -0.9579 -0.5049 0.7500
v -0.9805 -0.5067 0.7500
v -1.0045 -0.5077 0.7500
v -1.0292 -0.5080 0.7500
v -1.0661 -0.5074 0.7500
v -1.1035 -0.5057 0.7500
v -1.1417 -0.5026 0.7500
v -1.1806 -0.4985 0.7500
v -1.2204 -0.4932 0.7500
v -1.2609 -0.4866 0.7500
v -1.3021 -0.4789 0.7500
v -1.3441 -0.4700 0.7500
v -1.3869 -0.4598 0.7500
v -1.4304 -0.4486 0.7500
v -1.4740 -0.4364 0.7500
v -1.5162 -0.4237 0.7500
v -1.5577 -0.4102 0.7500
v -1.5982 -0.3962 0.7500
v -1.6377 -0.3814 0.7500
v -1.6761 -0.3661 0.7500
v -1.7136 -0.3501 0.7500
v -1.7500 -0.3335 0.7500
v -1.7854 -0.3162 0.7500
v -1.8200 -0.2984 0.7500
v -1.9702 -1.0141 0.7500
v -1.9391 -1.0309 0.7500
v -1.9066 -1.0472 0.7500
v -1.8719 -1.0625 0.7500
v -1.8358 -1.0770 0.7500
v -1.7976 -1.0905 0.7500
v -1.7579 -1.1035 0.7500
v -1.7164 -1.1155 0.7500
v -1.6728 -1.1267 0.7500
v -1.6278 -1.1369 0.7500
v -1.5806 -1.1465 0.7500
v -1.5325 -1.1552 0.7500
v -1.4839 -1.1628 0.7500
v -1.4345 -1.1697 0.7500
v -1.3846 -1.1756 0.7500
v -1.3342 -1.1806 0.7500
v -1.2830 -1.1847 0.7500
v -1.2313 -1.1878 0.7500
v -1.1791 -1.1901 -0.7500
v -1.1262 -1.1913 -0.7500
v -1.0727 -1.1919 -0.7500
v -0.9897 -1.1908 -0.7500
v -0.9097 -1.1880 -0.7500
v -0.8328 -1.1829 -0.7500
v -0.7590 -1.1761 -0.7500
v -0.6882 -1.1672 -0.7500
v -0.6205 -1.1565 -0.7500
v -0.5561 -1.1435 -0.7500
v -0.4945 -1.1287 -0.7500
v -0.4362 -1.1119 -0.7500
v -0.3809 -1.0931 -0.7500
v -0.3282 -1.0724 -0.7500
v -0.2780 -1.0503 -0.7500
v -0.2304 -1.0264 -0.7500
v -0.1851 -1.0006 -0.7500
v -0.1421 -0.9734 -0.7500
v -0.1016 -0.9446 -0.7500
v -0.0634 -0.9141 -0.7500
v -0.0278 -0.8817 -0.7500
v 0.0053 -0.8479 -0.7500
v 0.0364 -0.8125 -0.7500
v 0.0649 -0.7753 -0.7500
v 0.0917 -0.7374 -0.7500
v 0.1166 -0.6979 -0.7500
v 0.1395 -0.6574 -0.7500
v 0.1604 -0.6157 -0.7500
v 0.1792 -0.5729 -0.7500
v 0.1963 -0.5286 -0.7500
v 0.2116 -0.4835 -0.7500
v 0.2248 -0.4369 -0.7500
v 0.2360 -0.3893 -0.7500
v 0.2391 -0.3753 -0.7500
v 0.2447 -0.3473 -0.7500
v 0.2472 -0.3335 -0.7500
v 0.2498 -0.3201 -0.7500
v 0.2544 -0.2936 -0.7500
v 0.2579 -0.2676 -0.7500
v 0.2597 -0.2549 -0.7500
v 0.2612 -0.2424 -0.7500
v 0.2625 -0.2297 -0.7500
v 0.2638 -0.2172 -0.7500
v 0.2648 -0.2050 -0.7500
v 0.2663 -0.1805 -0.7500
v 0.2668 -0.1683 -0.7500
v 0.2673 -0.1563 -0.7500
v 0.2676 -0.1444 -0.7500
v 0.2676 -0.1324 -0.7500
v 0.2663 -0.0904 -0.7500
v 0.2625 -0.0494 -0.7500
v 0.2561 -0.0099 -0.7500
v 0.2470 0.0283 -0.7500
v 0.2355 0.0654 -0.7500
v 0.2213 0.1011 -0.7500
v 0.2047 0.1355 -0.7500
v 0.1854 0.1688 -0.7500
v 0.1635 0.2006 -0.7500
v 0.1390 0.2314 -0.7500
v 0.1113 0.2610 -0.7500
v 0.0794 0.2895 -0.7500
v 0.0438 0.3170 -0.7500
v 0.0038 0.3435 -0.7500
v -0.0402 0.3687 -0.7500
v -0.0884 0.3931 -0.7500
v -0.1405 0.4165 -0.7500
v -0.1968 0.4390 -0.7500
v -0.2572 0.4601 -0.7500
v -0.3216 0.4805 -0.7500
v -0.3554 0.4912 -0.7500
v -0.3875 0.5013 -0.7500
v -0.4178 0.5110 -0.7500
v -0.4463 0.5199 -0.7500
v -0.4733 0.5283 -0.7500
v -0.4983 0.5362 -0.7500
v -0.5215 0.5433 -0.7500
v -0.5428 0.5500 -0.7500
v -0.5624 0.5561 -0.7500
v -0.5805 0.5614 -0.7500
v -0.5966 0.5668 -0.7500
v -0.6111 0.5726 -0.7500
v -0.6238 0.5790 -0.7500
v -0.6348 0.5856 -0.7500
v -0.6442 0.5927 -0.7500
v -0.6518 0.6001 -0.7500
v -0.6579 0.6083 -0.7500
v -0.6620 0.6167 -0.7500
v -0.6645 0.6253 -0.7500
v -0.6656 0.6348 -0.7500
v -0.6648 0.6439 -0.7500
v -0.6633 0.6526 -0.7500
v -0.6607 0.6610 -0.7500
v -0.6569 0.6689 -0.7500
v -0.6521 0.6763 -0.7500
v -0.6462 0.6831 -0.7500
v -0.6393 0.6895 -0.7500
v -0.6312 0.6954 -0.7500
v -0.6223 0.7010 -0.7500
v -0.6121 0.7058 -0.7500
v -0.6011 0.7104 -0.7500
v -0.5899 0.7147 -0.7500
v -0.5782 0.7185 -0.7500
v -0.5660 0.7223 -0.7500
v -0.5533 0.7257 -0.7500
v -0.5403 0.7287 -0.7500
v -0.5268 0.7313 -0.7500
v -0.5128 0.7335 -0.7500
v -0.4983 0.7358 -0.7500
v -0.4835 0.7374 -0.7500
v -0.4685 0.7389 -0.7500
v -0.4537 0.7404 -0.7500
v -0.4094 0.7435 -0.7500
v -0.3949 0.7440 -0.7500
v -0.3804 0.7447 -0.7500
v -0.3659 0.7450 -0.7500
v -0.3516 0.7453 -0.7500
v -0.3374 0.7453 -0.7500
v -0.3116 0.7450 -0.7500
v -0.2854 0.7440 -0.7500
v -0.2584 0.7425 -0.7500
v -0.2307 0.7404 -0.7500
v -0.2024 0.7374 -0.7500
v -0.1734 0.7341 -0.7500
v -0.1436 0.7300 -0.7500
v -0.1133 0.7251 -0.7500
v -0.0822 0.7198 -0.7500
v -0.0507 0.7137 -0.7500
v -0.0183 0.7068 -0.7500
v 0.0148 0.6987 -0.7500
v 0.0484 0.6895 -0.7500
v 0.0827 0.6791 -0.7500
v 0.1179 0.6673 -0.7500
v 0.1535 0.6544 -0.7500
v 0.1899 0.6404 -0.7500
v 0.2271 0.6251 -0.7500
v 0.2648 0.6088 -0.7500
v 0.3032 0.5912 -0.7500
v 0.4573 1.3108 -0.7500
v 0.4372 1.3171 -0.7500
v 0.4160 1.3232 -0.7500
v 0.3941 1.3293 -0.7500
v 0.3712 1.3355 -0.7500
v 0.3475 1.3413 -0.7500
v 0.3231 1.3472 -0.7500
v 0.2976 1.3530 -0.7500
v 0.2714 1.3589 -0.7500
v 0.2442 1.3645 -0.7500
v 0.2162 1.3701 -0.7500
v 0.1877 1.3754 -0.7500
v 0.1589 1.3808 -0.7500
v 0.1301 1.3859 -0.7500
v 0.1011 1.3907 -0.7500
v 0.0718 1.3953 -0.7500
v 0.0425 1.3996 -0.7500
v 0.0130 1.4039 -0.7500
v -0.0165 1.4080 -0.7500
v -0.0463 1.4118 -0.7500
v -0.0764 1.4154 -0.7500
v -0.1062 1.4190 -0.7500
v -0.1355 1.4220 -0.7500
v -0.1645 1.4246 -0.7500
v -0.1927 1.4269 -0.7500
v -0.2208 1.4289 -0.7500
v -0.2480 1.4304 -0.7500
v -0.2750 1.4317 -0.7500
v -0.3015 1.4325 -0.7500
v -0.3277 1.4332 -0.7500
v -0.3532 1.4332 -0.7500
v -0.4718 1.4314 -0.7500
v -0.5841 1.4256 -0.7500
v -0.6903 1.4157 -0.7500
v -0.7903 1.4019 -0.7500
v -0.8840 1.3843 -0.7500
v -0.9714 1.3630 -0.7500
v -1.0526 1.3375 -0.7500
v -1.1274 1.3080 -0.7500
v -1.1962 1.2749 -0.7500
v -1.2586 1.2377 -0.7500
v -1.3156 1.1964 -0.7500
v -1.3688 1.1511 -0.7500
v -1.4174 1.1015 -0.7500
v -1.4623 1.0477 -0.7500
v -1.5027 0.9899 -0.7500
v -1.5389 0.9281 -0.7500
v -1.5710 0.8619 -0.7500
v -1.5987 0.7916 -0.7500
v -1.6224 0.7173 -0.7500
v -1.6420 0.6386 -0.7500
v -1.6474 0.6157 -0.7500
v -1.6519 0.5930 -0.7500
v -1.6560 0.5706 -0.7500
v -1.6598 0.5482 -0.7500
v -1.6629 0.5260 -0.7500
v -1.6652 0.5039 -0.7500
v -1.6672 0.4820 -0.7500
v -1.6685 0.4603 -0.7500
v -1.6695 0.4387 -0.7500
v -1.6698 0.4173 -0.7500
v -1.6685 0.3753 -0.7500
v -1.6647 0.3351 -0.7500
v -1.6583 0.2964 -0.7500
v -1.6494 0.2595 -0.7500
v -1.6379 0.2241 -0.7500
v -1.6242 0.1902 -0.7500
v -1.6076 0.1581 -0.7500
v -1.5888 0.1276 -0.7500
v -1.5672 0.0985 -0.7500
v -1.5432 0.0713 -0.7500
v -1.5165 0.0451 -0.7500
v -1.4875 0.0194 -0.7500
v -1.4559 -0.0059 -0.7500
v -1.4218 -0.0306 -0.7500
v -1.3851 -0.0547 -0.7500
v -1.3459 -0.0784 -0.7500
v -1.3041 -0.1016 -0.7500
v -1.2598 -0.1243 -0.7500
v -1.2130 -0.1464 -0.7500
v -1.1636 -0.1680 -0.7500
v -1.1279 -0.1826 -0.7500
v -1.0605 -0.2095 -0.7500
v -1.0289 -0.2218 -0.7500
v -0.9986 -0.2332 -0.7500
v -0.9696 -0.2439 -0.7500
v -0.9418 -0.2536 -0.7500
v -0.9156 -0.2628 -0.7500
v -0.8906 -0.2712 -0.7500
v -0.8672 -0.2785 -0.7500
v -0.8453 -0.2859 -0.7500
v -0.8257 -0.2941 -0.7500
v -0.8087 -0.3025 -0.7500
v -0.7936 -0.3116 -0.7500
v -0.7812 -0.3211 -0.7500
v -0.7707 -0.3313 -0.7500
v -0.7628 -0.3419 -0.7500
v -0.7570 -0.3532 -0.7500
v -0.7537 -0.3651 -0.7500
v -0.7524 -0.3776 -0.7500
v -0.7532 -0.3898 -0.7500
v -0.7554 -0.4015 -0.7500
v -0.7593 -0.4127 -0.7500
v -0.7644 -0.4234 -0.7500
v -0.7712 -0.4334 -0.7500
v -0.7794 -0.4428 -0.7500
v -0.7893 -0.4514 -0.7500
v -0.8005 -0.4598 -0.7500
v -0.8132 -0.4672 -0.7500
v -0.8275 -0.4743 -0.7500
v -0.8430 -0.4807 -0.7500
v -0.8596 -0.4863 -0.7500
v -0.8771 -0.4914 -0.7500
v -0.8960 -0.4957 -0.7500
v -0.9156 -0.4996 -0.7500
v -0.9362 -0.5026 -0.7500
v -0.9579 -0.5049 -0.7500
v -0.9805 -0.5067 -0.7500
v -1.0045 -0.5077 -0.7500
v -1.0292 -0.5080 -0.7500
v -1.0661 -0.5074 -0.7500
v -1.1035 -0.5057 -0.7500
v -1.1417 -0.5026 -0.7500
v -1.1806 -0.4985 -0.7500
v -1.2204 -0.4932 -0.7500
v -1.2609 -0.4866 -0.7500
v -1.3021 -0.4789 -0.7500
v -1.3441 -0.4700 -0.7500
v -1.3869 -0.4598 -0.7500
v -1.4304 -0.4486 -0.7500
v -1.4740 -0.4364 -0.7500
v -1.5162 -0.4237 -0.7500
v -1.5577 -0.4102 -0.7500
v -1.5982 -0.3962 -0.7500
v -1.6377 -0.3814 -0.7500
v -1.6761 -0.3661 -0.7500
v -1.7136 -0.3501 -0.7500
v -1.7500 -0.3335 -0.7500
v -1.7854 -0.3162 -0.7500
v -1.8200 -0.2984 -0.7500
v -1.9702 -1.0141 -0.7500
v -1.9391 -1.0309 -0.7500
v -1.9066 -1.0472 -0.7500
v -1.8719 -1.0625 -0.7500
v -1.8358 -1.0770 -0.7500
v -1.7976 -1.0905 -0.7500
v -1.7579 -1.1035 -0.7500
v -1.7164 -1.1155 -0.7500
v -1.6728 -1.1267 -0.7500
v -1.6278 -1.1369 -0.7500
v -1.5806 -1.1465 -0.7500
v -1.5325 -1.1552 -0.7500
v -1.4839 -1.1628 -0.7500
v -1.4345 -1.1697 -0.7500
v -1.3846 -1.1756 -0.7500
v -1.3342 -1.1806 -0.7500
v -1.2830 -1.1847 -0.7500
v -1.2313 -1.1878 -0.7500
v -1.2830 -1.1847 -0.7500
v -1.2313 -1.1878 -0.7500
v -1.2313 -1.1878 0.7500
v -1.2830 -1.1847 0.7500
v -1.2313 -1.1878 -0.7500
v -1.1791 -1.1901 -0.7500
v -1.1791 -1.1901 0.7500
v -1.2313 -1.1878 0.7500
v -1.1791 -1.1901 -0.7500
v -1.1262 -1.1913 -0.7500
v -1.1262 -1.1913 0.7500
v -1.1791 -1.1901 0.7500
v -1.1262 -1.1913 -0.7500
v -1.0727 -1.1919 -0.7500
v -1.0727 -1.1919 0.7500
v -1.1262 -1.1913 0.7500
v -1.0727 -1.1919 -0.7500
v -0.9897 -1.1908 -0.7500
v -0.9897 -1.1908 0.7500
v -1.0727 -1.1919 0.7500
v -0.9897 -1.1908 -0.7500
v -0.9097 -1.1880 -0.7500
v -0.9097 -1.1880 0.7500
v -0.9897 -1.1908 0.7500
v -0.9097 -1.1880 -0.7500
v -0.8328 -1.1829 -0.7500
v -0.8328 -1.1829 0.7500
v -0.9097 -1.1880 0.7500
v -0.8328 -1.1829 -0.7500
v -0.7590 -1.1761 -0.7500
v -0.7590 -1.1761 0.7500
v -0.8328 -1.1829 0.7500
v -0.7590 -1.1761 -0.7500
v -0.6882 -1.1672 -0.7500
v -0.6882 -1.1672 0.7500
v -0.7590 -1.1761 0.7500
v -0.6882 -1.1672 -0.7500
v -0.6205 -1.1565 -0.7500
v -0.6205 -1.1565 0.7500
v -0.6882 -1.1672 0.7500
v -0.6205 -1.1565 -0.7500
v -0.5561 -1.1435 -0.7500
v -0.5561 -1.1435 0.7500
v -0.6205 -1.1565 0.7500
v -0.5561 -1.1435 -0.7500
v -0.4945 -1.1287 -0.7500
v -0.4945 -1.1287 0.7500
v -0.5561 -1.1435 0.7500
v -0.4945 -1.1287 -0.7500
v -0.4362 -1.1119 -0.7500
v -0.4362 -1.1119 0.7500
v -0.4945 -1.1287 0.7500
v -0.4362 -1.1119 -0.7500
v -0.3809 -1.0931 -0.7500
v -0.3809 -1.0931 0.7500
v -0.4362 -1.1119 0.7500
v -0.3809 -1.0931 -0.7500
v -0.3282 -1.0724 -0.7500
v -0.3282 -1.0724 0.7500
v -0.3809 -1.0931 0.7500
v -0.3282 -1.0724 -0.7500
v -0.2780 -1.0503 -0.7500
v -0.2780 -1.0503 0.7500
v -0.3282 -1.0724 0.7500
v -0.2780 -1.0503 -0.7500
v -0.2304 -1.0264 -0.7500
v -0.2304 -1.0264 0.7500
v -0.2780 -1.0503 0.7500
v -0.2304 -1.0264 -0.7500
v -0.1851 -1.0006 -0.7500
v -0.1851 -1.0006 0.7500
v -0.2304 -1.0264 0.7500
v -0.1851 -1.0006 -0.7500
v -0.1421 -0.9734 -0.7500
v -0.1421 -0.9734 0.7500
v -0.1851 -1.0006 0.7500
v -0.1421 -0.9734 -0.7500
v -0.1016 -0.9446 -0.7500
v -0.1016 -0.9446 0.7500
v -0.1421 -0.9734 0.7500
v -0.1016 -0.9446 -0.7500
v -0.0634 -0.9141 -0.7500
v -0.0634 -0.9141 0.7500
v -0.1016 -0.9446 0.7500
v -0.0634 -0.9141 -0.7500
v -0.0278 -0.8817 -0.7500
v -0.0278 -0.8817 0.7500
v -0.0634 -0.9141 0.7500
v -0.0278 -0.8817 -0.7500
v 0.0053 -0.8479 -0.7500
v 0.0053 -0.8479 0.7500
v -0.0278 -0.8817 0.7500
v 0.0053 -0.8479 -0.7500
v 0.0364 -0.8125 -0.7500
v 0.0364 -0.8125 0.7500
v 0.0053 -0.8479 0.7500
v 0.0364 -0.8125 -0.7500
v 0.0649 -0.7753 -0.7500
v 0.0649 -0.7753 0.7500
v 0.0364 -0.8125 0.7500
v 0.0649 -0.7753 -0.7500
v 0.0917 -0.7374 -0.7500
v 0.0917 -0.7374 0.7500
v 0.0649 -0.7753 0.7500
v 0.0917 -0.7374 -0.7500
v 0.1166 -0.6979 -0.7500
v 0.1166 -0.6979 0.7500
v 0.0917 -0.7374 0.7500
v 0.1166 -0.6979 -0.7500
v 0.1395 -0.6574 -0.7500
v 0.1395 -0.6574 0.7500
v 0.1166 -0.6979 0.7500
v 0.1395 -0.6574 -0.7500
v 0.1604 -0.6157 -0.7500
v 0.1604 -0.6157 0.7500
v 0.1395 -0.6574 0.7500
v 0.1604 -0.6157 -0.7500
v 0.1792 -0.5729 -0.7500
v 0.1792 -0.5729 0.7500
v 0.1604 -0.6157 0.7500
v 0.1792 -0.5729 -0.7500
v 0.1963 -0.5286 -0.7500
v 0.1963 -0.5286 0.7500
v 0.1792 -0.5729 0.7500
v 0.1963 -0.5286 -0.7500
v 0.2116 -0.4835 -0.7500
v 0.2116 -0.4835 0.7500
v 0.1963 -0.5286 0.7500
v 0.2116 -0.4835 -0.7500
v 0.2248 -0.4369 -0.7500
v 0.2248 -0.4369 0.7500
v 0.2116 -0.4835 0.7500
v 0.2248 -0.4369 -0.7500
v 0.2360 -0.3893 -0.7500
v 0.2360 -0.3893 0.7500
v 0.2248 -0.4369 0.7500
v 0.2360 -0.3893 -0.7500
v 0.2391 -0.3753 -0.7500
v 0.2391 -0.3753 0.7500
v 0.2360 -0.3893 0.7500
v 0.2391 -0.3753 -0.7500
v 0.2447 -0.3473 -0.7500
v 0.2447 -0.3473 0.7500
v 0.2391 -0.3753 0.7500
v 0.2472 -0.3335 -0.7500
v 0.2498 -0.3201 -0.7500
v 0.2498 -0.3201 0.7500
v 0.2472 -0.3335 0.7500
v 0.2498 -0.3201 -0.7500
v 0.2544 -0.2936 -0.7500
v 0.2544 -0.2936 0.7500
v 0.2498 -0.3201 0.7500
v 0.2579 -0.2676 -0.7500
v 0.2597 -0.2549 -0.7500
v 0.2597 -0.2549 0.7500
v 0.2579 -0.2676 0.7500
v 0.2597 -0.2549 -0.7500
v 0.2612 -0.2424 -0.7500
v 0.2612 -0.2424 0.7500
v 0.2597 -0.2549 0.7500
v 0.2625 -0.2297 -0.7500
v 0.2638 -0.2172 -0.7500
v 0.2638 -0.2172 0.7500
v 0.2625 -0.2297 0.7500
v 0.2638 -0.2172 -0.7500
v 0.2648 -0.2050 -0.7500
v 0.2648 -0.2050 0.7500
v 0.2638 -0.2172 0.7500
v 0.2648 -0.2050 -0.7500
v 0.2663 -0.1805 -0.7500
v 0.2663 -0.1805 0.7500
v 0.2648 -0.2050 0.7500
v 0.2663 -0.1805 -0.7500
v 0.2668 -0.1683 -0.7500
v 0.2668 -0.1683 0.7500
v 0.2663 -0.1805 0.7500
v 0.2668 -0.1683 -0.7500
v 0.2673 -0.1563 -0.7500
v 0.2673 -0.1563 0.7500
v 0.2668 -0.1683 0.7500
v 0.2673 -0.1563 -0.7500
v 0.2676 -0.1444 -0.7500
v 0.2676 -0.1444 0.7500
v 0.2673 -0.1563 0.7500
v 0.2676 -0.1444 -0.7500
v 0.2676 -0.1324 -0.7500
v 0.2676 -0.1324 0.7500
v 0.2676 -0.1444 0.7500
v 0.2676 -0.1324 -0.7500
v 0.2663 -0.0904 -0.7500
v 0.2663 -0.0904 0.7500
v 0.2676 -0.1324 0.7500
v 0.2663 -0.0904 -0.7500
v 0.2625 -0.0494 -0.7500
v 0.2625 -0.0494 0.7500
v 0.2663 -0.0904 0.7500
v 0.2625 -0.0494 -0.7500
v 0.2561 -0.0099 -0.7500
v 0.2561 -0.0099 0.7500
v 0.2625 -0.0494 0.7500
v 0.2561 -0.0099 -0.7500
v 0.2470 0.0283 -0.7500
v 0.2470 0.0283 0.7500
v 0.2561 -0.0099 0.7500
v 0.2470 0.0283 -0.7500
v 0.2355 0.0654 -0.7500
v 0.2355 0.0654 0.7500
v 0.2470 0.0283 0.7500
v 0.2355 0.0654 -0.7500
v 0.2213 0.1011 -0.7500
v 0.2213 0.1011 0.7500
v 0.2355 0.0654 0.7500
v 0.2213 0.1011 -0.7500
v 0.2047 0.1355 -0.7500
v 0.2047 0.1355 0.7500
v 0.2213 0.1011 0.7500
v 0.2047 0.1355 -0.7500
v 0.1854 0.1688 -0.7500
v 0.1854 0.1688 0.7500
v 0.2047 0.1355 0.7500
v 0.1854 0.1688 -0.7500
v 0.1635 0.2006 -0.7500
v 0.1635 0.2006 0.7500
v 0.1854 0.1688 0.7500
v 0.1635 0.2006 -0.7500
v 0.1390 0.2314 -0.7500
v 0.1390 0.2314 0.7500
v 0.1635 0.2006 0.7500
v 0.1390 0.2314 -0.7500
v 0.1113 0.2610 -0.7500
v 0.1113 0.2610 0.7500
v 0.1390 0.2314 0.7500
v 0.1113 0.2610 -0.7500
v 0.0794 0.2895 -0.7500
v 0.0794 0.2895 0.7500
v 0.1113 0.2610 0.7500
v 0.0794 0.2895 -0.7500
v 0.0438 0.3170 -0.7500
v 0.0438 0.3170 0.7500
v 0.0794 0.2895 0.7500
v 0.0438 0.3170 -0.7500
v 0.0038 0.3435 -0.7500
v 0.0038 0.3435 0.7500
v 0.0438 0.3170 0.7500
v 0.0038 0.3435 -0.7500
v -0.0402 0.3687 -0.7500
v -0.0402 0.3687 0.7500
v 0.0038 0.3435 0.7500
v -0.0402 0.3687 -0.7500
v -0.0884 0.3931 -0.7500
v -0.0884 0.3931 0.7500
v -0.0402 0.3687 0.7500
v -0.0884 0.3931 -0.7500
v -0.1405 0.4165 -0.7500
v -0.1405 0.4165 0.7500
v -0.0884 0.3931 0.7500
v -0.1405 0.4165 -0.7500
v -0.1968 0.4390 -0.7500
v -0.1968 0.4390 0.7500
v -0.1405 0.4165 0.7500
v -0.1968 0.4390 -0.7500
v -0.2572 0.4601 -0.7500
v -0.2572 0.4601 0.7500
v -0.1968 0.4390 0.7500
v -0.2572 0.4601 -0.7500
v -0.3216 0.4805 -0.7500
v -0.3216 0.4805 0.7500
v -0.2572 0.4601 0.7500
v -0.3216 0.4805 -0.7500
v -0.3554 0.4912 -0.7500
v -0.3554 0.4912 0.7500
v -0.3216 0.4805 0.7500
v -0.3875 0.5013 -0.7500
v -0.4178 0.5110 -0.7500
v -0.4178 0.5110 0.7500
v -0.3875 0.5013 0.7500
v -0.4178 0.5110 -0.7500
v -0.4463 0.5199 -0.7500
v -0.4463 0.5199 0.7500
v -0.4178 0.5110 0.7500
v -0.4733 0.5283 -0.7500
v -0.4983 0.5362 -0.7500
v -0.4983 0.5362 0.7500
v -0.4733 0.5283 0.7500
v -0.4983 0.5362 -0.7500
v -0.5215 0.5433 -0.7500
v -0.5215 0.5433 0.7500
v -0.4983 0.5362 0.7500
v -0.5428 0.5500 -0.7500
v -0.5624 0.5561 -0.7500
v -0.5624 0.5561 0.7500
v -0.5428 0.5500 0.7500
v -0.5624 0.5561 -0.7500
v -0.5805 0.5614 -0.7500
v -0.5805 0.5614 0.7500
v -0.5624 0.5561 0.7500
v -0.4835 0.7374 -0.7500
v -0.4685 0.7389 -0.7500
v -0.4685 0.7389 0.7500
v -0.4835 0.7374 0.7500
v -0.4685 0.7389 -0.7500
v -0.4537 0.7404 -0.7500
v -0.4537 0.7404 0.7500
v -0.4685 0.7389 0.7500
v -0.4094 0.7435 -0.7500
v -0.3949 0.7440 -0.7500
v -0.3949 0.7440 0.7500
v -0.4094 0.7435 0.7500
v -0.3949 0.7440 -0.7500
v -0.3804 0.7447 -0.7500
v -0.3804 0.7447 0.7500
v -0.3949 0.7440 0.7500
v -0.3804 0.7447 -0.7500
v -0.3659 0.7450 -0.7500
v -0.3659 0.7450 0.7500
v -0.3804 0.7447 0.7500
v -0.3659 0.7450 -0.7500
v -0.3516 0.7453 -0.7500
v -0.3516 0.7453 0.7500
v -0.3659 0.7450 0.7500
v 0.2648 0.6088 -0.7500
v 0.3032 0.5912 -0.7500
v 0.3032 0.5912 0.7500
v 0.2648 0.6088 0.7500
v 0.3032 0.5912 -0.7500
v 0.4573 1.3108 -0.7500
v 0.4573 1.3108 0.7500
v 0.3032 0.5912 0.7500
v 0.4573 1.3108 -0.7500
v 0.4372 1.3171 -0.7500
v 0.4372 1.3171 0.7500
v 0.4573 1.3108 0.7500
v 0.4372 1.3171 -0.7500
v 0.4160 1.3232 -0.7500
v 0.4160 1.3232 0.7500
v 0.4372 1.3171 0.7500
v 0.4160 1.3232 -0.7500
v 0.3941 1.3293 -0.7500
v 0.3941 1.3293 0.7500
v 0.4160 1.3232 0.7500
v 0.3941 1.3293 -0.7500
v 0.3712 1.3355 -0.7500
v 0.3712 1.3355 0.7500
v 0.3941 1.3293 0.7500
v 0.3712 1.3355 -0.7500
v 0.3475 1.3413 -0.7500
v 0.3475 1.3413 0.7500
v 0.3712 1.3355 0.7500
v 0.3475 1.3413 -0.7500
v 0.3231 1.3472 -0.7500
v 0.3231 1.3472 0.7500
v 0.3475 1.3413 0.7500
v 0.3231 1.3472 -0.7500
v 0.2976 1.3530 -0.7500
v 0.2976 1.3530 0.7500
v 0.3231 1.3472 0.7500
v 0.2976 1.3530 -0.7500
v 0.2714 1.3589 -0.7500
v 0.2714 1.3589 0.7500
v 0.2976 1.3530 0.7500
v 0.2714 1.3589 -0.7500
v 0.2442 1.3645 -0.7500
v 0.2442 1.3645 0.7500
v 0.2714 1.3589 0.7500
v 0.2442 1.3645 -0.7500
v 0.2162 1.3701 -0.7500
v 0.2162 1.3701 0.7500
v 0.2442 1.3645 0.7500
v 0.2162 1.3701 -0.7500
v 0.1877 1.3754 -0.7500
v 0.1877 1.3754 0.7500
v 0.2162 1.3701 0.7500
v 0.1877 1.3754 -0.7500
v 0.1589 1.3808 -0.7500
v 0.1589 1.3808 0.7500
v 0.1877 1.3754 0.7500
v 0.1589 1.3808 -0.7500
v 0.1301 1.3859 -0.7500
v 0.1301 1.3859 0.7500
v 0.1589 1.3808 0.7500
v 0.1301 1.3859 -0.7500
v 0.1011 1.3907 -0.7500
v 0.1011 1.3907 0.7500
v 0.1301 1.3859 0.7500
v 0.1011 1.3907 -0.7500
v 0.0718 1.3953 -0.7500
v 0.0718 1.3953 0.7500
v 0.1011 1.3907 0.7500
v 0.0718 1.3953 -0.7500
v 0.0425 1.3996 -0.7500
v 0.0425 1.3996 0.7500
v 0.0718 1.3953 0.7500
v 0.0425 1.3996 -0.7500
v 0.0130 1.4039 -0.7500
v 0.0130 1.4039 0.7500
v 0.0425 1.3996 0.7500
v 0.0130 1.4039 -0.7500
v -0.0165 1.4080 -0.7500
v -0.0165 1.4080 0.7500
v 0.0130 1.4039 0.7500
v -0.0165 1.4080 -0.7500
v -0.0463 1.4118 -0.7500
v -0.0463 1.4118 0.7500
v -0.0165 1.4080 0.7500
v -0.0463 1.4118 -0.7500
v -0.0764 1.4154 -0.7500
v -0.0764 1.4154 0.7500
v -0.0463 1.4118 0.7500
v -0.0764 1.4154 -0.7500
v -0.1062 1.4190 -0.7500
v -0.1062 1.4190 0.7500
v -0.0764 1.4154 0.7500
v -0.1062 1.4190 -0.7500
v -0.1355 1.4220 -0.7500
v -0.1355 1.4220 0.7500
v -0.1062 1.4190 0.7500
v -0.1355 1.4220 -0.7500
v -0.1645 1.4246 -0.7500
v -0.1645 1.4246 0.7500
v -0.1355 1.4220 0.7500
v -0.1645 1.4246 -0.7500
v -0.1927 1.4269 -0.7500
v -0.1927 1.4269 0.7500
v -0.1645 1.4246 0.7500
v -0.1927 1.4269 -0.7500
v -0.2208 1.4289 -0.7500
v -0.2208 1.4289 0.7500
v -0.1927 1.4269 0.7500
v -0.2208 1.4289 -0.7500
v -0.2480 1.4304 -0.7500
v -0.2480 1.4304 0.7500
v -0.2208 1.4289 0.7500
v -0.2480 1.4304 -0.7500
v -0.2750 1.4317 -0.7500
v -0.2750 1.4317 0.7500
v -0.2480 1.4304 0.7500
v -0.2750 1.4317 -0.7500
v -0.3015 1.4325 -0.7500
v -0.3015 1.4325 0.7500
v -0.2750 1.4317 0.7500
v -0.3015 1.4325 -0.7500
v -0.3277 1.4332 -0.7500
v -0.3277 1.4332 0.7500
v -0.3015 1.4325 0.7500
v -0.3277 1.4332 -0.7500
v -0.3532 1.4332 -0.7500
v -0.3532 1.4332 0.7500
v -0.3277 1.4332 0.7500
v -0.3532 1.4332 -0.7500
v -0.4718 1.4314 -0.7500
v -0.4718 1.4314 0.7500
v -0.3532 1.4332 0.7500
v -0.4718 1.4314 -0.7500
v -0.5841 1.4256 -0.7500
v -0.5841 1.4256 0.7500
v -0.4718 1.4314 0.7500
v -0.5841 1.4256 -0.7500
v -0.6903 1.4157 -0.7500
v -0.6903 1.4157 0.7500
v -0.5841 1.4256 0.7500
v -0.6903 1.4157 -0.7500
v -0.7903 1.4019 -0.7500
v -0.7903 1.4019 0.7500
v -0.6903 1.4157 0.7500
v -0.7903 1.4019 -0.7500
v -0.8840 1.3843 -0.7500
v -0.8840 1.3843 0.7500
v -0.7903 1.4019 0.7500
v -0.8840 1.3843 -0.7500
v -0.9714 1.3630 -0.7500
v -0.9714 1.3630 0.7500
v -0.8840 1.3843 0.7500
v -0.9714 1.3630 -0.7500
v -1.0526 1.3375 -0.7500
v -1.0526 1.3375 0.7500
v -0.9714 1.3630 0.7500
v -1.0526 1.3375 -0.7500
v -1.1274 1.3080 -0.7500
v -1.1274 1.3080 0.7500
v -1.0526 1.3375 0.7500
v -1.1274 1.3080 -0.7500
v -1.1962 1.2749 -0.7500
v -1.1962 1.2749 0.7500
v -1.1274 1.3080 0.7500
v -1.1962 1.2749 -0.7500
v -1.2586 1.2377 -0.7500
v -1.2586 1.2377 0.7500
v -1.1962 1.2749 0.7500
v -1.2586 1.2377 -0.7500
v -1.3156 1.1964 -0.7500
v -1.3156 1.1964 0.7500
v -1.2586 1.2377 0.7500
v -1.3156 1.1964 -0.7500
v -1.3688 1.1511 -0.7500
v -1.3688 1.1511 0.7500
v -1.3156 1.1964 0.7500
v -1.3688 1.1511 -0.7500
v -1.4174 1.1015 -0.7500
v -1.4174 1.1015 0.7500
v -1.3688 1.1511 0.7500
v -1.4174 1.1015 -0.7500
v -1.4623 1.0477 -0.7500
v -1.4623 1.0477 0.7500
v -1.4174 1.1015 0.7500
v -1.4623 1.0477 -0.7500
v -1.5027 0.9899 -0.7500
v -1.5027 0.9899 0.7500
v -1.4623 1.0477 0.7500
v -1.5027 0.9899 -0.7500
v -1.5389 0.9281 -0.7500
v -1.5389 0.9281 0.7500
v -1.5027 0.9899 0.7500
v -1.5389 0.9281 -0.7500
v -1.5710 0.8619 -0.7500
v -1.5710 0.8619 0.7500
v -1.5389 0.9281 0.7500
v -1.5710 0.8619 -0.7500
v -1.5987 0.7916 -0.7500
v -1.5987 0.7916 0.7500
v -1.5710 0.8619 0.7500
v -1.5987 0.7916 -0.7500
v -1.6224 0.7173 -0.7500
v -1.6224 0.7173 0.7500
v -1.5987 0.7916 0.7500
v -1.6224 0.7173 -0.7500
v -1.6420 0.6386 -0.7500
v -1.6420 0.6386 0.7500
v -1.6224 0.7173 0.7500
v -1.6420 0.6386 -0.7500
v -1.6474 0.6157 -0.7500
v -1.6474 0.6157 0.7500
v -1.6420 0.6386 0.7500
v -1.6474 0.6157 -0.7500
v -1.6519 0.5930 -0.7500
v -1.6519 0.5930 0.7500
v -1.6474 0.6157 0.7500
v -1.6519 0.5930 -0.7500
v -1.6560 0.5706 -0.7500
v -1.6560 0.5706 0.7500
v -1.6519 0.5930 0.7500
v -1.6560 0.5706 -0.7500
v -1.6598 0.5482 -0.7500
v -1.6598 0.5482 0.7500
v -1.6560 0.5706 0.7500
v -1.6598 0.5482 -0.7500
v -1.6629 0.5260 -0.7500
v -1.6629 0.5260 0.7500
v -1.6598 0.5482 0.7500
v -1.6629 0.5260 -0.7500
v -1.6652 0.5039 -0.7500
v -1.6652 0.5039 0.7500
v -1.6629 0.5260 0.7500
v -1.6652 0.5039 -0.7500
v -1.6672 0.4820 -0.7500
v -1.6672 0.4820 0.7500
v -1.6652 0.5039 0.7500
v -1.6672 0.4820 -0.7500
v -1.6685 0.4603 -0.7500
v -1.6685 0.4603 0.7500
v -1.6672 0.4820 0.7500
v -1.6685 0.4603 -0.7500
v -1.6695 0.4387 -0.7500
v -1.6695 0.4387 0.7500
v -1.6685 0.4603 0.7500
v -1.6695 0.4387 -0.7500
v -1.6698 0.4173 -0.7500
v -1.6698 0.4173 0.7500
v -1.6695 0.4387 0.7500
v -1.6698 0.4173 -0.7500
v -1.6685 0.3753 -0.7500
v -1.6685 0.3753 0.7500
v -1.6698 0.4173 0.7500
v -1.6685 0.3753 -0.7500
v -1.6647 0.3351 -0.7500
v -1.6647 0.3351 0.7500
v -1.6685 0.3753 0.7500
v -1.6647 0.3351 -0.7500
v -1.6583 0.2964 -0.7500
v -1.6583 0.2964 0.7500
v -1.6647 0.3351 0.7500
v -1.6583 0.2964 -0.7500
v -1.6494 0.2595 -0.7500
v -1.6494 0.2595 0.7500
v -1.6583 0.2964 0.7500
v -1.6494 0.2595 -0.7500
v -1.6379 0.2241 -0.7500
v -1.6379 0.2241 0.7500
v -1.6494 0.2595 0.7500
v -1.6379 0.2241 -0.7500
v -1.6242 0.1902 -0.7500
v -1.6242 0.1902 0.7500
v -1.6379 0.2241 0.7500
v -1.6242 0.1902 -0.7500
v -1.6076 0.1581 -0.7500
v -1.6076 0.1581 0.7500
v -1.6242 0.1902 0.7500
v -1.6076 0.1581 -0.7500
v -1.5888 0.1276 -0.7500
v -1.5888 0.1276 0.7500
v -1.6076 0.1581 0.7500
v -1.5888 0.1276 -0.7500
v -1.5672 0.0985 -0.7500
v -1.5672 0.0985 0.7500
v -1.5888 0.1276 0.7500
v -1.5672 0.0985 -0.7500
v -1.5432 0.0713 -0.7500
v -1.5432 0.0713 0.7500
v -1.5672 0.0985 0.7500
v -1.5432 0.0713 -0.7500
v -1.5165 0.0451 -0.7500
v -1.5165 0.0451 0.7500
v -1.5432 0.0713 0.7500
v -1.5165 0.0451 -0.7500
v -1.4875 0.0194 -0.7500
v -1.4875 0.0194 0.7500
v -1.5165 0.0451 0.7500
v -1.4875 0.0194 -0.7500
v -1.4559 -0.0059 -0.7500
v -1.4559 -0.0059 0.7500
v -1.4875 0.0194 0.7500
v -1.4559 -0.0059 -0.7500
v -1.4218 -0.0306 -0.7500
v -1.4218 -0.0306 0.7500
v -1.4559 -0.0059 0.7500
v -1.4218 -0.0306 -0.7500
v -1.3851 -0.0547 -0.7500
v -1.3851 -0.0547 0.7500
v -1.4218 -0.0306 0.7500
v -1.3851 -0.0547 -0.7500
v -1.3459 -0.0784 -0.7500
v -1.3459 -0.0784 0.7500
v -1.3851 -0.0547 0.7500
v -1.3459 -0.0784 -0.7500
v -1.3041 -0.1016 -0.7500
v -1.3041 -0.1016 0.7500
v -1.3459 -0.0784 0.7500
v -1.3041 -0.1016 -0.7500
v -1.2598 -0.1243 -0.7500
v -1.2598 -0.1243 0.7500
v -1.3041 -0.1016 0.7500
v -1.2598 -0.1243 -0.7500
v -1.2130 -0.1464 -0.7500
v -1.2130 -0.1464 0.7500
v -1.2598 -0.1243 0.7500
v -1.2130 -0.1464 -0.7500
v -1.1636 -0.1680 -0.7500
v -1.1636 -0.1680 0.7500
v -1.2130 -0.1464 0.7500
v -1.1636 -0.1680 -0.7500
v -1.1279 -0.1826 -0.7500
v -1.1279 -0.1826 0.7500
v -1.1636 -0.1680 0.7500
v -1.1279 -0.1826 -0.7500
v -1.0605 -0.2095 -0.7500
v -1.0605 -0.2095 0.7500
v -1.1279 -0.1826 0.7500
v -1.0605 -0.2095 -0.7500
v -1.0289 -0.2218 -0.7500
v -1.0289 -0.2218 0.7500
v -1.0605 -0.2095 0.7500
v -1.0289 -0.2218 -0.7500
v -0.9986 -0.2332 -0.7500
v -0.9986 -0.2332 0.7500
v -1.0289 -0.2218 0.7500
v -0.9986 -0.2332 -0.7500
v -0.9696 -0.2439 -0.7500
v -0.9696 -0.2439 0.7500
v -0.9986 -0.2332 0.7500
v -0.9696 -0.2439 -0.7500
v -0.9418 -0.2536 -0.7500
v -0.9418 -0.2536 0.7500
v -0.9696 -0.2439 0.7500
v -0.9418 -0.2536 -0.7500
v -0.9156 -0.2628 -0.7500
v -0.9156 -0.2628 0.7500
v -0.9418 -0.2536 0.7500
v -0.9156 -0.2628 -0.7500
v -0.8906 -0.2712 -0.7500
v -0.8906 -0.2712 0.7500
v -0.9156 -0.2628 0.7500
v -1.7854 -0.3162 -0.7500
v -1.8200 -0.2984 -0.7500
v -1.8200 -0.2984 0.7500
v -1.7854 -0.3162 0.7500
v -1.8200 -0.2984 -0.7500
v -1.9702 -1.0141 -0.7500
v -1.9702 -1.0141 0.7500
v -1.8200 -0.2984 0.7500
v -1.9702 -1.0141 -0.7500
v -1.9391 -1.0309 -0.7500
v -1.9391 -1.0309 0.7500
v -1.9702 -1.0141 0.7500
v -1.9391 -1.0309 -0.7500
v -1.9066 -1.0472 -0.7500
v -1.9066 -1.0472 0.7500
v -1.9391 -1.0309 0.7500
v -1.9066 -1.0472 -0.7500
v -1.8719 -1.0625 -0.7500
v -1.8719 -1.0625 0.7500
v -1.9066 -1.0472 0.7500
v -1.8719 -1.0625 -0.7500
v -1.8358 -1.0770 -0.7500
v -1.8358 -1.0770 0.7500
v -1.8719 -1.0625 0.7500
v -1.8358 -1.0770 -0.7500
v -1.7976 -1.0905 -0.7500
v -1.7976 -1.0905 0.7500
v -1.8358 -1.0770 0.7500
v -1.7976 -1.0905 -0.7500
v -1.7579 -1.1035 -0.7500
v -1.7579 -1.1035 0.7500
v -1.7976 -1.0905 0.7500
v -1.7579 -1.1035 -0.7500
v -1.7164 -1.1155 -0.7500
v -1.7164 -1.1155 0.7500
v -1.7579 -1.1035 0.7500
v -1.7164 -1.1155 -0.7500
v -1.6728 -1.1267 -0.7500
v -1.6728 -1.1267 0.7500
v -1.7164 -1.1155 0.7500
v -1.6728 -1.1267 -0.7500
v -1.6278 -1.1369 -0.7500
v -1.6278 -1.1369 0.7500
v -1.6728 -1.1267 0.7500
v -1.6278 -1.1369 -0.7500
v -1.5806 -1.1465 -0.7500
v -1.5806 -1.1465 0.7500
v -1.6278 -1.1369 0.7500
v -1.5806 -1.1465 -0.7500
v -1.5325 -1.1552 -0.7500
v -1.5325 -1.1552 0.7500
v -1.5806 -1.1465 0.7500
v -1.5325 -1.1552 -0.7500
v -1.4839 -1.1628 -0.7500
v -1.4839 -1.1628 0.7500
v -1.5325 -1.1552 0.7500
v -1.4839 -1.1628 -0.7500
v -1.4345 -1.1697 -0.7500
v -1.4345 -1.1697 0.7500
v -1.4839 -1.1628 0.7500
v -1.4345 -1.1697 -0.7500
v -1.3846 -1.1756 -0.7500
v -1.3846 -1.1756 0.7500
v -1.4345 -1.1697 0.7500
v -1.3846 -1.1756 -0.7500
v -1.3342 -1.1806 -0.7500
v -1.3342 -1.1806 0.7500
v -1.3846 -1.1756 0.7500
v -1.3342 -1.1806 -0.7500
v -1.2830 -1.1847 -0.7500
v -1.2830 -1.1847 0.7500
v -1.3342 -1.1806 0.7500
v 0.2447 -0.3473 -0.7500
v 0.2472 -0.3335 -0.7500
v 0.2472 -0.3335 0.7500
v 0.2447 -0.3473 0.7500
v 0.2544 -0.2936 -0.7500
v 0.2579 -0.2676 -0.7500
v 0.2579 -0.2676 0.7500
v 0.2544 -0.2936 0.7500
v 0.2612 -0.2424 -0.7500
v 0.2625 -0.2297 -0.7500
v 0.2625 -0.2297 0.7500
v 0.2612 -0.2424 0.7500
v -0.3554 0.4912 -0.7500
v -0.3875 0.5013 -0.7500
v -0.3875 0.5013 0.7500
v -0.3554 0.4912 0.7500
v -0.5215 0.5433 -0.7500
v -0.5428 0.5500 -0.7500
v -0.5428 0.5500 0.7500
v -0.5215 0.5433 0.7500
v 0.2271 0.6251 -0.7500
v 0.2648 0.6088 -0.7500
v 0.2648 0.6088 0.7500
v 0.2271 0.6251 0.7500
v -1.7500 -0.3335 -0.7500
v -1.7854 -0.3162 -0.7500
v -1.7854 -0.3162 0.7500
v -1.7500 -0.3335 0.7500
v -0.4463 0.5199 -0.7500
v -0.4733 0.5283 -0.7500
v -0.4733 0.5283 0.7500
v -0.4463 0.5199 0.7500
v 0.1899 0.6404 -0.7500
v 0.2271 0.6251 -0.7500
v 0.2271 0.6251 0.7500
v 0.1899 0.6404 0.7500
v -1.7136 -0.3501 -0.7500
v -1.7500 -0.3335 -0.7500
v -1.7500 -0.3335 0.7500
v -1.7136 -0.3501 0.7500
v 0.1535 0.6544 -0.7500
v 0.1899 0.6404 -0.7500
v 0.1899 0.6404 0.7500
v 0.1535 0.6544 0.7500
v -0.8906 -0.2712 -0.7500
v -0.8672 -0.2785 -0.7500
v -0.8672 -0.2785 0.7500
v -0.8906 -0.2712 0.7500
v -1.6761 -0.3661 -0.7500
v -1.7136 -0.3501 -0.7500
v -1.7136 -0.3501 0.7500
v -1.6761 -0.3661 0.7500
v 0.1179 0.6673 -0.7500
v 0.1535 0.6544 -0.7500
v 0.1535 0.6544 0.7500
v 0.1179 0.6673 0.7500
v -1.6377 -0.3814 -0.7500
v -1.6761 -0.3661 -0.7500
v -1.6761 -0.3661 0.7500
v -1.6377 -0.3814 0.7500
v 0.0827 0.6791 -0.7500
v 0.1179 0.6673 -0.7500
v 0.1179 0.6673 0.7500
v 0.0827 0.6791 0.7500
v -0.8672 -0.2785 -0.7500
v -0.8453 -0.2859 -0.7500
v -0.8453 -0.2859 0.7500
v -0.8672 -0.2785 0.7500
v -1.5982 -0.3962 -0.7500
v -1.6377 -0.3814 -0.7500
v -1.6377 -0.3814 0.7500
v -1.5982 -0.3962 0.7500
v -0.5805 0.5614 -0.7500
v -0.5966 0.5668 -0.7500
v -0.5966 0.5668 0.7500
v -0.5805 0.5614 0.7500
v 0.0484 0.6895 -0.7500
v 0.0827 0.6791 -0.7500
v 0.0827 0.6791 0.7500
v 0.0484 0.6895 0.7500
v -0.8453 -0.2859 -0.7500
v -0.8257 -0.2941 -0.7500
v -0.8257 -0.2941 0.7500
v -0.8453 -0.2859 0.7500
v -1.5577 -0.4102 -0.7500
v -1.5982 -0.3962 -0.7500
v -1.5982 -0.3962 0.7500
v -1.5577 -0.4102 0.7500
v -0.5966 0.5668 -0.7500
v -0.6111 0.5726 -0.7500
v -0.6111 0.5726 0.7500
v -0.5966 0.5668 0.7500
v 0.0148 0.6987 -0.7500
v 0.0484 0.6895 -0.7500
v 0.0484 0.6895 0.7500
v 0.0148 0.6987 0.7500
v -0.8257 -0.2941 -0.7500
v -0.8087 -0.3025 -0.7500
v -0.8087 -0.3025 0.7500
v -0.8257 -0.2941 0.7500
v -1.5162 -0.4237 -0.7500
v -1.5577 -0.4102 -0.7500
v -1.5577 -0.4102 0.7500
v -1.5162 -0.4237 0.7500
v -0.6111 0.5726 -0.7500
v -0.6238 0.5790 -0.7500
v -0.6238 0.5790 0.7500
v -0.6111 0.5726 0.7500
v -0.0183 0.7068 -0.7500
v 0.0148 0.6987 -0.7500
v 0.0148 0.6987 0.7500
v -0.0183 0.7068 0.7500
v -0.8087 -0.3025 -0.7500
v -0.7936 -0.3116 -0.7500
v -0.7936 -0.3116 0.7500
v -0.8087 -0.3025 0.7500
v -1.4740 -0.4364 -0.7500
v -1.5162 -0.4237 -0.7500
v -1.5162 -0.4237 0.7500
v -1.4740 -0.4364 0.7500
v -0.6238 0.5790 -0.7500
v -0.6348 0.5856 -0.7500
v -0.6348 0.5856 0.7500
v -0.6238 0.5790 0.7500
v -0.0507 0.7137 -0.7500
v -0.0183 0.7068 -0.7500
v -0.0183 0.7068 0.7500
v -0.0507 0.7137 0.7500
v -1.4304 -0.4486 -0.7500
v -1.4740 -0.4364 -0.7500
v -1.4740 -0.4364 0.7500
v -1.4304 -0.4486 0.7500
v -0.6348 0.5856 -0.7500
v -0.6442 0.5927 -0.7500
v -0.6442 0.5927 0.7500
v -0.6348 0.5856 0.7500
v -0.0822 0.7198 -0.7500
v -0.0507 0.7137 -0.7500
v -0.0507 0.7137 0.7500
v -0.0822 0.7198 0.7500
v -1.3869 -0.4598 -0.7500
v -1.4304 -0.4486 -0.7500
v -1.4304 -0.4486 0.7500
v -1.3869 -0.4598 0.7500
v -0.6442 0.5927 -0.7500
v -0.6518 0.6001 -0.7500
v -0.6518 0.6001 0.7500
v -0.6442 0.5927 0.7500
v -0.1133 0.7251 -0.7500
v -0.0822 0.7198 -0.7500
v -0.0822 0.7198 0.7500
v -0.1133 0.7251 0.7500
v -1.3441 -0.4700 -0.7500
v -1.3869 -0.4598 -0.7500
v -1.3869 -0.4598 0.7500
v -1.3441 -0.4700 0.7500
v -0.1436 0.7300 -0.7500
v -0.1133 0.7251 -0.7500
v -0.1133 0.7251 0.7500
v -0.1436 0.7300 0.7500
v -1.3021 -0.4789 -0.7500
v -1.3441 -0.4700 -0.7500
v -1.3441 -0.4700 0.7500
v -1.3021 -0.4789 0.7500
v -0.1734 0.7341 -0.7500
v -0.1436 0.7300 -0.7500
v -0.1436 0.7300 0.7500
v -0.1734 0.7341 0.7500
v -1.2609 -0.4866 -0.7500
v -1.3021 -0.4789 -0.7500
v -1.3021 -0.4789 0.7500
v -1.2609 -0.4866 0.7500
v -0.2024 0.7374 -0.7500
v -0.1734 0.7341 -0.7500
v -0.1734 0.7341 0.7500
v -0.2024 0.7374 0.7500
v -1.2204 -0.4932 -0.7500
v -1.2609 -0.4866 -0.7500
v -1.2609 -0.4866 0.7500
v -1.2204 -0.4932 0.7500
v -0.2307 0.7404 -0.7500
v -0.2024 0.7374 -0.7500
v -0.2024 0.7374 0.7500
v -0.2307 0.7404 0.7500
v -1.1806 -0.4985 -0.7500
v -1.2204 -0.4932 -0.7500
v -1.2204 -0.4932 0.7500
v -1.1806 -0.4985 0.7500
v -0.2584 0.7425 -0.7500
v -0.2307 0.7404 -0.7500
v -0.2307 0.7404 0.7500
v -0.2584 0.7425 0.7500
v -1.1417 -0.5026 -0.7500
v -1.1806 -0.4985 -0.7500
v -1.1806 -0.4985 0.7500
v -1.1417 -0.5026 0.7500
v -0.2854 0.7440 -0.7500
v -0.2584 0.7425 -0.7500
v -0.2584 0.7425 0.7500
v -0.2854 0.7440 0.7500
v -1.1035 -0.5057 -0.7500
v -1.1417 -0.5026 -0.7500
v -1.1417 -0.5026 0.7500
v -1.1035 -0.5057 0.7500
v -0.3116 0.7450 -0.7500
v -0.2854 0.7440 -0.7500
v -0.2854 0.7440 0.7500
v -0.3116 0.7450 0.7500
v -1.0661 -0.5074 -0.7500
v -1.1035 -0.5057 -0.7500
v -1.1035 -0.5057 0.7500
v -1.0661 -0.5074 0.7500
v -0.3374 0.7453 -0.7500
v -0.3116 0.7450 -0.7500
v -0.3116 0.7450 0.7500
v -0.3374 0.7453 0.7500
v -1.0292 -0.5080 -0.7500
v -1.0661 -0.5074 -0.7500
v -1.0661 -0.5074 0.7500
v -1.0292 -0.5080 0.7500
v -0.3516 0.7453 -0.7500
v -0.3374 0.7453 -0.7500
v -0.3374 0.7453 0.7500
v -0.3516 0.7453 0.7500
v -1.0045 -0.5077 -0.7500
v -1.0292 -0.5080 -0.7500
v -1.0292 -0.5080 0.7500
v -1.0045 -0.5077 0.7500
v -0.9805 -0.5067 -0.7500
v -1.0045 -0.5077 -0.7500
v -1.0045 -0.5077 0.7500
v -0.9805 -0.5067 0.7500
v -0.9579 -0.5049 -0.7500
v -0.9805 -0.5067 -0.7500
v -0.9805 -0.5067 0.7500
v -0.9579 -0.5049 0.7500
v -0.4537 0.7404 -0.7500
v -0.4094 0.7435 -0.7500
v -0.4094 0.7435 0.7500
v -0.4537 0.7404 0.7500
v -0.9362 -0.5026 -0.7500
v -0.9579 -0.5049 -0.7500
v -0.9579 -0.5049 0.7500
v -0.9362 -0.5026 0.7500
v -0.9156 -0.4996 -0.7500
v -0.9362 -0.5026 -0.7500
v -0.9362 -0.5026 0.7500
v -0.9156 -0.4996 0.7500
v -0.4983 0.7358 -0.7500
v -0.4835 0.7374 -0.7500
v -0.4835 0.7374 0.7500
v -0.4983 0.7358 0.7500
v -0.8960 -0.4957 -0.7500
v -0.9156 -0.4996 -0.7500
v -0.9156 -0.4996 0.7500
v -0.8960 -0.4957 0.7500
v -0.5128 0.7335 -0.7500
v -0.4983 0.7358 -0.7500
v -0.4983 0.7358 0.7500
v -0.5128 0.7335 0.7500
v -0.8771 -0.4914 -0.7500
v -0.8960 -0.4957 -0.7500
v -0.8960 -0.4957 0.7500
v -0.8771 -0.4914 0.7500
v -0.5268 0.7313 -0.7500
v -0.5128 0.7335 -0.7500
v -0.5128 0.7335 0.7500
v -0.5268 0.7313 0.7500
v -0.8596 -0.4863 -0.7500
v -0.8771 -0.4914 -0.7500
v -0.8771 -0.4914 0.7500
v -0.8596 -0.4863 0.7500
v -0.5403 0.7287 -0.7500
v -0.5268 0.7313 -0.7500
v -0.5268 0.7313 0.7500
v -0.5403 0.7287 0.7500
v -0.8430 -0.4807 -0.7500
v -0.8596 -0.4863 -0.7500
v -0.8596 -0.4863 0.7500
v -0.8430 -0.4807 0.7500
v -0.5533 0.7257 -0.7500
v -0.5403 0.7287 -0.7500
v -0.5403 0.7287 0.7500
v -0.5533 0.7257 0.7500
v -0.8275 -0.4743 -0.7500
v -0.8430 -0.4807 -0.7500
v -0.8430 -0.4807 0.7500
v -0.8275 -0.4743 0.7500
v -0.5660 0.7223 -0.7500
v -0.5533 0.7257 -0.7500
v -0.5533 0.7257 0.7500
v -0.5660 0.7223 0.7500
v -0.5782 0.7185 -0.7500
v -0.5660 0.7223 -0.7500
v -0.5660 0.7223 0.7500
v -0.5782 0.7185 0.7500
v -0.8132 -0.4672 -0.7500
v -0.8275 -0.4743 -0.7500
v -0.8275 -0.4743 0.7500
v -0.8132 -0.4672 0.7500
v -0.5899 0.7147 -0.7500
v -0.5782 0.7185 -0.7500
v -0.5782 0.7185 0.7500
v -0.5899 0.7147 0.7500
v -0.8005 -0.4598 -0.7500
v -0.8132 -0.4672 -0.7500
v -0.8132 -0.4672 0.7500
v -0.8005 -0.4598 0.7500
v -0.6011 0.7104 -0.7500
v -0.5899 0.7147 -0.7500
v -0.5899 0.7147 0.7500
v -0.6011 0.7104 0.7500
v -0.7893 -0.4514 -0.7500
v -0.8005 -0.4598 -0.7500
v -0.8005 -0.4598 0.7500
v -0.7893 -0.4514 0.7500
v -0.6121 0.7058 -0.7500
v -0.6011 0.7104 -0.7500
v -0.6011 0.7104 0.7500
v -0.6121 0.7058 0.7500
v -0.7794 -0.4428 -0.7500
v -0.7893 -0.4514 -0.7500
v -0.7893 -0.4514 0.7500
v -0.7794 -0.4428 0.7500
v -0.6223 0.7010 -0.7500
v -0.6121 0.7058 -0.7500
v -0.6121 0.7058 0.7500
v -0.6223 0.7010 0.7500
v -0.7712 -0.4334 -0.7500
v -0.7794 -0.4428 -0.7500
v -0.7794 -0.4428 0.7500
v -0.7712 -0.4334 0.7500
v -0.7644 -0.4234 -0.7500
v -0.7712 -0.4334 -0.7500
v -0.7712 -0.4334 0.7500
v -0.7644 -0.4234 0.7500
v -0.6312 0.6954 -0.7500
v -0.6223 0.7010 -0.7500
v -0.6223 0.7010 0.7500
v -0.6312 0.6954 0.7500
v -0.7593 -0.4127 -0.7500
v -0.7644 -0.4234 -0.7500
v -0.7644 -0.4234 0.7500
v -0.7593 -0.4127 0.7500
v -0.6393 0.6895 -0.7500
v -0.6312 0.6954 -0.7500
v -0.6312 0.6954 0.7500
v -0.6393 0.6895 0.7500
v -0.7554 -0.4015 -0.7500
v -0.7593 -0.4127 -0.7500
v -0.7593 -0.4127 0.7500
v -0.7554 -0.4015 0.7500
v -0.6462 0.6831 -0.7500
v -0.6393 0.6895 -0.7500
v -0.6393 0.6895 0.7500
v -0.6462 0.6831 0.7500
v -0.7532 -0.3898 -0.7500
v -0.7554 -0.4015 -0.7500
v -0.7554 -0.4015 0.7500
v -0.7532 -0.3898 0.7500
v -0.6521 0.6763 -0.7500
v -0.6462 0.6831 -0.7500
v -0.6462 0.6831 0.7500
v -0.6521 0.6763 0.7500
v -0.7524 -0.3776 -0.7500
v -0.7532 -0.3898 -0.7500
v -0.7532 -0.3898 0.7500
v -0.7524 -0.3776 0.7500
v -0.6569 0.6689 -0.7500
v -0.6521 0.6763 -0.7500
v -0.6521 0.6763 0.7500
v -0.6569 0.6689 0.7500
v -0.7537 -0.3651 -0.7500
v -0.7524 -0.3776 -0.7500
v -0.7524 -0.3776 0.7500
v -0.7537 -0.3651 0.7500
v -0.6607 0.6610 -0.7500
v -0.6569 0.6689 -0.7500
v -0.6569 0.6689 0.7500
v -0.6607 0.6610 0.7500
v -0.7570 -0.3532 -0.7500
v -0.7537 -0.3651 -0.7500
v -0.7537 -0.3651 0.7500
v -0.7570 -0.3532 0.7500
v -0.6633 0.6526 -0.7500
v -0.6607 0.6610 -0.7500
v -0.6607 0.6610 0.7500
v -0.6633 0.6526 0.7500
v -0.7628 -0.3419 -0.7500
v -0.7570 -0.3532 -0.7500
v -0.7570 -0.3532 0.7500
v -0.7628 -0.3419 0.7500
v -0.6648 0.6439 -0.7500
v -0.6633 0.6526 -0.7500
v -0.6633 0.6526 0.7500
v -0.6648 0.6439 0.7500
v -0.7707 -0.3313 -0.7500
v -0.7628 -0.3419 -0.7500
v -0.7628 -0.3419 0.7500
v -0.7707 -0.3313 0.7500
v -0.6656 0.6348 -0.7500
v -0.6648 0.6439 -0.7500
v -0.6648 0.6439 0.7500
v -0.6656 0.6348 0.7500
v -0.7812 -0.3211 -0.7500
v -0.7707 -0.3313 -0.7500
v -0.7707 -0.3313 0.7500
v -0.7812 -0.3211 0.7500
v -0.6645 0.6253 -0.7500
v -0.6656 0.6348 -0.7500
v -0.6656 0.6348 0.7500
v -0.6645 0.6253 0.7500
v -0.7936 -0.3116 -0.7500
v -0.7812 -0.3211 -0.7500
v -0.7812 -0.3211 0.7500
v -0.7936 -0.3116 0.7500
v -0.6620 0.6167 -0.7500
v -0.6645 0.6253 -0.7500
v -0.6645 0.6253 0.7500
v -0.6620 0.6167 0.7500
v -0.6579 0.6083 -0.7500
v -0.6620 0.6167 -0.7500
v -0.6620 0.6167 0.7500
v -0.6579 0.6083 0.7500
v -0.6518 0.6001 -0.7500
v -0.6579 0.6083 -0.7500
v -0.6579 0.6083 0.7500
v -0.6518 0.6001 0.7500
f 1332 1333 1039
f 1039 1040 1041
f 1041 1042 1043
f 1043 1044 1045
f 1045 1046 1047
f 1047 1048 1049
f 1049 1050 1051
f 1051 1052 1053
f 1053 1054 1055
f 1055 1056 1057
f 1057 1058 1059
f 1059 1060 1061
f 1061 1062 1063
f 1063 1064 1065
f 1065 1066 1067
f 1067 1068 1069
f 1069 1070 1071
f 1071 1072 1073
f 1074 1075 1076
f 1077 1078 1079
f 1080 1081 1082
f 1082 1083 1084
f 1084 1085 1086
f 1086 1087 1088
f 1088 1089 1090
f 1090 1091 1092
f 1092 1093 1094
f 1094 1095 1096
f 1096 1097 1098
f 1098 1099 1100
f 1100 1101 1102
f 1102 1103 1104
f 1104 1105 1106
f 1106 1107 1108
f 1109 1110 1111
f 1112 1113 1114
f 1115 1116 1117
f 1147 1148 1149
f 1150 1151 1152
f 1152 1153 1154
f 1174 1175 1176
f 1176 1177 1178
f 1178 1179 1180
f 1180 1181 1182
f 1182 1183 1184
f 1184 1185 1186
f 1186 1187 1188
f 1188 1189 1190
f 1190 1191 1192
f 1192 1193 1194
f 1194 1195 1196
f 1196 1197 1198
f 1198 1199 1200
f 1200 1201 1202
f 1202 1203 1204
f 1204 1205 1206
f 1206 1207 1208
f 1208 1209 1210
f 1210 1211 1212
f 1212 1213 1214
f 1214 1215 1216
f 1216 1217 1218
f 1218 1219 1220
f 1220 1221 1222
f 1222 1223 1224
f 1224 1225 1226
f 1226 1227 1228
f 1228 1229 1230
f 1230 1231 1232
f 1232 1233 1234
f 1234 1235 1236
f 1236 1237 1238
f 1238 1239 1240
f 1240 1241 1242
f 1242 1243 1244
f 1244 1245 1246
f 1246 1247 1248
f 1248 1249 1250
f 1250 1251 1252
f 1252 1253 1254
f 1254 1255 1256
f 1256 1257 1258
f 1258 1259 1260
f 1260 1261 1262
f 1262 1263 1264
f 1314 1315 1316
f 1316 1317 1318
f 1318 1319 1320
f 1320 1321 1322
f 1322 1323 1324
f 1324 1325 1326
f 1326 1327 1328
f 1328 1329 1330
f 1330 1331 1332
f 1332 1039 1041
f 1041 1043 1045
f 1045 1047 1049
f 1049 1051 1053
f 1053 1055 1057
f 1057 1059 1061
f 1061 1063 1065
f 1065 1067 1069
f 1069 1071 1073
f 1073 1074 1076
f 1076 1077 1079
f 1079 1080 1082
f 1082 1084 1086
f 1086 1088 1090
f 1090 1092 1094
f 1094 1096 1098
f 1098 1100 1102
f 1102 1104 1106
f 1108 1109 1111
f 1112 1114 1115
f 1173 1174 1176
f 1176 1178 1180
f 1180 1182 1184
f 1184 1186 1188
f 1188 1190 1192
f 1192 1194 1196
f 1196 1198 1200
f 1200 1202 1204
f 1204 1206 1208
f 1208 1210 1212
f 1212 1214 1216
f 1216 1218 1220
f 1220 1222 1224
f 1224 1226 1228
f 1228 1230 1232
f 1232 1234 1236
f 1236 1238 1240
f 1240 1242 1244
f 1244 1246 1248
f 1248 1250 1252
f 1252 1254 1256
f 1256 1258 1260
f 1260 1262 1264
f 1313 1314 1316
f 1316 1318 1320
f 1320 1322 1324
f 1324 1326 1328
f 1328 1330 1332
f 1332 1041 1045
f 1045 1049 1053
f 1053 1057 1061
f 1061 1065 1069
f 1069 1073 1076
f 1076 1079 1082
f 1082 1086 1090
f 1090 1094 1098
f 1098 1102 1106
f 1108 1111 1112
f 1112 1115 1117
f 1172 1173 1176
f 1176 1180 1184
f 1184 1188 1192
f 1192 1196 1200
f 1200 1204 1208
f 1208 1212 1216
f 1216 1220 1224
f 1224 1228 1232
f 1232 1236 1240
f 1240 1244 1248
f 1248 1252 1256
f 1256 1260 1264
f 1312 1313 1316
f 1316 1320 1324
f 1324 1328 1332
f 1332 1045 1053
f 1053 1061 1069
f 1069 1076 1082
f 1082 1090 1098
f 1098 1106 1108
f 1108 1112 1117
f 1171 1172 1176
f 1176 1184 1192
f 1192 1200 1208
f 1208 1216 1224
f 1224 1232 1240
f 1240 1248 1256
f 1256 1264 1265
f 1311 1312 1316
f 1316 1324 1332
f 1332 1053 1069
f 1069 1082 1098
f 1098 1108 1117
f 1170 1171 1176
f 1176 1192 1208
f 1208 1224 1240
f 1240 1256 1265
f 1310 1311 1316
f 1316 1332 1069
f 1069 1098 1117
f 1169 1170 1176
f 1176 1208 1240
f 1240 1265 1266
f 1309 1310 1316
f 1069 1117 1118
f 1168 1169 1176
f 1240 1266 1267
f 1308 1309 1316
f 1069 1118 1119
f 1167 1168 1176
f 1240 1267 1268
f 1307 1308 1316
f 1069 1119 1120
f 1166 1167 1176
f 1240 1268 1269
f 1306 1307 1316
f 1069 1120 1121
f 1165 1166 1176
f 1305 1306 1316
f 1069 1121 1122
f 1164 1165 1176
f 1304 1305 1316
f 1069 1122 1123
f 1163 1164 1176
f 1303 1304 1316
f 1162 1163 1176
f 1302 1303 1316
f 1161 1162 1176
f 1301 1302 1316
f 1160 1161 1176
f 1300 1301 1316
f 1159 1160 1176
f 1299 1300 1316
f 1158 1159 1176
f 1298 1299 1316
f 1157 1158 1176
f 1297 1298 1316
f 1156 1157 1176
f 1296 1297 1316
f 1155 1156 1176
f 1295 1296 1316
f 1154 1155 1176
f 1294 1295 1316
f 1152 1154 1176
f 1293 1294 1316
f 1150 1152 1176
f 1292 1293 1316
f 1149 1150 1176
f 1291 1292 1316
f 1147 1149 1176
f 1290 1291 1316
f 1146 1147 1176
f 1289 1290 1316
f 1145 1146 1176
f 1288 1289 1316
f 1144 1145 1176
f 1287 1288 1316
f 1143 1144 1176
f 1286 1287 1316
f 1142 1143 1176
f 1285 1286 1316
f 1141 1142 1176
f 1285 1316 1069
f 1140 1141 1176
f 1284 1285 1069
f 1139 1140 1176
f 1283 1284 1069
f 1138 1139 1176
f 1282 1283 1069
f 1137 1138 1176
f 1281 1282 1069
f 1136 1137 1176
f 1280 1281 1069
f 1136 1176 1240
f 1279 1280 1069
f 1135 1136 1240
f 1278 1279 1069
f 1134 1135 1240
f 1277 1278 1069
f 1133 1134 1240
f 1276 1277 1069
f 1132 1133 1240
f 1275 1276 1069
f 1131 1132 1240
f 1274 1275 1069
f 1130 1131 1240
f 1273 1274 1069
f 1129 1130 1240
f 1272 1273 1069
f 1128 1129 1240
f 1271 1272 1069
f 1127 1128 1240
f 1270 1271 1069
f 1126 1127 1240
f 1269 1270 1069
f 1125 1126 1240
f 1240 1269 1069
f 1124 1125 1240
f 1240 1069 1123
f 1123 1124 1240
f 1627 1334 1628
f 1334 1336 1335
f 1336 1338 1337
f 1338 1340 1339
f 1340 1342 1341
f 1342 1344 1343
f 1344 1346 1345
f 1346 1348 1347
f 1348 1350 1349
f 1350 1352 1351
f 1352 1354 1353
f 1354 1356 1355
f 1356 1358 1357
f 1358 1360 1359
f 1360 1362 1361
f 1362 1364 1363
f 1364 1366 1365
f 1366 1368 1367
f 1369 1371 1370
f 1372 1374 1373
f 1375 1377 1376
f 1377 1379 1378
f 1379 1381 1380
f 1381 1383 1382
f 1383 1385 1384
f 1385 1387 1386
f 1387 1389 1388
f 1389 1391 1390
f 1391 1393 1392
f 1393 1395 1394
f 1395 1397 1396
f 1397 1399 1398
f 1399 1401 1400
f 1401 1403 1402
f 1404 1406 1405
f 1407 1409 1408
f 1410 1412 1411
f 1442 1444 1443
f 1445 1447 1446
f 1447 1449 1448
f 1469 1471 1470
f 1471 1473 1472
f 1473 1475 1474
f 1475 1477 1476
f 1477 1479 1478
f 1479 1481 1480
f 1481 1483 1482
f 1483 1485 1484
f 1485 1487 1486
f 1487 1489 1488
f 1489 1491 1490
f 1491 1493 1492
f 1493 1495 1494
f 1495 1497 1496
f 1497 1499 1498
f 1499 1501 1500
f 1501 1503 1502
f 1503 1505 1504
f 1505 1507 1506
f 1507 1509 1508
f 1509 1511 1510
f 1511 1513 1512
f 1513 1515 1514
f 1515 1517 1516
f 1517 1519 1518
f 1519 1521 1520
f 1521 1523 1522
f 1523 1525 1524
f 1525 1527 1526
f 1527 1529 1528
f 1529 1531 1530
f 1531 1533 1532
f 1533 1535 1534
f 1535 1537 1536
f 1537 1539 1538
f 1539 1541 1540
f 1541 1543 1542
f 1543 1545 1544
f 1545 1547 1546
f 1547 1549 1548
f 1549 1551 1550
f 1551 1553 1552
f 1553 1555 1554
f 1555 1557 1556
f 1557 1559 1558
f 1609 1611 1610
f 1611 1613 1612
f 1613 1615 1614
f 1615 1617 1616
f 1617 1619 1618
f 1619 1621 1620
f 1621 1623 1622
f 1623 1625 1624
f 1625 1627 1626
f 1627 1336 1334
f 1336 1340 1338
f 1340 1344 1342
f 1344 1348 1346
f 1348 1352 1350
f 1352 1356 1354
f 1356 1360 1358
f 1360 1364 1362
f 1364 1368 1366
f 1368 1371 1369
f 1371 1374 1372
f 1374 1377 1375
f 1377 1381 1379
f 1381 1385 1383
f 1385 1389 1387
f 1389 1393 1391
f 1393 1397 1395
f 1397 1401 1399
f 1403 1406 1404
f 1407 1410 1409
f 1468 1471 1469
f 1471 1475 1473
f 1475 1479 1477
f 1479 1483 1481
f 1483 1487 1485
f 1487 1491 1489
f 1491 1495 1493
f 1495 1499 1497
f 1499 1503 1501
f 1503 1507 1505
f 1507 1511 1509
f 1511 1515 1513
f 1515 1519 1517
f 1519 1523 1521
f 1523 1527 1525
f 1527 1531 1529
f 1531 1535 1533
f 1535 1539 1537
f 1539 1543 1541
f 1543 1547 1545
f 1547 1551 1549
f 1551 1555 1553
f 1555 1559 1557
f 1608 1611 1609
f 1611 1615 1613
f 1615 1619 1617
f 1619 1623 1621
f 1623 1627 1625
f 1627 1340 1336
f 1340 1348 1344
f 1348 1356 1352
f 1356 1364 1360
f 1364 1371 1368
f 1371 1377 1374
f 1377 1385 1381
f 1385 1393 1389
f 1393 1401 1397
f 1403 1407 1406
f 1407 1412 1410
f 1467 1471 1468
f 1471 1479 1475
f 1479 1487 1483
f 1487 1495 1491
f 1495 1503 1499
f 1503 1511 1507
f 1511 1519 1515
f 1519 1527 1523
f 1527 1535 1531
f 1535 1543 1539
f 1543 1551 1547
f 1551 1559 1555
f 1607 1611 1608
f 1611 1619 1615
f 1619 1627 1623
f 1627 1348 1340
f 1348 1364 1356
f 1364 1377 1371
f 1377 1393 1385
f 1393 1403 1401
f 1403 1412 1407
f 1466 1471 1467
f 1471 1487 1479
f 1487 1503 1495
f 1503 1519 1511
f 1519 1535 1527
f 1535 1551 1543
f 1551 1560 1559
f 1606 1611 1607
f 1611 1627 1619
f 1627 1364 1348
f 1364 1393 1377
f 1393 1412 1403
f 1465 1471 1466
f 1471 1503 1487
f 1503 1535 1519
f 1535 1560 1551
f 1605 1611 1606
f 1611 1364 1627
f 1364 1412 1393
f 1464 1471 1465
f 1471 1535 1503
f 1535 1561 1560
f 1604 1611 1605
f 1364 1413 1412
f 1463 1471 1464
f 1535 1562 1561
f 1603 1611 1604
f 1364 1414 1413
f 1462 1471 1463
f 1535 1563 1562
f 1602 1611 1603
f 1364 1415 1414
f 1461 1471 1462
f 1535 1564 1563
f 1601 1611 1602
f 1364 1416 1415
f 1460 1471 1461
f 1600 1611 1601
f 1364 1417 1416
f 1459 1471 1460
f 1599 1611 1600
f 1364 1418 1417
f 1458 1471 1459
f 1598 1611 1599
f 1457 1471 1458
f 1597 1611 1598
f 1456 1471 1457
f 1596 1611 1597
f 1455 1471 1456
f 1595 1611 1596
f 1454 1471 1455
f 1594 1611 1595
f 1453 1471 1454
f 1593 1611 1594
f 1452 1471 1453
f 1592 1611 1593
f 1451 1471 1452
f 1591 1611 1592
f 1450 1471 1451
f 1590 1611 1591
f 1449 1471 1450
f 1589 1611 1590
f 1447 1471 1449
f 1588 1611 1589
f 1445 1471 1447
f 1587 1611 1588
f 1444 1471 1445
f 1586 1611 1587
f 1442 1471 1444
f 1585 1611 1586
f 1441 1471 1442
f 1584 1611 1585
f 1440 1471 1441
f 1583 1611 1584
f 1439 1471 1440
f 1582 1611 1583
f 1438 1471 1439
f 1581 1611 1582
f 1437 1471 1438
f 1580 1611 1581
f 1436 1471 1437
f 1580 1364 1611
f 1435 1471 1436
f 1579 1364 1580
f 1434 1471 1435
f 1578 1364 1579
f 1433 1471 1434
f 1577 1364 1578
f 1432 1471 1433
f 1576 1364 1577
f 1431 1471 1432
f 1575 1364 1576
f 1431 1535 1471
f 1574 1364 1575
f 1430 1535 1431
f 1573 1364 1574
f 1429 1535 1430
f 1572 1364 1573
f 1428 1535 1429
f 1571 1364 1572
f 1427 1535 1428
f 1570 1364 1571
f 1426 1535 1427
f 1569 1364 1570
f 1425 1535 1426
f 1568 1364 1569
f 1424 1535 1425
f 1567 1364 1568
f 1423 1535 1424
f 1566 1364 1567
f 1422 1535 1423
f 1565 1364 1566
f 1421 1535 1422
f 1564 1364 1565
f 1420 1535 1421
f 1535 1364 1564
f 1419 1535 1420
f 1535 1418 1364
f 1418 1535 1419
f 1629 1630 1631
f 1629 1631 1632
f 1633 1634 1635
f 1633 1635 1636
f 1637 1638 1639
f 1637 1639 1640
f 1641 1642 1643
f 1641 1643 1644
f 1645 1646 1647
f 1645 1647 1648
f 1649 1650 1651
f 1649 1651 1652
f 1653 1654 1655
f 1653 1655 1656
f 1657 1658 1659
f 1657 1659 1660
f 1661 1662 1663
f 1661 1663 1664
f 1665 1666 1667
f 1665 1667 1668
f 1669 1670 1671
f 1669 1671 1672
f 1673 1674 1675
f 1673 1675 1676
f 1677 1678 1679
f 1677 1679 1680
f 1681 1682 1683
f 1681 1683 1684
f 1685 1686 1687
f 1685 1687 1688
f 1689 1690 1691
f 1689 1691 1692
f 1693 1694 1695
f 1693 1695 1696
f 1697 1698 1699
f 1697 1699 1700
f 1701 1702 1703
f 1701 1703 1704
f 1705 1706 1707
f 1705 1707 1708
f 1709 1710 1711
f 1709 1711 1712
f 1713 1714 1715
f 1713 1715 1716
f 1717 1718 1719
f 1717 1719 1720
f 1721 1722 1723
f 1721 1723 1724
f 1725 1726 1727
f 1725 1727 1728
f 1729 1730 1731
f 1729 1731 1732
f 1733 1734 1735
f 1733 1735 1736
f 1737 1738 1739
f 1737 1739 1740
f 1741 1742 1743
f 1741 1743 1744
f 1745 1746 1747
f 1745 1747 1748
f 1749 1750 1751
f 1749 1751 1752
f 1753 1754 1755
f 1753 1755 1756
f 1757 1758 1759
f 1757 1759 1760
f 1761 1762 1763
f 1761 1763 1764
f 1765 1766 1767
f 1765 1767 1768
f 1769 1770 1771
f 1769 1771 1772
f 1773 1774 1775
f 1773 1775 1776
f 1777 1778 1779
f 1777 1779 1780
f 1781 1782 1783
f 1781 1783 1784
f 1785 1786 1787
f 1785 1787 1788
f 1789 1790 1791
f 1789 1791 1792
f 1793 1794 1795
f 1793 1795 1796
f 1797 1798 1799
f 1797 1799 1800
f 1801 1802 1803
f 1801 1803 1804
f 1805 1806 1807
f 1805 1807 1808
f 1809 1810 1811
f 1809 1811 1812
f 1813 1814 1815
f 1813 1815 1816
f 1817 1818 1819
f 1817 1819 1820
f 1821 1822 1823
f 1821 1823 1824
f 1825 1826 1827
f 1825 1827 1828
f 1829 1830 1831
f 1829 1831 1832
f 1833 1834 1835
f 1833 1835 1836
f 1837 1838 1839
f 1837 1839 1840
f 1841 1842 1843
f 1841 1843 1844
f 1845 1846 1847
f 1845 1847 1848
f 1849 1850 1851
f 1849 1851 1852
f 1853 1854 1855
f 1853 1855 1856
f 1857 1858 1859
f 1857 1859 1860
f 1861 1862 1863
f 1861 1863 1864
f 1865 1866 1867
f 1865 1867 1868
f 1869 1870 1871
f 1869 1871 1872
f 1873 1874 1875
f 1873 1875 1876
f 1877 1878 1879
f 1877 1879 1880
f 1881 1882 1883
f 1881 1883 1884
f 1885 1886 1887
f 1885 1887 1888
f 1889 1890 1891
f 1889 1891 1892
f 1893 1894 1895
f 1893 1895 1896
f 1897 1898 1899
f 1897 1899 1900
f 1901 1902 1903
f 1901 1903 1904
f 1905 1906 1907
f 1905 1907 1908
f 1909 1910 1911
f 1909 1911 1912
f 1913 1914 1915
f 1913 1915 1916
f 1917 1918 1919
f 1917 1919 1920
f 1921 1922 1923
f 1921 1923 1924
f 1925 1926 1927
f 1925 1927 1928
f 1929 1930 1931
f 1929 1931 1932
f 1933 1934 1935
f 1933 1935 1936
f 1937 1938 1939
f 1937 1939 1940
f 1941 1942 1943
f 1941 1943 1944
f 1945 1946 1947
f 1945 1947 1948
f 1949 1950 1951
f 1949 1951 1952
f 1953 1954 1955
f 1953 1955 1956
f 1957 1958 1959
f 1957 1959 1960
f 1961 1962 1963
f 1961 1963 1964
f 1965 1966 1967
f 1965 1967 1968
f 1969 1970 1971
f 1969 1971 1972
f 1973 1974 1975
f 1973 1975 1976
f 1977 1978 1979
f 1977 1979 1980
f 1981 1982 1983
f 1981 1983 1984
f 1985 1986 1987
f 1985 1987 1988
f 1989 1990 1991
f 1989 1991 1992
f 1993 1994 1995
f 1993 1995 1996
f 1997 1998 1999
f 1997 1999 2000
f 2001 2002 2003
f 2001 2003 2004
f 2005 2006 2007
f 2005 2007 2008
f 2009 2010 2011
f 2009 2011 2012
f 2013 2014 2015
f 2013 2015 2016
f 2017 2018 2019
f 2017 2019 2020
f 2021 2022 2023
f 2021 2023 2024
f 2025 2026 2027
f 2025 2027 2028
f 2029 2030 2031
f 2029 2031 2032
f 2033 2034 2035
f 2033 2035 2036
f 2037 2038 2039
f 2037 2039 2040
f 2041 2042 2043
f 2041 2043 2044
f 2045 2046 2047
f 2045 2047 2048
f 2049 2050 2051
f 2049 2051 2052
f 2053 2054 2055
f 2053 2055 2056
f 2057 2058 2059
f 2057 2059 2060
f 2061 2062 2063
f 2061 2063 2064
f 2065 2066 2067
f 2065 2067 2068
f 2069 2070 2071
f 2069 2071 2072
f 2073 2074 2075
f 2073 2075 2076
f 2077 2078 2079
f 2077 2079 2080
f 2081 2082 2083
f 2081 2083 2084
f 2085 2086 2087
f 2085 2087 2088
f 2089 2090 2091
f 2089 2091 2092
f 2093 2094 2095
f 2093 2095 2096
f 2097 2098 2099
f 2097 2099 2100
f 2101 2102 2103
f 2101 2103 2104
f 2105 2106 2107
f 2105 2107 2108
f 2109 2110 2111
f 2109 2111 2112
f 2113 2114 2115
f 2113 2115 2116
f 2117 2118 2119
f 2117 2119 2120
f 2121 2122 2123
f 2121 2123 2124
f 2125 2126 2127
f 2125 2127 2128
f 2129 2130 2131
f 2129 2131 2132
f 2133 2134 2135
f 2133 2135 2136
f 2137 2138 2139
f 2137 2139 2140
f 2141 2142 2143
f 2141 2143 2144
f 2145 2146 2147
f 2145 2147 2148
f 2149 2150 2151
f 2149 2151 2152
f 2153 2154 2155
f 2153 2155 2156
f 2157 2158 2159
f 2157 2159 2160
f 2161 2162 2163
f 2161 2163 2164
f 2165 2166 2167
f 2165 2167 2168
f 2169 2170 2171
f 2169 2171 2172
f 2173 2174 2175
f 2173 2175 2176
f 2177 2178 2179
f 2177 2179 2180
f 2181 2182 2183
f 2181 2183 2184
f 2185 2186 2187
f 2185 2187 2188
f 2189 2190 2191
f 2189 2191 2192
f 2193 2194 2195
f 2193 2195 2196
f 2197 2198 2199
f 2197 2199 2200
f 2201 2202 2203
f 2201 2203 2204
f 2205 2206 2207
f 2205 2207 2208
f 2209 2210 2211
f 2209 2211 2212
f 2213 2214 2215
f 2213 2215 2216
f 2217 2218 2219
f 2217 2219 2220
f 2221 2222 2223
f 2221 2223 2224
f 2225 2226 2227
f 2225 2227 2228
f 2229 2230 2231
f 2229 2231 2232
f 2233 2234 2235
f 2233 2235 2236
f 2237 2238 2239
f 2237 2239 2240
f 2241 2242 2243
f 2241 2243 2244
f 2245 2246 2247
f 2245 2247 2248
f 2249 2250 2251
f 2249 2251 2252
f 2253 2254 2255
f 2253 2255 2256
f 2257 2258 2259
f 2257 2259 2260
f 2261 2262 2263
f 2261 2263 2264
f 2265 2266 2267
f 2265 2267 2268
f 2269 2270 2271
f 2269 2271 2272
f 2273 2274 2275
f 2273 2275 2276
f 2277 2278 2279
f 2277 2279 2280
f 2281 2282 2283
f 2281 2283 2284
f 2285 2286 2287
f 2285 2287 2288
f 2289 2290 2291
f 2289 2291 2292
f 2293 2294 2295
f 2293 2295 2296
f 2297 2298 2299
f 2297 2299 2300
f 2301 2302 2303
f 2301 2303 2304
f 2305 2306 2307
f 2305 2307 2308
f 2309 2310 2311
f 2309 2311 2312
f 2313 2314 2315
f 2313 2315 2316
f 2317 2318 2319
f 2317 2319 2320
f 2321 2322 2323
f 2321 2323 2324
f 2325 2326 2327
f 2325 2327 2328
f 2329 2330 2331
f 2329 2331 2332
f 2333 2334 2335
f 2333 2335 2336
f 2337 2338 2339
f 2337 2339 2340
f 2341 2342 2343
f 2341 2343 2344
f 2345 2346 2347
f 2345 2347 2348
f 2349 2350 2351
f 2349 2351 2352
f 2353 2354 2355
f 2353 2355 2356
f 2357 2358 2359
f 2357 2359 2360
f 2361 2362 2363
f 2361 2363 2364
f 2365 2366 2367
f 2365 2367 2368
f 2369 2370 2371
f 2369 2371 2372
f 2373 2374 2375
f 2373 2375 2376
f 2377 2378 2379
f 2377 2379 2380
f 2381 2382 2383
f 2381 2383 2384
f 2385 2386 2387
f 2385 2387 2388
f 2389 2390 2391
f 2389 2391 2392
f 2393 2394 2395
f 2393 2395 2396
f 2397 2398 2399
f 2397 2399 2400
f 2401 2402 2403
f 2401 2403 2404
f 2405 2406 2407
f 2405 2407 2408
f 2409 2410 2411
f 2409 2411 2412
f 2413 2414 2415
f 2413 2415 2416
f 2417 2418 2419
f 2417 2419 2420
f 2421 2422 2423
f 2421 2423 2424
f 2425 2426 2427
f 2425 2427 2428
f 2429 2430 2431
f 2429 2431 2432
f 2433 2434 2435
f 2433 2435 2436
f 2437 2438 2439
f 2437 2439 2440
f 2441 2442 2443
f 2441 2443 2444
f 2445 2446 2447
f 2445 2447 2448
f 2449 2450 2451
f 2449 2451 2452
f 2453 2454 2455
f 2453 2455 2456
f 2457 2458 2459
f 2457 2459 2460
f 2461 2462 2463
f 2461 2463 2464
f 2465 2466 2467
f 2465 2467 2468
f 2469 2470 2471
f 2469 2471 2472
f 2473 2474 2475
f 2473 2475 2476
f 2477 2478 2479
f 2477 2479 2480
f 2481 2482 2483
f 2481 2483 2484
f 2485 2486 2487
f 2485 2487 2488
f 2489 2490 2491
f 2489 2491 2492
f 2493 2494 2495
f 2493 2495 2496
f 2497 2498 2499
f 2497 2499 2500
f 2501 2502 2503
f 2501 2503 2504
f 2505 2506 2507
f 2505 2507 2508
f 2509 2510 2511
f 2509 2511 2512
f 2513 2514 2515
f 2513 2515 2516
f 2517 2518 2519
f 2517 2519 2520
f 2521 2522 2523
f 2521 2523 2524
f 2525 2526 2527
f 2525 2527 2528
f 2529 2530 2531
f 2529 2531 2532
f 2533 2534 2535
f 2533 2535 2536
f 2537 2538 2539
f 2537 2539 2540
f 2541 2542 2543
f 2541 2543 2544
f 2545 2546 2547
f 2545 2547 2548
f 2549 2550 2551
f 2549 2551 2552
f 2553 2554 2555
f 2553 2555 2556
f 2557 2558 2559
f 2557 2559 2560
f 2561 2562 2563
f 2561 2563 2564
f 2565 2566 2567
f 2565 2567 2568
f 2569 2570 2571
f 2569 2571 2572
f 2573 2574 2575
f 2573 2575 2576
f 2577 2578 2579
f 2577 2579 2580
f 2581 2582 2583
f 2581 2583 2584
f 2585 2586 2587
f 2585 2587 2588
f 2589 2590 2591
f 2589 2591 2592
f 2593 2594 2595
f 2593 2595 2596
f 2597 2598 2599
f 2597 2599 2600
f 2601 2602 2603
f 2601 2603 2604
f 2605 2606 2607
f 2605 2607 2608
f 2609 2610 2611
f 2609 2611 2612
f 2613 2614 2615
f 2613 2615 2616
f 2617 2618 2619
f 2617 2619 2620
f 2621 2622 2623
f 2621 2623 2624
f 2625 2626 2627
f 2625 2627 2628
f 2629 2630 2631
f 2629 2631 2632
f 2633 2634 2635
f 2633 2635 2636
f 2637 2638 2639
f 2637 2639 2640
f 2641 2642 2643
f 2641 2643 2644
f 2645 2646 2647
f 2645 2647 2648
f 2649 2650 2651
f 2649 2651 2652
f 2653 2654 2655
f 2653 2655 2656
f 2657 2658 2659
f 2657 2659 2660
f 2661 2662 2663
f 2661 2663 2664
f 2665 2666 2667
f 2665 2667 2668
f 2669 2670 2671
f 2669 2671 2672
f 2673 2674 2675
f 2673 2675 2676
f 2677 2678 2679
f 2677 2679 2680
f 2681 2682 2683
f 2681 2683 2684
f 2685 2686 2687
f 2685 2687 2688
f 2689 2690 2691
f 2689 2691 2692
f 2693 2694 2695
f 2693 2695 2696
f 2697 2698 2699
f 2697 2699 2700
f 2701 2702 2703
f 2701 2703 2704
f 2705 2706 2707
f 2705 2707 2708
f 2709 2710 2711
f 2709 2711 2712
f 2713 2714 2715
f 2713 2715 2716
f 2717 2718 2719
f 2717 2719 2720
f 2721 2722 2723
f 2721 2723 2724
f 2725 2726 2727
f 2725 2727 2728
f 2729 2730 2731
f 2729 2731 2732
f 2733 2734 2735
f 2733 2735 2736
f 2737 2738 2739
f 2737 2739 2740
f 2741 2742 2743
f 2741 2743 2744
f 2745 2746 2747
f 2745 2747 2748
f 2749 2750 2751
f 2749 2751 2752
f 2753 2754 2755
f 2753 2755 2756
f 2757 2758 2759
f 2757 2759 2760
f 2761 2762 2763
f 2761 2763 2764
f 2765 2766 2767
f 2765 2767 2768
f 2769 2770 2771
f 2769 2771 2772
f 2773 2774 2775
f 2773 2775 2776
f 2777 2778 2779
f 2777 2779 2780
f 2781 2782 2783
f 2781 2783 2784
f 2785 2786 2787
f 2785 2787 2788
f 2789 2790 2791
f 2789 2791 2792
f 2793 2794 2795
f 2793 2795 2796
f 2797 2798 2799
f 2797 2799 2800
f 2801 2802 2803
f 2801 2803 2804
f 2805 2806 2807
f 2805 2807 2808
v 1.1768 0.7058 0.7500
v 0.7855 -1.1524 0.7500
v 1.7423 -1.1524 0.7500
v 2.1337 0.7058 0.7500
v 2.7822 0.7058 0.7500
v 2.9283 1.3938 0.7500
v 0.6747 1.3938 0.7500
v 0.5286 0.7058 0.7500
v 1.1768 0.7058 -0.7500
v 0.7855 -1.1524 -0.7500
v 1.7423 -1.1524 -0.7500
v 2.1337 0.7058 -0.7500
v 2.7822 0.7058 -0.7500
v 2.9283 1.3938 -0.7500
v 0.6747 1.3938 -0.7500
v 0.5286 0.7058 -0.7500
v 0.6747 1.3938 -0.7500
v 0.5286 0.7058 -0.7500
v 0.5286 0.7058 0.7500
v 0.6747 1.3938 0.7500
v 0.5286 0.7058 -0.7500
v 1.1768 0.7058 -0.7500
v 1.1768 0.7058 0.7500
v 0.5286 0.7058 0.7500
v 1.1768 0.7058 -0.7500
v 0.7855 -1.1524 -0.7500
v 0.7855 -1.1524 0.7500
v 1.1768 0.7058 0.7500
v 0.7855 -1.1524 -0.7500
v 1.7423 -1.1524 -0.7500
v 1.7423 -1.1524 0.7500
v 0.7855 -1.1524 0.7500
v 2.1337 0.7058 -0.7500
v 2.7822 0.7058 -0.7500
v 2.7822 0.7058 0.7500
v 2.1337 0.7058 0.7500
v 2.7822 0.7058 -0.7500
v 2.9283 1.3938 -0.7500
v 2.9283 1.3938 0.7500
v 2.7822 0.7058 0.7500
v 2.9283 1.3938 -0.7500
v 0.6747 1.3938 -0.7500
v 0.6747 1.3938 0.7500
v 2.9283 1.3938 0.7500
v 1.7423 -1.1524 -0.7500
v 2.1337 0.7058 -0.7500
v 2.1337 0.7058 0.7500
v 1.7423 -1.1524 0.7500
f 2815 2816 2809
f 2809 2810 2811
f 2812 2813 2814
f 2814 2815 2809
f 2809 2811 2812
f 2812 2814 2809
f 2823 2817 2824
f 2817 2819 2818
f 2820 2822 2821
f 2822 2817 2823
f 2817 2820 2819
f 2820 2817 2822
f 2825 2826 2827
f 2825 2827 2828
f 2829 2830 2831
f 2829 2831 2832
f 2833 2834 2835
f 2833 2835 2836
f 2837 2838 2839
f 2837 2839 2840
f 2841 2842 2843
f 2841 2843 2844
f 2845 2846 2847
f 2845 2847 2848
f 2849 2850 2851
f 2849 2851 2852
f 2853 2854 2855
f 2853 2855 2856
v -9.4623 1.3938 0.7500
v -10.0000 -1.1524 0.7500
v -8.0033 -1.1524 0.7500
v -7.8493 -0.4250 0.7500
v -8.8891 -0.4250 0.7500
v -8.5057 1.3938 0.7500
v -9.4623 1.3938 -0.7500
v -10.0000 -1.1524 -0.7500
v -8.0033 -1.1524 -0.7500
v -7.8493 -0.4250 -0.7500
v -8.8891 -0.4250 -0.7500
v -8.5057 1.3938 -0.7500
v -8.8891 -0.4250 -0.7500
v -8.5057 1.3938 -0.7500
v -8.5057 1.3938 0.7500
v -8.8891 -0.4250 0.7500
v -8.5057 1.3938 -0.7500
v -9.4623 1.3938 -0.7500
v -9.4623 1.3938 0.7500
v -8.5057 1.3938 0.7500
v -10.0000 -1.1524 -0.7500
v -8.0033 -1.1524 -0.7500
v -8.0033 -1.1524 0.7500
v -10.0000 -1.1524 0.7500
v -8.0033 -1.1524 -0.7500
v -7.8493 -0.4250 -0.7500
v -7.8493 -0.4250 0.7500
v -8.0033 -1.1524 0.7500
v -9.4623 1.3938 -0.7500
v -10.0000 -1.1524 -0.7500
v -10.0000 -1.1524 0.7500
v -9.4623 1.3938 0.7500
v -7.8493 -0.4250 -0.7500
v -8.8891 -0.4250 -0.7500
v -8.8891 -0.4250 0.7500
v -7.8493 -0.4250 0.7500
f 2861 2862 2857
f 2858 2859 2860
f 2861 2857 2858
f 2858 2860 2861
f 2867 2863 2868
f 2864 2866 2865
f 2867 2864 2863
f 2864 2867 2866
f 2869 2870 2871
f 2869 2871 2872
f 2873 2874 2875
f 2873 2875 2876
f 2877 2878 2879
f 2877 2879 2880
f 2881 2882 2883
f 2881 2883 2884
f 2885 2886 2887
f 2885 2887 2888
f 2889 2890 2891
f 2889 2891 2892
v 4.8222 -2.0153 0.7500
v 4.8351 -2.0181 0.7500
v 4.8486 -2.0199 0.7500
v 4.8626 -2.0214 0.7500
v 4.8769 -2.0222 0.7500
v 4.8919 -2.0224 0.7500
v 4.9174 -2.0219 0.7500
v 4.9416 -2.0199 0.7500
v 4.9647 -2.0168 0.7500
v 4.9869 -2.0125 0.7500
v 5.0080 -2.0066 0.7500
v 5.0281 -1.9997 0.7500
v 5.0470 -1.9916 0.7500
v 5.0648 -1.9819 0.7500
v 5.0813 -1.9712 0.7500
v 5.0971 -1.9593 0.7500
v 5.1116 -1.9458 0.7500
v 5.1254 -1.9313 0.7500
v 5.1381 -1.9150 0.7500
v 5.1501 -1.8974 0.7500
v 5.1608 -1.8783 0.7500
v 5.1707 -1.8579 0.7500
v 5.1799 -1.8363 0.7500
v 5.1878 -1.8131 0.7500
v 5.1949 -1.7884 0.7500
v 5.2010 -1.7624 0.7500
v 5.2046 -1.7444 0.7500
v 5.2074 -1.7271 0.7500
v 5.2094 -1.7102 0.7500
v 5.2107 -1.6942 0.7500
v 5.2112 -1.6789 0.7500
v 5.2107 -1.6642 0.7500
v 5.2097 -1.6502 0.7500
v 5.2076 -1.6369 0.7500
v 5.2051 -1.6242 0.7500
v 5.2015 -1.6122 0.7500
v 5.1972 -1.6008 0.7500
v 5.1924 -1.5898 0.7500
v 5.1870 -1.5796 0.7500
v 5.1809 -1.5702 0.7500
v 5.1743 -1.5613 0.7500
v 5.1669 -1.5529 0.7500
v 5.1588 -1.5450 0.7500
v 5.1504 -1.5379 0.7500
v 5.1409 -1.5315 0.7500
v 5.1310 -1.5257 0.7500
v 5.1206 -1.5203 0.7500
v 5.1096 -1.5155 0.7500
v 5.0982 -1.5111 0.7500
v 5.0864 -1.5076 0.7500
v 5.0740 -1.5045 0.7500
v 5.0610 -1.5020 0.7500
v 5.0475 -1.4999 0.7500
v 5.0335 -1.4987 0.7500
v 5.0192 -1.4976 0.7500
v 5.0042 -1.4974 0.7500
v 4.9787 -1.4982 0.7500
v 4.9543 -1.4999 0.7500
v 4.9309 -1.5030 0.7500
v 4.9087 -1.5073 0.7500
v 4.8876 -1.5129 0.7500
v 4.8675 -1.5195 0.7500
v 4.8486 -1.5277 0.7500
v 4.8308 -1.5369 0.7500
v 4.8143 -1.5473 0.7500
v 4.7987 -1.5593 0.7500
v 4.7840 -1.5722 0.7500
v 4.7705 -1.5870 0.7500
v 4.7575 -1.6033 0.7500
v 4.7458 -1.6211 0.7500
v 4.7348 -1.6407 0.7500
v 4.7246 -1.6619 0.7500
v 4.7155 -1.6845 0.7500
v 4.7073 -1.7090 0.7500
v 4.6999 -1.7349 0.7500
v 4.6936 -1.7624 0.7500
v 4.6900 -1.7795 0.7500
v 4.6875 -1.7963 0.7500
v 4.6857 -1.8123 0.7500
v 4.6844 -1.8279 0.7500
v 4.6842 -1.8426 0.7500
v 4.6847 -1.8569 0.7500
v 4.6859 -1.8704 0.7500
v 4.6880 -1.8836 0.7500
v 4.6908 -1.8961 0.7500
v 4.6943 -1.9078 0.7500
v 4.6984 -1.9190 0.7500
v 4.7035 -1.9297 0.7500
v 4.7088 -1.9399 0.7500
v 4.7150 -1.9493 0.7500
v 4.7218 -1.9582 0.7500
v 4.7292 -1.9666 0.7500
v 4.7371 -1.9743 0.7500
v 4.7458 -1.9814 0.7500
v 4.7552 -1.9880 0.7500
v 4.7651 -1.9941 0.7500
v 4.7756 -1.9995 0.7500
v 4.7865 -2.0043 0.7500
v 4.7980 -2.0087 0.7500
v 4.8097 -2.0122 0.7500
v 4.9619 -1.9083 0.7500
v 4.9510 -1.9109 0.7500
v 4.9395 -1.9127 0.7500
v 4.9273 -1.9137 0.7500
v 4.9148 -1.9142 0.7500
v 4.9057 -1.9139 0.7500
v 4.8968 -1.9137 0.7500
v 4.8886 -1.9129 0.7500
v 4.8807 -1.9116 0.7500
v 4.8733 -1.9104 0.7500
v 4.8665 -1.9088 0.7500
v 4.8601 -1.9068 0.7500
v 4.8542 -1.9045 0.7500
v 4.8486 -1.9020 0.7500
v 4.8438 -1.8992 0.7500
v 4.8392 -1.8959 0.7500
v 4.8349 -1.8923 0.7500
v 4.8313 -1.8885 0.7500
v 4.8278 -1.8842 0.7500
v 4.8250 -1.8796 0.7500
v 4.8224 -1.8745 0.7500
v 4.8201 -1.8691 0.7500
v 4.8183 -1.8633 0.7500
v 4.8171 -1.8572 0.7500
v 4.8160 -1.8505 0.7500
v 4.8153 -1.8437 0.7500
v 4.8150 -1.8363 0.7500
v 4.8150 -1.8284 0.7500
v 4.8153 -1.8202 0.7500
v 4.8158 -1.8116 0.7500
v 4.8168 -1.8027 0.7500
v 4.8178 -1.7933 0.7500
v 4.8194 -1.7833 0.7500
v 4.8211 -1.7731 0.7500
v 4.8232 -1.7624 0.7500
v 4.8270 -1.7459 0.7500
v 4.8311 -1.7301 0.7500
v 4.8356 -1.7156 0.7500
v 4.8407 -1.7021 0.7500
v 4.8461 -1.6896 0.7500
v 4.8517 -1.6779 0.7500
v 4.8578 -1.6675 0.7500
v 4.8644 -1.6578 0.7500
v 4.8713 -1.6494 0.7500
v 4.8784 -1.6418 0.7500
v 4.8863 -1.6351 0.7500
v 4.8945 -1.6290 0.7500
v 4.9034 -1.6239 0.7500
v 4.9125 -1.6194 0.7500
v 4.9225 -1.6153 0.7500
v 4.9332 -1.6122 0.7500
v 4.9441 -1.6097 0.7500
v 4.9556 -1.6079 0.7500
v 4.9678 -1.6069 0.7500
v 4.9805 -1.6066 0.7500
v 4.9897 -1.6066 0.7500
v 4.9983 -1.6071 0.7500
v 5.0065 -1.6079 0.7500
v 5.0141 -1.6089 0.7500
v 5.0215 -1.6102 0.7500
v 5.0284 -1.6117 0.7500
v 5.0348 -1.6135 0.7500
v 5.0406 -1.6158 0.7500
v 5.0462 -1.6181 0.7500
v 5.0513 -1.6209 0.7500
v 5.0559 -1.6239 0.7500
v 5.0602 -1.6272 0.7500
v 5.0640 -1.6311 0.7500
v 5.0673 -1.6354 0.7500
v 5.0704 -1.6400 0.7500
v 5.0729 -1.6451 0.7500
v 5.0752 -1.6504 0.7500
v 5.0770 -1.6563 0.7500
v 5.0783 -1.6624 0.7500
v 5.0793 -1.6690 0.7500
v 5.0801 -1.6761 0.7500
v 5.0803 -1.6838 0.7500
v 5.0803 -1.6917 0.7500
v 5.0798 -1.7003 0.7500
v 5.0791 -1.7095 0.7500
v 5.0780 -1.7189 0.7500
v 5.0768 -1.7291 0.7500
v 5.0750 -1.7395 0.7500
v 5.0729 -1.7507 0.7500
v 5.0707 -1.7624 0.7500
v 5.0671 -1.7777 0.7500
v 5.0633 -1.7920 0.7500
v 5.0587 -1.8055 0.7500
v 5.0541 -1.8185 0.7500
v 5.0488 -1.8302 0.7500
v 5.0432 -1.8414 0.7500
v 5.0370 -1.8516 0.7500
v 5.0307 -1.8610 0.7500
v 5.0238 -1.8696 0.7500
v 5.0164 -1.8775 0.7500
v 5.0088 -1.8844 0.7500
v 5.0004 -1.8908 0.7500
v 4.9915 -1.8961 0.7500
v 4.9823 -1.9010 0.7500
v 4.9724 -1.9050 0.7500
v 4.8222 -2.0153 -0.7500
v 4.8351 -2.0181 -0.7500
v 4.8486 -2.0199 -0.7500
v 4.8626 -2.0214 -0.7500
v 4.8769 -2.0222 -0.7500
v 4.8919 -2.0224 -0.7500
v 4.9174 -2.0219 -0.7500
v 4.9416 -2.0199 -0.7500
v 4.9647 -2.0168 -0.7500
v 4.9869 -2.0125 -0.7500
v 5.0080 -2.0066 -0.7500
v 5.0281 -1.9997 -0.7500
v 5.0470 -1.9916 -0.7500
v 5.0648 -1.9819 -0.7500
v 5.0813 -1.9712 -0.7500
v 5.0971 -1.9593 -0.7500
v 5.1116 -1.9458 -0.7500
v 5.1254 -1.9313 -0.7500
v 5.1381 -1.9150 -0.7500
v 5.1501 -1.8974 -0.7500
v 5.1608 -1.8783 -0.7500
v 5.1707 -1.8579 -0.7500
v 5.1799 -1.8363 -0.7500
v 5.1878 -1.8131 -0.7500
v 5.1949 -1.7884 -0.7500
v 5.2010 -1.7624 -0.7500
v 5.2046 -1.7444 -0.7500
v 5.2074 -1.7271 -0.7500
v 5.2094 -1.7102 -0.7500
v 5.2107 -1.6942 -0.7500
v 5.2112 -1.6789 -0.7500
v 5.2107 -1.6642 -0.7500
v 5.2097 -1.6502 -0.7500
v 5.2076 -1.6369 -0.7500
v 5.2051 -1.6242 -0.7500
v 5.2015 -1.6122 -0.7500
v 5.1972 -1.6008 -0.7500
v 5.1924 -1.5898 -0.7500
v 5.1870 -1.5796 -0.7500
v 5.1809 -1.5702 -0.7500
v 5.1743 -1.5613 -0.7500
v 5.1669 -1.5529 -0.7500
v 5.1588 -1.5450 -0.7500
v 5.1504 -1.5379 -0.7500
v 5.1409 -1.5315 -0.7500
v 5.1310 -1.5257 -0.7500
v 5.1206 -1.5203 -0.7500
v 5.1096 -1.5155 -0.7500
v 5.0982 -1.5111 -0.7500
v 5.0864 -1.5076 -0.7500
v 5.0740 -1.5045 -0.7500
v 5.0610 -1.5020 -0.7500
v 5.0475 -1.4999 -0.7500
v 5.0335 -1.4987 -0.7500
v 5.0192 -1.4976 -0.7500
v 5.0042 -1.4974 -0.7500
v 4.9787 -1.4982 -0.7500
v 4.9543 -1.4999 -0.7500
v 4.9309 -1.5030 -0.7500
v 4.9087 -1.5073 -0.7500
v 4.8876 -1.5129 -0.7500
v 4.8675 -1.5195 -0.7500
v 4.8486 -1.5277 -0.7500
v 4.8308 -1.5369 -0.7500
v 4.8143 -1.5473 -0.7500
v 4.7987 -1.5593 -0.7500
v 4.7840 -1.5722 -0.7500
v 4.7705 -1.5870 -0.7500
v 4.7575 -1.6033 -0.7500
v 4.7458 -1.6211 -0.7500
v 4.7348 -1.6407 -0.7500
v 4.7246 -1.6619 -0.7500
v 4.7155 -1.6845 -0.7500
v 4.7073 -1.7090 -0.7500
v 4.6999 -1.7349 -0.7500
v 4.6936 -1.7624 -0.7500
v 4.6900 -1.7795 -0.7500
v 4.6875 -1.7963 -0.7500
v 4.6857 -1.8123 -0.7500
v 4.6844 -1.8279 -0.7500
v 4.6842 -1.8426 -0.7500
v 4.6847 -1.8569 -0.7500
v 4.6859 -1.8704 -0.7500
v 4.6880 -1.8836 -0.7500
v 4.6908 -1.8961 -0.7500
v 4.6943 -1.9078 -0.7500
v 4.6984 -1.9190 -0.7500
v 4.7035 -1.9297 -0.7500
v 4.7088 -1.9399 -0.7500
v 4.7150 -1.9493 -0.7500
v 4.7218 -1.9582 -0.7500
v 4.7292 -1.9666 -0.7500
v 4.7371 -1.9743 -0.7500
v 4.7458 -1.9814 -0.7500
v 4.7552 -1.9880 -0.7500
v 4.7651 -1.9941 -0.7500
v 4.7756 -1.9995 -0.7500
v 4.7865 -2.0043 -0.7500
v 4.7980 -2.0087 -0.7500
v 4.8097 -2.0122 -0.7500
v 4.9619 -1.9083 -0.7500
v 4.9510 -1.9109 -0.7500
v 4.9395 -1.9127 -0.7500
v 4.9273 -1.9137 -0.7500
v 4.9148 -1.9142 -0.7500
v 4.9057 -1.9139 -0.7500
v 4.8968 -1.9137 -0.7500
v 4.8886 -1.9129 -0.7500
v 4.8807 -1.9116 -0.7500
v 4.8733 -1.9104 -0.7500
v 4.8665 -1.9088 -0.7500
v 4.8601 -1.9068 -0.7500
v 4.8542 -1.9045 -0.7500
v 4.8486 -1.9020 -0.7500
v 4.8438 -1.8992 -0.7500
v 4.8392 -1.8959 -0.7500
v 4.8349 -1.8923 -0.7500
v 4.8313 -1.8885 -0.7500
v 4.8278 -1.8842 -0.7500
v 4.8250 -1.8796 -0.7500
v 4.8224 -1.8745 -0.7500
v 4.8201 -1.8691 -0.7500
v 4.8183 -1.8633 -0.7500
v 4.8171 -1.8572 -0.7500
v 4.8160 -1.8505 -0.7500
v 4.8153 -1.8437 -0.7500
v 4.8150 -1.8363 -0.7500
v 4.8150 -1.8284 -0.7500
v 4.8153 -1.8202 -0.7500
v 4.8158 -1.8116 -0.7500
v 4.8168 -1.8027 -0.7500
v 4.8178 -1.7933 -0.7500
v 4.8194 -1.7833 -0.7500
v 4.8211 -1.7731 -0.7500
v 4.8232 -1.7624 -0.7500
v 4.8270 -1.7459 -0.7500
v 4.8311 -1.7301 -0.7500
v 4.8356 -1.7156 -0.7500
v 4.8407 -1.7021 -0.7500
v 4.8461 -1.6896 -0.7500
v 4.8517 -1.6779 -0.7500
v 4.8578 -1.6675 -0.7500
v 4.8644 -1.6578 -0.7500
v 4.8713 -1.6494 -0.7500
v 4.8784 -1.6418 -0.7500
v 4.8863 -1.6351 -0.7500
v 4.8945 -1.6290 -0.7500
v 4.9034 -1.6239 -0.7500
v 4.9125 -1.6194 -0.7500
v 4.9225 -1.6153 -0.7500
v 4.9332 -1.6122 -0.7500
v 4.9441 -1.6097 -0.7500
v 4.9556 -1.6079 -0.7500
v 4.9678 -1.6069 -0.7500
v 4.9805 -1.6066 -0.7500
v 4.9897 -1.6066 -0.7500
v 4.9983 -1.6071 -0.7500
v 5.0065 -1.6079 -0.7500
v 5.0141 -1.6089 -0.7500
v 5.0215 -1.6102 -0.7500
v 5.0284 -1.6117 -0.7500
v 5.0348 -1.6135 -0.7500
v 5.0406 -1.6158 -0.7500
v 5.0462 -1.6181 -0.7500
v 5.0513 -1.6209 -0.7500
v 5.0559 -1.6239 -0.7500
v 5.0602 -1.6272 -0.7500
v 5.0640 -1.6311 -0.7500
v 5.0673 -1.6354 -0.7500
v 5.0704 -1.6400 -0.7500
v 5.0729 -1.6451 -0.7500
v 5.0752 -1.6504 -0.7500
v 5.0770 -1.6563 -0.7500
v 5.0783 -1.6624 -0.7500
v 5.0793 -1.6690 -0.7500
v 5.0801 -1.6761 -0.7500
v 5.0803 -1.6838 -0.7500
v 5.0803 -1.6917 -0.7500
v 5.0798 -1.7003 -0.7500
v 5.0791 -1.7095 -0.7500
v 5.0780 -1.7189 -0.7500
v 5.0768 -1.7291 -0.7500
v 5.0750 -1.7395 -0.7500
v 5.0729 -1.7507 -0.7500
v 5.0707 -1.7624 -0.7500
v 5.0671 -1.7777 -0.7500
v 5.0633 -1.7920 -0.7500
v 5.0587 -1.8055 -0.7500
v 5.0541 -1.8185 -0.7500
v 5.0488 -1.8302 -0.7500
v 5.0432 -1.8414 -0.7500
v 5.0370 -1.8516 -0.7500
v 5.0307 -1.8610 -0.7500
v 5.0238 -1.8696 -0.7500
v 5.0164 -1.8775 -0.7500
v 5.0088 -1.8844 -0.7500
v 5.0004 -1.8908 -0.7500
v 4.9915 -1.8961 -0.7500
v 4.9823 -1.9010 -0.7500
v 4.9724 -1.9050 -0.7500
v 4.8150 -1.8363 -0.7500
v 4.8150 -1.8284 -0.7500
v 4.8150 -1.8284 0.7500
v 4.8150 -1.8363 0.7500
v 4.8158 -1.8116 -0.7500
v 4.8168 -1.8027 -0.7500
v 4.8168 -1.8027 0.7500
v 4.8158 -1.8116 0.7500
v 4.8168 -1.8027 -0.7500
v 4.8178 -1.7933 -0.7500
v 4.8178 -1.7933 0.7500
v 4.8168 -1.8027 0.7500
v 4.8153 -1.8437 -0.7500
v 4.8150 -1.8363 -0.7500
v 4.8150 -1.8363 0.7500
v 4.8153 -1.8437 0.7500
v 4.6842 -1.8426 -0.7500
v 4.6847 -1.8569 -0.7500
v 4.6847 -1.8569 0.7500
v 4.6842 -1.8426 0.7500
v 4.6847 -1.8569 -0.7500
v 4.6859 -1.8704 -0.7500
v 4.6859 -1.8704 0.7500
v 4.6847 -1.8569 0.7500
v 4.6859 -1.8704 -0.7500
v 4.6880 -1.8836 -0.7500
v 4.6880 -1.8836 0.7500
v 4.6859 -1.8704 0.7500
v 4.6880 -1.8836 -0.7500
v 4.6908 -1.8961 -0.7500
v 4.6908 -1.8961 0.7500
v 4.6880 -1.8836 0.7500
v 4.6908 -1.8961 -0.7500
v 4.6943 -1.9078 -0.7500
v 4.6943 -1.9078 0.7500
v 4.6908 -1.8961 0.7500
v 4.6943 -1.9078 -0.7500
v 4.6984 -1.9190 -0.7500
v 4.6984 -1.9190 0.7500
v 4.6943 -1.9078 0.7500
v 4.6984 -1.9190 -0.7500
v 4.7035 -1.9297 -0.7500
v 4.7035 -1.9297 0.7500
v 4.6984 -1.9190 0.7500
v 4.7035 -1.9297 -0.7500
v 4.7088 -1.9399 -0.7500
v 4.7088 -1.9399 0.7500
v 4.7035 -1.9297 0.7500
v 4.7088 -1.9399 -0.7500
v 4.7150 -1.9493 -0.7500
v 4.7150 -1.9493 0.7500
v 4.7088 -1.9399 0.7500
v 4.7150 -1.9493 -0.7500
v 4.7218 -1.9582 -0.7500
v 4.7218 -1.9582 0.7500
v 4.7150 -1.9493 0.7500
v 4.7218 -1.9582 -0.7500
v 4.7292 -1.9666 -0.7500
v 4.7292 -1.9666 0.7500
v 4.7218 -1.9582 0.7500
v 4.7292 -1.9666 -0.7500
v 4.7371 -1.9743 -0.7500
v 4.7371 -1.9743 0.7500
v 4.7292 -1.9666 0.7500
v 4.7371 -1.9743 -0.7500
v 4.7458 -1.9814 -0.7500
v 4.7458 -1.9814 0.7500
v 4.7371 -1.9743 0.7500
v 4.7458 -1.9814 -0.7500
v 4.7552 -1.9880 -0.7500
v 4.7552 -1.9880 0.7500
v 4.7458 -1.9814 0.7500
v 4.7552 -1.9880 -0.7500
v 4.7651 -1.9941 -0.7500
v 4.7651 -1.9941 0.7500
v 4.7552 -1.9880 0.7500
v 4.7651 -1.9941 -0.7500
v 4.7756 -1.9995 -0.7500
v 4.7756 -1.9995 0.7500
v 4.7651 -1.9941 0.7500
v 4.7756 -1.9995 -0.7500
v 4.7865 -2.0043 -0.7500
v 4.7865 -2.0043 0.7500
v 4.7756 -1.9995 0.7500
v 4.7865 -2.0043 -0.7500
v 4.7980 -2.0087 -0.7500
v 4.7980 -2.0087 0.7500
v 4.7865 -2.0043 0.7500
v 4.7980 -2.0087 -0.7500
v 4.8097 -2.0122 -0.7500
v 4.8097 -2.0122 0.7500
v 4.7980 -2.0087 0.7500
v 4.8097 -2.0122 -0.7500
v 4.8222 -2.0153 -0.7500
v 4.8222 -2.0153 0.7500
v 4.8097 -2.0122 0.7500
v 4.8222 -2.0153 -0.7500
v 4.8351 -2.0181 -0.7500
v 4.8351 -2.0181 0.7500
v 4.8222 -2.0153 0.7500
v 4.8351 -2.0181 -0.7500
v 4.8486 -2.0199 -0.7500
v 4.8486 -2.0199 0.7500
v 4.8351 -2.0181 0.7500
v 4.8486 -2.0199 -0.7500
v 4.8626 -2.0214 -0.7500
v 4.8626 -2.0214 0.7500
v 4.8486 -2.0199 0.7500
v 4.8626 -2.0214 -0.7500
v 4.8769 -2.0222 -0.7500
v 4.8769 -2.0222 0.7500
v 4.8626 -2.0214 0.7500
v 4.8769 -2.0222 -0.7500
v 4.8919 -2.0224 -0.7500
v 4.8919 -2.0224 0.7500
v 4.8769 -2.0222 0.7500
v 4.8919 -2.0224 -0.7500
v 4.9174 -2.0219 -0.7500
v 4.9174 -2.0219 0.7500
v 4.8919 -2.0224 0.7500
v 4.9174 -2.0219 -0.7500
v 4.9416 -2.0199 -0.7500
v 4.9416 -2.0199 0.7500
v 4.9174 -2.0219 0.7500
v 4.9416 -2.0199 -0.7500
v 4.9647 -2.0168 -0.7500
v 4.9647 -2.0168 0.7500
v 4.9416 -2.0199 0.7500
v 4.9647 -2.0168 -0.7500
v 4.9869 -2.0125 -0.7500
v 4.9869 -2.0125 0.7500
v 4.9647 -2.0168 0.7500
v 4.9869 -2.0125 -0.7500
v 5.0080 -2.0066 -0.7500
v 5.0080 -2.0066 0.7500
v 4.9869 -2.0125 0.7500
v 5.0080 -2.0066 -0.7500
v 5.0281 -1.9997 -0.7500
v 5.0281 -1.9997 0.7500
v 5.0080 -2.0066 0.7500
v 5.0281 -1.9997 -0.7500
v 5.0470 -1.9916 -0.7500
v 5.0470 -1.9916 0.7500
v 5.0281 -1.9997 0.7500
v 5.0470 -1.9916 -0.7500
v 5.0648 -1.9819 -0.7500
v 5.0648 -1.9819 0.7500
v 5.0470 -1.9916 0.7500
v 5.0648 -1.9819 -0.7500
v 5.0813 -1.9712 -0.7500
v 5.0813 -1.9712 0.7500
v 5.0648 -1.9819 0.7500
v 5.0813 -1.9712 -0.7500
v 5.0971 -1.9593 -0.7500
v 5.0971 -1.9593 0.7500
v 5.0813 -1.9712 0.7500
v 5.0971 -1.9593 -0.7500
v 5.1116 -1.9458 -0.7500
v 5.1116 -1.9458 0.7500
v 5.0971 -1.9593 0.7500
v 5.1116 -1.9458 -0.7500
v 5.1254 -1.9313 -0.7500
v 5.1254 -1.9313 0.7500
v 5.1116 -1.9458 0.7500
v 5.1254 -1.9313 -0.7500
v 5.1381 -1.9150 -0.7500
v 5.1381 -1.9150 0.7500
v 5.1254 -1.9313 0.7500
v 5.1381 -1.9150 -0.7500
v 5.1501 -1.8974 -0.7500
v 5.1501 -1.8974 0.7500
v 5.1381 -1.9150 0.7500
v 5.1501 -1.8974 -0.7500
v 5.1608 -1.8783 -0.7500
v 5.1608 -1.8783 0.7500
v 5.1501 -1.8974 0.7500
v 5.1608 -1.8783 -0.7500
v 5.1707 -1.8579 -0.7500
v 5.1707 -1.8579 0.7500
v 5.1608 -1.8783 0.7500
v 5.1707 -1.8579 -0.7500
v 5.1799 -1.8363 -0.7500
v 5.1799 -1.8363 0.7500
v 5.1707 -1.8579 0.7500
v 5.1799 -1.8363 -0.7500
v 5.1878 -1.8131 -0.7500
v 5.1878 -1.8131 0.7500
v 5.1799 -1.8363 0.7500
v 5.1878 -1.8131 -0.7500
v 5.1949 -1.7884 -0.7500
v 5.1949 -1.7884 0.7500
v 5.1878 -1.8131 0.7500
v 5.1949 -1.7884 -0.7500
v 5.2010 -1.7624 -0.7500
v 5.2010 -1.7624 0.7500
v 5.1949 -1.7884 0.7500
v 5.2010 -1.7624 -0.7500
v 5.2046 -1.7444 -0.7500
v 5.2046 -1.7444 0.7500
v 5.2010 -1.7624 0.7500
v 5.2046 -1.7444 -0.7500
v 5.2074 -1.7271 -0.7500
v 5.2074 -1.7271 0.7500
v 5.2046 -1.7444 0.7500
v 5.2074 -1.7271 -0.7500
v 5.2094 -1.7102 -0.7500
v 5.2094 -1.7102 0.7500
v 5.2074 -1.7271 0.7500
v 5.2094 -1.7102 -0.7500
v 5.2107 -1.6942 -0.7500
v 5.2107 -1.6942 0.7500
v 5.2094 -1.7102 0.7500
v 5.2107 -1.6942 -0.7500
v 5.2112 -1.6789 -0.7500
v 5.2112 -1.6789 0.7500
v 5.2107 -1.6942 0.7500
v 5.2112 -1.6789 -0.7500
v 5.2107 -1.6642 -0.7500
v 5.2107 -1.6642 0.7500
v 5.2112 -1.6789 0.7500
v 5.2107 -1.6642 -0.7500
v 5.2097 -1.6502 -0.7500
v 5.2097 -1.6502 0.7500
v 5.2107 -1.6642 0.7500
v 5.2097 -1.6502 -0.7500
v 5.2076 -1.6369 -0.7500
v 5.2076 -1.6369 0.7500
v 5.2097 -1.6502 0.7500
v 5.2076 -1.6369 -0.7500
v 5.2051 -1.6242 -0.7500
v 5.2051 -1.6242 0.7500
v 5.2076 -1.6369 0.7500
v 5.2051 -1.6242 -0.7500
v 5.2015 -1.6122 -0.7500
v 5.2015 -1.6122 0.7500
v 5.2051 -1.6242 0.7500
v 5.2015 -1.6122 -0.7500
v 5.1972 -1.6008 -0.7500
v 5.1972 -1.6008 0.7500
v 5.2015 -1.6122 0.7500
v 5.1972 -1.6008 -0.7500
v 5.1924 -1.5898 -0.7500
v 5.1924 -1.5898 0.7500
v 5.1972 -1.6008 0.7500
v 5.1924 -1.5898 -0.7500
v 5.1870 -1.5796 -0.7500
v 5.1870 -1.5796 0.7500
v 5.1924 -1.5898 0.7500
v 5.1870 -1.5796 -0.7500
v 5.1809 -1.5702 -0.7500
v 5.1809 -1.5702 0.7500
v 5.1870 -1.5796 0.7500
v 5.1809 -1.5702 -0.7500
v 5.1743 -1.5613 -0.7500
v 5.1743 -1.5613 0.7500
v 5.1809 -1.5702 0.7500
v 5.1743 -1.5613 -0.7500
v 5.1669 -1.5529 -0.7500
v 5.1669 -1.5529 0.7500
v 5.1743 -1.5613 0.7500
v 5.1669 -1.5529 -0.7500
v 5.1588 -1.5450 -0.7500
v 5.1588 -1.5450 0.7500
v 5.1669 -1.5529 0.7500
v 5.1588 -1.5450 -0.7500
v 5.1504 -1.5379 -0.7500
v 5.1504 -1.5379 0.7500
v 5.1588 -1.5450 0.7500
v 5.1504 -1.5379 -0.7500
v 5.1409 -1.5315 -0.7500
v 5.1409 -1.5315 0.7500
v 5.1504 -1.5379 0.7500
v 5.1409 -1.5315 -0.7500
v 5.1310 -1.5257 -0.7500
v 5.1310 -1.5257 0.7500
v 5.1409 -1.5315 0.7500
v 5.1310 -1.5257 -0.7500
v 5.1206 -1.5203 -0.7500
v 5.1206 -1.5203 0.7500
v 5.1310 -1.5257 0.7500
v 5.1206 -1.5203 -0.7500
v 5.1096 -1.5155 -0.7500
v 5.1096 -1.5155 0.7500
v 5.1206 -1.5203 0.7500
v 5.1096 -1.5155 -0.7500
v 5.0982 -1.5111 -0.7500
v 5.0982 -1.5111 0.7500
v 5.1096 -1.5155 0.7500
v 5.0982 -1.5111 -0.7500
v 5.0864 -1.5076 -0.7500
v 5.0864 -1.5076 0.7500
v 5.0982 -1.5111 0.7500
v 5.0864 -1.5076 -0.7500
v 5.0740 -1.5045 -0.7500
v 5.0740 -1.5045 0.7500
v 5.0864 -1.5076 0.7500
v 5.0740 -1.5045 -0.7500
v 5.0610 -1.5020 -0.7500
v 5.0610 -1.5020 0.7500
v 5.0740 -1.5045 0.7500
v 5.0610 -1.5020 -0.7500
v 5.0475 -1.4999 -0.7500
v 5.0475 -1.4999 0.7500
v 5.0610 -1.5020 0.7500
v 5.0475 -1.4999 -0.7500
v 5.0335 -1.4987 -0.7500
v 5.0335 -1.4987 0.7500
v 5.0475 -1.4999 0.7500
v 5.0335 -1.4987 -0.7500
v 5.0192 -1.4976 -0.7500
v 5.0192 -1.4976 0.7500
v 5.0335 -1.4987 0.7500
v 5.0192 -1.4976 -0.7500
v 5.0042 -1.4974 -0.7500
v 5.0042 -1.4974 0.7500
v 5.0192 -1.4976 0.7500
v 5.0042 -1.4974 -0.7500
v 4.9787 -1.4982 -0.7500
v 4.9787 -1.4982 0.7500
v 5.0042 -1.4974 0.7500
v 4.9787 -1.4982 -0.7500
v 4.9543 -1.4999 -0.7500
v 4.9543 -1.4999 0.7500
v 4.9787 -1.4982 0.7500
v 4.9543 -1.4999 -0.7500
v 4.9309 -1.5030 -0.7500
v 4.9309 -1.5030 0.7500
v 4.9543 -1.4999 0.7500
v 4.9309 -1.5030 -0.7500
v 4.9087 -1.5073 -0.7500
v 4.9087 -1.5073 0.7500
v 4.9309 -1.5030 0.7500
v 4.9087 -1.5073 -0.7500
v 4.8876 -1.5129 -0.7500
v 4.8876 -1.5129 0.7500
v 4.9087 -1.5073 0.7500
v 4.8876 -1.5129 -0.7500
v 4.8675 -1.5195 -0.7500
v 4.8675 -1.5195 0.7500
v 4.8876 -1.5129 0.7500
v 4.8675 -1.5195 -0.7500
v 4.8486 -1.5277 -0.7500
v 4.8486 -1.5277 0.7500
v 4.8675 -1.5195 0.7500
v 4.8486 -1.5277 -0.7500
v 4.8308 -1.5369 -0.7500
v 4.8308 -1.5369 0.7500
v 4.8486 -1.5277 0.7500
v 4.8308 -1.5369 -0.7500
v 4.8143 -1.5473 -0.7500
v 4.8143 -1.5473 0.7500
v 4.8308 -1.5369 0.7500
v 4.8143 -1.5473 -0.7500
v 4.7987 -1.5593 -0.7500
v 4.7987 -1.5593 0.7500
v 4.8143 -1.5473 0.7500
v 4.7987 -1.5593 -0.7500
v 4.7840 -1.5722 -0.7500
v 4.7840 -1.5722 0.7500
v 4.7987 -1.5593 0.7500
v 4.7840 -1.5722 -0.7500
v 4.7705 -1.5870 -0.7500
v 4.7705 -1.5870 0.7500
v 4.7840 -1.5722 0.7500
v 4.7705 -1.5870 -0.7500
v 4.7575 -1.6033 -0.7500
v 4.7575 -1.6033 0.7500
v 4.7705 -1.5870 0.7500
v 4.7575 -1.6033 -0.7500
v 4.7458 -1.6211 -0.7500
v 4.7458 -1.6211 0.7500
v 4.7575 -1.6033 0.7500
v 4.7458 -1.6211 -0.7500
v 4.7348 -1.6407 -0.7500
v 4.7348 -1.6407 0.7500
v 4.7458 -1.6211 0.7500
v 4.7348 -1.6407 -0.7500
v 4.7246 -1.6619 -0.7500
v 4.7246 -1.6619 0.7500
v 4.7348 -1.6407 0.7500
v 4.7246 -1.6619 -0.7500
v 4.7155 -1.6845 -0.7500
v 4.7155 -1.6845 0.7500
v 4.7246 -1.6619 0.7500
v 4.7155 -1.6845 -0.7500
v 4.7073 -1.7090 -0.7500
v 4.7073 -1.7090 0.7500
v 4.7155 -1.6845 0.7500
v 4.7073 -1.7090 -0.7500
v 4.6999 -1.7349 -0.7500
v 4.6999 -1.7349 0.7500
v 4.7073 -1.7090 0.7500
v 4.6999 -1.7349 -0.7500
v 4.6936 -1.7624 -0.7500
v 4.6936 -1.7624 0.7500
v 4.6999 -1.7349 0.7500
v 4.6936 -1.7624 -0.7500
v 4.6900 -1.7795 -0.7500
v 4.6900 -1.7795 0.7500
v 4.6936 -1.7624 0.7500
v 4.6900 -1.7795 -0.7500
v 4.6875 -1.7963 -0.7500
v 4.6875 -1.7963 0.7500
v 4.6900 -1.7795 0.7500
v 4.6875 -1.7963 -0.7500
v 4.6857 -1.8123 -0.7500
v 4.6857 -1.8123 0.7500
v 4.6875 -1.7963 0.7500
v 4.6857 -1.8123 -0.7500
v 4.6844 -1.8279 -0.7500
v 4.6844 -1.8279 0.7500
v 4.6857 -1.8123 0.7500
v 4.6844 -1.8279 -0.7500
v 4.6842 -1.8426 -0.7500
v 4.6842 -1.8426 0.7500
v 4.6844 -1.8279 0.7500
v 4.8150 -1.8284 -0.7500
v 4.8153 -1.8202 -0.7500
v 4.8153 -1.8202 0.7500
v 4.8150 -1.8284 0.7500
v 4.8160 -1.8505 -0.7500
v 4.8153 -1.8437 -0.7500
v 4.8153 -1.8437 0.7500
v 4.8160 -1.8505 0.7500
v 4.8153 -1.8202 -0.7500
v 4.8158 -1.8116 -0.7500
v 4.8158 -1.8116 0.7500
v 4.8153 -1.8202 0.7500
v 4.8171 -1.8572 -0.7500
v 4.8160 -1.8505 -0.7500
v 4.8160 -1.8505 0.7500
v 4.8171 -1.8572 0.7500
v 4.8183 -1.8633 -0.7500
v 4.8171 -1.8572 -0.7500
v 4.8171 -1.8572 0.7500
v 4.8183 -1.8633 0.7500
v 4.8201 -1.8691 -0.7500
v 4.8183 -1.8633 -0.7500
v 4.8183 -1.8633 0.7500
v 4.8201 -1.8691 0.7500
v 4.8178 -1.7933 -0.7500
v 4.8194 -1.7833 -0.7500
v 4.8194 -1.7833 0.7500
v 4.8178 -1.7933 0.7500
v 4.8224 -1.8745 -0.7500
v 4.8201 -1.8691 -0.7500
v 4.8201 -1.8691 0.7500
v 4.8224 -1.8745 0.7500
v 4.8194 -1.7833 -0.7500
v 4.8211 -1.7731 -0.7500
v 4.8211 -1.7731 0.7500
v 4.8194 -1.7833 0.7500
v 4.8250 -1.8796 -0.7500
v 4.8224 -1.8745 -0.7500
v 4.8224 -1.8745 0.7500
v 4.8250 -1.8796 0.7500
v 4.8211 -1.7731 -0.7500
v 4.8232 -1.7624 -0.7500
v 4.8232 -1.7624 0.7500
v 4.8211 -1.7731 0.7500
v 4.8278 -1.8842 -0.7500
v 4.8250 -1.8796 -0.7500
v 4.8250 -1.8796 0.7500
v 4.8278 -1.8842 0.7500
v 4.8232 -1.7624 -0.7500
v 4.8270 -1.7459 -0.7500
v 4.8270 -1.7459 0.7500
v 4.8232 -1.7624 0.7500
v 4.8313 -1.8885 -0.7500
v 4.8278 -1.8842 -0.7500
v 4.8278 -1.8842 0.7500
v 4.8313 -1.8885 0.7500
v 4.8270 -1.7459 -0.7500
v 4.8311 -1.7301 -0.7500
v 4.8311 -1.7301 0.7500
v 4.8270 -1.7459 0.7500
v 4.8349 -1.8923 -0.7500
v 4.8313 -1.8885 -0.7500
v 4.8313 -1.8885 0.7500
v 4.8349 -1.8923 0.7500
v 4.8392 -1.8959 -0.7500
v 4.8349 -1.8923 -0.7500
v 4.8349 -1.8923 0.7500
v 4.8392 -1.8959 0.7500
v 4.8311 -1.7301 -0.7500
v 4.8356 -1.7156 -0.7500
v 4.8356 -1.7156 0.7500
v 4.8311 -1.7301 0.7500
v 4.8438 -1.8992 -0.7500
v 4.8392 -1.8959 -0.7500
v 4.8392 -1.8959 0.7500
v 4.8438 -1.8992 0.7500
v 4.8356 -1.7156 -0.7500
v 4.8407 -1.7021 -0.7500
v 4.8407 -1.7021 0.7500
v 4.8356 -1.7156 0.7500
v 4.8486 -1.9020 -0.7500
v 4.8438 -1.8992 -0.7500
v 4.8438 -1.8992 0.7500
v 4.8486 -1.9020 0.7500
v 4.8407 -1.7021 -0.7500
v 4.8461 -1.6896 -0.7500
v 4.8461 -1.6896 0.7500
v 4.8407 -1.7021 0.7500
v 4.8542 -1.9045 -0.7500
v 4.8486 -1.9020 -0.7500
v 4.8486 -1.9020 0.7500
v 4.8542 -1.9045 0.7500
v 4.8461 -1.6896 -0.7500
v 4.8517 -1.6779 -0.7500
v 4.8517 -1.6779 0.7500
v 4.8461 -1.6896 0.7500
v 4.8601 -1.9068 -0.7500
v 4.8542 -1.9045 -0.7500
v 4.8542 -1.9045 0.7500
v 4.8601 -1.9068 0.7500
v 4.8517 -1.6779 -0.7500
v 4.8578 -1.6675 -0.7500
v 4.8578 -1.6675 0.7500
v 4.8517 -1.6779 0.7500
v 4.8578 -1.6675 -0.7500
v 4.8644 -1.6578 -0.7500
v 4.8644 -1.6578 0.7500
v 4.8578 -1.6675 0.7500
v 4.8665 -1.9088 -0.7500
v 4.8601 -1.9068 -0.7500
v 4.8601 -1.9068 0.7500
v 4.8665 -1.9088 0.7500
v 4.8644 -1.6578 -0.7500
v 4.8713 -1.6494 -0.7500
v 4.8713 -1.6494 0.7500
v 4.8644 -1.6578 0.7500
v 4.8733 -1.9104 -0.7500
v 4.8665 -1.9088 -0.7500
v 4.8665 -1.9088 0.7500
v 4.8733 -1.9104 0.7500
v 4.8713 -1.6494 -0.7500
v 4.8784 -1.6418 -0.7500
v 4.8784 -1.6418 0.7500
v 4.8713 -1.6494 0.7500
v 4.8807 -1.9116 -0.7500
v 4.8733 -1.9104 -0.7500
v 4.8733 -1.9104 0.7500
v 4.8807 -1.9116 0.7500
v 4.8784 -1.6418 -0.7500
v 4.8863 -1.6351 -0.7500
v 4.8863 -1.6351 0.7500
v 4.8784 -1.6418 0.7500
v 4.8886 -1.9129 -0.7500
v 4.8807 -1.9116 -0.7500
v 4.8807 -1.9116 0.7500
v 4.8886 -1.9129 0.7500
v 4.8863 -1.6351 -0.7500
v 4.8945 -1.6290 -0.7500
v 4.8945 -1.6290 0.7500
v 4.8863 -1.6351 0.7500
v 4.8968 -1.9137 -0.7500
v 4.8886 -1.9129 -0.7500
v 4.8886 -1.9129 0.7500
v 4.8968 -1.9137 0.7500
v 4.8945 -1.6290 -0.7500
v 4.9034 -1.6239 -0.7500
v 4.9034 -1.6239 0.7500
v 4.8945 -1.6290 0.7500
v 4.9057 -1.9139 -0.7500
v 4.8968 -1.9137 -0.7500
v 4.8968 -1.9137 0.7500
v 4.9057 -1.9139 0.7500
v 4.9034 -1.6239 -0.7500
v 4.9125 -1.6194 -0.7500
v 4.9125 -1.6194 0.7500
v 4.9034 -1.6239 0.7500
v 4.9148 -1.9142 -0.7500
v 4.9057 -1.9139 -0.7500
v 4.9057 -1.9139 0.7500
v 4.9148 -1.9142 0.7500
v 4.9125 -1.6194 -0.7500
v 4.9225 -1.6153 -0.7500
v 4.9225 -1.6153 0.7500
v 4.9125 -1.6194 0.7500
v 4.9273 -1.9137 -0.7500
v 4.9148 -1.9142 -0.7500
v 4.9148 -1.9142 0.7500
v 4.9273 -1.9137 0.7500
v 4.9395 -1.9127 -0.7500
v 4.9273 -1.9137 -0.7500
v 4.9273 -1.9137 0.7500
v 4.9395 -1.9127 0.7500
v 4.9225 -1.6153 -0.7500
v 4.9332 -1.6122 -0.7500
v 4.9332 -1.6122 0.7500
v 4.9225 -1.6153 0.7500
v 4.9510 -1.9109 -0.7500
v 4.9395 -1.9127 -0.7500
v 4.9395 -1.9127 0.7500
v 4.9510 -1.9109 0.7500
v 4.9332 -1.6122 -0.7500
v 4.9441 -1.6097 -0.7500
v 4.9441 -1.6097 0.7500
v 4.9332 -1.6122 0.7500
v 4.9619 -1.9083 -0.7500
v 4.9510 -1.9109 -0.7500
v 4.9510 -1.9109 0.7500
v 4.9619 -1.9083 0.7500
v 4.9441 -1.6097 -0.7500
v 4.9556 -1.6079 -0.7500
v 4.9556 -1.6079 0.7500
v 4.9441 -1.6097 0.7500
v 4.9724 -1.9050 -0.7500
v 4.9619 -1.9083 -0.7500
v 4.9619 -1.9083 0.7500
v 4.9724 -1.9050 0.7500
v 4.9556 -1.6079 -0.7500
v 4.9678 -1.6069 -0.7500
v 4.9678 -1.6069 0.7500
v 4.9556 -1.6079 0.7500
v 4.9823 -1.9010 -0.7500
v 4.9724 -1.9050 -0.7500
v 4.9724 -1.9050 0.7500
v 4.9823 -1.9010 0.7500
v 4.9678 -1.6069 -0.7500
v 4.9805 -1.6066 -0.7500
v 4.9805 -1.6066 0.7500
v 4.9678 -1.6069 0.7500
v 4.9915 -1.8961 -0.7500
v 4.9823 -1.9010 -0.7500
v 4.9823 -1.9010 0.7500
v 4.9915 -1.8961 0.7500
v 4.9805 -1.6066 -0.7500
v 4.9897 -1.6066 -0.7500
v 4.9897 -1.6066 0.7500
v 4.9805 -1.6066 0.7500
v 5.0004 -1.8908 -0.7500
v 4.9915 -1.8961 -0.7500
v 4.9915 -1.8961 0.7500
v 5.0004 -1.8908 0.7500
v 4.9897 -1.6066 -0.7500
v 4.9983 -1.6071 -0.7500
v 4.9983 -1.6071 0.7500
v 4.9897 -1.6066 0.7500
v 5.0088 -1.8844 -0.7500
v 5.0004 -1.8908 -0.7500
v 5.0004 -1.8908 0.7500
v 5.0088 -1.8844 0.7500
v 4.9983 -1.6071 -0.7500
v 5.0065 -1.6079 -0.7500
v 5.0065 -1.6079 0.7500
v 4.9983 -1.6071 0.7500
v 5.0164 -1.8775 -0.7500
v 5.0088 -1.8844 -0.7500
v 5.0088 -1.8844 0.7500
v 5.0164 -1.8775 0.7500
v 5.0065 -1.6079 -0.7500
v 5.0141 -1.6089 -0.7500
v 5.0141 -1.6089 0.7500
v 5.0065 -1.6079 0.7500
v 5.0238 -1.8696 -0.7500
v 5.0164 -1.8775 -0.7500
v 5.0164 -1.8775 0.7500
v 5.0238 -1.8696 0.7500
v 5.0141 -1.6089 -0.7500
v 5.0215 -1.6102 -0.7500
v 5.0215 -1.6102 0.7500
v 5.0141 -1.6089 0.7500
v 5.0307 -1.8610 -0.7500
v 5.0238 -1.8696 -0.7500
v 5.0238 -1.8696 0.7500
v 5.0307 -1.8610 0.7500
v 5.0215 -1.6102 -0.7500
v 5.0284 -1.6117 -0.7500
v 5.0284 -1.6117 0.7500
v 5.0215 -1.6102 0.7500
v 5.0370 -1.8516 -0.7500
v 5.0307 -1.8610 -0.7500
v 5.0307 -1.8610 0.7500
v 5.0370 -1.8516 0.7500
v 5.0284 -1.6117 -0.7500
v 5.0348 -1.6135 -0.7500
v 5.0348 -1.6135 0.7500
v 5.0284 -1.6117 0.7500
v 5.0432 -1.8414 -0.7500
v 5.0370 -1.8516 -0.7500
v 5.0370 -1.8516 0.7500
v 5.0432 -1.8414 0.7500
v 5.0348 -1.6135 -0.7500
v 5.0406 -1.6158 -0.7500
v 5.0406 -1.6158 0.7500
v 5.0348 -1.6135 0.7500
v 5.0488 -1.8302 -0.7500
v 5.0432 -1.8414 -0.7500
v 5.0432 -1.8414 0.7500
v 5.0488 -1.8302 0.7500
v 5.0406 -1.6158 -0.7500
v 5.0462 -1.6181 -0.7500
v 5.0462 -1.6181 0.7500
v 5.0406 -1.6158 0.7500
v 5.0541 -1.8185 -0.7500
v 5.0488 -1.8302 -0.7500
v 5.0488 -1.8302 0.7500
v 5.0541 -1.8185 0.7500
v 5.0462 -1.6181 -0.7500
v 5.0513 -1.6209 -0.7500
v 5.0513 -1.6209 0.7500
v 5.0462 -1.6181 0.7500
v 5.0587 -1.8055 -0.7500
v 5.0541 -1.8185 -0.7500
v 5.0541 -1.8185 0.7500
v 5.0587 -1.8055 0.7500
v 5.0513 -1.6209 -0.7500
v 5.0559 -1.6239 -0.7500
v 5.0559 -1.6239 0.7500
v 5.0513 -1.6209 0.7500
v 5.0633 -1.7920 -0.7500
v 5.0587 -1.8055 -0.7500
v 5.0587 -1.8055 0.7500
v 5.0633 -1.7920 0.7500
v 5.0559 -1.6239 -0.7500
v 5.0602 -1.6272 -0.7500
v 5.0602 -1.6272 0.7500
v 5.0559 -1.6239 0.7500
v 5.0671 -1.7777 -0.7500
v 5.0633 -1.7920 -0.7500
v 5.0633 -1.7920 0.7500
v 5.0671 -1.7777 0.7500
v 5.0602 -1.6272 -0.7500
v 5.0640 -1.6311 -0.7500
v 5.0640 -1.6311 0.7500
v 5.0602 -1.6272 0.7500
v 5.0707 -1.7624 -0.7500
v 5.0671 -1.7777 -0.7500
v 5.0671 -1.7777 0.7500
v 5.0707 -1.7624 0.7500
v 5.0640 -1.6311 -0.7500
v 5.0673 -1.6354 -0.7500
v 5.0673 -1.6354 0.7500
v 5.0640 -1.6311 0.7500
v 5.0729 -1.7507 -0.7500
v 5.0707 -1.7624 -0.7500
v 5.0707 -1.7624 0.7500
v 5.0729 -1.7507 0.7500
v 5.0673 -1.6354 -0.7500
v 5.0704 -1.6400 -0.7500
v 5.0704 -1.6400 0.7500
v 5.0673 -1.6354 0.7500
v 5.0750 -1.7395 -0.7500
v 5.0729 -1.7507 -0.7500
v 5.0729 -1.7507 0.7500
v 5.0750 -1.7395 0.7500
v 5.0704 -1.6400 -0.7500
v 5.0729 -1.6451 -0.7500
v 5.0729 -1.6451 0.7500
v 5.0704 -1.6400 0.7500
v 5.0768 -1.7291 -0.7500
v 5.0750 -1.7395 -0.7500
v 5.0750 -1.7395 0.7500
v 5.0768 -1.7291 0.7500
v 5.0729 -1.6451 -0.7500
v 5.0752 -1.6504 -0.7500
v 5.0752 -1.6504 0.7500
v 5.0729 -1.6451 0.7500
v 5.0780 -1.7189 -0.7500
v 5.0768 -1.7291 -0.7500
v 5.0768 -1.7291 0.7500
v 5.0780 -1.7189 0.7500
v 5.0752 -1.6504 -0.7500
v 5.0770 -1.6563 -0.7500
v 5.0770 -1.6563 0.7500
v 5.0752 -1.6504 0.7500
v 5.0770 -1.6563 -0.7500
v 5.0783 -1.6624 -0.7500
v 5.0783 -1.6624 0.7500
v 5.0770 -1.6563 0.7500
v 5.0791 -1.7095 -0.7500
v 5.0780 -1.7189 -0.7500
v 5.0780 -1.7189 0.7500
v 5.0791 -1.7095 0.7500
v 5.0783 -1.6624 -0.7500
v 5.0793 -1.6690 -0.7500
v 5.0793 -1.6690 0.7500
v 5.0783 -1.6624 0.7500
v 5.0798 -1.7003 -0.7500
v 5.0791 -1.7095 -0.7500
v 5.0791 -1.7095 0.7500
v 5.0798 -1.7003 0.7500
v 5.0793 -1.6690 -0.7500
v 5.0801 -1.6761 -0.7500
v 5.0801 -1.6761 0.7500
v 5.0793 -1.6690 0.7500
v 5.0803 -1.6917 -0.7500
v 5.0798 -1.7003 -0.7500
v 5.0798 -1.7003 0.7500
v 5.0803 -1.6917 0.7500
v 5.0801 -1.6761 -0.7500
v 5.0803 -1.6838 -0.7500
v 5.0803 -1.6838 0.7500
v 5.0801 -1.6761 0.7500
v 5.0803 -1.6838 -0.7500
v 5.0803 -1.6917 -0.7500
v 5.0803 -1.6917 0.7500
v 5.0803 -1.6838 0.7500
f 2973 3019 3020
f 3022 3023 3024
f 3018 3019 2973
f 2973 2974 2975
f 2975 2976 2977
f 2977 2978 2979
f 2979 2980 2981
f 2981 2982 2983
f 2983 2984 2985
f 2985 2986 2987
f 2987 2988 2989
f 2989 2990 2991
f 2991 2992 2893
f 2893 2894 2895
f 2895 2896 2897
f 2897 2898 2899
f 2899 2900 2901
f 2901 2902 2903
f 2903 2904 2905
f 2905 2906 2907
f 2907 2908 2909
f 2909 2910 2911
f 2911 2912 2913
f 2913 2914 2915
f 2915 2916 2917
f 2917 2918 2919
f 2919 2920 2921
f 2921 2922 2923
f 2923 2924 2925
f 2925 2926 2927
f 2927 2928 2929
f 2929 2930 2931
f 2931 2932 2933
f 2933 2934 2935
f 2935 2936 2937
f 2937 2938 2939
f 2939 2940 2941
f 2941 2942 2943
f 2943 2944 2945
f 2945 2946 2947
f 2947 2948 2949
f 2949 2950 2951
f 2951 2952 2953
f 2953 2954 2955
f 2955 2956 2957
f 2957 2958 2959
f 2959 2960 2961
f 2961 2962 2963
f 2963 2964 2965
f 2965 2966 2967
f 2967 2968 2969
f 2969 2970 2971
f 2971 2972 2973
f 2973 3020 3021
f 3017 3018 2973
f 2973 2975 2977
f 2977 2979 2981
f 2981 2983 2985
f 2985 2987 2989
f 2989 2991 2893
f 2893 2895 2897
f 2897 2899 2901
f 2901 2903 2905
f 2905 2907 2909
f 2909 2911 2913
f 2913 2915 2917
f 2917 2919 2921
f 2921 2923 2925
f 2925 2927 2929
f 2929 2931 2933
f 2933 2935 2937
f 2937 2939 2941
f 2941 2943 2945
f 2945 2947 2949
f 2949 2951 2953
f 2953 2955 2957
f 2957 2959 2961
f 2961 2963 2965
f 2965 2967 2969
f 2969 2971 2973
f 2973 3021 3022
f 3016 3017 2973
f 2973 2977 2981
f 2981 2985 2989
f 2989 2893 2897
f 2897 2901 2905
f 2905 2909 2913
f 2913 2917 2921
f 2921 2925 2929
f 2929 2933 2937
f 2937 2941 2945
f 2945 2949 2953
f 2953 2957 2961
f 2961 2965 2969
f 2969 2973 3022
f 3015 3016 2973
f 2973 2981 2989
f 2989 2897 2905
f 2905 2913 2921
f 2921 2929 2937
f 2937 2945 2953
f 2953 2961 2969
f 2969 3022 3024
f 3014 3015 2973
f 2973 2989 2905
f 2905 2921 2937
f 2969 3024 3025
f 3013 3014 2973
f 2969 3025 3026
f 3012 3013 2973
f 2969 3026 3027
f 3011 3012 2973
f 2969 3027 3028
f 3010 3011 2973
f 2969 3028 3029
f 3009 3010 2973
f 2953 2969 3029
f 3008 3009 2973
f 2953 3029 3030
f 3007 3008 2973
f 2953 3030 3031
f 3006 3007 2973
f 2953 3031 3032
f 3005 3006 2973
f 2953 3032 3033
f 3004 3005 2973
f 2953 3033 3034
f 3004 2973 2905
f 2953 3034 3035
f 3003 3004 2905
f 2953 3035 3036
f 3002 3003 2905
f 2953 3036 3037
f 3001 3002 2905
f 2953 3037 3038
f 3000 3001 2905
f 2953 3038 3039
f 2999 3000 2905
f 2953 3039 3040
f 2998 2999 2905
f 2953 3040 3041
f 2997 2998 2905
f 2953 3041 3042
f 2996 2997 2905
f 2937 2953 3042
f 2995 2996 2905
f 2937 3042 3043
f 2994 2995 2905
f 2937 3043 3044
f 2993 2994 2905
f 2937 3044 3045
f 3092 2993 2905
f 2937 3045 3046
f 3091 3092 2905
f 2937 3046 3047
f 3090 3091 2905
f 2937 3047 3048
f 3089 3090 2905
f 2937 3048 3049
f 3088 3089 2905
f 2937 3049 3050
f 3087 3088 2905
f 2937 3050 3051
f 3086 3087 2905
f 2937 3051 3052
f 3085 3086 2905
f 2937 3052 3053
f 3084 3085 2905
f 2937 3053 3054
f 3083 3084 2905
f 2937 3054 3055
f 3082 3083 2905
f 2937 3055 3056
f 3081 3082 2905
f 2937 3056 3057
f 3080 3081 2905
f 2937 3057 3058
f 3079 3080 2905
f 2937 3058 3059
f 3078 3079 2905
f 2937 3059 3060
f 3077 3078 2905
f 2937 3060 3061
f 3076 3077 2905
f 2937 3061 3062
f 3075 3076 2905
f 2937 3062 3063
f 3074 3075 2905
f 2937 3063 3064
f 3073 3074 2905
f 2937 3064 3065
f 3073 2905 2937
f 2937 3065 3066
f 3072 3073 2937
f 2937 3066 3067
f 3071 3072 2937
f 2937 3067 3068
f 3070 3071 2937
f 2937 3068 3069
f 3069 3070 2937
f 3173 3220 3219
f 3222 3224 3223
f 3218 3173 3219
f 3173 3175 3174
f 3175 3177 3176
f 3177 3179 3178
f 3179 3181 3180
f 3181 3183 3182
f 3183 3185 3184
f 3185 3187 3186
f 3187 3189 3188
f 3189 3191 3190
f 3191 3093 3192
f 3093 3095 3094
f 3095 3097 3096
f 3097 3099 3098
f 3099 3101 3100
f 3101 3103 3102
f 3103 3105 3104
f 3105 3107 3106
f 3107 3109 3108
f 3109 3111 3110
f 3111 3113 3112
f 3113 3115 3114
f 3115 3117 3116
f 3117 3119 3118
f 3119 3121 3120
f 3121 3123 3122
f 3123 3125 3124
f 3125 3127 3126
f 3127 3129 3128
f 3129 3131 3130
f 3131 3133 3132
f 3133 3135 3134
f 3135 3137 3136
f 3137 3139 3138
f 3139 3141 3140
f 3141 3143 3142
f 3143 3145 3144
f 3145 3147 3146
f 3147 3149 3148
f 3149 3151 3150
f 3151 3153 3152
f 3153 3155 3154
f 3155 3157 3156
f 3157 3159 3158
f 3159 3161 3160
f 3161 3163 3162
f 3163 3165 3164
f 3165 3167 3166
f 3167 3169 3168
f 3169 3171 3170
f 3171 3173 3172
f 3173 3221 3220
f 3217 3173 3218
f 3173 3177 3175
f 3177 3181 3179
f 3181 3185 3183
f 3185 3189 3187
f 3189 3093 3191
f 3093 3097 3095
f 3097 3101 3099
f 3101 3105 3103
f 3105 3109 3107
f 3109 3113 3111
f 3113 3117 3115
f 3117 3121 3119
f 3121 3125 3123
f 3125 3129 3127
f 3129 3133 3131
f 3133 3137 3135
f 3137 3141 3139
f 3141 3145 3143
f 3145 3149 3147
f 3149 3153 3151
f 3153 3157 3155
f 3157 3161 3159
f 3161 3165 3163
f 3165 3169 3167
f 3169 3173 3171
f 3173 3222 3221
f 3216 3173 3217
f 3173 3181 3177
f 3181 3189 3185
f 3189 3097 3093
f 3097 3105 3101
f 3105 3113 3109
f 3113 3121 3117
f 3121 3129 3125
f 3129 3137 3133
f 3137 3145 3141
f 3145 3153 3149
f 3153 3161 3157
f 3161 3169 3165
f 3169 3222 3173
f 3215 3173 3216
f 3173 3189 3181
f 3189 3105 3097
f 3105 3121 3113
f 3121 3137 3129
f 3137 3153 3145
f 3153 3169 3161
f 3169 3224 3222
f 3214 3173 3215
f 3173 3105 3189
f 3105 3137 3121
f 3169 3225 3224
f 3213 3173 3214
f 3169 3226 3225
f 3212 3173 3213
f 3169 3227 3226
f 3211 3173 3212
f 3169 3228 3227
f 3210 3173 3211
f 3169 3229 3228
f 3209 3173 3210
f 3153 3229 3169
f 3208 3173 3209
f 3153 3230 3229
f 3207 3173 3208
f 3153 3231 3230
f 3206 3173 3207
f 3153 3232 3231
f 3205 3173 3206
f 3153 3233 3232
f 3204 3173 3205
f 3153 3234 3233
f 3204 3105 3173
f 3153 3235 3234
f 3203 3105 3204
f 3153 3236 3235
f 3202 3105 3203
f 3153 3237 3236
f 3201 3105 3202
f 3153 3238 3237
f 3200 3105 3201
f 3153 3239 3238
f 3199 3105 3200
f 3153 3240 3239
f 3198 3105 3199
f 3153 3241 3240
f 3197 3105 3198
f 3153 3242 3241
f 3196 3105 3197
f 3137 3242 3153
f 3195 3105 3196
f 3137 3243 3242
f 3194 3105 3195
f 3137 3244 3243
f 3193 3105 3194
f 3137 3245 3244
f 3292 3105 3193
f 3137 3246 3245
f 3291 3105 3292
f 3137 3247 3246
f 3290 3105 3291
f 3137 3248 3247
f 3289 3105 3290
f 3137 3249 3248
f 3288 3105 3289
f 3137 3250 3249
f 3287 3105 3288
f 3137 3251 3250
f 3286 3105 3287
f 3137 3252 3251
f 3285 3105 3286
f 3137 3253 3252
f 3284 3105 3285
f 3137 3254 3253
f 3283 3105 3284
f 3137 3255 3254
f 3282 3105 3283
f 3137 3256 3255
f 3281 3105 3282
f 3137 3257 3256
f 3280 3105 3281
f 3137 3258 3257
f 3279 3105 3280
f 3137 3259 3258
f 3278 3105 3279
f 3137 3260 3259
f 3277 3105 3278
f 3137 3261 3260
f 3276 3105 3277
f 3137 3262 3261
f 3275 3105 3276
f 3137 3263 3262
f 3274 3105 3275
f 3137 3264 3263
f 3273 3105 3274
f 3137 3265 3264
f 3273 3137 3105
f 3137 3266 3265
f 3272 3137 3273
f 3137 3267 3266
f 3271 3137 3272
f 3137 3268 3267
f 3270 3137 3271
f 3137 3269 3268
f 3269 3137 3270
f 3293 3294 3295
f 3293 3295 3296
f 3297 3298 3299
f 3297 3299 3300
f 3301 3302 3303
f 3301 3303 3304
f 3305 3306 3307
f 3305 3307 3308
f 3309 3310 3311
f 3309 3311 3312
f 3313 3314 3315
f 3313 3315 3316
f 3317 3318 3319
f 3317 3319 3320
f 3321 3322 3323
f 3321 3323 3324
f 3325 3326 3327
f 3325 3327 3328
f 3329 3330 3331
f 3329 3331 3332
f 3333 3334 3335
f 3333 3335 3336
f 3337 3338 3339
f 3337 3339 3340
f 3341 3342 3343
f 3341 3343 3344
f 3345 3346 3347
f 3345 3347 3348
f 3349 3350 3351
f 3349 3351 3352
f 3353 3354 3355
f 3353 3355 3356
f 3357 3358 3359
f 3357 3359 3360
f 3361 3362 3363
f 3361 3363 3364
f 3365 3366 3367
f 3365 3367 3368
f 3369 3370 3371
f 3369 3371 3372
f 3373 3374 3375
f 3373 3375 3376
f 3377 3378 3379
f 3377 3379 3380
f 3381 3382 3383
f 3381 3383 3384
f 3385 3386 3387
f 3385 3387 3388
f 3389 3390 3391
f 3389 3391 3392
f 3393 3394 3395
f 3393 3395 3396
f 3397 3398 3399
f 3397 3399 3400
f 3401 3402 3403
f 3401 3403 3404
f 3405 3406 3407
f 3405 3407 3408
f 3409 3410 3411
f 3409 3411 3412
f 3413 3414 3415
f 3413 3415 3416
f 3417 3418 3419
f 3417 3419 3420
f 3421 3422 3423
f 3421 3423 3424
f 3425 3426 3427
f 3425 3427 3428
f 3429 3430 3431
f 3429 3431 3432
f 3433 3434 3435
f 3433 3435 3436
f 3437 3438 3439
f 3437 3439 3440
f 3441 3442 3443
f 3441 3443 3444
f 3445 3446 3447
f 3445 3447 3448
f 3449 3450 3451
f 3449 3451 3452
f 3453 3454 3455
f 3453 3455 3456
f 3457 3458 3459
f 3457 3459 3460
f 3461 3462 3463
f 3461 3463 3464
f 3465 3466 3467
f 3465 3467 3468
f 3469 3470 3471
f 3469 3471 3472
f 3473 3474 3475
f 3473 3475 3476
f 3477 3478 3479
f 3477 3479 3480
f 3481 3482 3483
f 3481 3483 3484
f 3485 3486 3487
f 3485 3487 3488
f 3489 3490 3491
f 3489 3491 3492
f 3493 3494 3495
f 3493 3495 3496
f 3497 3498 3499
f 3497 3499 3500
f 3501 3502 3503
f 3501 3503 3504
f 3505 3506 3507
f 3505 3507 3508
f 3509 3510 3511
f 3509 3511 3512
f 3513 3514 3515
f 3513 3515 3516
f 3517 3518 3519
f 3517 3519 3520
f 3521 3522 3523
f 3521 3523 3524
f 3525 3526 3527
f 3525 3527 3528
f 3529 3530 3531
f 3529 3531 3532
f 3533 3534 3535
f 3533 3535 3536
f 3537 3538 3539
f 3537 3539 3540
f 3541 3542 3543
f 3541 3543 3544
f 3545 3546 3547
f 3545 3547 3548
f 3549 3550 3551
f 3549 3551 3552
f 3553 3554 3555
f 3553 3555 3556
f 3557 3558 3559
f 3557 3559 3560
f 3561 3562 3563
f 3561 3563 3564
f 3565 3566 3567
f 3565 3567 3568
f 3569 3570 3571
f 3569 3571 3572
f 3573 3574 3575
f 3573 3575 3576
f 3577 3578 3579
f 3577 3579 3580
f 3581 3582 3583
f 3581 3583 3584
f 3585 3586 3587
f 3585 3587 3588
f 3589 3590 3591
f 3589 3591 3592
f 3593 3594 3595
f 3593 3595 3596
f 3597 3598 3599
f 3597 3599 3600
f 3601 3602 3603
f 3601 3603 3604
f 3605 3606 3607
f 3605 3607 3608
f 3609 3610 3611
f 3609 3611 3612
f 3613 3614 3615
f 3613 3615 3616
f 3617 3618 3619
f 3617 3619 3620
f 3621 3622 3623
f 3621 3623 3624
f 3625 3626 3627
f 3625 3627 3628
f 3629 3630 3631
f 3629 3631 3632
f 3633 3634 3635
f 3633 3635 3636
f 3637 3638 3639
f 3637 3639 3640
f 3641 3642 3643
f 3641 3643 3644
f 3645 3646 3647
f 3645 3647 3648
f 3649 3650 3651
f 3649 3651 3652
f 3653 3654 3655
f 3653 3655 3656
f 3657 3658 3659
f 3657 3659 3660
f 3661 3662 3663
f 3661 3663 3664
f 3665 3666 3667
f 3665 3667 3668
f 3669 3670 3671
f 3669 3671 3672
f 3673 3674 3675
f 3673 3675 3676
f 3677 3678 3679
f 3677 3679 3680
f 3681 3682 3683
f 3681 3683 3684
f 3685 3686 3687
f 3685 3687 3688
f 3689 3690 3691
f 3689 3691 3692
f 3693 3694 3695
f 3693 3695 3696
f 3697 3698 3699
f 3697 3699 3700
f 3701 3702 3703
f 3701 3703 3704
f 3705 3706 3707
f 3705 3707 3708
f 3709 3710 3711
f 3709 3711 3712
f 3713 3714 3715
f 3713 3715 3716
f 3717 3718 3719
f 3717 3719 3720
f 3721 3722 3723
f 3721 3723 3724
f 3725 3726 3727
f 3725 3727 3728
f 3729 3730 3731
f 3729 3731 3732
f 3733 3734 3735
f 3733 3735 3736
f 3737 3738 3739
f 3737 3739 3740
f 3741 3742 3743
f 3741 3743 3744
f 3745 3746 3747
f 3745 3747 3748
f 3749 3750 3751
f 3749 3751 3752
f 3753 3754 3755
f 3753 3755 3756
f 3757 3758 3759
f 3757 3759 3760
f 3761 3762 3763
f 3761 3763 3764
f 3765 3766 3767
f 3765 3767 3768
f 3769 3770 3771
f 3769 3771 3772
f 3773 3774 3775
f 3773 3775 3776
f 3777 3778 3779
f 3777 3779 3780
f 3781 3782 3783
f 3781 3783 3784
f 3785 3786 3787
f 3785 3787 3788
f 3789 3790 3791
f 3789 3791 3792
f 3793 3794 3795
f 3793 3795 3796
f 3797 3798 3799
f 3797 3799 3800
f 3801 3802 3803
f 3801 3803 3804
f 3805 3806 3807
f 3805 3807 3808
f 3809 3810 3811
f 3809 3811 3812
f 3813 3814 3815
f 3813 3815 3816
f 3817 3818 3819
f 3817 3819 3820
f 3821 3822 3823
f 3821 3823 3824
f 3825 3826 3827
f 3825 3827 3828
f 3829 3830 3831
f 3829 3831 3832
f 3833 3834 3835
f 3833 3835 3836
f 3837 3838 3839
f 3837 3839 3840
f 3841 3842 3843
f 3841 3843 3844
f 3845 3846 3847
f 3845 3847 3848
f 3849 3850 3851
f 3849 3851 3852
f 3853 3854 3855
f 3853 3855 3856
f 3857 3858 3859
f 3857 3859 3860
f 3861 3862 3863
f 3861 3863 3864
f 3865 3866 3867
f 3865 3867 3868
f 3869 3870 3871
f 3869 3871 3872
f 3873 3874 3875
f 3873 3875 3876
f 3877 3878 3879
f 3877 3879 3880
f 3881 3882 3883
f 3881 3883 3884
f 3885 3886 3887
f 3885 3887 3888
f 3889 3890 3891
f 3889 3891 3892
f 3893 3894 3895
f 3893 3895 3896
f 3897 3898 3899
f 3897 3899 3900
f 3901 3902 3903
f 3901 3903 3904
f 3905 3906 3907
f 3905 3907 3908
f 3909 3910 3911
f 3909 3911 3912
f 3913 3914 3915
f 3913 3915 3916
f 3917 3918 3919
f 3917 3919 3920
f 3921 3922 3923
f 3921 3923 3924
f 3925 3926 3927
f 3925 3927 3928
f 3929 3930 3931
f 3929 3931 3932
f 3933 3934 3935
f 3933 3935 3936
f 3937 3938 3939
f 3937 3939 3940
f 3941 3942 3943
f 3941 3943 3944
f 3945 3946 3947
f 3945 3947 3948
f 3949 3950 3951
f 3949 3951 3952
f 3953 3954 3955
f 3953 3955 3956
f 3957 3958 3959
f 3957 3959 3960
f 3961 3962 3963
f 3961 3963 3964
f 3965 3966 3967
f 3965 3967 3968
f 3969 3970 3971
f 3969 3971 3972
f 3973 3974 3975
f 3973 3975 3976
f 3977 3978 3979
f 3977 3979 3980
f 3981 3982 3983
f 3981 3983 3984
f 3985 3986 3987
f 3985 3987 3988
f 3989 3990 3991
f 3989 3991 3992
f 3993 3994 3995
f 3993 3995 3996
f 3997 3998 3999
f 3997 3999 4000
f 4001 4002 4003
f 4001 4003 4004
f 4005 4006 4007
f 4005 4007 4008
f 4009 4010 4011
f 4009 4011 4012
f 4013 4014 4015
f 4013 4015 4016
f 4017 4018 4019
f 4017 4019 4020
f 4021 4022 4023
f 4021 4023 4024
f 4025 4026 4027
f 4025 4027 4028
f 4029 4030 4031
f 4029 4031 4032
f 4033 4034 4035
f 4033 4035 4036
f 4037 4038 4039
f 4037 4039 4040
f 4041 4042 4043
f 4041 4043 4044
f 4045 4046 4047
f 4045 4047 4048
f 4049 4050 4051
f 4049 4051 4052
f 4053 4054 4055
f 4053 4055 4056
f 4057 4058 4059
f 4057 4059 4060
f 4061 4062 4063
f 4061 4063 4064
f 4065 4066 4067
f 4065 4067 4068
f 4069 4070 4071
f 4069 4071 4072
f 4073 4074 4075
f 4073 4075 4076
f 4077 4078 4079
f 4077 4079 4080
f 4081 4082 4083
f 4081 4083 4084
f 4085 4086 4087
f 4085 4087 4088
f 4089 4090 4091
f 4089 4091 4092
v 4.0889 -1.5063 0.7500
v 4.0756 -1.5055 0.7500
v 4.0616 -1.5053 0.7500
v 3.8411 -1.5053 0.7500
v 3.7334 -2.0145 0.7500
v 3.9644 -2.0145 0.7500
v 3.9809 -2.0143 0.7500
v 3.9967 -2.0135 0.7500
v 4.0122 -2.0122 0.7500
v 4.0270 -2.0104 0.7500
v 4.0412 -2.0079 0.7500
v 4.0550 -2.0051 0.7500
v 4.0680 -2.0015 0.7500
v 4.0805 -1.9977 0.7500
v 4.0924 -1.9931 0.7500
v 4.1039 -1.9880 0.7500
v 4.1148 -1.9824 0.7500
v 4.1253 -1.9763 0.7500
v 4.1355 -1.9697 0.7500
v 4.1451 -1.9623 0.7500
v 4.1543 -1.9544 0.7500
v 4.1630 -1.9458 0.7500
v 4.1714 -1.9366 0.7500
v 4.1792 -1.9269 0.7500
v 4.1866 -1.9167 0.7500
v 4.1938 -1.9058 0.7500
v 4.2004 -1.8943 0.7500
v 4.2067 -1.8824 0.7500
v 4.2126 -1.8696 0.7500
v 4.2185 -1.8564 0.7500
v 4.2238 -1.8424 0.7500
v 4.2289 -1.8276 0.7500
v 4.2335 -1.8126 0.7500
v 4.2381 -1.7966 0.7500
v 4.2421 -1.7803 0.7500
v 4.2460 -1.7632 0.7500
v 4.2493 -1.7451 0.7500
v 4.2521 -1.7278 0.7500
v 4.2539 -1.7113 0.7500
v 4.2551 -1.6952 0.7500
v 4.2556 -1.6802 0.7500
v 4.2554 -1.6657 0.7500
v 4.2544 -1.6517 0.7500
v 4.2526 -1.6387 0.7500
v 4.2500 -1.6262 0.7500
v 4.2467 -1.6145 0.7500
v 4.2426 -1.6033 0.7500
v 4.2383 -1.5929 0.7500
v 4.2330 -1.5832 0.7500
v 4.2274 -1.5738 0.7500
v 4.2210 -1.5654 0.7500
v 4.2141 -1.5572 0.7500
v 4.2065 -1.5498 0.7500
v 4.1983 -1.5432 0.7500
v 4.1897 -1.5371 0.7500
v 4.1803 -1.5315 0.7500
v 4.1703 -1.5264 0.7500
v 4.1602 -1.5221 0.7500
v 4.1495 -1.5183 0.7500
v 4.1383 -1.5147 0.7500
v 4.1265 -1.5119 0.7500
v 4.1143 -1.5096 0.7500
v 4.1018 -1.5078 0.7500
v 3.9753 -1.9160 0.7500
v 3.9664 -1.9165 0.7500
v 3.8813 -1.9165 0.7500
v 3.9478 -1.6033 0.7500
v 4.0237 -1.6033 0.7500
v 4.0341 -1.6036 0.7500
v 4.0438 -1.6041 0.7500
v 4.0530 -1.6046 0.7500
v 4.0614 -1.6056 0.7500
v 4.0695 -1.6069 0.7500
v 4.0769 -1.6084 0.7500
v 4.0838 -1.6102 0.7500
v 4.0899 -1.6122 0.7500
v 4.0957 -1.6145 0.7500
v 4.1008 -1.6173 0.7500
v 4.1054 -1.6201 0.7500
v 4.1095 -1.6237 0.7500
v 4.1133 -1.6275 0.7500
v 4.1166 -1.6316 0.7500
v 4.1194 -1.6362 0.7500
v 4.1220 -1.6412 0.7500
v 4.1240 -1.6466 0.7500
v 4.1255 -1.6525 0.7500
v 4.1265 -1.6588 0.7500
v 4.1273 -1.6654 0.7500
v 4.1276 -1.6726 0.7500
v 4.1276 -1.6805 0.7500
v 4.1273 -1.6886 0.7500
v 4.1265 -1.6975 0.7500
v 4.1258 -1.7072 0.7500
v 4.1245 -1.7171 0.7500
v 4.1230 -1.7278 0.7500
v 4.1209 -1.7390 0.7500
v 4.1187 -1.7507 0.7500
v 4.1161 -1.7632 0.7500
v 4.1136 -1.7754 0.7500
v 4.1105 -1.7869 0.7500
v 4.1077 -1.7981 0.7500
v 4.1044 -1.8085 0.7500
v 4.1013 -1.8182 0.7500
v 4.0980 -1.8276 0.7500
v 4.0945 -1.8363 0.7500
v 4.0909 -1.8444 0.7500
v 4.0873 -1.8518 0.7500
v 4.0835 -1.8589 0.7500
v 4.0794 -1.8653 0.7500
v 4.0751 -1.8712 0.7500
v 4.0708 -1.8768 0.7500
v 4.0662 -1.8821 0.7500
v 4.0614 -1.8867 0.7500
v 4.0563 -1.8910 0.7500
v 4.0512 -1.8951 0.7500
v 4.0456 -1.8987 0.7500
v 4.0400 -1.9017 0.7500
v 4.0339 -1.9043 0.7500
v 4.0278 -1.9066 0.7500
v 4.0214 -1.9086 0.7500
v 4.0145 -1.9106 0.7500
v 4.0074 -1.9122 0.7500
v 3.9997 -1.9134 0.7500
v 3.9919 -1.9147 0.7500
v 3.9837 -1.9155 0.7500
v 4.0889 -1.5063 -0.7500
v 4.0756 -1.5055 -0.7500
v 4.0616 -1.5053 -0.7500
v 3.8411 -1.5053 -0.7500
v 3.7334 -2.0145 -0.7500
v 3.9644 -2.0145 -0.7500
v 3.9809 -2.0143 -0.7500
v 3.9967 -2.0135 -0.7500
v 4.0122 -2.0122 -0.7500
v 4.0270 -2.0104 -0.7500
v 4.0412 -2.0079 -0.7500
v 4.0550 -2.0051 -0.7500
v 4.0680 -2.0015 -0.7500
v 4.0805 -1.9977 -0.7500
v 4.0924 -1.9931 -0.7500
v 4.1039 -1.9880 -0.7500
v 4.1148 -1.9824 -0.7500
v 4.1253 -1.9763 -0.7500
v 4.1355 -1.9697 -0.7500
v 4.1451 -1.9623 -0.7500
v 4.1543 -1.9544 -0.7500
v 4.1630 -1.9458 -0.7500
v 4.1714 -1.9366 -0.7500
v 4.1792 -1.9269 -0.7500
v 4.1866 -1.9167 -0.7500
v 4.1938 -1.9058 -0.7500
v 4.2004 -1.8943 -0.7500
v 4.2067 -1.8824 -0.7500
v 4.2126 -1.8696 -0.7500
v 4.2185 -1.8564 -0.7500
v 4.2238 -1.8424 -0.7500
v 4.2289 -1.8276 -0.7500
v 4.2335 -1.8126 -0.7500
v 4.2381 -1.7966 -0.7500
v 4.2421 -1.7803 -0.7500
v 4.2460 -1.7632 -0.7500
v 4.2493 -1.7451 -0.7500
v 4.2521 -1.7278 -0.7500
v 4.2539 -1.7113 -0.7500
v 4.2551 -1.6952 -0.7500
v 4.2556 -1.6802 -0.7500
v 4.2554 -1.6657 -0.7500
v 4.2544 -1.6517 -0.7500
v 4.2526 -1.6387 -0.7500
v 4.2500 -1.6262 -0.7500
v 4.2467 -1.6145 -0.7500
v 4.2426 -1.6033 -0.7500
v 4.2383 -1.5929 -0.7500
v 4.2330 -1.5832 -0.7500
v 4.2274 -1.5738 -0.7500
v 4.2210 -1.5654 -0.7500
v 4.2141 -1.5572 -0.7500
v 4.2065 -1.5498 -0.7500
v 4.1983 -1.5432 -0.7500
v 4.1897 -1.5371 -0.7500
v 4.1803 -1.5315 -0.7500
v 4.1703 -1.5264 -0.7500
v 4.1602 -1.5221 -0.7500
v 4.1495 -1.5183 -0.7500
v 4.1383 -1.5147 -0.7500
v 4.1265 -1.5119 -0.7500
v 4.1143 -1.5096 -0.7500
v 4.1018 -1.5078 -0.7500
v 3.9753 -1.9160 -0.7500
v 3.9664 -1.9165 -0.7500
v 3.8813 -1.9165 -0.7500
v 3.9478 -1.6033 -0.7500
v 4.0237 -1.6033 -0.7500
v 4.0341 -1.6036 -0.7500
v 4.0438 -1.6041 -0.7500
v 4.0530 -1.6046 -0.7500
v 4.0614 -1.6056 -0.7500
v 4.0695 -1.6069 -0.7500
v 4.0769 -1.6084 -0.7500
v 4.0838 -1.6102 -0.7500
v 4.0899 -1.6122 -0.7500
v 4.0957 -1.6145 -0.7500
v 4.1008 -1.6173 -0.7500
v 4.1054 -1.6201 -0.7500
v 4.1095 -1.6237 -0.7500
v 4.1133 -1.6275 -0.7500
v 4.1166 -1.6316 -0.7500
v 4.1194 -1.6362 -0.7500
v 4.1220 -1.6412 -0.7500
v 4.1240 -1.6466 -0.7500
v 4.1255 -1.6525 -0.7500
v 4.1265 -1.6588 -0.7500
v 4.1273 -1.6654 -0.7500
v 4.1276 -1.6726 -0.7500
v 4.1276 -1.6805 -0.7500
v 4.1273 -1.6886 -0.7500
v 4.1265 -1.6975 -0.7500
v 4.1258 -1.7072 -0.7500
v 4.1245 -1.7171 -0.7500
v 4.1230 -1.7278 -0.7500
v 4.1209 -1.7390 -0.7500
v 4.1187 -1.7507 -0.7500
v 4.1161 -1.7632 -0.7500
v 4.1136 -1.7754 -0.7500
v 4.1105 -1.7869 -0.7500
v 4.1077 -1.7981 -0.7500
v 4.1044 -1.8085 -0.7500
v 4.1013 -1.8182 -0.7500
v 4.0980 -1.8276 -0.7500
v 4.0945 -1.8363 -0.7500
v 4.0909 -1.8444 -0.7500
v 4.0873 -1.8518 -0.7500
v 4.0835 -1.8589 -0.7500
v 4.0794 -1.8653 -0.7500
v 4.0751 -1.8712 -0.7500
v 4.0708 -1.8768 -0.7500
v 4.0662 -1.8821 -0.7500
v 4.0614 -1.8867 -0.7500
v 4.0563 -1.8910 -0.7500
v 4.0512 -1.8951 -0.7500
v 4.0456 -1.8987 -0.7500
v 4.0400 -1.9017 -0.7500
v 4.0339 -1.9043 -0.7500
v 4.0278 -1.9066 -0.7500
v 4.0214 -1.9086 -0.7500
v 4.0145 -1.9106 -0.7500
v 4.0074 -1.9122 -0.7500
v 3.9997 -1.9134 -0.7500
v 3.9919 -1.9147 -0.7500
v 3.9837 -1.9155 -0.7500
v 3.8813 -1.9165 -0.7500
v 3.9478 -1.6033 -0.7500
v 3.9478 -1.6033 0.7500
v 3.8813 -1.9165 0.7500
v 4.1273 -1.6886 -0.7500
v 4.1265 -1.6975 -0.7500
v 4.1265 -1.6975 0.7500
v 4.1273 -1.6886 0.7500
v 4.1265 -1.6975 -0.7500
v 4.1258 -1.7072 -0.7500
v 4.1258 -1.7072 0.7500
v 4.1265 -1.6975 0.7500
v 4.1136 -1.7754 -0.7500
v 4.1105 -1.7869 -0.7500
v 4.1105 -1.7869 0.7500
v 4.1136 -1.7754 0.7500
v 4.1105 -1.7869 -0.7500
v 4.1077 -1.7981 -0.7500
v 4.1077 -1.7981 0.7500
v 4.1105 -1.7869 0.7500
v 4.1077 -1.7981 -0.7500
v 4.1044 -1.8085 -0.7500
v 4.1044 -1.8085 0.7500
v 4.1077 -1.7981 0.7500
v 4.1044 -1.8085 -0.7500
v 4.1013 -1.8182 -0.7500
v 4.1013 -1.8182 0.7500
v 4.1044 -1.8085 0.7500
v 3.9664 -1.9165 -0.7500
v 3.8813 -1.9165 -0.7500
v 3.8813 -1.9165 0.7500
v 3.9664 -1.9165 0.7500
v 3.7334 -2.0145 -0.7500
v 3.9644 -2.0145 -0.7500
v 3.9644 -2.0145 0.7500
v 3.7334 -2.0145 0.7500
v 3.9644 -2.0145 -0.7500
v 3.9809 -2.0143 -0.7500
v 3.9809 -2.0143 0.7500
v 3.9644 -2.0145 0.7500
v 3.9809 -2.0143 -0.7500
v 3.9967 -2.0135 -0.7500
v 3.9967 -2.0135 0.7500
v 3.9809 -2.0143 0.7500
v 3.9967 -2.0135 -0.7500
v 4.0122 -2.0122 -0.7500
v 4.0122 -2.0122 0.7500
v 3.9967 -2.0135 0.7500
v 4.0122 -2.0122 -0.7500
v 4.0270 -2.0104 -0.7500
v 4.0270 -2.0104 0.7500
v 4.0122 -2.0122 0.7500
v 4.0270 -2.0104 -0.7500
v 4.0412 -2.0079 -0.7500
v 4.0412 -2.0079 0.7500
v 4.0270 -2.0104 0.7500
v 4.0412 -2.0079 -0.7500
v 4.0550 -2.0051 -0.7500
v 4.0550 -2.0051 0.7500
v 4.0412 -2.0079 0.7500
v 4.0550 -2.0051 -0.7500
v 4.0680 -2.0015 -0.7500
v 4.0680 -2.0015 0.7500
v 4.0550 -2.0051 0.7500
v 4.0680 -2.0015 -0.7500
v 4.0805 -1.9977 -0.7500
v 4.0805 -1.9977 0.7500
v 4.0680 -2.0015 0.7500
v 4.0805 -1.9977 -0.7500
v 4.0924 -1.9931 -0.7500
v 4.0924 -1.9931 0.7500
v 4.0805 -1.9977 0.7500
v 4.0924 -1.9931 -0.7500
v 4.1039 -1.9880 -0.7500
v 4.1039 -1.9880 0.7500
v 4.0924 -1.9931 0.7500
v 4.1039 -1.9880 -0.7500
v 4.1148 -1.9824 -0.7500
v 4.1148 -1.9824 0.7500
v 4.1039 -1.9880 0.7500
v 4.1148 -1.9824 -0.7500
v 4.1253 -1.9763 -0.7500
v 4.1253 -1.9763 0.7500
v 4.1148 -1.9824 0.7500
v 4.1253 -1.9763 -0.7500
v 4.1355 -1.9697 -0.7500
v 4.1355 -1.9697 0.7500
v 4.1253 -1.9763 0.7500
v 4.1355 -1.9697 -0.7500
v 4.1451 -1.9623 -0.7500
v 4.1451 -1.9623 0.7500
v 4.1355 -1.9697 0.7500
v 4.1451 -1.9623 -0.7500
v 4.1543 -1.9544 -0.7500
v 4.1543 -1.9544 0.7500
v 4.1451 -1.9623 0.7500
v 4.1543 -1.9544 -0.7500
v 4.1630 -1.9458 -0.7500
v 4.1630 -1.9458 0.7500
v 4.1543 -1.9544 0.7500
v 4.1630 -1.9458 -0.7500
v 4.1714 -1.9366 -0.7500
v 4.1714 -1.9366 0.7500
v 4.1630 -1.9458 0.7500
v 4.1714 -1.9366 -0.7500
v 4.1792 -1.9269 -0.7500
v 4.1792 -1.9269 0.7500
v 4.1714 -1.9366 0.7500
v 4.1792 -1.9269 -0.7500
v 4.1866 -1.9167 -0.7500
v 4.1866 -1.9167 0.7500
v 4.1792 -1.9269 0.7500
v 4.1866 -1.9167 -0.7500
v 4.1938 -1.9058 -0.7500
v 4.1938 -1.9058 0.7500
v 4.1866 -1.9167 0.7500
v 4.1938 -1.9058 -0.7500
v 4.2004 -1.8943 -0.7500
v 4.2004 -1.8943 0.7500
v 4.1938 -1.9058 0.7500
v 4.2004 -1.8943 -0.7500
v 4.2067 -1.8824 -0.7500
v 4.2067 -1.8824 0.7500
v 4.2004 -1.8943 0.7500
v 4.2067 -1.8824 -0.7500
v 4.2126 -1.8696 -0.7500
v 4.2126 -1.8696 0.7500
v 4.2067 -1.8824 0.7500
v 4.2126 -1.8696 -0.7500
v 4.2185 -1.8564 -0.7500
v 4.2185 -1.8564 0.7500
v 4.2126 -1.8696 0.7500
v 4.2185 -1.8564 -0.7500
v 4.2238 -1.8424 -0.7500
v 4.2238 -1.8424 0.7500
v 4.2185 -1.8564 0.7500
v 4.2238 -1.8424 -0.7500
v 4.2289 -1.8276 -0.7500
v 4.2289 -1.8276 0.7500
v 4.2238 -1.8424 0.7500
v 4.2289 -1.8276 -0.7500
v 4.2335 -1.8126 -0.7500
v 4.2335 -1.8126 0.7500
v 4.2289 -1.8276 0.7500
v 4.2335 -1.8126 -0.7500
v 4.2381 -1.7966 -0.7500
v 4.2381 -1.7966 0.7500
v 4.2335 -1.8126 0.7500
v 4.2381 -1.7966 -0.7500
v 4.2421 -1.7803 -0.7500
v 4.2421 -1.7803 0.7500
v 4.2381 -1.7966 0.7500
v 4.2421 -1.7803 -0.7500
v 4.2460 -1.7632 -0.7500
v 4.2460 -1.7632 0.7500
v 4.2421 -1.7803 0.7500
v 4.2460 -1.7632 -0.7500
v 4.2493 -1.7451 -0.7500
v 4.2493 -1.7451 0.7500
v 4.2460 -1.7632 0.7500
v 4.2493 -1.7451 -0.7500
v 4.2521 -1.7278 -0.7500
v 4.2521 -1.7278 0.7500
v 4.2493 -1.7451 0.7500
v 4.2521 -1.7278 -0.7500
v 4.2539 -1.7113 -0.7500
v 4.2539 -1.7113 0.7500
v 4.2521 -1.7278 0.7500
v 4.2539 -1.7113 -0.7500
v 4.2551 -1.6952 -0.7500
v 4.2551 -1.6952 0.7500
v 4.2539 -1.7113 0.7500
v 4.2551 -1.6952 -0.7500
v 4.2556 -1.6802 -0.7500
v 4.2556 -1.6802 0.7500
v 4.2551 -1.6952 0.7500
v 4.2556 -1.6802 -0.7500
v 4.2554 -1.6657 -0.7500
v 4.2554 -1.6657 0.7500
v 4.2556 -1.6802 0.7500
v 4.2554 -1.6657 -0.7500
v 4.2544 -1.6517 -0.7500
v 4.2544 -1.6517 0.7500
v 4.2554 -1.6657 0.7500
v 4.2544 -1.6517 -0.7500
v 4.2526 -1.6387 -0.7500
v 4.2526 -1.6387 0.7500
v 4.2544 -1.6517 0.7500
v 4.2526 -1.6387 -0.7500
v 4.2500 -1.6262 -0.7500
v 4.2500 -1.6262 0.7500
v 4.2526 -1.6387 0.7500
v 4.2500 -1.6262 -0.7500
v 4.2467 -1.6145 -0.7500
v 4.2467 -1.6145 0.7500
v 4.2500 -1.6262 0.7500
v 4.2467 -1.6145 -0.7500
v 4.2426 -1.6033 -0.7500
v 4.2426 -1.6033 0.7500
v 4.2467 -1.6145 0.7500
v 4.2426 -1.6033 -0.7500
v 4.2383 -1.5929 -0.7500
v 4.2383 -1.5929 0.7500
v 4.2426 -1.6033 0.7500
v 4.2383 -1.5929 -0.7500
v 4.2330 -1.5832 -0.7500
v 4.2330 -1.5832 0.7500
v 4.2383 -1.5929 0.7500
v 4.2330 -1.5832 -0.7500
v 4.2274 -1.5738 -0.7500
v 4.2274 -1.5738 0.7500
v 4.2330 -1.5832 0.7500
v 4.2274 -1.5738 -0.7500
v 4.2210 -1.5654 -0.7500
v 4.2210 -1.5654 0.7500
v 4.2274 -1.5738 0.7500
v 4.2210 -1.5654 -0.7500
v 4.2141 -1.5572 -0.7500
v 4.2141 -1.5572 0.7500
v 4.2210 -1.5654 0.7500
v 4.2141 -1.5572 -0.7500
v 4.2065 -1.5498 -0.7500
v 4.2065 -1.5498 0.7500
v 4.2141 -1.5572 0.7500
v 4.2065 -1.5498 -0.7500
v 4.1983 -1.5432 -0.7500
v 4.1983 -1.5432 0.7500
v 4.2065 -1.5498 0.7500
v 4.1983 -1.5432 -0.7500
v 4.1897 -1.5371 -0.7500
v 4.1897 -1.5371 0.7500
v 4.1983 -1.5432 0.7500
v 4.1897 -1.5371 -0.7500
v 4.1803 -1.5315 -0.7500
v 4.1803 -1.5315 0.7500
v 4.1897 -1.5371 0.7500
v 4.1803 -1.5315 -0.7500
v 4.1703 -1.5264 -0.7500
v 4.1703 -1.5264 0.7500
v 4.1803 -1.5315 0.7500
v 4.1703 -1.5264 -0.7500
v 4.1602 -1.5221 -0.7500
v 4.1602 -1.5221 0.7500
v 4.1703 -1.5264 0.7500
v 4.1602 -1.5221 -0.7500
v 4.1495 -1.5183 -0.7500
v 4.1495 -1.5183 0.7500
v 4.1602 -1.5221 0.7500
v 4.1495 -1.5183 -0.7500
v 4.1383 -1.5147 -0.7500
v 4.1383 -1.5147 0.7500
v 4.1495 -1.5183 0.7500
v 4.1383 -1.5147 -0.7500
v 4.1265 -1.5119 -0.7500
v 4.1265 -1.5119 0.7500
v 4.1383 -1.5147 0.7500
v 4.1265 -1.5119 -0.7500
v 4.1143 -1.5096 -0.7500
v 4.1143 -1.5096 0.7500
v 4.1265 -1.5119 0.7500
v 4.1143 -1.5096 -0.7500
v 4.1018 -1.5078 -0.7500
v 4.1018 -1.5078 0.7500
v 4.1143 -1.5096 0.7500
v 4.1018 -1.5078 -0.7500
v 4.0889 -1.5063 -0.7500
v 4.0889 -1.5063 0.7500
v 4.1018 -1.5078 0.7500
v 4.0889 -1.5063 -0.7500
v 4.0756 -1.5055 -0.7500
v 4.0756 -1.5055 0.7500
v 4.0889 -1.5063 0.7500
v 4.0756 -1.5055 -0.7500
v 4.0616 -1.5053 -0.7500
v 4.0616 -1.5053 0.7500
v 4.0756 -1.5055 0.7500
v 4.0616 -1.5053 -0.7500
v 3.8411 -1.5053 -0.7500
v 3.8411 -1.5053 0.7500
v 4.0616 -1.5053 0.7500
v 3.8411 -1.5053 -0.7500
v 3.7334 -2.0145 -0.7500
v 3.7334 -2.0145 0.7500
v 3.8411 -1.5053 0.7500
v 3.9753 -1.9160 -0.7500
v 3.9664 -1.9165 -0.7500
v 3.9664 -1.9165 0.7500
v 3.9753 -1.9160 0.7500
v 3.9837 -1.9155 -0.7500
v 3.9753 -1.9160 -0.7500
v 3.9753 -1.9160 0.7500
v 3.9837 -1.9155 0.7500
v 3.9919 -1.9147 -0.7500
v 3.9837 -1.9155 -0.7500
v 3.9837 -1.9155 0.7500
v 3.9919 -1.9147 0.7500
v 3.9997 -1.9134 -0.7500
v 3.9919 -1.9147 -0.7500
v 3.9919 -1.9147 0.7500
v 3.9997 -1.9134 0.7500
v 3.9478 -1.6033 -0.7500
v 4.0237 -1.6033 -0.7500
v 4.0237 -1.6033 0.7500
v 3.9478 -1.6033 0.7500
v 4.0074 -1.9122 -0.7500
v 3.9997 -1.9134 -0.7500
v 3.9997 -1.9134 0.7500
v 4.0074 -1.9122 0.7500
v 4.0237 -1.6033 -0.7500
v 4.0341 -1.6036 -0.7500
v 4.0341 -1.6036 0.7500
v 4.0237 -1.6033 0.7500
v 4.0145 -1.9106 -0.7500
v 4.0074 -1.9122 -0.7500
v 4.0074 -1.9122 0.7500
v 4.0145 -1.9106 0.7500
v 4.0341 -1.6036 -0.7500
v 4.0438 -1.6041 -0.7500
v 4.0438 -1.6041 0.7500
v 4.0341 -1.6036 0.7500
v 4.0214 -1.9086 -0.7500
v 4.0145 -1.9106 -0.7500
v 4.0145 -1.9106 0.7500
v 4.0214 -1.9086 0.7500
v 4.0438 -1.6041 -0.7500
v 4.0530 -1.6046 -0.7500
v 4.0530 -1.6046 0.7500
v 4.0438 -1.6041 0.7500
v 4.0278 -1.9066 -0.7500
v 4.0214 -1.9086 -0.7500
v 4.0214 -1.9086 0.7500
v 4.0278 -1.9066 0.7500
v 4.0530 -1.6046 -0.7500
v 4.0614 -1.6056 -0.7500
v 4.0614 -1.6056 0.7500
v 4.0530 -1.6046 0.7500
v 4.0614 -1.6056 -0.7500
v 4.0695 -1.6069 -0.7500
v 4.0695 -1.6069 0.7500
v 4.0614 -1.6056 0.7500
v 4.0339 -1.9043 -0.7500
v 4.0278 -1.9066 -0.7500
v 4.0278 -1.9066 0.7500
v 4.0339 -1.9043 0.7500
v 4.0695 -1.6069 -0.7500
v 4.0769 -1.6084 -0.7500
v 4.0769 -1.6084 0.7500
v 4.0695 -1.6069 0.7500
v 4.0400 -1.9017 -0.7500
v 4.0339 -1.9043 -0.7500
v 4.0339 -1.9043 0.7500
v 4.0400 -1.9017 0.7500
v 4.0769 -1.6084 -0.7500
v 4.0838 -1.6102 -0.7500
v 4.0838 -1.6102 0.7500
v 4.0769 -1.6084 0.7500
v 4.0456 -1.8987 -0.7500
v 4.0400 -1.9017 -0.7500
v 4.0400 -1.9017 0.7500
v 4.0456 -1.8987 0.7500
v 4.0838 -1.6102 -0.7500
v 4.0899 -1.6122 -0.7500
v 4.0899 -1.6122 0.7500
v 4.0838 -1.6102 0.7500
v 4.0512 -1.8951 -0.7500
v 4.0456 -1.8987 -0.7500
v 4.0456 -1.8987 0.7500
v 4.0512 -1.8951 0.7500
v 4.0899 -1.6122 -0.7500
v 4.0957 -1.6145 -0.7500
v 4.0957 -1.6145 0.7500
v 4.0899 -1.6122 0.7500
v 4.0563 -1.8910 -0.7500
v 4.0512 -1.8951 -0.7500
v 4.0512 -1.8951 0.7500
v 4.0563 -1.8910 0.7500
v 4.0957 -1.6145 -0.7500
v 4.1008 -1.6173 -0.7500
v 4.1008 -1.6173 0.7500
v 4.0957 -1.6145 0.7500
v 4.0614 -1.8867 -0.7500
v 4.0563 -1.8910 -0.7500
v 4.0563 -1.8910 0.7500
v 4.0614 -1.8867 0.7500
v 4.1008 -1.6173 -0.7500
v 4.1054 -1.6201 -0.7500
v 4.1054 -1.6201 0.7500
v 4.1008 -1.6173 0.7500
v 4.0662 -1.8821 -0.7500
v 4.0614 -1.8867 -0.7500
v 4.0614 -1.8867 0.7500
v 4.0662 -1.8821 0.7500
v 4.1054 -1.6201 -0.7500
v 4.1095 -1.6237 -0.7500
v 4.1095 -1.6237 0.7500
v 4.1054 -1.6201 0.7500
v 4.0708 -1.8768 -0.7500
v 4.0662 -1.8821 -0.7500
v 4.0662 -1.8821 0.7500
v 4.0708 -1.8768 0.7500
v 4.1095 -1.6237 -0.7500
v 4.1133 -1.6275 -0.7500
v 4.1133 -1.6275 0.7500
v 4.1095 -1.6237 0.7500
v 4.0751 -1.8712 -0.7500
v 4.0708 -1.8768 -0.7500
v 4.0708 -1.8768 0.7500
v 4.0751 -1.8712 0.7500
v 4.1133 -1.6275 -0.7500
v 4.1166 -1.6316 -0.7500
v 4.1166 -1.6316 0.7500
v 4.1133 -1.6275 0.7500
v 4.0794 -1.8653 -0.7500
v 4.0751 -1.8712 -0.7500
v 4.0751 -1.8712 0.7500
v 4.0794 -1.8653 0.7500
v 4.1166 -1.6316 -0.7500
v 4.1194 -1.6362 -0.7500
v 4.1194 -1.6362 0.7500
v 4.1166 -1.6316 0.7500
v 4.0835 -1.8589 -0.7500
v 4.0794 -1.8653 -0.7500
v 4.0794 -1.8653 0.7500
v 4.0835 -1.8589 0.7500
v 4.1194 -1.6362 -0.7500
v 4.1220 -1.6412 -0.7500
v 4.1220 -1.6412 0.7500
v 4.1194 -1.6362 0.7500
v 4.0873 -1.8518 -0.7500
v 4.0835 -1.8589 -0.7500
v 4.0835 -1.8589 0.7500
v 4.0873 -1.8518 0.7500
v 4.1220 -1.6412 -0.7500
v 4.1240 -1.6466 -0.7500
v 4.1240 -1.6466 0.7500
v 4.1220 -1.6412 0.7500
v 4.0909 -1.8444 -0.7500
v 4.0873 -1.8518 -0.7500
v 4.0873 -1.8518 0.7500
v 4.0909 -1.8444 0.7500
v 4.1240 -1.6466 -0.7500
v 4.1255 -1.6525 -0.7500
v 4.1255 -1.6525 0.7500
v 4.1240 -1.6466 0.7500
v 4.0945 -1.8363 -0.7500
v 4.0909 -1.8444 -0.7500
v 4.0909 -1.8444 0.7500
v 4.0945 -1.8363 0.7500
v 4.1255 -1.6525 -0.7500
v 4.1265 -1.6588 -0.7500
v 4.1265 -1.6588 0.7500
v 4.1255 -1.6525 0.7500
v 4.0980 -1.8276 -0.7500
v 4.0945 -1.8363 -0.7500
v 4.0945 -1.8363 0.7500
v 4.0980 -1.8276 0.7500
v 4.1265 -1.6588 -0.7500
v 4.1273 -1.6654 -0.7500
v 4.1273 -1.6654 0.7500
v 4.1265 -1.6588 0.7500
v 4.1013 -1.8182 -0.7500
v 4.0980 -1.8276 -0.7500
v 4.0980 -1.8276 0.7500
v 4.1013 -1.8182 0.7500
v 4.1273 -1.6654 -0.7500
v 4.1276 -1.6726 -0.7500
v 4.1276 -1.6726 0.7500
v 4.1273 -1.6654 0.7500
v 4.1276 -1.6726 -0.7500
v 4.1276 -1.6805 -0.7500
v 4.1276 -1.6805 0.7500
v 4.1276 -1.6726 0.7500
v 4.1161 -1.7632 -0.7500
v 4.1136 -1.7754 -0.7500
v 4.1136 -1.7754 0.7500
v 4.1161 -1.7632 0.7500
v 4.1276 -1.6805 -0.7500
v 4.1273 -1.6886 -0.7500
v 4.1273 -1.6886 0.7500
v 4.1276 -1.6805 0.7500
v 4.1187 -1.7507 -0.7500
v 4.1161 -1.7632 -0.7500
v 4.1161 -1.7632 0.7500
v 4.1187 -1.7507 0.7500
v 4.1209 -1.7390 -0.7500
v 4.1187 -1.7507 -0.7500
v 4.1187 -1.7507 0.7500
v 4.1209 -1.7390 0.7500
v 4.1258 -1.7072 -0.7500
v 4.1245 -1.7171 -0.7500
v 4.1245 -1.7171 0.7500
v 4.1258 -1.7072 0.7500
v 4.1230 -1.7278 -0.7500
v 4.1209 -1.7390 -0.7500
v 4.1209 -1.7390 0.7500
v 4.1230 -1.7278 0.7500
v 4.1245 -1.7171 -0.7500
v 4.1230 -1.7278 -0.7500
v 4.1230 -1.7278 0.7500
v 4.1245 -1.7171 0.7500
f 4097 4158 4159
f 4183 4184 4185
f 4191 4192 4193
f 4193 4194 4195
f 4157 4158 4097
f 4097 4098 4099
f 4099 4100 4101
f 4101 4102 4103
f 4103 4104 4105
f 4105 4106 4107
f 4107 4108 4109
f 4109 4110 4111
f 4111 4112 4113
f 4113 4114 4115
f 4115 4116 4117
f 4117 4118 4119
f 4119 4120 4121
f 4121 4122 4123
f 4123 4124 4125
f 4125 4126 4127
f 4127 4128 4129
f 4129 4130 4131
f 4131 4132 4133
f 4133 4134 4135
f 4135 4136 4137
f 4137 4138 4139
f 4139 4140 4141
f 4141 4142 4143
f 4143 4144 4145
f 4145 4146 4147
f 4147 4148 4149
f 4149 4150 4151
f 4151 4152 4153
f 4153 4154 4155
f 4155 4093 4094
f 4094 4095 4096
f 4096 4097 4159
f 4156 4157 4097
f 4097 4099 4101
f 4101 4103 4105
f 4105 4107 4109
f 4109 4111 4113
f 4113 4115 4117
f 4117 4119 4121
f 4121 4123 4125
f 4125 4127 4129
f 4129 4131 4133
f 4133 4135 4137
f 4137 4139 4141
f 4141 4143 4145
f 4145 4147 4149
f 4149 4151 4153
f 4153 4155 4094
f 4094 4096 4159
f 4217 4156 4097
f 4097 4101 4105
f 4105 4109 4113
f 4113 4117 4121
f 4121 4125 4129
f 4129 4133 4137
f 4137 4141 4145
f 4145 4149 4153
f 4153 4094 4159
f 4216 4217 4097
f 4097 4105 4113
f 4113 4121 4129
f 4129 4137 4145
f 4145 4153 4159
f 4215 4216 4097
f 4113 4129 4145
f 4145 4159 4160
f 4214 4215 4097
f 4145 4160 4161
f 4213 4214 4097
f 4145 4161 4162
f 4212 4213 4097
f 4145 4162 4163
f 4211 4212 4097
f 4145 4163 4164
f 4211 4097 4113
f 4145 4164 4165
f 4210 4211 4113
f 4145 4165 4166
f 4209 4210 4113
f 4145 4166 4167
f 4208 4209 4113
f 4145 4167 4168
f 4207 4208 4113
f 4145 4168 4169
f 4206 4207 4113
f 4145 4169 4170
f 4205 4206 4113
f 4145 4170 4171
f 4204 4205 4113
f 4145 4171 4172
f 4203 4204 4113
f 4145 4172 4173
f 4202 4203 4113
f 4145 4173 4174
f 4201 4202 4113
f 4145 4174 4175
f 4200 4201 4113
f 4145 4175 4176
f 4199 4200 4113
f 4145 4176 4177
f 4198 4199 4113
f 4145 4177 4178
f 4197 4198 4113
f 4145 4178 4179
f 4196 4197 4113
f 4145 4179 4180
f 4195 4196 4113
f 4113 4145 4180
f 4193 4195 4113
f 4113 4180 4181
f 4191 4193 4113
f 4113 4181 4182
f 4190 4191 4113
f 4113 4182 4183
f 4189 4190 4113
f 4113 4183 4185
f 4188 4189 4113
f 4113 4185 4186
f 4187 4188 4113
f 4113 4186 4187
f 4222 4284 4283
f 4308 4310 4309
f 4316 4318 4317
f 4318 4320 4319
f 4282 4222 4283
f 4222 4224 4223
f 4224 4226 4225
f 4226 4228 4227
f 4228 4230 4229
f 4230 4232 4231
f 4232 4234 4233
f 4234 4236 4235
f 4236 4238 4237
f 4238 4240 4239
f 4240 4242 4241
f 4242 4244 4243
f 4244 4246 4245
f 4246 4248 4247
f 4248 4250 4249
f 4250 4252 4251
f 4252 4254 4253
f 4254 4256 4255
f 4256 4258 4257
f 4258 4260 4259
f 4260 4262 4261
f 4262 4264 4263
f 4264 4266 4265
f 4266 4268 4267
f 4268 4270 4269
f 4270 4272 4271
f 4272 4274 4273
f 4274 4276 4275
f 4276 4278 4277
f 4278 4280 4279
f 4280 4219 4218
f 4219 4221 4220
f 4221 4284 4222
f 4281 4222 4282
f 4222 4226 4224
f 4226 4230 4228
f 4230 4234 4232
f 4234 4238 4236
f 4238 4242 4240
f 4242 4246 4244
f 4246 4250 4248
f 4250 4254 4252
f 4254 4258 4256
f 4258 4262 4260
f 4262 4266 4264
f 4266 4270 4268
f 4270 4274 4272
f 4274 4278 4276
f 4278 4219 4280
f 4219 4284 4221
f 4342 4222 4281
f 4222 4230 4226
f 4230 4238 4234
f 4238 4246 4242
f 4246 4254 4250
f 4254 4262 4258
f 4262 4270 4266
f 4270 4278 4274
f 4278 4284 4219
f 4341 4222 4342
f 4222 4238 4230
f 4238 4254 4246
f 4254 4270 4262
f 4270 4284 4278
f 4340 4222 4341
f 4238 4270 4254
f 4270 4285 4284
f 4339 4222 4340
f 4270 4286 4285
f 4338 4222 4339
f 4270 4287 4286
f 4337 4222 4338
f 4270 4288 4287
f 4336 4222 4337
f 4270 4289 4288
f 4336 4238 4222
f 4270 4290 4289
f 4335 4238 4336
f 4270 4291 4290
f 4334 4238 4335
f 4270 4292 4291
f 4333 4238 4334
f 4270 4293 4292
f 4332 4238 4333
f 4270 4294 4293
f 4331 4238 4332
f 4270 4295 4294
f 4330 4238 4331
f 4270 4296 4295
f 4329 4238 4330
f 4270 4297 4296
f 4328 4238 4329
f 4270 4298 4297
f 4327 4238 4328
f 4270 4299 4298
f 4326 4238 4327
f 4270 4300 4299
f 4325 4238 4326
f 4270 4301 4300
f 4324 4238 4325
f 4270 4302 4301
f 4323 4238 4324
f 4270 4303 4302
f 4322 4238 4323
f 4270 4304 4303
f 4321 4238 4322
f 4270 4305 4304
f 4320 4238 4321
f 4238 4305 4270
f 4318 4238 4320
f 4238 4306 4305
f 4316 4238 4318
f 4238 4307 4306
f 4315 4238 4316
f 4238 4308 4307
f 4314 4238 4315
f 4238 4310 4308
f 4313 4238 4314
f 4238 4311 4310
f 4312 4238 4313
f 4238 4312 4311
f 4343 4344 4345
f 4343 4345 4346
f 4347 4348 4349
f 4347 4349 4350
f 4351 4352 4353
f 4351 4353 4354
f 4355 4356 4357
f 4355 4357 4358
f 4359 4360 4361
f 4359 4361 4362
f 4363 4364 4365
f 4363 4365 4366
f 4367 4368 4369
f 4367 4369 4370
f 4371 4372 4373
f 4371 4373 4374
f 4375 4376 4377
f 4375 4377 4378
f 4379 4380 4381
f 4379 4381 4382
f 4383 4384 4385
f 4383 4385 4386
f 4387 4388 4389
f 4387 4389 4390
f 4391 4392 4393
f 4391 4393 4394
f 4395 4396 4397
f 4395 4397 4398
f 4399 4400 4401
f 4399 4401 4402
f 4403 4404 4405
f 4403 4405 4406
f 4407 4408 4409
f 4407 4409 4410
f 4411 4412 4413
f 4411 4413 4414
f 4415 4416 4417
f 4415 4417 4418
f 4419 4420 4421
f 4419 4421 4422
f 4423 4424 4425
f 4423 4425 4426
f 4427 4428 4429
f 4427 4429 4430
f 4431 4432 4433
f 4431 4433 4434
f 4435 4436 4437
f 4435 4437 4438
f 4439 4440 4441
f 4439 4441 4442
f 4443 4444 4445
f 4443 4445 4446
f 4447 4448 4449
f 4447 4449 4450
f 4451 4452 4453
f 4451 4453 4454
f 4455 4456 4457
f 4455 4457 4458
f 4459 4460 4461
f 4459 4461 4462
f 4463 4464 4465
f 4463 4465 4466
f 4467 4468 4469
f 4467 4469 4470
f 4471 4472 4473
f 4471 4473 4474
f 4475 4476 4477
f 4475 4477 4478
f 4479 4480 4481
f 4479 4481 4482
f 4483 4484 4485
f 4483 4485 4486
f 4487 4488 4489
f 4487 4489 4490
f 4491 4492 4493
f 4491 4493 4494
f 4495 4496 4497
f 4495 4497 4498
f 4499 4500 4501
f 4499 4501 4502
f 4503 4504 4505
f 4503 4505 4506
f 4507 4508 4509
f 4507 4509 4510
f 4511 4512 4513
f 4511 4513 4514
f 4515 4516 4517
f 4515 4517 4518
f 4519 4520 4521
f 4519 4521 4522
f 4523 4524 4525
f 4523 4525 4526
f 4527 4528 4529
f 4527 4529 4530
f 4531 4532 4533
f 4531 4533 4534
f 4535 4536 4537
f 4535 4537 4538
f 4539 4540 4541
f 4539 4541 4542
f 4543 4544 4545
f 4543 4545 4546
f 4547 4548 4549
f 4547 4549 4550
f 4551 4552 4553
f 4551 4553 4554
f 4555 4556 4557
f 4555 4557 4558
f 4559 4560 4561
f 4559 4561 4562
f 4563 4564 4565
f 4563 4565 4566
f 4567 4568 4569
f 4567 4569 4570
f 4571 4572 4573
f 4571 4573 4574
f 4575 4576 4577
f 4575 4577 4578
f 4579 4580 4581
f 4579 4581 4582
f 4583 4584 4585
f 4583 4585 4586
f 4587 4588 4589
f 4587 4589 4590
f 4591 4592 4593
f 4591 4593 4594
f 4595 4596 4597
f 4595 4597 4598
f 4599 4600 4601
f 4599 4601 4602
f 4603 4604 4605
f 4603 4605 4606
f 4607 4608 4609
f 4607 4609 4610
f 4611 4612 4613
f 4611 4613 4614
f 4615 4616 4617
f 4615 4617 4618
f 4619 4620 4621
f 4619 4621 4622
f 4623 4624 4625
f 4623 4625 4626
f 4627 4628 4629
f 4627 4629 4630
f 4631 4632 4633
f 4631 4633 4634
f 4635 4636 4637
f 4635 4637 4638
f 4639 4640 4641
f 4639 4641 4642
f 4643 4644 4645
f 4643 4645 4646
f 4647 4648 4649
f 4647 4649 4650
f 4651 4652 4653
f 4651 4653 4654
f 4655 4656 4657
f 4655 4657 4658
f 4659 4660 4661
f 4659 4661 4662
f 4663 4664 4665
f 4663 4665 4666
f 4667 4668 4669
f 4667 4669 4670
f 4671 4672 4673
f 4671 4673 4674
f 4675 4676 4677
f 4675 4677 4678
f 4679 4680 4681
f 4679 4681 4682
f 4683 4684 4685
f 4683 4685 4686
f 4687 4688 4689
f 4687 4689 4690
f 4691 4692 4693
f 4691 4693 4694
f 4695 4696 4697
f 4695 4697 4698
f 4699 4700 4701
f 4699 4701 4702
f 4703 4704 4705
f 4703 4705 4706
f 4707 4708 4709
f 4707 4709 4710
f 4711 4712 4713
f 4711 4713 4714
f 4715 4716 4717
f 4715 4717 4718
f 4719 4720 4721
f 4719 4721 4722
f 4723 4724 4725
f 4723 4725 4726
f 4727 4728 4729
f 4727 4729 4730
f 4731 4732 4733
f 4731 4733 4734
f 4735 4736 4737
f 4735 4737 4738
f 4739 4740 4741
f 4739 4741 4742
f 4743 4744 4745
f 4743 4745 4746
f 4747 4748 4749
f 4747 4749 4750
f 4751 4752 4753
f 4751 4753 4754
f 4755 4756 4757
f 4755 4757 4758
f 4759 4760 4761
f 4759 4761 4762
f 4763 4764 4765
f 4763 4765 4766
f 4767 4768 4769
f 4767 4769 4770
f 4771 4772 4773
f 4771 4773 4774
f 4775 4776 4777
f 4775 4777 4778
f 4779 4780 4781
f 4779 4781 4782
f 4783 4784 4785
f 4783 4785 4786
f 4787 4788 4789
f 4787 4789 4790
f 4791 4792 4793
f 4791 4793 4794
f 4795 4796 4797
f 4795 4797 4798
f 4799 4800 4801
f 4799 4801 4802
f 4803 4804 4805
f 4803 4805 4806
f 4807 4808 4809
f 4807 4809 4810
f 4811 4812 4813
f 4811 4813 4814
f 4815 4816 4817
f 4815 4817 4818
f 4819 4820 4821
f 4819 4821 4822
f 4823 4824 4825
f 4823 4825 4826
f 4827 4828 4829
f 4827 4829 4830
f 4831 4832 4833
f 4831 4833 4834
f 4835 4836 4837
f 4835 4837 4838
f 4839 4840 4841
f 4839 4841 4842
v 0.5090 -1.8098 0.7500
v 0.3562 -1.5053 0.7500
v 0.2472 -1.5053 0.7500
v 0.1395 -2.0145 0.7500
v 0.2668 -2.0145 0.7500
v 0.3310 -1.7110 0.7500
v 0.4835 -2.0145 0.7500
v 0.5935 -2.0145 0.7500
v 0.7010 -1.5053 0.7500
v 0.5729 -1.5053 0.7500
v 0.5090 -1.8098 -0.7500
v 0.3562 -1.5053 -0.7500
v 0.2472 -1.5053 -0.7500
v 0.1395 -2.0145 -0.7500
v 0.2668 -2.0145 -0.7500
v 0.3310 -1.7110 -0.7500
v 0.4835 -2.0145 -0.7500
v 0.5935 -2.0145 -0.7500
v 0.7010 -1.5053 -0.7500
v 0.5729 -1.5053 -0.7500
v 0.7010 -1.5053 -0.7500
v 0.5729 -1.5053 -0.7500
v 0.5729 -1.5053 0.7500
v 0.7010 -1.5053 0.7500
v 0.5729 -1.5053 -0.7500
v 0.5090 -1.8098 -0.7500
v 0.5090 -1.8098 0.7500
v 0.5729 -1.5053 0.7500
v 0.5090 -1.8098 -0.7500
v 0.3562 -1.5053 -0.7500
v 0.3562 -1.5053 0.7500
v 0.5090 -1.8098 0.7500
v 0.3562 -1.5053 -0.7500
v 0.2472 -1.5053 -0.7500
v 0.2472 -1.5053 0.7500
v 0.3562 -1.5053 0.7500
v 0.2472 -1.5053 -0.7500
v 0.1395 -2.0145 -0.7500
v 0.1395 -2.0145 0.7500
v 0.2472 -1.5053 0.7500
v 0.1395 -2.0145 -0.7500
v 0.2668 -2.0145 -0.7500
v 0.2668 -2.0145 0.7500
v 0.1395 -2.0145 0.7500
v 0.3310 -1.7110 -0.7500
v 0.4835 -2.0145 -0.7500
v 0.4835 -2.0145 0.7500
v 0.3310 -1.7110 0.7500
v 0.4835 -2.0145 -0.7500
v 0.5935 -2.0145 -0.7500
v 0.5935 -2.0145 0.7500
v 0.4835 -2.0145 0.7500
v 0.5935 -2.0145 -0.7500
v 0.7010 -1.5053 -0.7500
v 0.7010 -1.5053 0.7500
v 0.5935 -2.0145 0.7500
v 0.2668 -2.0145 -0.7500
v 0.3310 -1.7110 -0.7500
v 0.3310 -1.7110 0.7500
v 0.2668 -2.0145 0.7500
f 4851 4852 4843
f 4843 4844 4845
f 4845 4846 4847
f 4848 4849 4850
f 4850 4851 4843
f 4845 4847 4848
f 4848 4850 4843
f 4843 4845 4848
f 4861 4853 4862
f 4853 4855 4854
f 4855 4857 4856
f 4858 4860 4859
f 4860 4853 4861
f 4855 4858 4857
f 4858 4853 4860
f 4853 4858 4855
f 4863 4864 4865
f 4863 4865 4866
f 4867 4868 4869
f 4867 4869 4870
f 4871 4872 4873
f 4871 4873 4874
f 4875 4876 4877
f 4875 4877 4878
f 4879 4880 4881
f 4879 4881 4882
f 4883 4884 4885
f 4883 4885 4886
f 4887 4888 4889
f 4887 4889 4890
f 4891 4892 4893
f 4891 4893 4894
f 4895 4896 4897
f 4895 4897 4898
f 4899 4900 4901
f 4899 4901 4902
v 3.2873 -2.0204 0.7500
v 3.2996 -2.0214 0.7500
v 3.3118 -2.0222 0.7500
v 3.3248 -2.0224 0.7500
v 3.3469 -2.0219 0.7500
v 3.3683 -2.0206 0.7500
v 3.3887 -2.0181 0.7500
v 3.4085 -2.0145 0.7500
v 3.4274 -2.0102 0.7500
v 3.4452 -2.0048 0.7500
v 3.4625 -1.9982 0.7500
v 3.4788 -1.9908 0.7500
v 3.4943 -1.9824 0.7500
v 3.5088 -1.9730 0.7500
v 3.5226 -1.9626 0.7500
v 3.5353 -1.9511 0.7500
v 3.5473 -1.9386 0.7500
v 3.5580 -1.9249 0.7500
v 3.5679 -1.9104 0.7500
v 3.5766 -1.8946 0.7500
v 3.5845 -1.8778 0.7500
v 3.5913 -1.8600 0.7500
v 3.5975 -1.8409 0.7500
v 3.6023 -1.8208 0.7500
v 3.6687 -1.5053 0.7500
v 3.5414 -1.5053 0.7500
v 3.4773 -1.8090 0.7500
v 3.4750 -1.8192 0.7500
v 3.4722 -1.8292 0.7500
v 3.4689 -1.8383 0.7500
v 3.4653 -1.8470 0.7500
v 3.4615 -1.8554 0.7500
v 3.4572 -1.8630 0.7500
v 3.4526 -1.8699 0.7500
v 3.4475 -1.8765 0.7500
v 3.4421 -1.8826 0.7500
v 3.4363 -1.8880 0.7500
v 3.4299 -1.8931 0.7500
v 3.4230 -1.8974 0.7500
v 3.4157 -1.9015 0.7500
v 3.4075 -1.9048 0.7500
v 3.3991 -1.9076 0.7500
v 3.3899 -1.9101 0.7500
v 3.3803 -1.9119 0.7500
v 3.3698 -1.9132 0.7500
v 3.3591 -1.9139 0.7500
v 3.3477 -1.9142 0.7500
v 3.3365 -1.9139 0.7500
v 3.3260 -1.9132 0.7500
v 3.3166 -1.9119 0.7500
v 3.3077 -1.9101 0.7500
v 3.2998 -1.9076 0.7500
v 3.2924 -1.9048 0.7500
v 3.2861 -1.9015 0.7500
v 3.2802 -1.8974 0.7500
v 3.2754 -1.8931 0.7500
v 3.2713 -1.8880 0.7500
v 3.2680 -1.8826 0.7500
v 3.2652 -1.8765 0.7500
v 3.2629 -1.8699 0.7500
v 3.2611 -1.8630 0.7500
v 3.2601 -1.8554 0.7500
v 3.2596 -1.8470 0.7500
v 3.2598 -1.8383 0.7500
v 3.2606 -1.8292 0.7500
v 3.2619 -1.8192 0.7500
v 3.2639 -1.8090 0.7500
v 3.3278 -1.5053 0.7500
v 3.2005 -1.5053 0.7500
v 3.1341 -1.8208 0.7500
v 3.1320 -1.8330 0.7500
v 3.1305 -1.8447 0.7500
v 3.1297 -1.8559 0.7500
v 3.1295 -1.8671 0.7500
v 3.1300 -1.8778 0.7500
v 3.1313 -1.8885 0.7500
v 3.1330 -1.8987 0.7500
v 3.1356 -1.9083 0.7500
v 3.1389 -1.9180 0.7500
v 3.1427 -1.9272 0.7500
v 3.1473 -1.9361 0.7500
v 3.1524 -1.9445 0.7500
v 3.1580 -1.9526 0.7500
v 3.1641 -1.9603 0.7500
v 3.1707 -1.9677 0.7500
v 3.1781 -1.9743 0.7500
v 3.1857 -1.9809 0.7500
v 3.1939 -1.9868 0.7500
v 3.2028 -1.9924 0.7500
v 3.2120 -1.9977 0.7500
v 3.2216 -2.0023 0.7500
v 3.2318 -2.0066 0.7500
v 3.2423 -2.0102 0.7500
v 3.2530 -2.0135 0.7500
v 3.2642 -2.0163 0.7500
v 3.2756 -2.0186 0.7500
v 3.2873 -2.0204 -0.7500
v 3.2996 -2.0214 -0.7500
v 3.3118 -2.0222 -0.7500
v 3.3248 -2.0224 -0.7500
v 3.3469 -2.0219 -0.7500
v 3.3683 -2.0206 -0.7500
v 3.3887 -2.0181 -0.7500
v 3.4085 -2.0145 -0.7500
v 3.4274 -2.0102 -0.7500
v 3.4452 -2.0048 -0.7500
v 3.4625 -1.9982 -0.7500
v 3.4788 -1.9908 -0.7500
v 3.4943 -1.9824 -0.7500
v 3.5088 -1.9730 -0.7500
v 3.5226 -1.9626 -0.7500
v 3.5353 -1.9511 -0.7500
v 3.5473 -1.9386 -0.7500
v 3.5580 -1.9249 -0.7500
v 3.5679 -1.9104 -0.7500
v 3.5766 -1.8946 -0.7500
v 3.5845 -1.8778 -0.7500
v 3.5913 -1.8600 -0.7500
v 3.5975 -1.8409 -0.7500
v 3.6023 -1.8208 -0.7500
v 3.6687 -1.5053 -0.7500
v 3.5414 -1.5053 -0.7500
v 3.4773 -1.8090 -0.7500
v 3.4750 -1.8192 -0.7500
v 3.4722 -1.8292 -0.7500
v 3.4689 -1.8383 -0.7500
v 3.4653 -1.8470 -0.7500
v 3.4615 -1.8554 -0.7500
v 3.4572 -1.8630 -0.7500
v 3.4526 -1.8699 -0.7500
v 3.4475 -1.8765 -0.7500
v 3.4421 -1.8826 -0.7500
v 3.4363 -1.8880 -0.7500
v 3.4299 -1.8931 -0.7500
v 3.4230 -1.8974 -0.7500
v 3.4157 -1.9015 -0.7500
v 3.4075 -1.9048 -0.7500
v 3.3991 -1.9076 -0.7500
v 3.3899 -1.9101 -0.7500
v 3.3803 -1.9119 -0.7500
v 3.3698 -1.9132 -0.7500
v 3.3591 -1.9139 -0.7500
v 3.3477 -1.9142 -0.7500
v 3.3365 -1.9139 -0.7500
v 3.3260 -1.9132 -0.7500
v 3.3166 -1.9119 -0.7500
v 3.3077 -1.9101 -0.7500
v 3.2998 -1.9076 -0.7500
v 3.2924 -1.9048 -0.7500
v 3.2861 -1.9015 -0.7500
v 3.2802 -1.8974 -0.7500
v 3.2754 -1.8931 -0.7500
v 3.2713 -1.8880 -0.7500
v 3.2680 -1.8826 -0.7500
v 3.2652 -1.8765 -0.7500
v 3.2629 -1.8699 -0.7500
v 3.2611 -1.8630 -0.7500
v 3.2601 -1.8554 -0.7500
v 3.2596 -1.8470 -0.7500
v 3.2598 -1.8383 -0.7500
v 3.2606 -1.8292 -0.7500
v 3.2619 -1.8192 -0.7500
v 3.2639 -1.8090 -0.7500
v 3.3278 -1.5053 -0.7500
v 3.2005 -1.5053 -0.7500
v 3.1341 -1.8208 -0.7500
v 3.1320 -1.8330 -0.7500
v 3.1305 -1.8447 -0.7500
v 3.1297 -1.8559 -0.7500
v 3.1295 -1.8671 -0.7500
v 3.1300 -1.8778 -0.7500
v 3.1313 -1.8885 -0.7500
v 3.1330 -1.8987 -0.7500
v 3.1356 -1.9083 -0.7500
v 3.1389 -1.9180 -0.7500
v 3.1427 -1.9272 -0.7500
v 3.1473 -1.9361 -0.7500
v 3.1524 -1.9445 -0.7500
v 3.1580 -1.9526 -0.7500
v 3.1641 -1.9603 -0.7500
v 3.1707 -1.9677 -0.7500
v 3.1781 -1.9743 -0.7500
v 3.1857 -1.9809 -0.7500
v 3.1939 -1.9868 -0.7500
v 3.2028 -1.9924 -0.7500
v 3.2120 -1.9977 -0.7500
v 3.2216 -2.0023 -0.7500
v 3.2318 -2.0066 -0.7500
v 3.2423 -2.0102 -0.7500
v 3.2530 -2.0135 -0.7500
v 3.2642 -2.0163 -0.7500
v 3.2756 -2.0186 -0.7500
v 3.2642 -2.0163 -0.7500
v 3.2756 -2.0186 -0.7500
v 3.2756 -2.0186 0.7500
v 3.2642 -2.0163 0.7500
v 3.2756 -2.0186 -0.7500
v 3.2873 -2.0204 -0.7500
v 3.2873 -2.0204 0.7500
v 3.2756 -2.0186 0.7500
v 3.2873 -2.0204 -0.7500
v 3.2996 -2.0214 -0.7500
v 3.2996 -2.0214 0.7500
v 3.2873 -2.0204 0.7500
v 3.2996 -2.0214 -0.7500
v 3.3118 -2.0222 -0.7500
v 3.3118 -2.0222 0.7500
v 3.2996 -2.0214 0.7500
v 3.3118 -2.0222 -0.7500
v 3.3248 -2.0224 -0.7500
v 3.3248 -2.0224 0.7500
v 3.3118 -2.0222 0.7500
v 3.3248 -2.0224 -0.7500
v 3.3469 -2.0219 -0.7500
v 3.3469 -2.0219 0.7500
v 3.3248 -2.0224 0.7500
v 3.3469 -2.0219 -0.7500
v 3.3683 -2.0206 -0.7500
v 3.3683 -2.0206 0.7500
v 3.3469 -2.0219 0.7500
v 3.3683 -2.0206 -0.7500
v 3.3887 -2.0181 -0.7500
v 3.3887 -2.0181 0.7500
v 3.3683 -2.0206 0.7500
v 3.3887 -2.0181 -0.7500
v 3.4085 -2.0145 -0.7500
v 3.4085 -2.0145 0.7500
v 3.3887 -2.0181 0.7500
v 3.4085 -2.0145 -0.7500
v 3.4274 -2.0102 -0.7500
v 3.4274 -2.0102 0.7500
v 3.4085 -2.0145 0.7500
v 3.4274 -2.0102 -0.7500
v 3.4452 -2.0048 -0.7500
v 3.4452 -2.0048 0.7500
v 3.4274 -2.0102 0.7500
v 3.4452 -2.0048 -0.7500
v 3.4625 -1.9982 -0.7500
v 3.4625 -1.9982 0.7500
v 3.4452 -2.0048 0.7500
v 3.4625 -1.9982 -0.7500
v 3.4788 -1.9908 -0.7500
v 3.4788 -1.9908 0.7500
v 3.4625 -1.9982 0.7500
v 3.4788 -1.9908 -0.7500
v 3.4943 -1.9824 -0.7500
v 3.4943 -1.9824 0.7500
v 3.4788 -1.9908 0.7500
v 3.4943 -1.9824 -0.7500
v 3.5088 -1.9730 -0.7500
v 3.5088 -1.9730 0.7500
v 3.4943 -1.9824 0.7500
v 3.5088 -1.9730 -0.7500
v 3.5226 -1.9626 -0.7500
v 3.5226 -1.9626 0.7500
v 3.5088 -1.9730 0.7500
v 3.5226 -1.9626 -0.7500
v 3.5353 -1.9511 -0.7500
v 3.5353 -1.9511 0.7500
v 3.5226 -1.9626 0.7500
v 3.5353 -1.9511 -0.7500
v 3.5473 -1.9386 -0.7500
v 3.5473 -1.9386 0.7500
v 3.5353 -1.9511 0.7500
v 3.5473 -1.9386 -0.7500
v 3.5580 -1.9249 -0.7500
v 3.5580 -1.9249 0.7500
v 3.5473 -1.9386 0.7500
v 3.5580 -1.9249 -0.7500
v 3.5679 -1.9104 -0.7500
v 3.5679 -1.9104 0.7500
v 3.5580 -1.9249 0.7500
v 3.5679 -1.9104 -0.7500
v 3.5766 -1.8946 -0.7500
v 3.5766 -1.8946 0.7500
v 3.5679 -1.9104 0.7500
v 3.5766 -1.8946 -0.7500
v 3.5845 -1.8778 -0.7500
v 3.5845 -1.8778 0.7500
v 3.5766 -1.8946 0.7500
v 3.5845 -1.8778 -0.7500
v 3.5913 -1.8600 -0.7500
v 3.5913 -1.8600 0.7500
v 3.5845 -1.8778 0.7500
v 3.5913 -1.8600 -0.7500
v 3.5975 -1.8409 -0.7500
v 3.5975 -1.8409 0.7500
v 3.5913 -1.8600 0.7500
v 3.5975 -1.8409 -0.7500
v 3.6023 -1.8208 -0.7500
v 3.6023 -1.8208 0.7500
v 3.5975 -1.8409 0.7500
v 3.6023 -1.8208 -0.7500
v 3.6687 -1.5053 -0.7500
v 3.6687 -1.5053 0.7500
v 3.6023 -1.8208 0.7500
v 3.6687 -1.5053 -0.7500
v 3.5414 -1.5053 -0.7500
v 3.5414 -1.5053 0.7500
v 3.6687 -1.5053 0.7500
v 3.5414 -1.5053 -0.7500
v 3.4773 -1.8090 -0.7500
v 3.4773 -1.8090 0.7500
v 3.5414 -1.5053 0.7500
v 3.2639 -1.8090 -0.7500
v 3.3278 -1.5053 -0.7500
v 3.3278 -1.5053 0.7500
v 3.2639 -1.8090 0.7500
v 3.3278 -1.5053 -0.7500
v 3.2005 -1.5053 -0.7500
v 3.2005 -1.5053 0.7500
v 3.3278 -1.5053 0.7500
v 3.2005 -1.5053 -0.7500
v 3.1341 -1.8208 -0.7500
v 3.1341 -1.8208 0.7500
v 3.2005 -1.5053 0.7500
v 3.1341 -1.8208 -0.7500
v 3.1320 -1.8330 -0.7500
v 3.1320 -1.8330 0.7500
v 3.1341 -1.8208 0.7500
v 3.1320 -1.8330 -0.7500
v 3.1305 -1.8447 -0.7500
v 3.1305 -1.8447 0.7500
v 3.1320 -1.8330 0.7500
v 3.1305 -1.8447 -0.7500
v 3.1297 -1.8559 -0.7500
v 3.1297 -1.8559 0.7500
v 3.1305 -1.8447 0.7500
v 3.1297 -1.8559 -0.7500
v 3.1295 -1.8671 -0.7500
v 3.1295 -1.8671 0.7500
v 3.1297 -1.8559 0.7500
v 3.1295 -1.8671 -0.7500
v 3.1300 -1.8778 -0.7500
v 3.1300 -1.8778 0.7500
v 3.1295 -1.8671 0.7500
v 3.1300 -1.8778 -0.7500
v 3.1313 -1.8885 -0.7500
v 3.1313 -1.8885 0.7500
v 3.1300 -1.8778 0.7500
v 3.1313 -1.8885 -0.7500
v 3.1330 -1.8987 -0.7500
v 3.1330 -1.8987 0.7500
v 3.1313 -1.8885 0.7500
v 3.1330 -1.8987 -0.7500
v 3.1356 -1.9083 -0.7500
v 3.1356 -1.9083 0.7500
v 3.1330 -1.8987 0.7500
v 3.1356 -1.9083 -0.7500
v 3.1389 -1.9180 -0.7500
v 3.1389 -1.9180 0.7500
v 3.1356 -1.9083 0.7500
v 3.1389 -1.9180 -0.7500
v 3.1427 -1.9272 -0.7500
v 3.1427 -1.9272 0.7500
v 3.1389 -1.9180 0.7500
v 3.1427 -1.9272 -0.7500
v 3.1473 -1.9361 -0.7500
v 3.1473 -1.9361 0.7500
v 3.1427 -1.9272 0.7500
v 3.1473 -1.9361 -0.7500
v 3.1524 -1.9445 -0.7500
v 3.1524 -1.9445 0.7500
v 3.1473 -1.9361 0.7500
v 3.1524 -1.9445 -0.7500
v 3.1580 -1.9526 -0.7500
v 3.1580 -1.9526 0.7500
v 3.1524 -1.9445 0.7500
v 3.1580 -1.9526 -0.7500
v 3.1641 -1.9603 -0.7500
v 3.1641 -1.9603 0.7500
v 3.1580 -1.9526 0.7500
v 3.1641 -1.9603 -0.7500
v 3.1707 -1.9677 -0.7500
v 3.1707 -1.9677 0.7500
v 3.1641 -1.9603 0.7500
v 3.1707 -1.9677 -0.7500
v 3.1781 -1.9743 -0.7500
v 3.1781 -1.9743 0.7500
v 3.1707 -1.9677 0.7500
v 3.1781 -1.9743 -0.7500
v 3.1857 -1.9809 -0.7500
v 3.1857 -1.9809 0.7500
v 3.1781 -1.9743 0.7500
v 3.1857 -1.9809 -0.7500
v 3.1939 -1.9868 -0.7500
v 3.1939 -1.9868 0.7500
v 3.1857 -1.9809 0.7500
v 3.1939 -1.9868 -0.7500
v 3.2028 -1.9924 -0.7500
v 3.2028 -1.9924 0.7500
v 3.1939 -1.9868 0.7500
v 3.2028 -1.9924 -0.7500
v 3.2120 -1.9977 -0.7500
v 3.2120 -1.9977 0.7500
v 3.2028 -1.9924 0.7500
v 3.2120 -1.9977 -0.7500
v 3.2216 -2.0023 -0.7500
v 3.2216 -2.0023 0.7500
v 3.2120 -1.9977 0.7500
v 3.2216 -2.0023 -0.7500
v 3.2318 -2.0066 -0.7500
v 3.2318 -2.0066 0.7500
v 3.2216 -2.0023 0.7500
v 3.2318 -2.0066 -0.7500
v 3.2423 -2.0102 -0.7500
v 3.2423 -2.0102 0.7500
v 3.2318 -2.0066 0.7500
v 3.2423 -2.0102 -0.7500
v 3.2530 -2.0135 -0.7500
v 3.2530 -2.0135 0.7500
v 3.2423 -2.0102 0.7500
v 3.2530 -2.0135 -0.7500
v 3.2642 -2.0163 -0.7500
v 3.2642 -2.0163 0.7500
v 3.2530 -2.0135 0.7500
v 3.2619 -1.8192 -0.7500
v 3.2639 -1.8090 -0.7500
v 3.2639 -1.8090 0.7500
v 3.2619 -1.8192 0.7500
v 3.2606 -1.8292 -0.7500
v 3.2619 -1.8192 -0.7500
v 3.2619 -1.8192 0.7500
v 3.2606 -1.8292 0.7500
v 3.2598 -1.8383 -0.7500
v 3.2606 -1.8292 -0.7500
v 3.2606 -1.8292 0.7500
v 3.2598 -1.8383 0.7500
v 3.4773 -1.8090 -0.7500
v 3.4750 -1.8192 -0.7500
v 3.4750 -1.8192 0.7500
v 3.4773 -1.8090 0.7500
v 3.2596 -1.8470 -0.7500
v 3.2598 -1.8383 -0.7500
v 3.2598 -1.8383 0.7500
v 3.2596 -1.8470 0.7500
v 3.4750 -1.8192 -0.7500
v 3.4722 -1.8292 -0.7500
v 3.4722 -1.8292 0.7500
v 3.4750 -1.8192 0.7500
v 3.2601 -1.8554 -0.7500
v 3.2596 -1.8470 -0.7500
v 3.2596 -1.8470 0.7500
v 3.2601 -1.8554 0.7500
v 3.4722 -1.8292 -0.7500
v 3.4689 -1.8383 -0.7500
v 3.4689 -1.8383 0.7500
v 3.4722 -1.8292 0.7500
v 3.2611 -1.8630 -0.7500
v 3.2601 -1.8554 -0.7500
v 3.2601 -1.8554 0.7500
v 3.2611 -1.8630 0.7500
v 3.4689 -1.8383 -0.7500
v 3.4653 -1.8470 -0.7500
v 3.4653 -1.8470 0.7500
v 3.4689 -1.8383 0.7500
v 3.4653 -1.8470 -0.7500
v 3.4615 -1.8554 -0.7500
v 3.4615 -1.8554 0.7500
v 3.4653 -1.8470 0.7500
v 3.2629 -1.8699 -0.7500
v 3.2611 -1.8630 -0.7500
v 3.2611 -1.8630 0.7500
v 3.2629 -1.8699 0.7500
v 3.4615 -1.8554 -0.7500
v 3.4572 -1.8630 -0.7500
v 3.4572 -1.8630 0.7500
v 3.4615 -1.8554 0.7500
v 3.2652 -1.8765 -0.7500
v 3.2629 -1.8699 -0.7500
v 3.2629 -1.8699 0.7500
v 3.2652 -1.8765 0.7500
v 3.4572 -1.8630 -0.7500
v 3.4526 -1.8699 -0.7500
v 3.4526 -1.8699 0.7500
v 3.4572 -1.8630 0.7500
v 3.2680 -1.8826 -0.7500
v 3.2652 -1.8765 -0.7500
v 3.2652 -1.8765 0.7500
v 3.2680 -1.8826 0.7500
v 3.4526 -1.8699 -0.7500
v 3.4475 -1.8765 -0.7500
v 3.4475 -1.8765 0.7500
v 3.4526 -1.8699 0.7500
v 3.2713 -1.8880 -0.7500
v 3.2680 -1.8826 -0.7500
v 3.2680 -1.8826 0.7500
v 3.2713 -1.8880 0.7500
v 3.4475 -1.8765 -0.7500
v 3.4421 -1.8826 -0.7500
v 3.4421 -1.8826 0.7500
v 3.4475 -1.8765 0.7500
v 3.2754 -1.8931 -0.7500
v 3.2713 -1.8880 -0.7500
v 3.2713 -1.8880 0.7500
v 3.2754 -1.8931 0.7500
v 3.4421 -1.8826 -0.7500
v 3.4363 -1.8880 -0.7500
v 3.4363 -1.8880 0.7500
v 3.4421 -1.8826 0.7500
v 3.2802 -1.8974 -0.7500
v 3.2754 -1.8931 -0.7500
v 3.2754 -1.8931 0.7500
v 3.2802 -1.8974 0.7500
v 3.4363 -1.8880 -0.7500
v 3.4299 -1.8931 -0.7500
v 3.4299 -1.8931 0.7500
v 3.4363 -1.8880 0.7500
v 3.2861 -1.9015 -0.7500
v 3.2802 -1.8974 -0.7500
v 3.2802 -1.8974 0.7500
v 3.2861 -1.9015 0.7500
v 3.4299 -1.8931 -0.7500
v 3.4230 -1.8974 -0.7500
v 3.4230 -1.8974 0.7500
v 3.4299 -1.8931 0.7500
v 3.2924 -1.9048 -0.7500
v 3.2861 -1.9015 -0.7500
v 3.2861 -1.9015 0.7500
v 3.2924 -1.9048 0.7500
v 3.4230 -1.8974 -0.7500
v 3.4157 -1.9015 -0.7500
v 3.4157 -1.9015 0.7500
v 3.4230 -1.8974 0.7500
v 3.2998 -1.9076 -0.7500
v 3.2924 -1.9048 -0.7500
v 3.2924 -1.9048 0.7500
v 3.2998 -1.9076 0.7500
v 3.4157 -1.9015 -0.7500
v 3.4075 -1.9048 -0.7500
v 3.4075 -1.9048 0.7500
v 3.4157 -1.9015 0.7500
v 3.3077 -1.9101 -0.7500
v 3.2998 -1.9076 -0.7500
v 3.2998 -1.9076 0.7500
v 3.3077 -1.9101 0.7500
v 3.4075 -1.9048 -0.7500
v 3.3991 -1.9076 -0.7500
v 3.3991 -1.9076 0.7500
v 3.4075 -1.9048 0.7500
v 3.3166 -1.9119 -0.7500
v 3.3077 -1.9101 -0.7500
v 3.3077 -1.9101 0.7500
v 3.3166 -1.9119 0.7500
v 3.3991 -1.9076 -0.7500
v 3.3899 -1.9101 -0.7500
v 3.3899 -1.9101 0.7500
v 3.3991 -1.9076 0.7500
v 3.3260 -1.9132 -0.7500
v 3.3166 -1.9119 -0.7500
v 3.3166 -1.9119 0.7500
v 3.3260 -1.9132 0.7500
v 3.3365 -1.9139 -0.7500
v 3.3260 -1.9132 -0.7500
v 3.3260 -1.9132 0.7500
v 3.3365 -1.9139 0.7500
v 3.3899 -1.9101 -0.7500
v 3.3803 -1.9119 -0.7500
v 3.3803 -1.9119 0.7500
v 3.3899 -1.9101 0.7500
v 3.3477 -1.9142 -0.7500
v 3.3365 -1.9139 -0.7500
v 3.3365 -1.9139 0.7500
v 3.3477 -1.9142 0.7500
v 3.3803 -1.9119 -0.7500
v 3.3698 -1.9132 -0.7500
v 3.3698 -1.9132 0.7500
v 3.3803 -1.9119 0.7500
v 3.3591 -1.9139 -0.7500
v 3.3477 -1.9142 -0.7500
v 3.3477 -1.9142 0.7500
v 3.3591 -1.9139 0.7500
v 3.3698 -1.9132 -0.7500
v 3.3591 -1.9139 -0.7500
v 3.3591 -1.9139 0.7500
v 3.3698 -1.9132 0.7500
f 4997 4998 4903
f 4903 4904 4905
f 4905 4906 4907
f 4907 4908 4909
f 4909 4910 4911
f 4911 4912 4913
f 4913 4914 4915
f 4915 4916 4917
f 4917 4918 4919
f 4919 4920 4921
f 4921 4922 4923
f 4923 4924 4925
f 4925 4926 4927
f 4927 4928 4929
f 4969 4970 4971
f 4971 4972 4973
f 4973 4974 4975
f 4975 4976 4977
f 4977 4978 4979
f 4979 4980 4981
f 4981 4982 4983
f 4983 4984 4985
f 4985 4986 4987
f 4987 4988 4989
f 4989 4990 4991
f 4991 4992 4993
f 4993 4994 4995
f 4995 4996 4997
f 4997 4903 4905
f 4905 4907 4909
f 4909 4911 4913
f 4913 4915 4917
f 4917 4919 4921
f 4921 4923 4925
f 4925 4927 4929
f 4968 4969 4971
f 4971 4973 4975
f 4975 4977 4979
f 4979 4981 4983
f 4983 4985 4987
f 4987 4989 4991
f 4991 4993 4995
f 4995 4997 4905
f 4905 4909 4913
f 4913 4917 4921
f 4921 4925 4929
f 4967 4968 4971
f 4971 4975 4979
f 4979 4983 4987
f 4987 4991 4995
f 4995 4905 4913
f 4913 4921 4929
f 4966 4967 4971
f 4971 4979 4987
f 4987 4995 4913
f 4913 4929 4930
f 4965 4966 4971
f 4913 4930 4931
f 4964 4965 4971
f 4913 4931 4932
f 4963 4964 4971
f 4913 4932 4933
f 4963 4971 4987
f 4913 4933 4934
f 4962 4963 4987
f 4913 4934 4935
f 4961 4962 4987
f 4913 4935 4936
f 4960 4961 4987
f 4913 4936 4937
f 4959 4960 4987
f 4913 4937 4938
f 4958 4959 4987
f 4913 4938 4939
f 4957 4958 4987
f 4913 4939 4940
f 4956 4957 4987
f 4913 4940 4941
f 4955 4956 4987
f 4913 4941 4942
f 4954 4955 4987
f 4913 4942 4943
f 4953 4954 4987
f 4913 4943 4944
f 4952 4953 4987
f 4913 4944 4945
f 4951 4952 4987
f 4987 4913 4945
f 4950 4951 4987
f 4987 4945 4946
f 4949 4950 4987
f 4987 4946 4947
f 4948 4949 4987
f 4987 4947 4948
f 5093 4999 5094
f 4999 5001 5000
f 5001 5003 5002
f 5003 5005 5004
f 5005 5007 5006
f 5007 5009 5008
f 5009 5011 5010
f 5011 5013 5012
f 5013 5015 5014
f 5015 5017 5016
f 5017 5019 5018
f 5019 5021 5020
f 5021 5023 5022
f 5023 5025 5024
f 5065 5067 5066
f 5067 5069 5068
f 5069 5071 5070
f 5071 5073 5072
f 5073 5075 5074
f 5075 5077 5076
f 5077 5079 5078
f 5079 5081 5080
f 5081 5083 5082
f 5083 5085 5084
f 5085 5087 5086
f 5087 5089 5088
f 5089 5091 5090
f 5091 5093 5092
f 5093 5001 4999
f 5001 5005 5003
f 5005 5009 5007
f 5009 5013 5011
f 5013 5017 5015
f 5017 5021 5019
f 5021 5025 5023
f 5064 5067 5065
f 5067 5071 5069
f 5071 5075 5073
f 5075 5079 5077
f 5079 5083 5081
f 5083 5087 5085
f 5087 5091 5089
f 5091 5001 5093
f 5001 5009 5005
f 5009 5017 5013
f 5017 5025 5021
f 5063 5067 5064
f 5067 5075 5071
f 5075 5083 5079
f 5083 5091 5087
f 5091 5009 5001
f 5009 5025 5017
f 5062 5067 5063
f 5067 5083 5075
f 5083 5009 5091
f 5009 5026 5025
f 5061 5067 5062
f 5009 5027 5026
f 5060 5067 5061
f 5009 5028 5027
f 5059 5067 5060
f 5009 5029 5028
f 5059 5083 5067
f 5009 5030 5029
f 5058 5083 5059
f 5009 5031 5030
f 5057 5083 5058
f 5009 5032 5031
f 5056 5083 5057
f 5009 5033 5032
f 5055 5083 5056
f 5009 5034 5033
f 5054 5083 5055
f 5009 5035 5034
f 5053 5083 5054
f 5009 5036 5035
f 5052 5083 5053
f 5009 5037 5036
f 5051 5083 5052
f 5009 5038 5037
f 5050 5083 5051
f 5009 5039 5038
f 5049 5083 5050
f 5009 5040 5039
f 5048 5083 5049
f 5009 5041 5040
f 5047 5083 5048
f 5083 5041 5009
f 5046 5083 5047
f 5083 5042 5041
f 5045 5083 5046
f 5083 5043 5042
f 5044 5083 5045
f 5083 5044 5043
f 5095 5096 5097
f 5095 5097 5098
f 5099 5100 5101
f 5099 5101 5102
f 5103 5104 5105
f 5103 5105 5106
f 5107 5108 5109
f 5107 5109 5110
f 5111 5112 5113
f 5111 5113 5114
f 5115 5116 5117
f 5115 5117 5118
f 5119 5120 5121
f 5119 5121 5122
f 5123 5124 5125
f 5123 5125 5126
f 5127 5128 5129
f 5127 5129 5130
f 5131 5132 5133
f 5131 5133 5134
f 5135 5136 5137
f 5135 5137 5138
f 5139 5140 5141
f 5139 5141 5142
f 5143 5144 5145
f 5143 5145 5146
f 5147 5148 5149
f 5147 5149 5150
f 5151 5152 5153
f 5151 5153 5154
f 5155 5156 5157
f 5155 5157 5158
f 5159 5160 5161
f 5159 5161 5162
f 5163 5164 5165
f 5163 5165 5166
f 5167 5168 5169
f 5167 5169 5170
f 5171 5172 5173
f 5171 5173 5174
f 5175 5176 5177
f 5175 5177 5178
f 5179 5180 5181
f 5179 5181 5182
f 5183 5184 5185
f 5183 5185 5186
f 5187 5188 5189
f 5187 5189 5190
f 5191 5192 5193
f 5191 5193 5194
f 5195 5196 5197
f 5195 5197 5198
f 5199 5200 5201
f 5199 5201 5202
f 5203 5204 5205
f 5203 5205 5206
f 5207 5208 5209
f 5207 5209 5210
f 5211 5212 5213
f 5211 5213 5214
f 5215 5216 5217
f 5215 5217 5218
f 5219 5220 5221
f 5219 5221 5222
f 5223 5224 5225
f 5223 5225 5226
f 5227 5228 5229
f 5227 5229 5230
f 5231 5232 5233
f 5231 5233 5234
f 5235 5236 5237
f 5235 5237 5238
f 5239 5240 5241
f 5239 5241 5242
f 5243 5244 5245
f 5243 5245 5246
f 5247 5248 5249
f 5247 5249 5250
f 5251 5252 5253
f 5251 5253 5254
f 5255 5256 5257
f 5255 5257 5258
f 5259 5260 5261
f 5259 5261 5262
f 5263 5264 5265
f 5263 5265 5266
f 5267 5268 5269
f 5267 5269 5270
f 5271 5272 5273
f 5271 5273 5274
f 5275 5276 5277
f 5275 5277 5278
f 5279 5280 5281
f 5279 5281 5282
f 5283 5284 5285
f 5283 5285 5286
f 5287 5288 5289
f 5287 5289 5290
f 5291 5292 5293
f 5291 5293 5294
f 5295 5296 5297
f 5295 5297 5298
f 5299 5300 5301
f 5299 5301 5302
f 5303 5304 5305
f 5303 5305 5306
f 5307 5308 5309
f 5307 5309 5310
f 5311 5312 5313
f 5311 5313 5314
f 5315 5316 5317
f 5315 5317 5318
f 5319 5320 5321
f 5319 5321 5322
f 5323 5324 5325
f 5323 5325 5326
f 5327 5328 5329
f 5327 5329 5330
f 5331 5332 5333
f 5331 5333 5334
f 5335 5336 5337
f 5335 5337 5338
f 5339 5340 5341
f 5339 5341 5342
f 5343 5344 5345
f 5343 5345 5346
f 5347 5348 5349
f 5347 5349 5350
f 5351 5352 5353
f 5351 5353 5354
f 5355 5356 5357
f 5355 5357 5358
f 5359 5360 5361
f 5359 5361 5362
f 5363 5364 5365
f 5363 5365 5366
f 5367 5368 5369
f 5367 5369 5370
f 5371 5372 5373
f 5371 5373 5374
f 5375 5376 5377
f 5375 5377 5378
f 5379 5380 5381
f 5379 5381 5382
f 5383 5384 5385
f 5383 5385 5386
f 5387 5388 5389
f 5387 5389 5390
f 5391 5392 5393
f 5391 5393 5394
f 5395 5396 5397
f 5395 5397 5398
f 5399 5400 5401
f 5399 5401 5402
f 5403 5404 5405
f 5403 5405 5406
f 5407 5408 5409
f 5407 5409 5410
f 5411 5412 5413
f 5411 5413 5414
f 5415 5416 5417
f 5415 5417 5418
f 5419 5420 5421
f 5419 5421 5422
f 5423 5424 5425
f 5423 5425 5426
f 5427 5428 5429
f 5427 5429 5430
f 5431 5432 5433
f 5431 5433 5434
f 5435 5436 5437
f 5435 5437 5438
f 5439 5440 5441
f 5439 5441 5442
f 5443 5444 5445
f 5443 5445 5446
f 5447 5448 5449
f 5447 5449 5450
f 5451 5452 5453
f 5451 5453 5454
f 5455 5456 5457
f 5455 5457 5458
f 5459 5460 5461
f 5459 5461 5462
f 5463 5464 5465
f 5463 5465 5466
f 5467 5468 5469
f 5467 5469 5470
f 5471 5472 5473
f 5471 5473 5474
f 5475 5476 5477
f 5475 5477 5478
v -0.4820 -1.6033 0.7500
v -0.2335 -1.6033 0.7500
v -0.2131 -1.5053 0.7500
v -0.5887 -1.5053 0.7500
v -0.6961 -2.0145 0.7500
v -0.3206 -2.0145 0.7500
v -0.2999 -1.9165 0.7500
v -0.5482 -1.9165 0.7500
v -0.5253 -1.8098 0.7500
v -0.3063 -1.8098 0.7500
v -0.2857 -1.7102 0.7500
v -0.5049 -1.7102 0.7500
v -0.4820 -1.6033 -0.7500
v -0.2335 -1.6033 -0.7500
v -0.2131 -1.5053 -0.7500
v -0.5887 -1.5053 -0.7500
v -0.6961 -2.0145 -0.7500
v -0.3206 -2.0145 -0.7500
v -0.2999 -1.9165 -0.7500
v -0.5482 -1.9165 -0.7500
v -0.5253 -1.8098 -0.7500
v -0.3063 -1.8098 -0.7500
v -0.2857 -1.7102 -0.7500
v -0.5049 -1.7102 -0.7500
v -0.4820 -1.6033 -0.7500
v -0.2335 -1.6033 -0.7500
v -0.2335 -1.6033 0.7500
v -0.4820 -1.6033 0.7500
v -0.2335 -1.6033 -0.7500
v -0.2131 -1.5053 -0.7500
v -0.2131 -1.5053 0.7500
v -0.2335 -1.6033 0.7500
v -0.6961 -2.0145 -0.7500
v -0.3206 -2.0145 -0.7500
v -0.3206 -2.0145 0.7500
v -0.6961 -2.0145 0.7500
v -0.3206 -2.0145 -0.7500
v -0.2999 -1.9165 -0.7500
v -0.2999 -1.9165 0.7500
v -0.3206 -2.0145 0.7500
v -0.5253 -1.8098 -0.7500
v -0.3063 -1.8098 -0.7500
v -0.3063 -1.8098 0.7500
v -0.5253 -1.8098 0.7500
v -0.3063 -1.8098 -0.7500
v -0.2857 -1.7102 -0.7500
v -0.2857 -1.7102 0.7500
v -0.3063 -1.8098 0.7500
v -0.2131 -1.5053 -0.7500
v -0.5887 -1.5053 -0.7500
v -0.5887 -1.5053 0.7500
v -0.2131 -1.5053 0.7500
v -0.2999 -1.9165 -0.7500
v -0.5482 -1.9165 -0.7500
v -0.5482 -1.9165 0.7500
v -0.2999 -1.9165 0.7500
v -0.2857 -1.7102 -0.7500
v -0.5049 -1.7102 -0.7500
v -0.5049 -1.7102 0.7500
v -0.2857 -1.7102 0.7500
v -0.5049 -1.7102 -0.7500
v -0.4820 -1.6033 -0.7500
v -0.4820 -1.6033 0.7500
v -0.5049 -1.7102 0.7500
v -0.5887 -1.5053 -0.7500
v -0.6961 -2.0145 -0.7500
v -0.6961 -2.0145 0.7500
v -0.5887 -1.5053 0.7500
v -0.5482 -1.9165 -0.7500
v -0.5253 -1.8098 -0.7500
v -0.5253 -1.8098 0.7500
v -0.5482 -1.9165 0.7500
f 5479 5480 5481
f 5483 5484 5485
f 5487 5488 5489
f 5479 5481 5482
f 5483 5485 5486
f 5487 5489 5490
f 5490 5479 5482
f 5482 5483 5486
f 5486 5487 5490
f 5490 5482 5486
f 5491 5493 5492
f 5495 5497 5496
f 5499 5501 5500
f 5491 5494 5493
f 5495 5498 5497
f 5499 5502 5501
f 5502 5494 5491
f 5494 5498 5495
f 5498 5502 5499
f 5502 5498 5494
f 5503 5504 5505
f 5503 5505 5506
f 5507 5508 5509
f 5507 5509 5510
f 5511 5512 5513
f 5511 5513 5514
f 5515 5516 5517
f 5515 5517 5518
f 5519 5520 5521
f 5519 5521 5522
f 5523 5524 5525
f 5523 5525 5526
f 5527 5528 5529
f 5527 5529 5530
f 5531 5532 5533
f 5531 5533 5534
f 5535 5536 5537
f 5535 5537 5538
f 5539 5540 5541
f 5539 5541 5542
f 5543 5544 5545
f 5543 5545 5546
f 5547 5548 5549
f 5547 5549 5550
v 1.5361 -1.6033 0.7500
v 1.7843 -1.6033 0.7500
v 1.8050 -1.5053 0.7500
v 1.4294 -1.5053 0.7500
v 1.3217 -2.0145 0.7500
v 1.6973 -2.0145 0.7500
v 1.7179 -1.9165 0.7500
v 1.4696 -1.9165 0.7500
v 1.4926 -1.8098 0.7500
v 1.7115 -1.8098 0.7500
v 1.7321 -1.7102 0.7500
v 1.5132 -1.7102 0.7500
v 1.5361 -1.6033 -0.7500
v 1.7843 -1.6033 -0.7500
v 1.8050 -1.5053 -0.7500
v 1.4294 -1.5053 -0.7500
v 1.3217 -2.0145 -0.7500
v 1.6973 -2.0145 -0.7500
v 1.7179 -1.9165 -0.7500
v 1.4696 -1.9165 -0.7500
v 1.4926 -1.8098 -0.7500
v 1.7115 -1.8098 -0.7500
v 1.7321 -1.7102 -0.7500
v 1.5132 -1.7102 -0.7500
v 1.5361 -1.6033 -0.7500
v 1.7843 -1.6033 -0.7500
v 1.7843 -1.6033 0.7500
v 1.5361 -1.6033 0.7500
v 1.7843 -1.6033 -0.7500
v 1.8050 -1.5053 -0.7500
v 1.8050 -1.5053 0.7500
v 1.7843 -1.6033 0.7500
v 1.3217 -2.0145 -0.7500
v 1.6973 -2.0145 -0.7500
v 1.6973 -2.0145 0.7500
v 1.3217 -2.0145 0.7500
v 1.6973 -2.0145 -0.7500
v 1.7179 -1.9165 -0.7500
v 1.7179 -1.9165 0.7500
v 1.6973 -2.0145 0.7500
v 1.4926 -1.8098 -0.7500
v 1.7115 -1.8098 -0.7500
v 1.7115 -1.8098 0.7500
v 1.4926 -1.8098 0.7500
v 1.7115 -1.8098 -0.7500
v 1.7321 -1.7102 -0.7500
v 1.7321 -1.7102 0.7500
v 1.7115 -1.8098 0.7500
v 1.8050 -1.5053 -0.7500
v 1.4294 -1.5053 -0.7500
v 1.4294 -1.5053 0.7500
v 1.8050 -1.5053 0.7500
v 1.7179 -1.9165 -0.7500
v 1.4696 -1.9165 -0.7500
v 1.4696 -1.9165 0.7500
v 1.7179 -1.9165 0.7500
v 1.7321 -1.7102 -0.7500
v 1.5132 -1.7102 -0.7500
v 1.5132 -1.7102 0.7500
v 1.7321 -1.7102 0.7500
v 1.5132 -1.7102 -0.7500
v 1.5361 -1.6033 -0.7500
v 1.5361 -1.6033 0.7500
v 1.5132 -1.7102 0.7500
v 1.4294 -1.5053 -0.7500
v 1.3217 -2.0145 -0.7500
v 1.3217 -2.0145 0.7500
v 1.4294 -1.5053 0.7500
v 1.4696 -1.9165 -0.7500
v 1.4926 -1.8098 -0.7500
v 1.4926 -1.8098 0.7500
v 1.4696 -1.9165 0.7500
f 5551 5552 5553
f 5555 5556 5557
f 5559 5560 5561
f 5551 5553 5554
f 5555 5557 5558
f 5559 5561 5562
f 5562 5551 5554
f 5554 5555 5558
f 5558 5559 5562
f 5562 5554 5558
f 5563 5565 5564
f 5567 5569 5568
f 5571 5573 5572
f 5563 5566 5565
f 5567 5570 5569
f 5571 5574 5573
f 5574 5566 5563
f 5566 5570 5567
f 5570 5574 5571
f 5574 5570 5566
f 5575 5576 5577
f 5575 5577 5578
f 5579 5580 5581
f 5579 5581 5582
f 5583 5584 5585
f 5583 5585 5586
f 5587 5588 5589
f 5587 5589 5590
f 5591 5592 5593
f 5591 5593 5594
f 5595 5596 5597
f 5595 5597 5598
f 5599 5600 5601
f 5599 5601 5602
f 5603 5604 5605
f 5603 5605 5606
f 5607 5608 5609
f 5607 5609 5610
f 5611 5612 5613
f 5611 5613 5614
f 5615 5616 5617
f 5615 5617 5618
f 5619 5620 5621
f 5619 5621 5622
v 2.1446 -2.0214 0.7500
v 2.1540 -2.0219 0.7500
v 2.1637 -2.0222 0.7500
v 2.1736 -2.0224 0.7500
v 2.1836 -2.0224 0.7500
v 2.2047 -2.0222 0.7500
v 2.2248 -2.0209 0.7500
v 2.2439 -2.0188 0.7500
v 2.2623 -2.0158 0.7500
v 2.2796 -2.0122 0.7500
v 2.2961 -2.0076 0.7500
v 2.3116 -2.0023 0.7500
v 2.3262 -1.9959 0.7500
v 2.3397 -1.9888 0.7500
v 2.3524 -1.9809 0.7500
v 2.3644 -1.9725 0.7500
v 2.3750 -1.9633 0.7500
v 2.3850 -1.9537 0.7500
v 2.3939 -1.9437 0.7500
v 2.4020 -1.9330 0.7500
v 2.4092 -1.9218 0.7500
v 2.4153 -1.9104 0.7500
v 2.4204 -1.8982 0.7500
v 2.4247 -1.8854 0.7500
v 2.4280 -1.8722 0.7500
v 2.4295 -1.8648 0.7500
v 2.4306 -1.8574 0.7500
v 2.4316 -1.8503 0.7500
v 2.4321 -1.8432 0.7500
v 2.4323 -1.8363 0.7500
v 2.4323 -1.8294 0.7500
v 2.4321 -1.8228 0.7500
v 2.4316 -1.8164 0.7500
v 2.4308 -1.8101 0.7500
v 2.4295 -1.8039 0.7500
v 2.4280 -1.7978 0.7500
v 2.4262 -1.7920 0.7500
v 2.4239 -1.7861 0.7500
v 2.4211 -1.7808 0.7500
v 2.4178 -1.7752 0.7500
v 2.4143 -1.7698 0.7500
v 2.4102 -1.7647 0.7500
v 2.4056 -1.7596 0.7500
v 2.4005 -1.7548 0.7500
v 2.3952 -1.7502 0.7500
v 2.3893 -1.7454 0.7500
v 2.3827 -1.7411 0.7500
v 2.3756 -1.7367 0.7500
v 2.3677 -1.7324 0.7500
v 2.3593 -1.7283 0.7500
v 2.3504 -1.7245 0.7500
v 2.3407 -1.7207 0.7500
v 2.3302 -1.7171 0.7500
v 2.3193 -1.7136 0.7500
v 2.3078 -1.7102 0.7500
v 2.3004 -1.7080 0.7500
v 2.2933 -1.7059 0.7500
v 2.2864 -1.7039 0.7500
v 2.2801 -1.7018 0.7500
v 2.2740 -1.6998 0.7500
v 2.2681 -1.6980 0.7500
v 2.2625 -1.6962 0.7500
v 2.2574 -1.6945 0.7500
v 2.2526 -1.6927 0.7500
v 2.2480 -1.6912 0.7500
v 2.2439 -1.6896 0.7500
v 2.2401 -1.6878 0.7500
v 2.2363 -1.6863 0.7500
v 2.2330 -1.6845 0.7500
v 2.2299 -1.6827 0.7500
v 2.2248 -1.6792 0.7500
v 2.2228 -1.6771 0.7500
v 2.2208 -1.6754 0.7500
v 2.2192 -1.6733 0.7500
v 2.2180 -1.6713 0.7500
v 2.2169 -1.6693 0.7500
v 2.2159 -1.6670 0.7500
v 2.2151 -1.6644 0.7500
v 2.2146 -1.6619 0.7500
v 2.2144 -1.6591 0.7500
v 2.2144 -1.6532 0.7500
v 2.2149 -1.6502 0.7500
v 2.2154 -1.6468 0.7500
v 2.2167 -1.6415 0.7500
v 2.2187 -1.6364 0.7500
v 2.2210 -1.6316 0.7500
v 2.2238 -1.6275 0.7500
v 2.2271 -1.6237 0.7500
v 2.2307 -1.6201 0.7500
v 2.2348 -1.6171 0.7500
v 2.2393 -1.6145 0.7500
v 2.2444 -1.6122 0.7500
v 2.2498 -1.6104 0.7500
v 2.2554 -1.6089 0.7500
v 2.2615 -1.6076 0.7500
v 2.2679 -1.6066 0.7500
v 2.2745 -1.6056 0.7500
v 2.2813 -1.6046 0.7500
v 2.2887 -1.6038 0.7500
v 2.2961 -1.6033 0.7500
v 2.3040 -1.6031 0.7500
v 2.3122 -1.6028 0.7500
v 2.3206 -1.6025 0.7500
v 2.3269 -1.6028 0.7500
v 2.3335 -1.6028 0.7500
v 2.3399 -1.6033 0.7500
v 2.3465 -1.6036 0.7500
v 2.3529 -1.6043 0.7500
v 2.3595 -1.6048 0.7500
v 2.3661 -1.6056 0.7500
v 2.3725 -1.6066 0.7500
v 2.3791 -1.6076 0.7500
v 2.3924 -1.6102 0.7500
v 2.3987 -1.6117 0.7500
v 2.4053 -1.6135 0.7500
v 2.4117 -1.6153 0.7500
v 2.4183 -1.6171 0.7500
v 2.4247 -1.6191 0.7500
v 2.4374 -1.6237 0.7500
v 2.4502 -1.6288 0.7500
v 2.4738 -1.5195 0.7500
v 2.4687 -1.5178 0.7500
v 2.4634 -1.5162 0.7500
v 2.4578 -1.5144 0.7500
v 2.4517 -1.5129 0.7500
v 2.4453 -1.5114 0.7500
v 2.4387 -1.5099 0.7500
v 2.4318 -1.5083 0.7500
v 2.4244 -1.5071 0.7500
v 2.4171 -1.5055 0.7500
v 2.4089 -1.5043 0.7500
v 2.4010 -1.5030 0.7500
v 2.3929 -1.5017 0.7500
v 2.3845 -1.5007 0.7500
v 2.3677 -1.4992 0.7500
v 2.3593 -1.4987 0.7500
v 2.3419 -1.4976 0.7500
v 2.3333 -1.4976 0.7500
v 2.3244 -1.4974 0.7500
v 2.3045 -1.4979 0.7500
v 2.2852 -1.4989 0.7500
v 2.2668 -1.5010 0.7500
v 2.2495 -1.5038 0.7500
v 2.2327 -1.5071 0.7500
v 2.2169 -1.5114 0.7500
v 2.2019 -1.5165 0.7500
v 2.1879 -1.5223 0.7500
v 2.1744 -1.5290 0.7500
v 2.1619 -1.5361 0.7500
v 2.1502 -1.5442 0.7500
v 2.1395 -1.5532 0.7500
v 2.1296 -1.5626 0.7500
v 2.1207 -1.5728 0.7500
v 2.1125 -1.5835 0.7500
v 2.1054 -1.5949 0.7500
v 2.0990 -1.6071 0.7500
v 2.0937 -1.6199 0.7500
v 2.0891 -1.6336 0.7500
v 2.0856 -1.6476 0.7500
v 2.0835 -1.6596 0.7500
v 2.0820 -1.6708 0.7500
v 2.0812 -1.6815 0.7500
v 2.0815 -1.6917 0.7500
v 2.0822 -1.7011 0.7500
v 2.0838 -1.7102 0.7500
v 2.0858 -1.7189 0.7500
v 2.0889 -1.7268 0.7500
v 2.0927 -1.7344 0.7500
v 2.0970 -1.7413 0.7500
v 2.1024 -1.7479 0.7500
v 2.1087 -1.7543 0.7500
v 2.1161 -1.7607 0.7500
v 2.1243 -1.7665 0.7500
v 2.1337 -1.7724 0.7500
v 2.1439 -1.7780 0.7500
v 2.1551 -1.7833 0.7500
v 2.1673 -1.7884 0.7500
v 2.1805 -1.7933 0.7500
v 2.1948 -1.7978 0.7500
v 2.2106 -1.8029 0.7500
v 2.2180 -1.8052 0.7500
v 2.2317 -1.8098 0.7500
v 2.2381 -1.8118 0.7500
v 2.2498 -1.8159 0.7500
v 2.2549 -1.8180 0.7500
v 2.2600 -1.8197 0.7500
v 2.2645 -1.8215 0.7500
v 2.2691 -1.8236 0.7500
v 2.2729 -1.8253 0.7500
v 2.2768 -1.8274 0.7500
v 2.2803 -1.8294 0.7500
v 2.2834 -1.8317 0.7500
v 2.2862 -1.8337 0.7500
v 2.2887 -1.8360 0.7500
v 2.2910 -1.8383 0.7500
v 2.2928 -1.8406 0.7500
v 2.2959 -1.8457 0.7500
v 2.2969 -1.8485 0.7500
v 2.2976 -1.8513 0.7500
v 2.2984 -1.8544 0.7500
v 2.2987 -1.8577 0.7500
v 2.2987 -1.8648 0.7500
v 2.2982 -1.8684 0.7500
v 2.2976 -1.8722 0.7500
v 2.2961 -1.8780 0.7500
v 2.2943 -1.8831 0.7500
v 2.2920 -1.8880 0.7500
v 2.2895 -1.8923 0.7500
v 2.2864 -1.8964 0.7500
v 2.2831 -1.8999 0.7500
v 2.2793 -1.9032 0.7500
v 2.2752 -1.9060 0.7500
v 2.2709 -1.9083 0.7500
v 2.2607 -1.9119 0.7500
v 2.2549 -1.9134 0.7500
v 2.2488 -1.9147 0.7500
v 2.2421 -1.9157 0.7500
v 2.2350 -1.9167 0.7500
v 2.2276 -1.9175 0.7500
v 2.2197 -1.9180 0.7500
v 2.2113 -1.9185 0.7500
v 2.2024 -1.9188 0.7500
v 2.1933 -1.9190 0.7500
v 2.1780 -1.9185 0.7500
v 2.1703 -1.9180 0.7500
v 2.1624 -1.9175 0.7500
v 2.1548 -1.9165 0.7500
v 2.1469 -1.9155 0.7500
v 2.1311 -1.9129 0.7500
v 2.1074 -1.9076 0.7500
v 2.0996 -1.9055 0.7500
v 2.0919 -1.9032 0.7500
v 2.0771 -1.8987 0.7500
v 2.0700 -1.8961 0.7500
v 2.0631 -1.8933 0.7500
v 2.0563 -1.8908 0.7500
v 2.0494 -1.8880 0.7500
v 2.0430 -1.8849 0.7500
v 2.0201 -1.9931 0.7500
v 2.0257 -1.9959 0.7500
v 2.0318 -1.9987 0.7500
v 2.0384 -2.0013 0.7500
v 2.0451 -2.0036 0.7500
v 2.0519 -2.0059 0.7500
v 2.0591 -2.0079 0.7500
v 2.0667 -2.0099 0.7500
v 2.0743 -2.0117 0.7500
v 2.0825 -2.0135 0.7500
v 2.0906 -2.0150 0.7500
v 2.0993 -2.0163 0.7500
v 2.1080 -2.0178 0.7500
v 2.1169 -2.0188 0.7500
v 2.1260 -2.0199 0.7500
v 2.1352 -2.0206 0.7500
v 2.1446 -2.0214 -0.7500
v 2.1540 -2.0219 -0.7500
v 2.1637 -2.0222 -0.7500
v 2.1736 -2.0224 -0.7500
v 2.1836 -2.0224 -0.7500
v 2.2047 -2.0222 -0.7500
v 2.2248 -2.0209 -0.7500
v 2.2439 -2.0188 -0.7500
v 2.2623 -2.0158 -0.7500
v 2.2796 -2.0122 -0.7500
v 2.2961 -2.0076 -0.7500
v 2.3116 -2.0023 -0.7500
v 2.3262 -1.9959 -0.7500
v 2.3397 -1.9888 -0.7500
v 2.3524 -1.9809 -0.7500
v 2.3644 -1.9725 -0.7500
v 2.3750 -1.9633 -0.7500
v 2.3850 -1.9537 -0.7500
v 2.3939 -1.9437 -0.7500
v 2.4020 -1.9330 -0.7500
v 2.4092 -1.9218 -0.7500
v 2.4153 -1.9104 -0.7500
v 2.4204 -1.8982 -0.7500
v 2.4247 -1.8854 -0.7500
v 2.4280 -1.8722 -0.7500
v 2.4295 -1.8648 -0.7500
v 2.4306 -1.8574 -0.7500
v 2.4316 -1.8503 -0.7500
v 2.4321 -1.8432 -0.7500
v 2.4323 -1.8363 -0.7500
v 2.4323 -1.8294 -0.7500
v 2.4321 -1.8228 -0.7500
v 2.4316 -1.8164 -0.7500
v 2.4308 -1.8101 -0.7500
v 2.4295 -1.8039 -0.7500
v 2.4280 -1.7978 -0.7500
v 2.4262 -1.7920 -0.7500
v 2.4239 -1.7861 -0.7500
v 2.4211 -1.7808 -0.7500
v 2.4178 -1.7752 -0.7500
v 2.4143 -1.7698 -0.7500
v 2.4102 -1.7647 -0.7500
v 2.4056 -1.7596 -0.7500
v 2.4005 -1.7548 -0.7500
v 2.3952 -1.7502 -0.7500
v 2.3893 -1.7454 -0.7500
v 2.3827 -1.7411 -0.7500
v 2.3756 -1.7367 -0.7500
v 2.3677 -1.7324 -0.7500
v 2.3593 -1.7283 -0.7500
v 2.3504 -1.7245 -0.7500
v 2.3407 -1.7207 -0.7500
v 2.3302 -1.7171 -0.7500
v 2.3193 -1.7136 -0.7500
v 2.3078 -1.7102 -0.7500
v 2.3004 -1.7080 -0.7500
v 2.2933 -1.7059 -0.7500
v 2.2864 -1.7039 -0.7500
v 2.2801 -1.7018 -0.7500
v 2.2740 -1.6998 -0.7500
v 2.2681 -1.6980 -0.7500
v 2.2625 -1.6962 -0.7500
v 2.2574 -1.6945 -0.7500
v 2.2526 -1.6927 -0.7500
v 2.2480 -1.6912 -0.7500
v 2.2439 -1.6896 -0.7500
v 2.2401 -1.6878 -0.7500
v 2.2363 -1.6863 -0.7500
v 2.2330 -1.6845 -0.7500
v 2.2299 -1.6827 -0.7500
v 2.2248 -1.6792 -0.7500
v 2.2228 -1.6771 -0.7500
v 2.2208 -1.6754 -0.7500
v 2.2192 -1.6733 -0.7500
v 2.2180 -1.6713 -0.7500
v 2.2169 -1.6693 -0.7500
v 2.2159 -1.6670 -0.7500
v 2.2151 -1.6644 -0.7500
v 2.2146 -1.6619 -0.7500
v 2.2144 -1.6591 -0.7500
v 2.2144 -1.6532 -0.7500
v 2.2149 -1.6502 -0.7500
v 2.2154 -1.6468 -0.7500
v 2.2167 -1.6415 -0.7500
v 2.2187 -1.6364 -0.7500
v 2.2210 -1.6316 -0.7500
v 2.2238 -1.6275 -0.7500
v 2.2271 -1.6237 -0.7500
v 2.2307 -1.6201 -0.7500
v 2.2348 -1.6171 -0.7500
v 2.2393 -1.6145 -0.7500
v 2.2444 -1.6122 -0.7500
v 2.2498 -1.6104 -0.7500
v 2.2554 -1.6089 -0.7500
v 2.2615 -1.6076 -0.7500
v 2.2679 -1.6066 -0.7500
v 2.2745 -1.6056 -0.7500
v 2.2813 -1.6046 -0.7500
v 2.2887 -1.6038 -0.7500
v 2.2961 -1.6033 -0.7500
v 2.3040 -1.6031 -0.7500
v 2.3122 -1.6028 -0.7500
v 2.3206 -1.6025 -0.7500
v 2.3269 -1.6028 -0.7500
v 2.3335 -1.6028 -0.7500
v 2.3399 -1.6033 -0.7500
v 2.3465 -1.6036 -0.7500
v 2.3529 -1.6043 -0.7500
v 2.3595 -1.6048 -0.7500
v 2.3661 -1.6056 -0.7500
v 2.3725 -1.6066 -0.7500
v 2.3791 -1.6076 -0.7500
v 2.3924 -1.6102 -0.7500
v 2.3987 -1.6117 -0.7500
v 2.4053 -1.6135 -0.7500
v 2.4117 -1.6153 -0.7500
v 2.4183 -1.6171 -0.7500
v 2.4247 -1.6191 -0.7500
v 2.4374 -1.6237 -0.7500
v 2.4502 -1.6288 -0.7500
v 2.4738 -1.5195 -0.7500
v 2.4687 -1.5178 -0.7500
v 2.4634 -1.5162 -0.7500
v 2.4578 -1.5144 -0.7500
v 2.4517 -1.5129 -0.7500
v 2.4453 -1.5114 -0.7500
v 2.4387 -1.5099 -0.7500
v 2.4318 -1.5083 -0.7500
v 2.4244 -1.5071 -0.7500
v 2.4171 -1.5055 -0.7500
v 2.4089 -1.5043 -0.7500
v 2.4010 -1.5030 -0.7500
v 2.3929 -1.5017 -0.7500
v 2.3845 -1.5007 -0.7500
v 2.3677 -1.4992 -0.7500
v 2.3593 -1.4987 -0.7500
v 2.3419 -1.4976 -0.7500
v 2.3333 -1.4976 -0.7500
v 2.3244 -1.4974 -0.7500
v 2.3045 -1.4979 -0.7500
v 2.2852 -1.4989 -0.7500
v 2.2668 -1.5010 -0.7500
v 2.2495 -1.5038 -0.7500
v 2.2327 -1.5071 -0.7500
v 2.2169 -1.5114 -0.7500
v 2.2019 -1.5165 -0.7500
v 2.1879 -1.5223 -0.7500
v 2.1744 -1.5290 -0.7500
v 2.1619 -1.5361 -0.7500
v 2.1502 -1.5442 -0.7500
v 2.1395 -1.5532 -0.7500
v 2.1296 -1.5626 -0.7500
v 2.1207 -1.5728 -0.7500
v 2.1125 -1.5835 -0.7500
v 2.1054 -1.5949 -0.7500
v 2.0990 -1.6071 -0.7500
v 2.0937 -1.6199 -0.7500
v 2.0891 -1.6336 -0.7500
v 2.0856 -1.6476 -0.7500
v 2.0835 -1.6596 -0.7500
v 2.0820 -1.6708 -0.7500
v 2.0812 -1.6815 -0.7500
v 2.0815 -1.6917 -0.7500
v 2.0822 -1.7011 -0.7500
v 2.0838 -1.7102 -0.7500
v 2.0858 -1.7189 -0.7500
v 2.0889 -1.7268 -0.7500
v 2.0927 -1.7344 -0.7500
v 2.0970 -1.7413 -0.7500
v 2.1024 -1.7479 -0.7500
v 2.1087 -1.7543 -0.7500
v 2.1161 -1.7607 -0.7500
v 2.1243 -1.7665 -0.7500
v 2.1337 -1.7724 -0.7500
v 2.1439 -1.7780 -0.7500
v 2.1551 -1.7833 -0.7500
v 2.1673 -1.7884 -0.7500
v 2.1805 -1.7933 -0.7500
v 2.1948 -1.7978 -0.7500
v 2.2106 -1.8029 -0.7500
v 2.2180 -1.8052 -0.7500
v 2.2317 -1.8098 -0.7500
v 2.2381 -1.8118 -0.7500
v 2.2498 -1.8159 -0.7500
v 2.2549 -1.8180 -0.7500
v 2.2600 -1.8197 -0.7500
v 2.2645 -1.8215 -0.7500
v 2.2691 -1.8236 -0.7500
v 2.2729 -1.8253 -0.7500
v 2.2768 -1.8274 -0.7500
v 2.2803 -1.8294 -0.7500
v 2.2834 -1.8317 -0.7500
v 2.2862 -1.8337 -0.7500
v 2.2887 -1.8360 -0.7500
v 2.2910 -1.8383 -0.7500
v 2.2928 -1.8406 -0.7500
v 2.2959 -1.8457 -0.7500
v 2.2969 -1.8485 -0.7500
v 2.2976 -1.8513 -0.7500
v 2.2984 -1.8544 -0.7500
v 2.2987 -1.8577 -0.7500
v 2.2987 -1.8648 -0.7500
v 2.2982 -1.8684 -0.7500
v 2.2976 -1.8722 -0.7500
v 2.2961 -1.8780 -0.7500
v 2.2943 -1.8831 -0.7500
v 2.2920 -1.8880 -0.7500
v 2.2895 -1.8923 -0.7500
v 2.2864 -1.8964 -0.7500
v 2.2831 -1.8999 -0.7500
v 2.2793 -1.9032 -0.7500
v 2.2752 -1.9060 -0.7500
v 2.2709 -1.9083 -0.7500
v 2.2607 -1.9119 -0.7500
v 2.2549 -1.9134 -0.7500
v 2.2488 -1.9147 -0.7500
v 2.2421 -1.9157 -0.7500
v 2.2350 -1.9167 -0.7500
v 2.2276 -1.9175 -0.7500
v 2.2197 -1.9180 -0.7500
v 2.2113 -1.9185 -0.7500
v 2.2024 -1.9188 -0.7500
v 2.1933 -1.9190 -0.7500
v 2.1780 -1.9185 -0.7500
v 2.1703 -1.9180 -0.7500
v 2.1624 -1.9175 -0.7500
v 2.1548 -1.9165 -0.7500
v 2.1469 -1.9155 -0.7500
v 2.1311 -1.9129 -0.7500
v 2.1074 -1.9076 -0.7500
v 2.0996 -1.9055 -0.7500
v 2.0919 -1.9032 -0.7500
v 2.0771 -1.8987 -0.7500
v 2.0700 -1.8961 -0.7500
v 2.0631 -1.8933 -0.7500
v 2.0563 -1.8908 -0.7500
v 2.0494 -1.8880 -0.7500
v 2.0430 -1.8849 -0.7500
v 2.0201 -1.9931 -0.7500
v 2.0257 -1.9959 -0.7500
v 2.0318 -1.9987 -0.7500
v 2.0384 -2.0013 -0.7500
v 2.0451 -2.0036 -0.7500
v 2.0519 -2.0059 -0.7500
v 2.0591 -2.0079 -0.7500
v 2.0667 -2.0099 -0.7500
v 2.0743 -2.0117 -0.7500
v 2.0825 -2.0135 -0.7500
v 2.0906 -2.0150 -0.7500
v 2.0993 -2.0163 -0.7500
v 2.1080 -2.0178 -0.7500
v 2.1169 -2.0188 -0.7500
v 2.1260 -2.0199 -0.7500
v 2.1352 -2.0206 -0.7500
v 2.1260 -2.0199 -0.7500
v 2.1352 -2.0206 -0.7500
v 2.1352 -2.0206 0.7500
v 2.1260 -2.0199 0.7500
v 2.1352 -2.0206 -0.7500
v 2.1446 -2.0214 -0.7500
v 2.1446 -2.0214 0.7500
v 2.1352 -2.0206 0.7500
v 2.1446 -2.0214 -0.7500
v 2.1540 -2.0219 -0.7500
v 2.1540 -2.0219 0.7500
v 2.1446 -2.0214 0.7500
v 2.1540 -2.0219 -0.7500
v 2.1637 -2.0222 -0.7500
v 2.1637 -2.0222 0.7500
v 2.1540 -2.0219 0.7500
v 2.1637 -2.0222 -0.7500
v 2.1736 -2.0224 -0.7500
v 2.1736 -2.0224 0.7500
v 2.1637 -2.0222 0.7500
v 2.1736 -2.0224 -0.7500
v 2.1836 -2.0224 -0.7500
v 2.1836 -2.0224 0.7500
v 2.1736 -2.0224 0.7500
v 2.1836 -2.0224 -0.7500
v 2.2047 -2.0222 -0.7500
v 2.2047 -2.0222 0.7500
v 2.1836 -2.0224 0.7500
v 2.2047 -2.0222 -0.7500
v 2.2248 -2.0209 -0.7500
v 2.2248 -2.0209 0.7500
v 2.2047 -2.0222 0.7500
v 2.2248 -2.0209 -0.7500
v 2.2439 -2.0188 -0.7500
v 2.2439 -2.0188 0.7500
v 2.2248 -2.0209 0.7500
v 2.2439 -2.0188 -0.7500
v 2.2623 -2.0158 -0.7500
v 2.2623 -2.0158 0.7500
v 2.2439 -2.0188 0.7500
v 2.2623 -2.0158 -0.7500
v 2.2796 -2.0122 -0.7500
v 2.2796 -2.0122 0.7500
v 2.2623 -2.0158 0.7500
v 2.2796 -2.0122 -0.7500
v 2.2961 -2.0076 -0.7500
v 2.2961 -2.0076 0.7500
v 2.2796 -2.0122 0.7500
v 2.2961 -2.0076 -0.7500
v 2.3116 -2.0023 -0.7500
v 2.3116 -2.0023 0.7500
v 2.2961 -2.0076 0.7500
v 2.3116 -2.0023 -0.7500
v 2.3262 -1.9959 -0.7500
v 2.3262 -1.9959 0.7500
v 2.3116 -2.0023 0.7500
v 2.3262 -1.9959 -0.7500
v 2.3397 -1.9888 -0.7500
v 2.3397 -1.9888 0.7500
v 2.3262 -1.9959 0.7500
v 2.3397 -1.9888 -0.7500
v 2.3524 -1.9809 -0.7500
v 2.3524 -1.9809 0.7500
v 2.3397 -1.9888 0.7500
v 2.3524 -1.9809 -0.7500
v 2.3644 -1.9725 -0.7500
v 2.3644 -1.9725 0.7500
v 2.3524 -1.9809 0.7500
v 2.3644 -1.9725 -0.7500
v 2.3750 -1.9633 -0.7500
v 2.3750 -1.9633 0.7500
v 2.3644 -1.9725 0.7500
v 2.3750 -1.9633 -0.7500
v 2.3850 -1.9537 -0.7500
v 2.3850 -1.9537 0.7500
v 2.3750 -1.9633 0.7500
v 2.3850 -1.9537 -0.7500
v 2.3939 -1.9437 -0.7500
v 2.3939 -1.9437 0.7500
v 2.3850 -1.9537 0.7500
v 2.3939 -1.9437 -0.7500
v 2.4020 -1.9330 -0.7500
v 2.4020 -1.9330 0.7500
v 2.3939 -1.9437 0.7500
v 2.4020 -1.9330 -0.7500
v 2.4092 -1.9218 -0.7500
v 2.4092 -1.9218 0.7500
v 2.4020 -1.9330 0.7500
v 2.4092 -1.9218 -0.7500
v 2.4153 -1.9104 -0.7500
v 2.4153 -1.9104 0.7500
v 2.4092 -1.9218 0.7500
v 2.4153 -1.9104 -0.7500
v 2.4204 -1.8982 -0.7500
v 2.4204 -1.8982 0.7500
v 2.4153 -1.9104 0.7500
v 2.4204 -1.8982 -0.7500
v 2.4247 -1.8854 -0.7500
v 2.4247 -1.8854 0.7500
v 2.4204 -1.8982 0.7500
v 2.4247 -1.8854 -0.7500
v 2.4280 -1.8722 -0.7500
v 2.4280 -1.8722 0.7500
v 2.4247 -1.8854 0.7500
v 2.4280 -1.8722 -0.7500
v 2.4295 -1.8648 -0.7500
v 2.4295 -1.8648 0.7500
v 2.4280 -1.8722 0.7500
v 2.4295 -1.8648 -0.7500
v 2.4306 -1.8574 -0.7500
v 2.4306 -1.8574 0.7500
v 2.4295 -1.8648 0.7500
v 2.4306 -1.8574 -0.7500
v 2.4316 -1.8503 -0.7500
v 2.4316 -1.8503 0.7500
v 2.4306 -1.8574 0.7500
v 2.4316 -1.8503 -0.7500
v 2.4321 -1.8432 -0.7500
v 2.4321 -1.8432 0.7500
v 2.4316 -1.8503 0.7500
v 2.4321 -1.8432 -0.7500
v 2.4323 -1.8363 -0.7500
v 2.4323 -1.8363 0.7500
v 2.4321 -1.8432 0.7500
v 2.4323 -1.8363 -0.7500
v 2.4323 -1.8294 -0.7500
v 2.4323 -1.8294 0.7500
v 2.4323 -1.8363 0.7500
v 2.4323 -1.8294 -0.7500
v 2.4321 -1.8228 -0.7500
v 2.4321 -1.8228 0.7500
v 2.4323 -1.8294 0.7500
v 2.4321 -1.8228 -0.7500
v 2.4316 -1.8164 -0.7500
v 2.4316 -1.8164 0.7500
v 2.4321 -1.8228 0.7500
v 2.4316 -1.8164 -0.7500
v 2.4308 -1.8101 -0.7500
v 2.4308 -1.8101 0.7500
v 2.4316 -1.8164 0.7500
v 2.4308 -1.8101 -0.7500
v 2.4295 -1.8039 -0.7500
v 2.4295 -1.8039 0.7500
v 2.4308 -1.8101 0.7500
v 2.4295 -1.8039 -0.7500
v 2.4280 -1.7978 -0.7500
v 2.4280 -1.7978 0.7500
v 2.4295 -1.8039 0.7500
v 2.4280 -1.7978 -0.7500
v 2.4262 -1.7920 -0.7500
v 2.4262 -1.7920 0.7500
v 2.4280 -1.7978 0.7500
v 2.4262 -1.7920 -0.7500
v 2.4239 -1.7861 -0.7500
v 2.4239 -1.7861 0.7500
v 2.4262 -1.7920 0.7500
v 2.4239 -1.7861 -0.7500
v 2.4211 -1.7808 -0.7500
v 2.4211 -1.7808 0.7500
v 2.4239 -1.7861 0.7500
v 2.4211 -1.7808 -0.7500
v 2.4178 -1.7752 -0.7500
v 2.4178 -1.7752 0.7500
v 2.4211 -1.7808 0.7500
v 2.4178 -1.7752 -0.7500
v 2.4143 -1.7698 -0.7500
v 2.4143 -1.7698 0.7500
v 2.4178 -1.7752 0.7500
v 2.4143 -1.7698 -0.7500
v 2.4102 -1.7647 -0.7500
v 2.4102 -1.7647 0.7500
v 2.4143 -1.7698 0.7500
v 2.4102 -1.7647 -0.7500
v 2.4056 -1.7596 -0.7500
v 2.4056 -1.7596 0.7500
v 2.4102 -1.7647 0.7500
v 2.4056 -1.7596 -0.7500
v 2.4005 -1.7548 -0.7500
v 2.4005 -1.7548 0.7500
v 2.4056 -1.7596 0.7500
v 2.4005 -1.7548 -0.7500
v 2.3952 -1.7502 -0.7500
v 2.3952 -1.7502 0.7500
v 2.4005 -1.7548 0.7500
v 2.3952 -1.7502 -0.7500
v 2.3893 -1.7454 -0.7500
v 2.3893 -1.7454 0.7500
v 2.3952 -1.7502 0.7500
v 2.3893 -1.7454 -0.7500
v 2.3827 -1.7411 -0.7500
v 2.3827 -1.7411 0.7500
v 2.3893 -1.7454 0.7500
v 2.3827 -1.7411 -0.7500
v 2.3756 -1.7367 -0.7500
v 2.3756 -1.7367 0.7500
v 2.3827 -1.7411 0.7500
v 2.3756 -1.7367 -0.7500
v 2.3677 -1.7324 -0.7500
v 2.3677 -1.7324 0.7500
v 2.3756 -1.7367 0.7500
v 2.3677 -1.7324 -0.7500
v 2.3593 -1.7283 -0.7500
v 2.3593 -1.7283 0.7500
v 2.3677 -1.7324 0.7500
v 2.3593 -1.7283 -0.7500
v 2.3504 -1.7245 -0.7500
v 2.3504 -1.7245 0.7500
v 2.3593 -1.7283 0.7500
v 2.3504 -1.7245 -0.7500
v 2.3407 -1.7207 -0.7500
v 2.3407 -1.7207 0.7500
v 2.3504 -1.7245 0.7500
v 2.3407 -1.7207 -0.7500
v 2.3302 -1.7171 -0.7500
v 2.3302 -1.7171 0.7500
v 2.3407 -1.7207 0.7500
v 2.3302 -1.7171 -0.7500
v 2.3193 -1.7136 -0.7500
v 2.3193 -1.7136 0.7500
v 2.3302 -1.7171 0.7500
v 2.3193 -1.7136 -0.7500
v 2.3078 -1.7102 -0.7500
v 2.3078 -1.7102 0.7500
v 2.3193 -1.7136 0.7500
v 2.3078 -1.7102 -0.7500
v 2.3004 -1.7080 -0.7500
v 2.3004 -1.7080 0.7500
v 2.3078 -1.7102 0.7500
v 2.3004 -1.7080 -0.7500
v 2.2933 -1.7059 -0.7500
v 2.2933 -1.7059 0.7500
v 2.3004 -1.7080 0.7500
v 2.2801 -1.7018 -0.7500
v 2.2740 -1.6998 -0.7500
v 2.2740 -1.6998 0.7500
v 2.2801 -1.7018 0.7500
v 2.2740 -1.6998 -0.7500
v 2.2681 -1.6980 -0.7500
v 2.2681 -1.6980 0.7500
v 2.2740 -1.6998 0.7500
v 2.2574 -1.6945 -0.7500
v 2.2526 -1.6927 -0.7500
v 2.2526 -1.6927 0.7500
v 2.2574 -1.6945 0.7500
v 2.2526 -1.6927 -0.7500
v 2.2480 -1.6912 -0.7500
v 2.2480 -1.6912 0.7500
v 2.2526 -1.6927 0.7500
v 2.2439 -1.6896 -0.7500
v 2.2401 -1.6878 -0.7500
v 2.2401 -1.6878 0.7500
v 2.2439 -1.6896 0.7500
v 2.2401 -1.6878 -0.7500
v 2.2363 -1.6863 -0.7500
v 2.2363 -1.6863 0.7500
v 2.2401 -1.6878 0.7500
v 2.2248 -1.6792 -0.7500
v 2.2228 -1.6771 -0.7500
v 2.2228 -1.6771 0.7500
v 2.2248 -1.6792 0.7500
v 2.2228 -1.6771 -0.7500
v 2.2208 -1.6754 -0.7500
v 2.2208 -1.6754 0.7500
v 2.2228 -1.6771 0.7500
v 2.2144 -1.6532 -0.7500
v 2.2149 -1.6502 -0.7500
v 2.2149 -1.6502 0.7500
v 2.2144 -1.6532 0.7500
v 2.2149 -1.6502 -0.7500
v 2.2154 -1.6468 -0.7500
v 2.2154 -1.6468 0.7500
v 2.2149 -1.6502 0.7500
v 2.3206 -1.6025 -0.7500
v 2.3269 -1.6028 -0.7500
v 2.3269 -1.6028 0.7500
v 2.3206 -1.6025 0.7500
v 2.3269 -1.6028 -0.7500
v 2.3335 -1.6028 -0.7500
v 2.3335 -1.6028 0.7500
v 2.3269 -1.6028 0.7500
v 2.3335 -1.6028 -0.7500
v 2.3399 -1.6033 -0.7500
v 2.3399 -1.6033 0.7500
v 2.3335 -1.6028 0.7500
v 2.3399 -1.6033 -0.7500
v 2.3465 -1.6036 -0.7500
v 2.3465 -1.6036 0.7500
v 2.3399 -1.6033 0.7500
v 2.3465 -1.6036 -0.7500
v 2.3529 -1.6043 -0.7500
v 2.3529 -1.6043 0.7500
v 2.3465 -1.6036 0.7500
v 2.3529 -1.6043 -0.7500
v 2.3595 -1.6048 -0.7500
v 2.3595 -1.6048 0.7500
v 2.3529 -1.6043 0.7500
v 2.3661 -1.6056 -0.7500
v 2.3725 -1.6066 -0.7500
v 2.3725 -1.6066 0.7500
v 2.3661 -1.6056 0.7500
v 2.3725 -1.6066 -0.7500
v 2.3791 -1.6076 -0.7500
v 2.3791 -1.6076 0.7500
v 2.3725 -1.6066 0.7500
v 2.4053 -1.6135 -0.7500
v 2.4117 -1.6153 -0.7500
v 2.4117 -1.6153 0.7500
v 2.4053 -1.6135 0.7500
v 2.4117 -1.6153 -0.7500
v 2.4183 -1.6171 -0.7500
v 2.4183 -1.6171 0.7500
v 2.4117 -1.6153 0.7500
v 2.4374 -1.6237 -0.7500
v 2.4502 -1.6288 -0.7500
v 2.4502 -1.6288 0.7500
v 2.4374 -1.6237 0.7500
v 2.4502 -1.6288 -0.7500
v 2.4738 -1.5195 -0.7500
v 2.4738 -1.5195 0.7500
v 2.4502 -1.6288 0.7500
v 2.4738 -1.5195 -0.7500
v 2.4687 -1.5178 -0.7500
v 2.4687 -1.5178 0.7500
v 2.4738 -1.5195 0.7500
v 2.4687 -1.5178 -0.7500
v 2.4634 -1.5162 -0.7500
v 2.4634 -1.5162 0.7500
v 2.4687 -1.5178 0.7500
v 2.4634 -1.5162 -0.7500
v 2.4578 -1.5144 -0.7500
v 2.4578 -1.5144 0.7500
v 2.4634 -1.5162 0.7500
v 2.4578 -1.5144 -0.7500
v 2.4517 -1.5129 -0.7500
v 2.4517 -1.5129 0.7500
v 2.4578 -1.5144 0.7500
v 2.4517 -1.5129 -0.7500
v 2.4453 -1.5114 -0.7500
v 2.4453 -1.5114 0.7500
v 2.4517 -1.5129 0.7500
v 2.4453 -1.5114 -0.7500
v 2.4387 -1.5099 -0.7500
v 2.4387 -1.5099 0.7500
v 2.4453 -1.5114 0.7500
v 2.4387 -1.5099 -0.7500
v 2.4318 -1.5083 -0.7500
v 2.4318 -1.5083 0.7500
v 2.4387 -1.5099 0.7500
v 2.4318 -1.5083 -0.7500
v 2.4244 -1.5071 -0.7500
v 2.4244 -1.5071 0.7500
v 2.4318 -1.5083 0.7500
v 2.4244 -1.5071 -0.7500
v 2.4171 -1.5055 -0.7500
v 2.4171 -1.5055 0.7500
v 2.4244 -1.5071 0.7500
v 2.4171 -1.5055 -0.7500
v 2.4089 -1.5043 -0.7500
v 2.4089 -1.5043 0.7500
v 2.4171 -1.5055 0.7500
v 2.4089 -1.5043 -0.7500
v 2.4010 -1.5030 -0.7500
v 2.4010 -1.5030 0.7500
v 2.4089 -1.5043 0.7500
v 2.4010 -1.5030 -0.7500
v 2.3929 -1.5017 -0.7500
v 2.3929 -1.5017 0.7500
v 2.4010 -1.5030 0.7500
v 2.3929 -1.5017 -0.7500
v 2.3845 -1.5007 -0.7500
v 2.3845 -1.5007 0.7500
v 2.3929 -1.5017 0.7500
v 2.3845 -1.5007 -0.7500
v 2.3677 -1.4992 -0.7500
v 2.3677 -1.4992 0.7500
v 2.3845 -1.5007 0.7500
v 2.3677 -1.4992 -0.7500
v 2.3593 -1.4987 -0.7500
v 2.3593 -1.4987 0.7500
v 2.3677 -1.4992 0.7500
v 2.3593 -1.4987 -0.7500
v 2.3419 -1.4976 -0.7500
v 2.3419 -1.4976 0.7500
v 2.3593 -1.4987 0.7500
v 2.3333 -1.4976 -0.7500
v 2.3244 -1.4974 -0.7500
v 2.3244 -1.4974 0.7500
v 2.3333 -1.4976 0.7500
v 2.3244 -1.4974 -0.7500
v 2.3045 -1.4979 -0.7500
v 2.3045 -1.4979 0.7500
v 2.3244 -1.4974 0.7500
v 2.3045 -1.4979 -0.7500
v 2.2852 -1.4989 -0.7500
v 2.2852 -1.4989 0.7500
v 2.3045 -1.4979 0.7500
v 2.2852 -1.4989 -0.7500
v 2.2668 -1.5010 -0.7500
v 2.2668 -1.5010 0.7500
v 2.2852 -1.4989 0.7500
v 2.2668 -1.5010 -0.7500
v 2.2495 -1.5038 -0.7500
v 2.2495 -1.5038 0.7500
v 2.2668 -1.5010 0.7500
v 2.2495 -1.5038 -0.7500
v 2.2327 -1.5071 -0.7500
v 2.2327 -1.5071 0.7500
v 2.2495 -1.5038 0.7500
v 2.2327 -1.5071 -0.7500
v 2.2169 -1.5114 -0.7500
v 2.2169 -1.5114 0.7500
v 2.2327 -1.5071 0.7500
v 2.2169 -1.5114 -0.7500
v 2.2019 -1.5165 -0.7500
v 2.2019 -1.5165 0.7500
v 2.2169 -1.5114 0.7500
v 2.2019 -1.5165 -0.7500
v 2.1879 -1.5223 -0.7500
v 2.1879 -1.5223 0.7500
v 2.2019 -1.5165 0.7500
v 2.1879 -1.5223 -0.7500
v 2.1744 -1.5290 -0.7500
v 2.1744 -1.5290 0.7500
v 2.1879 -1.5223 0.7500
v 2.1744 -1.5290 -0.7500
v 2.1619 -1.5361 -0.7500
v 2.1619 -1.5361 0.7500
v 2.1744 -1.5290 0.7500
v 2.1619 -1.5361 -0.7500
v 2.1502 -1.5442 -0.7500
v 2.1502 -1.5442 0.7500
v 2.1619 -1.5361 0.7500
v 2.1502 -1.5442 -0.7500
v 2.1395 -1.5532 -0.7500
v 2.1395 -1.5532 0.7500
v 2.1502 -1.5442 0.7500
v 2.1395 -1.5532 -0.7500
v 2.1296 -1.5626 -0.7500
v 2.1296 -1.5626 0.7500
v 2.1395 -1.5532 0.7500
v 2.1296 -1.5626 -0.7500
v 2.1207 -1.5728 -0.7500
v 2.1207 -1.5728 0.7500
v 2.1296 -1.5626 0.7500
v 2.1207 -1.5728 -0.7500
v 2.1125 -1.5835 -0.7500
v 2.1125 -1.5835 0.7500
v 2.1207 -1.5728 0.7500
v 2.1125 -1.5835 -0.7500
v 2.1054 -1.5949 -0.7500
v 2.1054 -1.5949 0.7500
v 2.1125 -1.5835 0.7500
v 2.1054 -1.5949 -0.7500
v 2.0990 -1.6071 -0.7500
v 2.0990 -1.6071 0.7500
v 2.1054 -1.5949 0.7500
v 2.0990 -1.6071 -0.7500
v 2.0937 -1.6199 -0.7500
v 2.0937 -1.6199 0.7500
v 2.0990 -1.6071 0.7500
v 2.0937 -1.6199 -0.7500
v 2.0891 -1.6336 -0.7500
v 2.0891 -1.6336 0.7500
v 2.0937 -1.6199 0.7500
v 2.0891 -1.6336 -0.7500
v 2.0856 -1.6476 -0.7500
v 2.0856 -1.6476 0.7500
v 2.0891 -1.6336 0.7500
v 2.0856 -1.6476 -0.7500
v 2.0835 -1.6596 -0.7500
v 2.0835 -1.6596 0.7500
v 2.0856 -1.6476 0.7500
v 2.0835 -1.6596 -0.7500
v 2.0820 -1.6708 -0.7500
v 2.0820 -1.6708 0.7500
v 2.0835 -1.6596 0.7500
v 2.0820 -1.6708 -0.7500
v 2.0812 -1.6815 -0.7500
v 2.0812 -1.6815 0.7500
v 2.0820 -1.6708 0.7500
v 2.0812 -1.6815 -0.7500
v 2.0815 -1.6917 -0.7500
v 2.0815 -1.6917 0.7500
v 2.0812 -1.6815 0.7500
v 2.0815 -1.6917 -0.7500
v 2.0822 -1.7011 -0.7500
v 2.0822 -1.7011 0.7500
v 2.0815 -1.6917 0.7500
v 2.0822 -1.7011 -0.7500
v 2.0838 -1.7102 -0.7500
v 2.0838 -1.7102 0.7500
v 2.0822 -1.7011 0.7500
v 2.0838 -1.7102 -0.7500
v 2.0858 -1.7189 -0.7500
v 2.0858 -1.7189 0.7500
v 2.0838 -1.7102 0.7500
v 2.0858 -1.7189 -0.7500
v 2.0889 -1.7268 -0.7500
v 2.0889 -1.7268 0.7500
v 2.0858 -1.7189 0.7500
v 2.0889 -1.7268 -0.7500
v 2.0927 -1.7344 -0.7500
v 2.0927 -1.7344 0.7500
v 2.0889 -1.7268 0.7500
v 2.0927 -1.7344 -0.7500
v 2.0970 -1.7413 -0.7500
v 2.0970 -1.7413 0.7500
v 2.0927 -1.7344 0.7500
v 2.0970 -1.7413 -0.7500
v 2.1024 -1.7479 -0.7500
v 2.1024 -1.7479 0.7500
v 2.0970 -1.7413 0.7500
v 2.1024 -1.7479 -0.7500
v 2.1087 -1.7543 -0.7500
v 2.1087 -1.7543 0.7500
v 2.1024 -1.7479 0.7500
v 2.1087 -1.7543 -0.7500
v 2.1161 -1.7607 -0.7500
v 2.1161 -1.7607 0.7500
v 2.1087 -1.7543 0.7500
v 2.1161 -1.7607 -0.7500
v 2.1243 -1.7665 -0.7500
v 2.1243 -1.7665 0.7500
v 2.1161 -1.7607 0.7500
v 2.1243 -1.7665 -0.7500
v 2.1337 -1.7724 -0.7500
v 2.1337 -1.7724 0.7500
v 2.1243 -1.7665 0.7500
v 2.1337 -1.7724 -0.7500
v 2.1439 -1.7780 -0.7500
v 2.1439 -1.7780 0.7500
v 2.1337 -1.7724 0.7500
v 2.1439 -1.7780 -0.7500
v 2.1551 -1.7833 -0.7500
v 2.1551 -1.7833 0.7500
v 2.1439 -1.7780 0.7500
v 2.1551 -1.7833 -0.7500
v 2.1673 -1.7884 -0.7500
v 2.1673 -1.7884 0.7500
v 2.1551 -1.7833 0.7500
v 2.1673 -1.7884 -0.7500
v 2.1805 -1.7933 -0.7500
v 2.1805 -1.7933 0.7500
v 2.1673 -1.7884 0.7500
v 2.1948 -1.7978 -0.7500
v 2.2106 -1.8029 -0.7500
v 2.2106 -1.8029 0.7500
v 2.1948 -1.7978 0.7500
v 2.2106 -1.8029 -0.7500
v 2.2180 -1.8052 -0.7500
v 2.2180 -1.8052 0.7500
v 2.2106 -1.8029 0.7500
v 2.2180 -1.8052 -0.7500
v 2.2317 -1.8098 -0.7500
v 2.2317 -1.8098 0.7500
v 2.2180 -1.8052 0.7500
v 2.2317 -1.8098 -0.7500
v 2.2381 -1.8118 -0.7500
v 2.2381 -1.8118 0.7500
v 2.2317 -1.8098 0.7500
v 2.2498 -1.8159 -0.7500
v 2.2549 -1.8180 -0.7500
v 2.2549 -1.8180 0.7500
v 2.2498 -1.8159 0.7500
v 2.2549 -1.8180 -0.7500
v 2.2600 -1.8197 -0.7500
v 2.2600 -1.8197 0.7500
v 2.2549 -1.8180 0.7500
v 2.2803 -1.8294 -0.7500
v 2.2834 -1.8317 -0.7500
v 2.2834 -1.8317 0.7500
v 2.2803 -1.8294 0.7500
v 2.2834 -1.8317 -0.7500
v 2.2862 -1.8337 -0.7500
v 2.2862 -1.8337 0.7500
v 2.2834 -1.8317 0.7500
v 2.2987 -1.8648 -0.7500
v 2.2982 -1.8684 -0.7500
v 2.2982 -1.8684 0.7500
v 2.2987 -1.8648 0.7500
v 2.2982 -1.8684 -0.7500
v 2.2976 -1.8722 -0.7500
v 2.2976 -1.8722 0.7500
v 2.2982 -1.8684 0.7500
v 2.1780 -1.9185 -0.7500
v 2.1703 -1.9180 -0.7500
v 2.1703 -1.9180 0.7500
v 2.1780 -1.9185 0.7500
v 2.1703 -1.9180 -0.7500
v 2.1624 -1.9175 -0.7500
v 2.1624 -1.9175 0.7500
v 2.1703 -1.9180 0.7500
v 2.1624 -1.9175 -0.7500
v 2.1548 -1.9165 -0.7500
v 2.1548 -1.9165 0.7500
v 2.1624 -1.9175 0.7500
v 2.1548 -1.9165 -0.7500
v 2.1469 -1.9155 -0.7500
v 2.1469 -1.9155 0.7500
v 2.1548 -1.9165 0.7500
v 2.0700 -1.8961 -0.7500
v 2.0631 -1.8933 -0.7500
v 2.0631 -1.8933 0.7500
v 2.0700 -1.8961 0.7500
v 2.0631 -1.8933 -0.7500
v 2.0563 -1.8908 -0.7500
v 2.0563 -1.8908 0.7500
v 2.0631 -1.8933 0.7500
v 2.0494 -1.8880 -0.7500
v 2.0430 -1.8849 -0.7500
v 2.0430 -1.8849 0.7500
v 2.0494 -1.8880 0.7500
v 2.0430 -1.8849 -0.7500
v 2.0201 -1.9931 -0.7500
v 2.0201 -1.9931 0.7500
v 2.0430 -1.8849 0.7500
v 2.0201 -1.9931 -0.7500
v 2.0257 -1.9959 -0.7500
v 2.0257 -1.9959 0.7500
v 2.0201 -1.9931 0.7500
v 2.0257 -1.9959 -0.7500
v 2.0318 -1.9987 -0.7500
v 2.0318 -1.9987 0.7500
v 2.0257 -1.9959 0.7500
v 2.0318 -1.9987 -0.7500
v 2.0384 -2.0013 -0.7500
v 2.0384 -2.0013 0.7500
v 2.0318 -1.9987 0.7500
v 2.0384 -2.0013 -0.7500
v 2.0451 -2.0036 -0.7500
v 2.0451 -2.0036 0.7500
v 2.0384 -2.0013 0.7500
v 2.0451 -2.0036 -0.7500
v 2.0519 -2.0059 -0.7500
v 2.0519 -2.0059 0.7500
v 2.0451 -2.0036 0.7500
v 2.0519 -2.0059 -0.7500
v 2.0591 -2.0079 -0.7500
v 2.0591 -2.0079 0.7500
v 2.0519 -2.0059 0.7500
v 2.0591 -2.0079 -0.7500
v 2.0667 -2.0099 -0.7500
v 2.0667 -2.0099 0.7500
v 2.0591 -2.0079 0.7500
v 2.0667 -2.0099 -0.7500
v 2.0743 -2.0117 -0.7500
v 2.0743 -2.0117 0.7500
v 2.0667 -2.0099 0.7500
v 2.0743 -2.0117 -0.7500
v 2.0825 -2.0135 -0.7500
v 2.0825 -2.0135 0.7500
v 2.0743 -2.0117 0.7500
v 2.0825 -2.0135 -0.7500
v 2.0906 -2.0150 -0.7500
v 2.0906 -2.0150 0.7500
v 2.0825 -2.0135 0.7500
v 2.0993 -2.0163 -0.7500
v 2.1080 -2.0178 -0.7500
v 2.1080 -2.0178 0.7500
v 2.0993 -2.0163 0.7500
v 2.1080 -2.0178 -0.7500
v 2.1169 -2.0188 -0.7500
v 2.1169 -2.0188 0.7500
v 2.1080 -2.0178 0.7500
v 2.1169 -2.0188 -0.7500
v 2.1260 -2.0199 -0.7500
v 2.1260 -2.0199 0.7500
v 2.1169 -2.0188 0.7500
v 2.2864 -1.7039 -0.7500
v 2.2801 -1.7018 -0.7500
v 2.2801 -1.7018 0.7500
v 2.2864 -1.7039 0.7500
v 2.4247 -1.6191 -0.7500
v 2.4374 -1.6237 -0.7500
v 2.4374 -1.6237 0.7500
v 2.4247 -1.6191 0.7500
v 2.3419 -1.4976 -0.7500
v 2.3333 -1.4976 -0.7500
v 2.3333 -1.4976 0.7500
v 2.3419 -1.4976 0.7500
v 2.1805 -1.7933 -0.7500
v 2.1948 -1.7978 -0.7500
v 2.1948 -1.7978 0.7500
v 2.1805 -1.7933 0.7500
v 2.0563 -1.8908 -0.7500
v 2.0494 -1.8880 -0.7500
v 2.0494 -1.8880 0.7500
v 2.0563 -1.8908 0.7500
v 2.0906 -2.0150 -0.7500
v 2.0993 -2.0163 -0.7500
v 2.0993 -2.0163 0.7500
v 2.0906 -2.0150 0.7500
v 2.2681 -1.6980 -0.7500
v 2.2625 -1.6962 -0.7500
v 2.2625 -1.6962 0.7500
v 2.2681 -1.6980 0.7500
v 2.4183 -1.6171 -0.7500
v 2.4247 -1.6191 -0.7500
v 2.4247 -1.6191 0.7500
v 2.4183 -1.6171 0.7500
v 2.2933 -1.7059 -0.7500
v 2.2864 -1.7039 -0.7500
v 2.2864 -1.7039 0.7500
v 2.2933 -1.7059 0.7500
v 2.0771 -1.8987 -0.7500
v 2.0700 -1.8961 -0.7500
v 2.0700 -1.8961 0.7500
v 2.0771 -1.8987 0.7500
v 2.3987 -1.6117 -0.7500
v 2.4053 -1.6135 -0.7500
v 2.4053 -1.6135 0.7500
v 2.3987 -1.6117 0.7500
v 2.0919 -1.9032 -0.7500
v 2.0771 -1.8987 -0.7500
v 2.0771 -1.8987 0.7500
v 2.0919 -1.9032 0.7500
v 2.3924 -1.6102 -0.7500
v 2.3987 -1.6117 -0.7500
v 2.3987 -1.6117 0.7500
v 2.3924 -1.6102 0.7500
v 2.0996 -1.9055 -0.7500
v 2.0919 -1.9032 -0.7500
v 2.0919 -1.9032 0.7500
v 2.0996 -1.9055 0.7500
v 2.2625 -1.6962 -0.7500
v 2.2574 -1.6945 -0.7500
v 2.2574 -1.6945 0.7500
v 2.2625 -1.6962 0.7500
v 2.3791 -1.6076 -0.7500
v 2.3924 -1.6102 -0.7500
v 2.3924 -1.6102 0.7500
v 2.3791 -1.6076 0.7500
v 2.2381 -1.8118 -0.7500
v 2.2498 -1.8159 -0.7500
v 2.2498 -1.8159 0.7500
v 2.2381 -1.8118 0.7500
v 2.1074 -1.9076 -0.7500
v 2.0996 -1.9055 -0.7500
v 2.0996 -1.9055 0.7500
v 2.1074 -1.9076 0.7500
v 2.1311 -1.9129 -0.7500
v 2.1074 -1.9076 -0.7500
v 2.1074 -1.9076 0.7500
v 2.1311 -1.9129 0.7500
v 2.2480 -1.6912 -0.7500
v 2.2439 -1.6896 -0.7500
v 2.2439 -1.6896 0.7500
v 2.2480 -1.6912 0.7500
v 2.3595 -1.6048 -0.7500
v 2.3661 -1.6056 -0.7500
v 2.3661 -1.6056 0.7500
v 2.3595 -1.6048 0.7500
v 2.2600 -1.8197 -0.7500
v 2.2645 -1.8215 -0.7500
v 2.2645 -1.8215 0.7500
v 2.2600 -1.8197 0.7500
v 2.1469 -1.9155 -0.7500
v 2.1311 -1.9129 -0.7500
v 2.1311 -1.9129 0.7500
v 2.1469 -1.9155 0.7500
v 2.2645 -1.8215 -0.7500
v 2.2691 -1.8236 -0.7500
v 2.2691 -1.8236 0.7500
v 2.2645 -1.8215 0.7500
v 2.2363 -1.6863 -0.7500
v 2.2330 -1.6845 -0.7500
v 2.2330 -1.6845 0.7500
v 2.2363 -1.6863 0.7500
v 2.2691 -1.8236 -0.7500
v 2.2729 -1.8253 -0.7500
v 2.2729 -1.8253 0.7500
v 2.2691 -1.8236 0.7500
v 2.2330 -1.6845 -0.7500
v 2.2299 -1.6827 -0.7500
v 2.2299 -1.6827 0.7500
v 2.2330 -1.6845 0.7500
v 2.2729 -1.8253 -0.7500
v 2.2768 -1.8274 -0.7500
v 2.2768 -1.8274 0.7500
v 2.2729 -1.8253 0.7500
v 2.1933 -1.9190 -0.7500
v 2.1780 -1.9185 -0.7500
v 2.1780 -1.9185 0.7500
v 2.1933 -1.9190 0.7500
v 2.3122 -1.6028 -0.7500
v 2.3206 -1.6025 -0.7500
v 2.3206 -1.6025 0.7500
v 2.3122 -1.6028 0.7500
v 2.2768 -1.8274 -0.7500
v 2.2803 -1.8294 -0.7500
v 2.2803 -1.8294 0.7500
v 2.2768 -1.8274 0.7500
v 2.2024 -1.9188 -0.7500
v 2.1933 -1.9190 -0.7500
v 2.1933 -1.9190 0.7500
v 2.2024 -1.9188 0.7500
v 2.3040 -1.6031 -0.7500
v 2.3122 -1.6028 -0.7500
v 2.3122 -1.6028 0.7500
v 2.3040 -1.6031 0.7500
v 2.2113 -1.9185 -0.7500
v 2.2024 -1.9188 -0.7500
v 2.2024 -1.9188 0.7500
v 2.2113 -1.9185 0.7500
v 2.2961 -1.6033 -0.7500
v 2.3040 -1.6031 -0.7500
v 2.3040 -1.6031 0.7500
v 2.2961 -1.6033 0.7500
v 2.2862 -1.8337 -0.7500
v 2.2887 -1.8360 -0.7500
v 2.2887 -1.8360 0.7500
v 2.2862 -1.8337 0.7500
v 2.2197 -1.9180 -0.7500
v 2.2113 -1.9185 -0.7500
v 2.2113 -1.9185 0.7500
v 2.2197 -1.9180 0.7500
v 2.2887 -1.6038 -0.7500
v 2.2961 -1.6033 -0.7500
v 2.2961 -1.6033 0.7500
v 2.2887 -1.6038 0.7500
v 2.2887 -1.8360 -0.7500
v 2.2910 -1.8383 -0.7500
v 2.2910 -1.8383 0.7500
v 2.2887 -1.8360 0.7500
v 2.2276 -1.9175 -0.7500
v 2.2197 -1.9180 -0.7500
v 2.2197 -1.9180 0.7500
v 2.2276 -1.9175 0.7500
v 2.2813 -1.6046 -0.7500
v 2.2887 -1.6038 -0.7500
v 2.2887 -1.6038 0.7500
v 2.2813 -1.6046 0.7500
v 2.2910 -1.8383 -0.7500
v 2.2928 -1.8406 -0.7500
v 2.2928 -1.8406 0.7500
v 2.2910 -1.8383 0.7500
v 2.2350 -1.9167 -0.7500
v 2.2276 -1.9175 -0.7500
v 2.2276 -1.9175 0.7500
v 2.2350 -1.9167 0.7500
v 2.2745 -1.6056 -0.7500
v 2.2813 -1.6046 -0.7500
v 2.2813 -1.6046 0.7500
v 2.2745 -1.6056 0.7500
v 2.2928 -1.8406 -0.7500
v 2.2959 -1.8457 -0.7500
v 2.2959 -1.8457 0.7500
v 2.2928 -1.8406 0.7500
v 2.2421 -1.9157 -0.7500
v 2.2350 -1.9167 -0.7500
v 2.2350 -1.9167 0.7500
v 2.2421 -1.9157 0.7500
v 2.2679 -1.6066 -0.7500
v 2.2745 -1.6056 -0.7500
v 2.2745 -1.6056 0.7500
v 2.2679 -1.6066 0.7500
v 2.2488 -1.9147 -0.7500
v 2.2421 -1.9157 -0.7500
v 2.2421 -1.9157 0.7500
v 2.2488 -1.9147 0.7500
v 2.2615 -1.6076 -0.7500
v 2.2679 -1.6066 -0.7500
v 2.2679 -1.6066 0.7500
v 2.2615 -1.6076 0.7500
v 2.2549 -1.9134 -0.7500
v 2.2488 -1.9147 -0.7500
v 2.2488 -1.9147 0.7500
v 2.2549 -1.9134 0.7500
v 2.2554 -1.6089 -0.7500
v 2.2615 -1.6076 -0.7500
v 2.2615 -1.6076 0.7500
v 2.2554 -1.6089 0.7500
v 2.2607 -1.9119 -0.7500
v 2.2549 -1.9134 -0.7500
v 2.2549 -1.9134 0.7500
v 2.2607 -1.9119 0.7500
v 2.2498 -1.6104 -0.7500
v 2.2554 -1.6089 -0.7500
v 2.2554 -1.6089 0.7500
v 2.2498 -1.6104 0.7500
v 2.2444 -1.6122 -0.7500
v 2.2498 -1.6104 -0.7500
v 2.2498 -1.6104 0.7500
v 2.2444 -1.6122 0.7500
v 2.2709 -1.9083 -0.7500
v 2.2607 -1.9119 -0.7500
v 2.2607 -1.9119 0.7500
v 2.2709 -1.9083 0.7500
v 2.2752 -1.9060 -0.7500
v 2.2709 -1.9083 -0.7500
v 2.2709 -1.9083 0.7500
v 2.2752 -1.9060 0.7500
v 2.2393 -1.6145 -0.7500
v 2.2444 -1.6122 -0.7500
v 2.2444 -1.6122 0.7500
v 2.2393 -1.6145 0.7500
v 2.2793 -1.9032 -0.7500
v 2.2752 -1.9060 -0.7500
v 2.2752 -1.9060 0.7500
v 2.2793 -1.9032 0.7500
v 2.2348 -1.6171 -0.7500
v 2.2393 -1.6145 -0.7500
v 2.2393 -1.6145 0.7500
v 2.2348 -1.6171 0.7500
v 2.2831 -1.8999 -0.7500
v 2.2793 -1.9032 -0.7500
v 2.2793 -1.9032 0.7500
v 2.2831 -1.8999 0.7500
v 2.2307 -1.6201 -0.7500
v 2.2348 -1.6171 -0.7500
v 2.2348 -1.6171 0.7500
v 2.2307 -1.6201 0.7500
v 2.2271 -1.6237 -0.7500
v 2.2307 -1.6201 -0.7500
v 2.2307 -1.6201 0.7500
v 2.2271 -1.6237 0.7500
v 2.2864 -1.8964 -0.7500
v 2.2831 -1.8999 -0.7500
v 2.2831 -1.8999 0.7500
v 2.2864 -1.8964 0.7500
v 2.2238 -1.6275 -0.7500
v 2.2271 -1.6237 -0.7500
v 2.2271 -1.6237 0.7500
v 2.2238 -1.6275 0.7500
v 2.2895 -1.8923 -0.7500
v 2.2864 -1.8964 -0.7500
v 2.2864 -1.8964 0.7500
v 2.2895 -1.8923 0.7500
v 2.2210 -1.6316 -0.7500
v 2.2238 -1.6275 -0.7500
v 2.2238 -1.6275 0.7500
v 2.2210 -1.6316 0.7500
v 2.2920 -1.8880 -0.7500
v 2.2895 -1.8923 -0.7500
v 2.2895 -1.8923 0.7500
v 2.2920 -1.8880 0.7500
v 2.2187 -1.6364 -0.7500
v 2.2210 -1.6316 -0.7500
v 2.2210 -1.6316 0.7500
v 2.2187 -1.6364 0.7500
v 2.2943 -1.8831 -0.7500
v 2.2920 -1.8880 -0.7500
v 2.2920 -1.8880 0.7500
v 2.2943 -1.8831 0.7500
v 2.2167 -1.6415 -0.7500
v 2.2187 -1.6364 -0.7500
v 2.2187 -1.6364 0.7500
v 2.2167 -1.6415 0.7500
v 2.2961 -1.8780 -0.7500
v 2.2943 -1.8831 -0.7500
v 2.2943 -1.8831 0.7500
v 2.2961 -1.8780 0.7500
v 2.2154 -1.6468 -0.7500
v 2.2167 -1.6415 -0.7500
v 2.2167 -1.6415 0.7500
v 2.2154 -1.6468 0.7500
v 2.2976 -1.8722 -0.7500
v 2.2961 -1.8780 -0.7500
v 2.2961 -1.8780 0.7500
v 2.2976 -1.8722 0.7500
v 2.2144 -1.6591 -0.7500
v 2.2144 -1.6532 -0.7500
v 2.2144 -1.6532 0.7500
v 2.2144 -1.6591 0.7500
v 2.2987 -1.8577 -0.7500
v 2.2987 -1.8648 -0.7500
v 2.2987 -1.8648 0.7500
v 2.2987 -1.8577 0.7500
v 2.2146 -1.6619 -0.7500
v 2.2144 -1.6591 -0.7500
v 2.2144 -1.6591 0.7500
v 2.2146 -1.6619 0.7500
v 2.2984 -1.8544 -0.7500
v 2.2987 -1.8577 -0.7500
v 2.2987 -1.8577 0.7500
v 2.2984 -1.8544 0.7500
v 2.2151 -1.6644 -0.7500
v 2.2146 -1.6619 -0.7500
v 2.2146 -1.6619 0.7500
v 2.2151 -1.6644 0.7500
v 2.2976 -1.8513 -0.7500
v 2.2984 -1.8544 -0.7500
v 2.2984 -1.8544 0.7500
v 2.2976 -1.8513 0.7500
v 2.2159 -1.6670 -0.7500
v 2.2151 -1.6644 -0.7500
v 2.2151 -1.6644 0.7500
v 2.2159 -1.6670 0.7500
v 2.2969 -1.8485 -0.7500
v 2.2976 -1.8513 -0.7500
v 2.2976 -1.8513 0.7500
v 2.2969 -1.8485 0.7500
v 2.2169 -1.6693 -0.7500
v 2.2159 -1.6670 -0.7500
v 2.2159 -1.6670 0.7500
v 2.2169 -1.6693 0.7500
v 2.2959 -1.8457 -0.7500
v 2.2969 -1.8485 -0.7500
v 2.2969 -1.8485 0.7500
v 2.2959 -1.8457 0.7500
v 2.2180 -1.6713 -0.7500
v 2.2169 -1.6693 -0.7500
v 2.2169 -1.6693 0.7500
v 2.2180 -1.6713 0.7500
v 2.2192 -1.6733 -0.7500
v 2.2180 -1.6713 -0.7500
v 2.2180 -1.6713 0.7500
v 2.2192 -1.6733 0.7500
v 2.2299 -1.6827 -0.7500
v 2.2248 -1.6792 -0.7500
v 2.2248 -1.6792 0.7500
v 2.2299 -1.6827 0.7500
v 2.2208 -1.6754 -0.7500
v 2.2192 -1.6733 -0.7500
v 2.2192 -1.6733 0.7500
v 2.2208 -1.6754 0.7500
f 5875 5876 5623
f 5623 5624 5625
f 5625 5626 5627
f 5627 5628 5629
f 5629 5630 5631
f 5631 5632 5633
f 5633 5634 5635
f 5635 5636 5637
f 5637 5638 5639
f 5639 5640 5641
f 5641 5642 5643
f 5643 5644 5645
f 5645 5646 5647
f 5647 5648 5649
f 5649 5650 5651
f 5651 5652 5653
f 5653 5654 5655
f 5655 5656 5657
f 5657 5658 5659
f 5659 5660 5661
f 5661 5662 5663
f 5663 5664 5665
f 5665 5666 5667
f 5667 5668 5669
f 5669 5670 5671
f 5671 5672 5673
f 5673 5674 5675
f 5675 5676 5677
f 5677 5678 5679
f 5681 5682 5683
f 5685 5686 5687
f 5688 5689 5690
f 5693 5694 5695
f 5703 5704 5705
f 5725 5726 5727
f 5727 5728 5729
f 5729 5730 5731
f 5732 5733 5734
f 5737 5738 5739
f 5741 5742 5743
f 5743 5744 5745
f 5745 5746 5747
f 5747 5748 5749
f 5749 5750 5751
f 5751 5752 5753
f 5753 5754 5755
f 5755 5756 5757
f 5757 5758 5759
f 5760 5761 5762
f 5762 5763 5764
f 5764 5765 5766
f 5766 5767 5768
f 5768 5769 5770
f 5770 5771 5772
f 5772 5773 5774
f 5774 5775 5776
f 5776 5777 5778
f 5778 5779 5780
f 5780 5781 5782
f 5782 5783 5784
f 5784 5785 5786
f 5786 5787 5788
f 5788 5789 5790
f 5790 5791 5792
f 5792 5793 5794
f 5794 5795 5796
f 5796 5797 5798
f 5798 5799 5800
f 5801 5802 5803
f 5803 5804 5805
f 5806 5807 5808
f 5813 5814 5815
f 5824 5825 5826
f 5846 5847 5848
f 5848 5849 5850
f 5856 5857 5858
f 5859 5860 5861
f 5861 5862 5863
f 5863 5864 5865
f 5865 5866 5867
f 5867 5868 5869
f 5869 5870 5871
f 5872 5873 5874
f 5874 5875 5623
f 5623 5625 5627
f 5627 5629 5631
f 5631 5633 5635
f 5635 5637 5639
f 5639 5641 5643
f 5643 5645 5647
f 5647 5649 5651
f 5651 5653 5655
f 5655 5657 5659
f 5659 5661 5663
f 5663 5665 5667
f 5667 5669 5671
f 5671 5673 5675
f 5675 5677 5679
f 5680 5681 5683
f 5740 5741 5743
f 5743 5745 5747
f 5747 5749 5751
f 5751 5753 5755
f 5755 5757 5759
f 5759 5760 5762
f 5762 5764 5766
f 5766 5768 5770
f 5770 5772 5774
f 5774 5776 5778
f 5778 5780 5782
f 5782 5784 5786
f 5786 5788 5790
f 5790 5792 5794
f 5794 5796 5798
f 5798 5800 5801
f 5858 5859 5861
f 5861 5863 5865
f 5865 5867 5869
f 5869 5871 5872
f 5872 5874 5623
f 5623 5627 5631
f 5631 5635 5639
f 5639 5643 5647
f 5647 5651 5655
f 5655 5659 5663
f 5663 5667 5671
f 5671 5675 5679
f 5680 5683 5684
f 5739 5740 5743
f 5743 5747 5751
f 5751 5755 5759
f 5759 5762 5766
f 5766 5770 5774
f 5774 5778 5782
f 5782 5786 5790
f 5790 5794 5798
f 5798 5801 5803
f 5856 5858 5861
f 5861 5865 5869
f 5869 5872 5623
f 5623 5631 5639
f 5639 5647 5655
f 5655 5663 5671
f 5671 5679 5680
f 5737 5739 5743
f 5743 5751 5759
f 5759 5766 5774
f 5774 5782 5790
f 5790 5798 5803
f 5855 5856 5861
f 5861 5869 5623
f 5623 5639 5655
f 5655 5671 5680
f 5736 5737 5743
f 5743 5759 5774
f 5774 5790 5803
f 5854 5855 5861
f 5655 5680 5684
f 5735 5736 5743
f 5774 5803 5805
f 5853 5854 5861
f 5655 5684 5685
f 5734 5735 5743
f 5774 5805 5806
f 5852 5853 5861
f 5655 5685 5687
f 5732 5734 5743
f 5774 5806 5808
f 5851 5852 5861
f 5655 5687 5688
f 5731 5732 5743
f 5774 5808 5809
f 5850 5851 5861
f 5655 5688 5690
f 5729 5731 5743
f 5774 5809 5810
f 5848 5850 5861
f 5655 5690 5691
f 5727 5729 5743
f 5774 5810 5811
f 5846 5848 5861
f 5655 5691 5692
f 5725 5727 5743
f 5774 5811 5812
f 5845 5846 5861
f 5724 5725 5743
f 5774 5812 5813
f 5844 5845 5861
f 5723 5724 5743
f 5774 5813 5815
f 5843 5844 5861
f 5722 5723 5743
f 5774 5815 5816
f 5842 5843 5861
f 5721 5722 5743
f 5774 5816 5817
f 5841 5842 5861
f 5720 5721 5743
f 5774 5817 5818
f 5840 5841 5861
f 5719 5720 5743
f 5774 5818 5819
f 5839 5840 5861
f 5718 5719 5743
f 5838 5839 5861
f 5717 5718 5743
f 5837 5838 5861
f 5716 5717 5743
f 5836 5837 5861
f 5715 5716 5743
f 5836 5861 5623
f 5714 5715 5743
f 5835 5836 5623
f 5714 5743 5774
f 5834 5835 5623
f 5713 5714 5774
f 5833 5834 5623
f 5712 5713 5774
f 5832 5833 5623
f 5711 5712 5774
f 5832 5623 5655
f 5710 5711 5774
f 5831 5832 5655
f 5709 5710 5774
f 5830 5831 5655
f 5708 5709 5774
f 5829 5830 5655
f 5707 5708 5774
f 5828 5829 5655
f 5706 5707 5774
f 5827 5828 5655
f 5705 5706 5774
f 5826 5827 5655
f 5703 5705 5774
f 5824 5826 5655
f 5702 5703 5774
f 5823 5824 5655
f 5701 5702 5774
f 5822 5823 5655
f 5700 5701 5774
f 5821 5822 5655
f 5699 5700 5774
f 5820 5821 5655
f 5698 5699 5774
f 5819 5820 5655
f 5697 5698 5774
f 5819 5655 5692
f 5696 5697 5774
f 5819 5692 5693
f 5695 5696 5774
f 5819 5693 5695
f 5695 5774 5819
f 6129 5877 6130
f 5877 5879 5878
f 5879 5881 5880
f 5881 5883 5882
f 5883 5885 5884
f 5885 5887 5886
f 5887 5889 5888
f 5889 5891 5890
f 5891 5893 5892
f 5893 5895 5894
f 5895 5897 5896
f 5897 5899 5898
f 5899 5901 5900
f 5901 5903 5902
f 5903 5905 5904
f 5905 5907 5906
f 5907 5909 5908
f 5909 5911 5910
f 5911 5913 5912
f 5913 5915 5914
f 5915 5917 5916
f 5917 5919 5918
f 5919 5921 5920
f 5921 5923 5922
f 5923 5925 5924
f 5925 5927 5926
f 5927 5929 5928
f 5929 5931 5930
f 5931 5933 5932
f 5935 5937 5936
f 5939 5941 5940
f 5942 5944 5943
f 5947 5949 5948
f 5957 5959 5958
f 5979 5981 5980
f 5981 5983 5982
f 5983 5985 5984
f 5986 5988 5987
f 5991 5993 5992
f 5995 5997 5996
f 5997 5999 5998
f 5999 6001 6000
f 6001 6003 6002
f 6003 6005 6004
f 6005 6007 6006
f 6007 6009 6008
f 6009 6011 6010
f 6011 6013 6012
f 6014 6016 6015
f 6016 6018 6017
f 6018 6020 6019
f 6020 6022 6021
f 6022 6024 6023
f 6024 6026 6025
f 6026 6028 6027
f 6028 6030 6029
f 6030 6032 6031
f 6032 6034 6033
f 6034 6036 6035
f 6036 6038 6037
f 6038 6040 6039
f 6040 6042 6041
f 6042 6044 6043
f 6044 6046 6045
f 6046 6048 6047
f 6048 6050 6049
f 6050 6052 6051
f 6052 6054 6053
f 6055 6057 6056
f 6057 6059 6058
f 6060 6062 6061
f 6067 6069 6068
f 6078 6080 6079
f 6100 6102 6101
f 6102 6104 6103
f 6110 6112 6111
f 6113 6115 6114
f 6115 6117 6116
f 6117 6119 6118
f 6119 6121 6120
f 6121 6123 6122
f 6123 6125 6124
f 6126 6128 6127
f 6128 5877 6129
f 5877 5881 5879
f 5881 5885 5883
f 5885 5889 5887
f 5889 5893 5891
f 5893 5897 5895
f 5897 5901 5899
f 5901 5905 5903
f 5905 5909 5907
f 5909 5913 5911
f 5913 5917 5915
f 5917 5921 5919
f 5921 5925 5923
f 5925 5929 5927
f 5929 5933 5931
f 5934 5937 5935
f 5994 5997 5995
f 5997 6001 5999
f 6001 6005 6003
f 6005 6009 6007
f 6009 6013 6011
f 6013 6016 6014
f 6016 6020 6018
f 6020 6024 6022
f 6024 6028 6026
f 6028 6032 6030
f 6032 6036 6034
f 6036 6040 6038
f 6040 6044 6042
f 6044 6048 6046
f 6048 6052 6050
f 6052 6055 6054
f 6112 6115 6113
f 6115 6119 6117
f 6119 6123 6121
f 6123 6126 6125
f 6126 5877 6128
f 5877 5885 5881
f 5885 5893 5889
f 5893 5901 5897
f 5901 5909 5905
f 5909 5917 5913
f 5917 5925 5921
f 5925 5933 5929
f 5934 5938 5937
f 5993 5997 5994
f 5997 6005 6001
f 6005 6013 6009
f 6013 6020 6016
f 6020 6028 6024
f 6028 6036 6032
f 6036 6044 6040
f 6044 6052 6048
f 6052 6057 6055
f 6110 6115 6112
f 6115 6123 6119
f 6123 5877 6126
f 5877 5893 5885
f 5893 5909 5901
f 5909 5925 5917
f 5925 5934 5933
f 5991 5997 5993
f 5997 6013 6005
f 6013 6028 6020
f 6028 6044 6036
f 6044 6057 6052
f 6109 6115 6110
f 6115 5877 6123
f 5877 5909 5893
f 5909 5934 5925
f 5990 5997 5991
f 5997 6028 6013
f 6028 6057 6044
f 6108 6115 6109
f 5909 5938 5934
f 5989 5997 5990
f 6028 6059 6057
f 6107 6115 6108
f 5909 5939 5938
f 5988 5997 5989
f 6028 6060 6059
f 6106 6115 6107
f 5909 5941 5939
f 5986 5997 5988
f 6028 6062 6060
f 6105 6115 6106
f 5909 5942 5941
f 5985 5997 5986
f 6028 6063 6062
f 6104 6115 6105
f 5909 5944 5942
f 5983 5997 5985
f 6028 6064 6063
f 6102 6115 6104
f 5909 5945 5944
f 5981 5997 5983
f 6028 6065 6064
f 6100 6115 6102
f 5909 5946 5945
f 5979 5997 5981
f 6028 6066 6065
f 6099 6115 6100
f 5978 5997 5979
f 6028 6067 6066
f 6098 6115 6099
f 5977 5997 5978
f 6028 6069 6067
f 6097 6115 6098
f 5976 5997 5977
f 6028 6070 6069
f 6096 6115 6097
f 5975 5997 5976
f 6028 6071 6070
f 6095 6115 6096
f 5974 5997 5975
f 6028 6072 6071
f 6094 6115 6095
f 5973 5997 5974
f 6028 6073 6072
f 6093 6115 6094
f 5972 5997 5973
f 6092 6115 6093
f 5971 5997 5972
f 6091 6115 6092
f 5970 5997 5971
f 6090 6115 6091
f 5969 5997 5970
f 6090 5877 6115
f 5968 5997 5969
f 6089 5877 6090
f 5968 6028 5997
f 6088 5877 6089
f 5967 6028 5968
f 6087 5877 6088
f 5966 6028 5967
f 6086 5877 6087
f 5965 6028 5966
f 6086 5909 5877
f 5964 6028 5965
f 6085 5909 6086
f 5963 6028 5964
f 6084 5909 6085
f 5962 6028 5963
f 6083 5909 6084
f 5961 6028 5962
f 6082 5909 6083
f 5960 6028 5961
f 6081 5909 6082
f 5959 6028 5960
f 6080 5909 6081
f 5957 6028 5959
f 6078 5909 6080
f 5956 6028 5957
f 6077 5909 6078
f 5955 6028 5956
f 6076 5909 6077
f 5954 6028 5955
f 6075 5909 6076
f 5953 6028 5954
f 6074 5909 6075
f 5952 6028 5953
f 6073 5909 6074
f 5951 6028 5952
f 6073 5946 5909
f 5950 6028 5951
f 6073 5947 5946
f 5949 6028 5950
f 6073 5949 5947
f 5949 6073 6028
f 6131 6132 6133
f 6131 6133 6134
f 6135 6136 6137
f 6135 6137 6138
f 6139 6140 6141
f 6139 6141 6142
f 6143 6144 6145
f 6143 6145 6146
f 6147 6148 6149
f 6147 6149 6150
f 6151 6152 6153
f 6151 6153 6154
f 6155 6156 6157
f 6155 6157 6158
f 6159 6160 6161
f 6159 6161 6162
f 6163 6164 6165
f 6163 6165 6166
f 6167 6168 6169
f 6167 6169 6170
f 6171 6172 6173
f 6171 6173 6174
f 6175 6176 6177
f 6175 6177 6178
f 6179 6180 6181
f 6179 6181 6182
f 6183 6184 6185
f 6183 6185 6186
f 6187 6188 6189
f 6187 6189 6190
f 6191 6192 6193
f 6191 6193 6194
f 6195 6196 6197
f 6195 6197 6198
f 6199 6200 6201
f 6199 6201 6202
f 6203 6204 6205
f 6203 6205 6206
f 6207 6208 6209
f 6207 6209 6210
f 6211 6212 6213
f 6211 6213 6214
f 6215 6216 6217
f 6215 6217 6218
f 6219 6220 6221
f 6219 6221 6222
f 6223 6224 6225
f 6223 6225 6226
f 6227 6228 6229
f 6227 6229 6230
f 6231 6232 6233
f 6231 6233 6234
f 6235 6236 6237
f 6235 6237 6238
f 6239 6240 6241
f 6239 6241 6242
f 6243 6244 6245
f 6243 6245 6246
f 6247 6248 6249
f 6247 6249 6250
f 6251 6252 6253
f 6251 6253 6254
f 6255 6256 6257
f 6255 6257 6258
f 6259 6260 6261
f 6259 6261 6262
f 6263 6264 6265
f 6263 6265 6266
f 6267 6268 6269
f 6267 6269 6270
f 6271 6272 6273
f 6271 6273 6274
f 6275 6276 6277
f 6275 6277 6278
f 6279 6280 6281
f 6279 6281 6282
f 6283 6284 6285
f 6283 6285 6286
f 6287 6288 6289
f 6287 6289 6290
f 6291 6292 6293
f 6291 6293 6294
f 6295 6296 6297
f 6295 6297 6298
f 6299 6300 6301
f 6299 6301 6302
f 6303 6304 6305
f 6303 6305 6306
f 6307 6308 6309
f 6307 6309 6310
f 6311 6312 6313
f 6311 6313 6314
f 6315 6316 6317
f 6315 6317 6318
f 6319 6320 6321
f 6319 6321 6322
f 6323 6324 6325
f 6323 6325 6326
f 6327 6328 6329
f 6327 6329 6330
f 6331 6332 6333
f 6331 6333 6334
f 6335 6336 6337
f 6335 6337 6338
f 6339 6340 6341
f 6339 6341 6342
f 6343 6344 6345
f 6343 6345 6346
f 6347 6348 6349
f 6347 6349 6350
f 6351 6352 6353
f 6351 6353 6354
f 6355 6356 6357
f 6355 6357 6358
f 6359 6360 6361
f 6359 6361 6362
f 6363 6364 6365
f 6363 6365 6366
f 6367 6368 6369
f 6367 6369 6370
f 6371 6372 6373
f 6371 6373 6374
f 6375 6376 6377
f 6375 6377 6378
f 6379 6380 6381
f 6379 6381 6382
f 6383 6384 6385
f 6383 6385 6386
f 6387 6388 6389
f 6387 6389 6390
f 6391 6392 6393
f 6391 6393 6394
f 6395 6396 6397
f 6395 6397 6398
f 6399 6400 6401
f 6399 6401 6402
f 6403 6404 6405
f 6403 6405 6406
f 6407 6408 6409
f 6407 6409 6410
f 6411 6412 6413
f 6411 6413 6414
f 6415 6416 6417
f 6415 6417 6418
f 6419 6420 6421
f 6419 6421 6422
f 6423 6424 6425
f 6423 6425 6426
f 6427 6428 6429
f 6427 6429 6430
f 6431 6432 6433
f 6431 6433 6434
f 6435 6436 6437
f 6435 6437 6438
f 6439 6440 6441
f 6439 6441 6442
f 6443 6444 6445
f 6443 6445 6446
f 6447 6448 6449
f 6447 6449 6450
f 6451 6452 6453
f 6451 6453 6454
f 6455 6456 6457
f 6455 6457 6458
f 6459 6460 6461
f 6459 6461 6462
f 6463 6464 6465
f 6463 6465 6466
f 6467 6468 6469
f 6467 6469 6470
f 6471 6472 6473
f 6471 6473 6474
f 6475 6476 6477
f 6475 6477 6478
f 6479 6480 6481
f 6479 6481 6482
f 6483 6484 6485
f 6483 6485 6486
f 6487 6488 6489
f 6487 6489 6490
f 6491 6492 6493
f 6491 6493 6494
f 6495 6496 6497
f 6495 6497 6498
f 6499 6500 6501
f 6499 6501 6502
f 6503 6504 6505
f 6503 6505 6506
f 6507 6508 6509
f 6507 6509 6510
f 6511 6512 6513
f 6511 6513 6514
f 6515 6516 6517
f 6515 6517 6518
f 6519 6520 6521
f 6519 6521 6522
f 6523 6524 6525
f 6523 6525 6526
f 6527 6528 6529
f 6527 6529 6530
f 6531 6532 6533
f 6531 6533 6534
f 6535 6536 6537
f 6535 6537 6538
f 6539 6540 6541
f 6539 6541 6542
f 6543 6544 6545
f 6543 6545 6546
f 6547 6548 6549
f 6547 6549 6550
f 6551 6552 6553
f 6551 6553 6554
f 6555 6556 6557
f 6555 6557 6558
f 6559 6560 6561
f 6559 6561 6562
f 6563 6564 6565
f 6563 6565 6566
f 6567 6568 6569
f 6567 6569 6570
f 6571 6572 6573
f 6571 6573 6574
f 6575 6576 6577
f 6575 6577 6578
f 6579 6580 6581
f 6579 6581 6582
f 6583 6584 6585
f 6583 6585 6586
f 6587 6588 6589
f 6587 6589 6590
f 6591 6592 6593
f 6591 6593 6594
f 6595 6596 6597
f 6595 6597 6598
f 6599 6600 6601
f 6599 6601 6602
f 6603 6604 6605
f 6603 6605 6606
f 6607 6608 6609
f 6607 6609 6610
f 6611 6612 6613
f 6611 6613 6614
f 6615 6616 6617
f 6615 6617 6618
f 6619 6620 6621
f 6619 6621 6622
f 6623 6624 6625
f 6623 6625 6626
f 6627 6628 6629
f 6627 6629 6630
f 6631 6632 6633
f 6631 6633 6634
f 6635 6636 6637
f 6635 6637 6638
f 6639 6640 6641
f 6639 6641 6642
f 6643 6644 6645
f 6643 6645 6646
f 6647 6648 6649
f 6647 6649 6650
f 6651 6652 6653
f 6651 6653 6654
f 6655 6656 6657
f 6655 6657 6658
f 6659 6660 6661
f 6659 6661 6662
f 6663 6664 6665
f 6663 6665 6666
f 6667 6668 6669
f 6667 6669 6670
f 6671 6672 6673
f 6671 6673 6674
f 6675 6676 6677
f 6675 6677 6678
f 6679 6680 6681
f 6679 6681 6682
f 6683 6684 6685
f 6683 6685 6686
f 6687 6688 6689
f 6687 6689 6690
f 6691 6692 6693
f 6691 6693 6694
f 6695 6696 6697
f 6695 6697 6698
f 6699 6700 6701
f 6699 6701 6702
f 6703 6704 6705
f 6703 6705 6706
f 6707 6708 6709
f 6707 6709 6710
f 6711 6712 6713
f 6711 6713 6714
f 6715 6716 6717
f 6715 6717 6718
f 6719 6720 6721
f 6719 6721 6722
f 6723 6724 6725
f 6723 6725 6726
f 6727 6728 6729
f 6727 6729 6730
f 6731 6732 6733
f 6731 6733 6734
f 6735 6736 6737
f 6735 6737 6738
f 6739 6740 6741
f 6739 6741 6742
f 6743 6744 6745
f 6743 6745 6746
f 6747 6748 6749
f 6747 6749 6750
f 6751 6752 6753
f 6751 6753 6754
f 6755 6756 6757
f 6755 6757 6758
f 6759 6760 6761
f 6759 6761 6762
f 6763 6764 6765
f 6763 6765 6766
f 6767 6768 6769
f 6767 6769 6770
f 6771 6772 6773
f 6771 6773 6774
f 6775 6776 6777
f 6775 6777 6778
f 6779 6780 6781
f 6779 6781 6782
f 6783 6784 6785
f 6783 6785 6786
f 6787 6788 6789
f 6787 6789 6790
f 6791 6792 6793
f 6791 6793 6794
f 6795 6796 6797
f 6795 6797 6798
f 6799 6800 6801
f 6799 6801 6802
f 6803 6804 6805
f 6803 6805 6806
f 6807 6808 6809
f 6807 6809 6810
f 6811 6812 6813
f 6811 6813 6814
f 6815 6816 6817
f 6815 6817 6818
f 6819 6820 6821
f 6819 6821 6822
f 6823 6824 6825
f 6823 6825 6826
f 6827 6828 6829
f 6827 6829 6830
f 6831 6832 6833
f 6831 6833 6834
f 6835 6836 6837
f 6835 6837 6838
f 6839 6840 6841
f 6839 6841 6842
f 6843 6844 6845
f 6843 6845 6846
f 6847 6848 6849
f 6847 6849 6850
f 6851 6852 6853
f 6851 6853 6854
f 6855 6856 6857
f 6855 6857 6858
f 6859 6860 6861
f 6859 6861 6862
f 6863 6864 6865
f 6863 6865 6866
f 6867 6868 6869
f 6867 6869 6870
f 6871 6872 6873
f 6871 6873 6874
f 6875 6876 6877
f 6875 6877 6878
f 6879 6880 6881
f 6879 6881 6882
f 6883 6884 6885
f 6883 6885 6886
f 6887 6888 6889
f 6887 6889 6890
f 6891 6892 6893
f 6891 6893 6894
f 6895 6896 6897
f 6895 6897 6898
f 6899 6900 6901
f 6899 6901 6902
f 6903 6904 6905
f 6903 6905 6906
f 6907 6908 6909
f 6907 6909 6910
f 6911 6912 6913
f 6911 6913 6914
f 6915 6916 6917
f 6915 6917 6918
f 6919 6920 6921
f 6919 6921 6922
f 6923 6924 6925
f 6923 6925 6926
f 6927 6928 6929
f 6927 6929 6930
f 6931 6932 6933
f 6931 6933 6934
f 6935 6936 6937
f 6935 6937 6938
f 6939 6940 6941
f 6939 6941 6942
f 6943 6944 6945
f 6943 6945 6946
f 6947 6948 6949
f 6947 6949 6950
f 6951 6952 6953
f 6951 6953 6954
f 6955 6956 6957
f 6955 6957 6958
f 6959 6960 6961
f 6959 6961 6962
f 6963 6964 6965
f 6963 6965 6966
f 6967 6968 6969
f 6967 6969 6970
f 6971 6972 6973
f 6971 6973 6974
f 6975 6976 6977
f 6975 6977 6978
f 6979 6980 6981
f 6979 6981 6982
f 6983 6984 6985
f 6983 6985 6986
f 6987 6988 6989
f 6987 6989 6990
f 6991 6992 6993
f 6991 6993 6994
f 6995 6996 6997
f 6995 6997 6998
f 6999 7000 7001
f 6999 7001 7002
f 7003 7004 7005
f 7003 7005 7006
f 7007 7008 7009
f 7007 7009 7010
f 7011 7012 7013
f 7011 7013 7014
f 7015 7016 7017
f 7015 7017 7018
f 7019 7020 7021
f 7019 7021 7022
f 7023 7024 7025
f 7023 7025 7026
f 7027 7028 7029
f 7027 7029 7030
f 7031 7032 7033
f 7031 7033 7034
f 7035 7036 7037
f 7035 7037 7038
f 7039 7040 7041
f 7039 7041 7042
f 7043 7044 7045
f 7043 7045 7046
f 7047 7048 7049
f 7047 7049 7050
f 7051 7052 7053
f 7051 7053 7054
f 7055 7056 7057
f 7055 7057 7058
f 7059 7060 7061
f 7059 7061 7062
f 7063 7064 7065
f 7063 7065 7066
f 7067 7068 7069
f 7067 7069 7070
f 7071 7072 7073
f 7071 7073 7074
f 7075 7076 7077
f 7075 7077 7078
f 7079 7080 7081
f 7079 7081 7082
f 7083 7084 7085
f 7083 7085 7086
f 7087 7088 7089
f 7087 7089 7090
f 7091 7092 7093
f 7091 7093 7094
f 7095 7096 7097
f 7095 7097 7098
f 7099 7100 7101
f 7099 7101 7102
f 7103 7104 7105
f 7103 7105 7106
f 7107 7108 7109
f 7107 7109 7110
f 7111 7112 7113
f 7111 7113 7114
f 7115 7116 7117
f 7115 7117 7118
f 7119 7120 7121
f 7119 7121 7122
f 7123 7124 7125
f 7123 7125 7126
f 7127 7128 7129
f 7127 7129 7130
f 7131 7132 7133
f 7131 7133 7134
f 7135 7136 7137
f 7135 7137 7138
f 7139 7140 7141
f 7139 7141 7142
f 7143 7144 7145
f 7143 7145 7146
v 0.8726 -1.5053 0.7500
v 0.8512 -1.6066 0.7500
v 1.0783 -1.6066 0.7500
v 0.7666 -1.9498 0.7500
v 0.7532 -2.0145 0.7500
v 1.1636 -2.0145 0.7500
v 1.1842 -1.9165 0.7500
v 0.9431 -1.9165 0.7500
v 1.2514 -1.5766 0.7500
v 1.2665 -1.5053 0.7500
v 0.8726 -1.5053 -0.7500
v 0.8512 -1.6066 -0.7500
v 1.0783 -1.6066 -0.7500
v 0.7666 -1.9498 -0.7500
v 0.7532 -2.0145 -0.7500
v 1.1636 -2.0145 -0.7500
v 1.1842 -1.9165 -0.7500
v 0.9431 -1.9165 -0.7500
v 1.2514 -1.5766 -0.7500
v 1.2665 -1.5053 -0.7500
v 1.2514 -1.5766 -0.7500
v 1.2665 -1.5053 -0.7500
v 1.2665 -1.5053 0.7500
v 1.2514 -1.5766 0.7500
v 1.2665 -1.5053 -0.7500
v 0.8726 -1.5053 -0.7500
v 0.8726 -1.5053 0.7500
v 1.2665 -1.5053 0.7500
v 0.8726 -1.5053 -0.7500
v 0.8512 -1.6066 -0.7500
v 0.8512 -1.6066 0.7500
v 0.8726 -1.5053 0.7500
v 0.8512 -1.6066 -0.7500
v 1.0783 -1.6066 -0.7500
v 1.0783 -1.6066 0.7500
v 0.8512 -1.6066 0.7500
v 1.0783 -1.6066 -0.7500
v 0.7666 -1.9498 -0.7500
v 0.7666 -1.9498 0.7500
v 1.0783 -1.6066 0.7500
v 0.7666 -1.9498 -0.7500
v 0.7532 -2.0145 -0.7500
v 0.7532 -2.0145 0.7500
v 0.7666 -1.9498 0.7500
v 0.7532 -2.0145 -0.7500
v 1.1636 -2.0145 -0.7500
v 1.1636 -2.0145 0.7500
v 0.7532 -2.0145 0.7500
v 1.1636 -2.0145 -0.7500
v 1.1842 -1.9165 -0.7500
v 1.1842 -1.9165 0.7500
v 1.1636 -2.0145 0.7500
v 1.1842 -1.9165 -0.7500
v 0.9431 -1.9165 -0.7500
v 0.9431 -1.9165 0.7500
v 1.1842 -1.9165 0.7500
v 0.9431 -1.9165 -0.7500
v 1.2514 -1.5766 -0.7500
v 1.2514 -1.5766 0.7500
v 0.9431 -1.9165 0.7500
f 7155 7156 7147
f 7147 7148 7149
f 7149 7150 7151
f 7151 7152 7153
f 7155 7147 7149
f 7151 7153 7154
f 7154 7155 7149
f 7149 7151 7154
f 7165 7157 7166
f 7157 7159 7158
f 7159 7161 7160
f 7161 7163 7162
f 7165 7159 7157
f 7161 7164 7163
f 7164 7159 7165
f 7159 7164 7161
f 7167 7168 7169
f 7167 7169 7170
f 7171 7172 7173
f 7171 7173 7174
f 7175 7176 7177
f 7175 7177 7178
f 7179 7180 7181
f 7179 7181 7182
f 7183 7184 7185
f 7183 7185 7186
f 7187 7188 7189
f 7187 7189 7190
f 7191 7192 7193
f 7191 7193 7194
f 7195 7196 7197
f 7195 7197 7198
f 7199 7200 7201
f 7199 7201 7202
f 7203 7204 7205
f 7203 7205 7206
v 3.0605 -1.5053 0.7500
v 2.6345 -1.5053 0.7500
v 2.6139 -1.6033 0.7500
v 2.7633 -1.6033 0.7500
v 2.6763 -2.0145 0.7500
v 2.8036 -2.0145 0.7500
v 2.8906 -1.6033 0.7500
v 3.0401 -1.6033 0.7500
v 3.0605 -1.5053 -0.7500
v 2.6345 -1.5053 -0.7500
v 2.6139 -1.6033 -0.7500
v 2.7633 -1.6033 -0.7500
v 2.6763 -2.0145 -0.7500
v 2.8036 -2.0145 -0.7500
v 2.8906 -1.6033 -0.7500
v 3.0401 -1.6033 -0.7500
v 2.8906 -1.6033 -0.7500
v 3.0401 -1.6033 -0.7500
v 3.0401 -1.6033 0.7500
v 2.8906 -1.6033 0.7500
v 3.0401 -1.6033 -0.7500
v 3.0605 -1.5053 -0.7500
v 3.0605 -1.5053 0.7500
v 3.0401 -1.6033 0.7500
v 3.0605 -1.5053 -0.7500
v 2.6345 -1.5053 -0.7500
v 2.6345 -1.5053 0.7500
v 3.0605 -1.5053 0.7500
v 2.6345 -1.5053 -0.7500
v 2.6139 -1.6033 -0.7500
v 2.6139 -1.6033 0.7500
v 2.6345 -1.5053 0.7500
v 2.7633 -1.6033 -0.7500
v 2.6763 -2.0145 -0.7500
v 2.6763 -2.0145 0.7500
v 2.7633 -1.6033 0.7500
v 2.6763 -2.0145 -0.7500
v 2.8036 -2.0145 -0.7500
v 2.8036 -2.0145 0.7500
v 2.6763 -2.0145 0.7500
v 2.6139 -1.6033 -0.7500
v 2.7633 -1.6033 -0.7500
v 2.7633 -1.6033 0.7500
v 2.6139 -1.6033 0.7500
v 2.8036 -2.0145 -0.7500
v 2.8906 -1.6033 -0.7500
v 2.8906 -1.6033 0.7500
v 2.8036 -2.0145 0.7500
f 7213 7214 7207
f 7207 7208 7209
f 7210 7211 7212
f 7207 7209 7210
f 7210 7212 7213
f 7213 7207 7210
f 7221 7215 7222
f 7215 7217 7216
f 7218 7220 7219
f 7215 7218 7217
f 7218 7221 7220
f 7221 7218 7215
f 7223 7224 7225
f 7223 7225 7226
f 7227 7228 7229
f 7227 7229 7230
f 7231 7232 7233
f 7231 7233 7234
f 7235 7236 7237
f 7235 7237 7238
f 7239 7240 7241
f 7239 7241 7242
f 7243 7244 7245
f 7243 7245 7246
f 7247 7248 7249
f 7247 7249 7250
f 7251 7252 7253
f 7251 7253 7254
v -1.0607 -1.9165 0.7500
v -0.9736 -1.5053 0.7500
v -1.1010 -1.5053 0.7500
v -1.2087 -2.0145 0.7500
v -0.8407 -2.0145 0.7500
v -0.8204 -1.9165 0.7500
v -1.0607 -1.9165 -0.7500
v -0.9736 -1.5053 -0.7500
v -1.1010 -1.5053 -0.7500
v -1.2087 -2.0145 -0.7500
v -0.8407 -2.0145 -0.7500
v -0.8204 -1.9165 -0.7500
v -0.8407 -2.0145 -0.7500
v -0.8204 -1.9165 -0.7500
v -0.8204 -1.9165 0.7500
v -0.8407 -2.0145 0.7500
v -0.8204 -1.9165 -0.7500
v -1.0607 -1.9165 -0.7500
v -1.0607 -1.9165 0.7500
v -0.8204 -1.9165 0.7500
v -1.0607 -1.9165 -0.7500
v -0.9736 -1.5053 -0.7500
v -0.9736 -1.5053 0.7500
v -1.0607 -1.9165 0.7500
v -0.9736 -1.5053 -0.7500
v -1.1010 -1.5053 -0.7500
v -1.1010 -1.5053 0.7500
v -0.9736 -1.5053 0.7500
v -1.2087 -2.0145 -0.7500
v -0.8407 -2.0145 -0.7500
v -0.8407 -2.0145 0.7500
v -1.2087 -2.0145 0.7500
v -1.1010 -1.5053 -0.7500
v -1.2087 -2.0145 -0.7500
v -1.2087 -2.0145 0.7500
v -1.1010 -1.5053 0.7500
f 7259 7260 7255
f 7255 7256 7257
f 7258 7259 7255
f 7255 7257 7258
f 7265 7261 7266
f 7261 7263 7262
f 7264 7261 7265
f 7261 7264 7263
f 7267 7268 7269
f 7267 7269 7270
f 7271 7272 7273
f 7271 7273 7274
f 7275 7276 7277
f 7275 7277 7278
f 7279 7280 7281
f 7279 7281 7282
f 7283 7284 7285
f 7283 7285 7286
f 7287 7288 7289
f 7287 7289 7290
v -0.1640 -2.0145 0.7500
v -0.0367 -2.0145 0.7500
v 0.0708 -1.5053 0.7500
v -0.0565 -1.5053 0.7500
v -0.1640 -2.0145 -0.7500
v -0.0367 -2.0145 -0.7500
v 0.0708 -1.5053 -0.7500
v -0.0565 -1.5053 -0.7500
v 0.0708 -1.5053 -0.7500
v -0.0565 -1.5053 -0.7500
v -0.0565 -1.5053 0.7500
v 0.0708 -1.5053 0.7500
v -0.0565 -1.5053 -0.7500
v -0.1640 -2.0145 -0.7500
v -0.1640 -2.0145 0.7500
v -0.0565 -1.5053 0.7500
v -0.1640 -2.0145 -0.7500
v -0.0367 -2.0145 -0.7500
v -0.0367 -2.0145 0.7500
v -0.1640 -2.0145 0.7500
v -0.0367 -2.0145 -0.7500
v 0.0708 -1.5053 -0.7500
v 0.0708 -1.5053 0.7500
v -0.0367 -2.0145 0.7500
f 7293 7294 7291
f 7291 7292 7293
f 7297 7295 7298
f 7295 7297 7296
f 7299 7300 7301
f 7299 7301 7302
f 7303 7304 7305
f 7303 7305 7306
f 7307 7308 7309
f 7307 7309 7310
f 7311 7312 7313
f 7311 7313 7314
v 4.3526 -2.0145 0.7500
v 4.4799 -2.0145 0.7500
v 4.5874 -1.5053 0.7500
v 4.4601 -1.5053 0.7500
v 4.3526 -2.0145 -0.7500
v 4.4799 -2.0145 -0.7500
v 4.5874 -1.5053 -0.7500
v 4.4601 -1.5053 -0.7500
v 4.5874 -1.5053 -0.7500
v 4.4601 -1.5053 -0.7500
v 4.4601 -1.5053 0.7500
v 4.5874 -1.5053 0.7500
v 4.4601 -1.5053 -0.7500
v 4.3526 -2.0145 -0.7500
v 4.3526 -2.0145 0.7500
v 4.4601 -1.5053 0.7500
v 4.3526 -2.0145 -0.7500
v 4.4799 -2.0145 -0.7500
v 4.4799 -2.0145 0.7500
v 4.3526 -2.0145 0.7500
v 4.4799 -2.0145 -0.7500
v 4.5874 -1.5053 -0.7500
v 4.5874 -1.5053 0.7500
v 4.4799 -2.0145 0.7500
f 7317 7318 7315
f 7315 7316 7317
f 7321 7319 7322
f 7319 7321 7320
f 7323 7324 7325
f 7323 7325 7326
f 7327 7328 7329
f 7327 7329 7330
f 7331 7332 7333
f 7331 7333 7334
f 7335 7336 7337
f 7335 7337 7338
o Emas
usemtl Emas
v -1.9980 -0.4843 0.7500
v -2.7333 -0.4843 0.7500
v -2.8715 -1.1524 0.7500
v -2.1362 -1.1524 0.7500
v -1.9980 -0.4843 -0.7500
v -2.7333 -0.4843 -0.7500
v -2.8715 -1.1524 -0.7500
v -2.1362 -1.1524 -0.7500
v -2.8715 -1.1524 -0.7500
v -2.1362 -1.1524 -0.7500
v -2.1362 -1.1524 0.7500
v -2.8715 -1.1524 0.7500
v -2.1362 -1.1524 -0.7500
v -1.9980 -0.4843 -0.7500
v -1.9980 -0.4843 0.7500
v -2.1362 -1.1524 0.7500
v -1.9980 -0.4843 -0.7500
v -2.7333 -0.4843 -0.7500
v -2.7333 -0.4843 0.7500
v -1.9980 -0.4843 0.7500
v -2.7333 -0.4843 -0.7500
v -2.8715 -1.1524 -0.7500
v -2.8715 -1.1524 0.7500
v -2.7333 -0.4843 0.7500
f 7341 7342 7339
f 7339 7340 7341
f 7345 7343 7346
f 7343 7345 7344
f 7347 7348 7349
f 7347 7349 7350
f 7351 7352 7353
f 7351 7353 7354
f 7355 7356 7357
f 7355 7357 7358
f 7359 7360 7361
f 7359 7361 7362
v 6.0176 -1.2486 0.7500
v 5.7204 -1.9847 0.7500
v 9.0684 -1.5142 0.7500
v 8.5798 -0.8886 0.7500
v 6.8038 -1.1381 0.7500
v 6.0176 -1.2486 -0.7500
v 5.7204 -1.9847 -0.7500
v 9.0684 -1.5142 -0.7500
v 8.5798 -0.8886 -0.7500
v 6.8038 -1.1381 -0.7500
v 8.5798 -0.8886 -0.7500
v 6.8038 -1.1381 -0.7500
v 6.8038 -1.1381 0.7500
v 8.5798 -0.8886 0.7500
v 6.8038 -1.1381 -0.7500
v 6.0176 -1.2486 -0.7500
v 6.0176 -1.2486 0.7500
v 6.8038 -1.1381 0.7500
v 6.0176 -1.2486 -0.7500
v 5.7204 -1.9847 -0.7500
v 5.7204 -1.9847 0.7500
v 6.0176 -1.2486 0.7500
v 5.7204 -1.9847 -0.7500
v 9.0684 -1.5142 -0.7500
v 9.0684 -1.5142 0.7500
v 5.7204 -1.9847 0.7500
v 9.0684 -1.5142 -0.7500
v 8.5798 -0.8886 -0.7500
v 8.5798 -0.8886 0.7500
v 9.0684 -1.5142 0.7500
f 7366 7367 7363
f 7363 7364 7365
f 7365 7366 7363
f 7371 7368 7372
f 7368 7370 7369
f 7370 7368 7371
f 7373 7374 7375
f 7373 7375 7376
f 7377 7378 7379
f 7377 7379 7380
f 7381 7382 7383
f 7381 7383 7384
f 7385 7386 7387
f 7385 7387 7388
f 7389 7390 7391
f 7389 7391 7392
v 7.3393 2.0224 0.7500
v 6.0728 -1.1124 0.7500
v 6.8588 -1.0019 0.7500
v 7.8281 1.3968 0.7500
v 7.3393 2.0224 -0.7500
v 6.0728 -1.1124 -0.7500
v 6.8588 -1.0019 -0.7500
v 7.8281 1.3968 -0.7500
v 6.8588 -1.0019 -0.7500
v 7.8281 1.3968 -0.7500
v 7.8281 1.3968 0.7500
v 6.8588 -1.0019 0.7500
v 7.8281 1.3968 -0.7500
v 7.3393 2.0224 -0.7500
v 7.3393 2.0224 0.7500
v 7.8281 1.3968 0.7500
v 7.3393 2.0224 -0.7500
v 6.0728 -1.1124 -0.7500
v 6.0728 -1.1124 0.7500
v 7.3393 2.0224 0.7500
v 6.0728 -1.1124 -0.7500
v 6.8588 -1.0019 -0.7500
v 6.8588 -1.0019 0.7500
v 6.0728 -1.1124 0.7500
f 7395 7396 7393
f 7393 7394 7395
f 7399 7397 7400
f 7397 7399 7398
f 7401 7402 7403
f 7401 7403 7404
f 7405 7406 7407
f 7405 7407 7408
f 7409 7410 7411
f 7409 7411 7412
f 7413 7414 7415
f 7413 7415 7416
v 8.7254 -0.8682 0.7500
v 9.2140 -1.4938 0.7500
v 10.0000 -1.3833 0.7500
v 7.9185 1.2810 0.7500
v 7.6211 0.5451 0.7500
v 8.7254 -0.8682 -0.7500
v 9.2140 -1.4938 -0.7500
v 10.0000 -1.3833 -0.7500
v 7.9185 1.2810 -0.7500
v 7.6211 0.5451 -0.7500
v 7.9185 1.2810 -0.7500
v 7.6211 0.5451 -0.7500
v 7.6211 0.5451 0.7500
v 7.9185 1.2810 0.7500
v 7.6211 0.5451 -0.7500
v 8.7254 -0.8682 -0.7500
v 8.7254 -0.8682 0.7500
v 7.6211 0.5451 0.7500
v 8.7254 -0.8682 -0.7500
v 9.2140 -1.4938 -0.7500
v 9.2140 -1.4938 0.7500
v 8.7254 -0.8682 0.7500
v 9.2140 -1.4938 -0.7500
v 10.0000 -1.3833 -0.7500
v 10.0000 -1.3833 0.7500
v 9.2140 -1.4938 0.7500
v 10.0000 -1.3833 -0.7500
v 7.9185 1.2810 -0.7500
v 7.9185 1.2810 0.7500
v 10.0000 -1.3833 0.7500
f 7420 7421 7417
f 7417 7418 7419
f 7419 7420 7417
f 7425 7422 7426
f 7422 7424 7423
f 7424 7422 7425
f 7427 7428 7429
f 7427 7429 7430
f 7431 7432 7433
f 7431 7433 7434
f 7435 7436 7437
f 7435 7437 7438
f 7439 7440 7441
f 7439 7441 7442
f 7443 7444 7445
f 7443 7445 7446
