# LNZ.STD logo - dibuat dari lnz-C-LNZ-creator.svg
mtllib lnz-C-LNZ-creator.mtl
o Putih
usemtl Putih
v -3.6988 2.1658 0.7500
v -4.9634 2.1658 0.7500
v -5.8101 -1.8449 0.7500
v -4.3032 -1.8449 0.7500
v -3.9732 -0.2755 0.7500
v -3.1883 -1.8449 0.7500
v -1.9177 -1.8449 0.7500
v -1.0710 2.1658 0.7500
v -2.5779 2.1658 0.7500
v -2.9079 0.5964 0.7500
v -3.6988 2.1658 -0.7500
v -4.9634 2.1658 -0.7500
v -5.8101 -1.8449 -0.7500
v -4.3032 -1.8449 -0.7500
v -3.9732 -0.2755 -0.7500
v -3.1883 -1.8449 -0.7500
v -1.9177 -1.8449 -0.7500
v -1.0710 2.1658 -0.7500
v -2.5779 2.1658 -0.7500
v -2.9079 0.5964 -0.7500
v -2.9079 0.5964 -0.7500
v -3.6988 2.1658 -0.7500
v -3.6988 2.1658 0.7500
v -2.9079 0.5964 0.7500
v -3.6988 2.1658 -0.7500
v -4.9634 2.1658 -0.7500
v -4.9634 2.1658 0.7500
v -3.6988 2.1658 0.7500
v -4.9634 2.1658 -0.7500
v -5.8101 -1.8449 -0.7500
v -5.8101 -1.8449 0.7500
v -4.9634 2.1658 0.7500
v -5.8101 -1.8449 -0.7500
v -4.3032 -1.8449 -0.7500
v -4.3032 -1.8449 0.7500
v -5.8101 -1.8449 0.7500
v -3.9732 -0.2755 -0.7500
v -3.1883 -1.8449 -0.7500
v -3.1883 -1.8449 0.7500
v -3.9732 -0.2755 0.7500
v -3.1883 -1.8449 -0.7500
v -1.9177 -1.8449 -0.7500
v -1.9177 -1.8449 0.7500
v -3.1883 -1.8449 0.7500
v -1.9177 -1.8449 -0.7500
v -1.0710 2.1658 -0.7500
v -1.0710 2.1658 0.7500
v -1.9177 -1.8449 0.7500
v -1.0710 2.1658 -0.7500
v -2.5779 2.1658 -0.7500
v -2.5779 2.1658 0.7500
v -1.0710 2.1658 0.7500
v -4.3032 -1.8449 -0.7500
v -3.9732 -0.2755 -0.7500
v -3.9732 -0.2755 0.7500
v -4.3032 -1.8449 0.7500
v -2.5779 2.1658 -0.7500
v -2.9079 0.5964 -0.7500
v -2.9079 0.5964 0.7500
v -2.5779 2.1658 0.7500
f 10 1 2
f 2 3 4
f 5 6 7
f 7 8 9
f 2 4 5
f 7 9 10
f 10 2 5
f 5 7 10
f 20 12 11
f 12 14 13
f 15 17 16
f 17 19 18
f 12 15 14
f 17 20 19
f 20 15 12
f 15 20 17
f 21 22 23
f 21 23 24
f 25 26 27
f 25 27 28
f 29 30 31
f 29 31 32
f 33 34 35
f 33 35 36
f 37 38 39
f 37 39 40
f 41 42 43
f 41 43 44
f 45 46 47
f 45 47 48
f 49 50 51
f 49 51 52
f 53 54 55
f 53 55 56
f 57 58 59
f 57 59 60
v 0.4486 0.9325 0.7500
v -1.4509 -1.1037 0.7500
v -1.6065 -1.8449 0.7500
v 1.8872 -1.8449 0.7500
v 2.1303 -0.6991 0.7500
v 0.6415 -0.6991 0.7500
v 2.5161 1.3127 0.7500
v 2.6970 2.1658 0.7500
v -0.6724 2.1658 0.7500
v -0.9339 0.9325 0.7500
v 0.4486 0.9325 -0.7500
v -1.4509 -1.1037 -0.7500
v -1.6065 -1.8449 -0.7500
v 1.8872 -1.8449 -0.7500
v 2.1303 -0.6991 -0.7500
v 0.6415 -0.6991 -0.7500
v 2.5161 1.3127 -0.7500
v 2.6970 2.1658 -0.7500
v -0.6724 2.1658 -0.7500
v -0.9339 0.9325 -0.7500
v -0.6724 2.1658 -0.7500
v -0.9339 0.9325 -0.7500
v -0.9339 0.9325 0.7500
v -0.6724 2.1658 0.7500
v -0.9339 0.9325 -0.7500
v 0.4486 0.9325 -0.7500
v 0.4486 0.9325 0.7500
v -0.9339 0.9325 0.7500
v 0.4486 0.9325 -0.7500
v -1.4509 -1.1037 -0.7500
v -1.4509 -1.1037 0.7500
v 0.4486 0.9325 0.7500
v -1.4509 -1.1037 -0.7500
v -1.6065 -1.8449 -0.7500
v -1.6065 -1.8449 0.7500
v -1.4509 -1.1037 0.7500
v -1.6065 -1.8449 -0.7500
v 1.8872 -1.8449 -0.7500
v 1.8872 -1.8449 0.7500
v -1.6065 -1.8449 0.7500
v 1.8872 -1.8449 -0.7500
v 2.1303 -0.6991 -0.7500
v 2.1303 -0.6991 0.7500
v 1.8872 -1.8449 0.7500
v 0.6415 -0.6991 -0.7500
v 2.5161 1.3127 -0.7500
v 2.5161 1.3127 0.7500
v 0.6415 -0.6991 0.7500
v 2.5161 1.3127 -0.7500
v 2.6970 2.1658 -0.7500
v 2.6970 2.1658 0.7500
v 2.5161 1.3127 0.7500
v 2.6970 2.1658 -0.7500
v -0.6724 2.1658 -0.7500
v -0.6724 2.1658 0.7500
v 2.6970 2.1658 0.7500
v 2.1303 -0.6991 -0.7500
v 0.6415 -0.6991 -0.7500
v 0.6415 -0.6991 0.7500
v 2.1303 -0.6991 0.7500
f 69 70 61
f 61 62 63
f 63 64 65
f 66 67 68
f 68 69 61
f 63 65 66
f 66 68 61
f 61 63 66
f 79 71 80
f 71 73 72
f 73 75 74
f 76 78 77
f 78 71 79
f 73 76 75
f 76 71 78
f 71 76 73
f 81 82 83
f 81 83 84
f 85 86 87
f 85 87 88
f 89 90 91
f 89 91 92
f 93 94 95
f 93 95 96
f 97 98 99
f 97 99 100
f 101 102 103
f 101 103 104
f 105 106 107
f 105 107 108
f 109 110 111
f 109 111 112
f 113 114 115
f 113 115 116
f 117 118 119
f 117 119 120
v -8.3324 2.1658 0.7500
v -9.1794 -1.8449 0.7500
v -6.0343 -1.8449 0.7500
v -5.7916 -0.6991 0.7500
v -7.4296 -0.6991 0.7500
v -6.8256 2.1658 0.7500
v -8.3324 2.1658 -0.7500
v -9.1794 -1.8449 -0.7500
v -6.0343 -1.8449 -0.7500
v -5.7916 -0.6991 -0.7500
v -7.4296 -0.6991 -0.7500
v -6.8256 2.1658 -0.7500
v -7.4296 -0.6991 -0.7500
v -6.8256 2.1658 -0.7500
v -6.8256 2.1658 0.7500
v -7.4296 -0.6991 0.7500
v -6.8256 2.1658 -0.7500
v -8.3324 2.1658 -0.7500
v -8.3324 2.1658 0.7500
v -6.8256 2.1658 0.7500
v -9.1794 -1.8449 -0.7500
v -6.0343 -1.8449 -0.7500
v -6.0343 -1.8449 0.7500
v -9.1794 -1.8449 0.7500
v -6.0343 -1.8449 -0.7500
v -5.7916 -0.6991 -0.7500
v -5.7916 -0.6991 0.7500
v -6.0343 -1.8449 0.7500
v -8.3324 2.1658 -0.7500
v -9.1794 -1.8449 -0.7500
v -9.1794 -1.8449 0.7500
v -8.3324 2.1658 0.7500
v -5.7916 -0.6991 -0.7500
v -7.4296 -0.6991 -0.7500
v -7.4296 -0.6991 0.7500
v -5.7916 -0.6991 0.7500
f 125 126 121
f 122 123 124
f 125 121 122
f 122 124 125
f 131 127 132
f 128 130 129
f 131 128 127
f 128 131 130
f 133 134 135
f 133 135 136
f 137 138 139
f 137 139 140
f 141 142 143
f 141 143 144
f 145 146 147
f 145 147 148
f 149 150 151
f 149 151 152
f 153 154 155
f 153 155 156
v 0.8946 -3.1420 0.7500
v 0.9150 -3.1460 0.7500
v 0.9363 -3.1492 0.7500
v 0.9579 -3.1516 0.7500
v 0.9808 -3.1528 0.7500
v 1.0045 -3.1532 0.7500
v 1.0442 -3.1524 0.7500
v 1.0827 -3.1492 0.7500
v 1.1192 -3.1444 0.7500
v 1.1541 -3.1371 0.7500
v 1.1874 -3.1283 0.7500
v 1.2186 -3.1175 0.7500
v 1.2487 -3.1043 0.7500
v 1.2764 -3.0894 0.7500
v 1.3029 -3.0726 0.7500
v 1.3277 -3.0537 0.7500
v 1.3506 -3.0325 0.7500
v 1.3723 -3.0092 0.7500
v 1.3923 -2.9839 0.7500
v 1.4108 -2.9563 0.7500
v 1.4280 -2.9262 0.7500
v 1.4436 -2.8941 0.7500
v 1.4577 -2.8596 0.7500
v 1.4705 -2.8231 0.7500
v 1.4817 -2.7846 0.7500
v 1.4914 -2.7433 0.7500
v 1.4970 -2.7152 0.7500
v 1.5014 -2.6875 0.7500
v 1.5046 -2.6615 0.7500
v 1.5066 -2.6362 0.7500
v 1.5070 -2.6121 0.7500
v 1.5066 -2.5889 0.7500
v 1.5046 -2.5668 0.7500
v 1.5018 -2.5456 0.7500
v 1.4974 -2.5259 0.7500
v 1.4922 -2.5067 0.7500
v 1.4854 -2.4890 0.7500
v 1.4777 -2.4718 0.7500
v 1.4693 -2.4557 0.7500
v 1.4597 -2.4409 0.7500
v 1.4489 -2.4265 0.7500
v 1.4376 -2.4136 0.7500
v 1.4248 -2.4012 0.7500
v 1.4112 -2.3900 0.7500
v 1.3967 -2.3795 0.7500
v 1.3811 -2.3703 0.7500
v 1.3646 -2.3619 0.7500
v 1.3474 -2.3547 0.7500
v 1.3293 -2.3478 0.7500
v 1.3105 -2.3422 0.7500
v 1.2908 -2.3374 0.7500
v 1.2708 -2.3334 0.7500
v 1.2495 -2.3302 0.7500
v 1.2275 -2.3278 0.7500
v 1.2046 -2.3266 0.7500
v 1.1813 -2.3262 0.7500
v 1.1408 -2.3270 0.7500
v 1.1023 -2.3302 0.7500
v 1.0658 -2.3350 0.7500
v 1.0309 -2.3418 0.7500
v 0.9977 -2.3507 0.7500
v 0.9660 -2.3611 0.7500
v 0.9363 -2.3739 0.7500
v 0.9082 -2.3884 0.7500
v 0.8817 -2.4048 0.7500
v 0.8573 -2.4232 0.7500
v 0.8344 -2.4441 0.7500
v 0.8128 -2.4674 0.7500
v 0.7927 -2.4930 0.7500
v 0.7743 -2.5211 0.7500
v 0.7566 -2.5520 0.7500
v 0.7410 -2.5853 0.7500
v 0.7265 -2.6210 0.7500
v 0.7133 -2.6595 0.7500
v 0.7021 -2.7000 0.7500
v 0.6916 -2.7433 0.7500
v 0.6864 -2.7706 0.7500
v 0.6820 -2.7970 0.7500
v 0.6792 -2.8223 0.7500
v 0.6776 -2.8464 0.7500
v 0.6772 -2.8700 0.7500
v 0.6780 -2.8925 0.7500
v 0.6796 -2.9138 0.7500
v 0.6828 -2.9342 0.7500
v 0.6872 -2.9539 0.7500
v 0.6928 -2.9727 0.7500
v 0.6997 -2.9904 0.7500
v 0.7073 -3.0072 0.7500
v 0.7161 -3.0228 0.7500
v 0.7257 -3.0381 0.7500
v 0.7366 -3.0521 0.7500
v 0.7482 -3.0650 0.7500
v 0.7606 -3.0774 0.7500
v 0.7743 -3.0886 0.7500
v 0.7887 -3.0990 0.7500
v 0.8043 -3.1083 0.7500
v 0.8208 -3.1171 0.7500
v 0.8380 -3.1247 0.7500
v 0.8561 -3.1311 0.7500
v 0.8749 -3.1371 0.7500
v 1.1144 -2.9735 0.7500
v 1.0971 -2.9775 0.7500
v 1.0791 -2.9803 0.7500
v 1.0602 -2.9819 0.7500
v 1.0406 -2.9827 0.7500
v 1.0257 -2.9823 0.7500
v 1.0121 -2.9815 0.7500
v 0.9989 -2.9803 0.7500
v 0.9868 -2.9787 0.7500
v 0.9752 -2.9767 0.7500
v 0.9644 -2.9739 0.7500
v 0.9543 -2.9711 0.7500
v 0.9447 -2.9675 0.7500
v 0.9363 -2.9635 0.7500
v 0.9283 -2.9591 0.7500
v 0.9210 -2.9539 0.7500
v 0.9146 -2.9482 0.7500
v 0.9086 -2.9422 0.7500
v 0.9034 -2.9354 0.7500
v 0.8946 -2.9202 0.7500
v 0.8914 -2.9113 0.7500
v 0.8886 -2.9025 0.7500
v 0.8862 -2.8925 0.7500
v 0.8850 -2.8825 0.7500
v 0.8838 -2.8712 0.7500
v 0.8833 -2.8600 0.7500
v 0.8833 -2.8476 0.7500
v 0.8838 -2.8347 0.7500
v 0.8846 -2.8211 0.7500
v 0.8858 -2.8071 0.7500
v 0.8878 -2.7922 0.7500
v 0.8898 -2.7766 0.7500
v 0.8926 -2.7601 0.7500
v 0.8962 -2.7433 0.7500
v 0.9022 -2.7172 0.7500
v 0.9086 -2.6928 0.7500
v 0.9158 -2.6699 0.7500
v 0.9239 -2.6486 0.7500
v 0.9323 -2.6286 0.7500
v 0.9411 -2.6105 0.7500
v 0.9507 -2.5937 0.7500
v 0.9612 -2.5789 0.7500
v 0.9716 -2.5652 0.7500
v 0.9832 -2.5536 0.7500
v 0.9952 -2.5432 0.7500
v 1.0085 -2.5335 0.7500
v 1.0221 -2.5251 0.7500
v 1.0370 -2.5179 0.7500
v 1.0526 -2.5119 0.7500
v 1.0690 -2.5071 0.7500
v 1.0867 -2.5031 0.7500
v 1.1047 -2.5003 0.7500
v 1.1240 -2.4986 0.7500
v 1.1440 -2.4982 0.7500
v 1.1581 -2.4982 0.7500
v 1.1717 -2.4990 0.7500
v 1.1850 -2.5003 0.7500
v 1.1970 -2.5019 0.7500
v 1.2086 -2.5039 0.7500
v 1.2194 -2.5063 0.7500
v 1.2295 -2.5091 0.7500
v 1.2387 -2.5123 0.7500
v 1.2475 -2.5163 0.7500
v 1.2551 -2.5203 0.7500
v 1.2628 -2.5251 0.7500
v 1.2692 -2.5307 0.7500
v 1.2752 -2.5367 0.7500
v 1.2808 -2.5436 0.7500
v 1.2852 -2.5508 0.7500
v 1.2896 -2.5588 0.7500
v 1.2928 -2.5672 0.7500
v 1.2956 -2.5765 0.7500
v 1.2981 -2.5861 0.7500
v 1.2997 -2.5965 0.7500
v 1.3005 -2.6077 0.7500
v 1.3009 -2.6194 0.7500
v 1.3009 -2.6322 0.7500
v 1.3005 -2.6458 0.7500
v 1.2993 -2.6599 0.7500
v 1.2977 -2.6751 0.7500
v 1.2956 -2.6912 0.7500
v 1.2928 -2.7076 0.7500
v 1.2896 -2.7252 0.7500
v 1.2860 -2.7433 0.7500
v 1.2804 -2.7674 0.7500
v 1.2740 -2.7902 0.7500
v 1.2672 -2.8115 0.7500
v 1.2596 -2.8315 0.7500
v 1.2515 -2.8504 0.7500
v 1.2427 -2.8680 0.7500
v 1.2331 -2.8841 0.7500
v 1.2231 -2.8989 0.7500
v 1.2122 -2.9125 0.7500
v 1.2006 -2.9246 0.7500
v 1.1882 -2.9358 0.7500
v 1.1753 -2.9454 0.7500
v 1.1613 -2.9543 0.7500
v 1.1464 -2.9619 0.7500
v 1.1308 -2.9683 0.7500
v 0.8946 -3.1420 -0.7500
v 0.9150 -3.1460 -0.7500
v 0.9363 -3.1492 -0.7500
v 0.9579 -3.1516 -0.7500
v 0.9808 -3.1528 -0.7500
v 1.0045 -3.1532 -0.7500
v 1.0442 -3.1524 -0.7500
v 1.0827 -3.1492 -0.7500
v 1.1192 -3.1444 -0.7500
v 1.1541 -3.1371 -0.7500
v 1.1874 -3.1283 -0.7500
v 1.2186 -3.1175 -0.7500
v 1.2487 -3.1043 -0.7500
v 1.2764 -3.0894 -0.7500
v 1.3029 -3.0726 -0.7500
v 1.3277 -3.0537 -0.7500
v 1.3506 -3.0325 -0.7500
v 1.3723 -3.0092 -0.7500
v 1.3923 -2.9839 -0.7500
v 1.4108 -2.9563 -0.7500
v 1.4280 -2.9262 -0.7500
v 1.4436 -2.8941 -0.7500
v 1.4577 -2.8596 -0.7500
v 1.4705 -2.8231 -0.7500
v 1.4817 -2.7846 -0.7500
v 1.4914 -2.7433 -0.7500
v 1.4970 -2.7152 -0.7500
v 1.5014 -2.6875 -0.7500
v 1.5046 -2.6615 -0.7500
v 1.5066 -2.6362 -0.7500
v 1.5070 -2.6121 -0.7500
v 1.5066 -2.5889 -0.7500
v 1.5046 -2.5668 -0.7500
v 1.5018 -2.5456 -0.7500
v 1.4974 -2.5259 -0.7500
v 1.4922 -2.5067 -0.7500
v 1.4854 -2.4890 -0.7500
v 1.4777 -2.4718 -0.7500
v 1.4693 -2.4557 -0.7500
v 1.4597 -2.4409 -0.7500
v 1.4489 -2.4265 -0.7500
v 1.4376 -2.4136 -0.7500
v 1.4248 -2.4012 -0.7500
v 1.4112 -2.3900 -0.7500
v 1.3967 -2.3795 -0.7500
v 1.3811 -2.3703 -0.7500
v 1.3646 -2.3619 -0.7500
v 1.3474 -2.3547 -0.7500
v 1.3293 -2.3478 -0.7500
v 1.3105 -2.3422 -0.7500
v 1.2908 -2.3374 -0.7500
v 1.2708 -2.3334 -0.7500
v 1.2495 -2.3302 -0.7500
v 1.2275 -2.3278 -0.7500
v 1.2046 -2.3266 -0.7500
v 1.1813 -2.3262 -0.7500
v 1.1408 -2.3270 -0.7500
v 1.1023 -2.3302 -0.7500
v 1.0658 -2.3350 -0.7500
v 1.0309 -2.3418 -0.7500
v 0.9977 -2.3507 -0.7500
v 0.9660 -2.3611 -0.7500
v 0.9363 -2.3739 -0.7500
v 0.9082 -2.3884 -0.7500
v 0.8817 -2.4048 -0.7500
v 0.8573 -2.4232 -0.7500
v 0.8344 -2.4441 -0.7500
v 0.8128 -2.4674 -0.7500
v 0.7927 -2.4930 -0.7500
v 0.7743 -2.5211 -0.7500
v 0.7566 -2.5520 -0.7500
v 0.7410 -2.5853 -0.7500
v 0.7265 -2.6210 -0.7500
v 0.7133 -2.6595 -0.7500
v 0.7021 -2.7000 -0.7500
v 0.6916 -2.7433 -0.7500
v 0.6864 -2.7706 -0.7500
v 0.6820 -2.7970 -0.7500
v 0.6792 -2.8223 -0.7500
v 0.6776 -2.8464 -0.7500
v 0.6772 -2.8700 -0.7500
v 0.6780 -2.8925 -0.7500
v 0.6796 -2.9138 -0.7500
v 0.6828 -2.9342 -0.7500
v 0.6872 -2.9539 -0.7500
v 0.6928 -2.9727 -0.7500
v 0.6997 -2.9904 -0.7500
v 0.7073 -3.0072 -0.7500
v 0.7161 -3.0228 -0.7500
v 0.7257 -3.0381 -0.7500
v 0.7366 -3.0521 -0.7500
v 0.7482 -3.0650 -0.7500
v 0.7606 -3.0774 -0.7500
v 0.7743 -3.0886 -0.7500
v 0.7887 -3.0990 -0.7500
v 0.8043 -3.1083 -0.7500
v 0.8208 -3.1171 -0.7500
v 0.8380 -3.1247 -0.7500
v 0.8561 -3.1311 -0.7500
v 0.8749 -3.1371 -0.7500
v 1.1144 -2.9735 -0.7500
v 1.0971 -2.9775 -0.7500
v 1.0791 -2.9803 -0.7500
v 1.0602 -2.9819 -0.7500
v 1.0406 -2.9827 -0.7500
v 1.0257 -2.9823 -0.7500
v 1.0121 -2.9815 -0.7500
v 0.9989 -2.9803 -0.7500
v 0.9868 -2.9787 -0.7500
v 0.9752 -2.9767 -0.7500
v 0.9644 -2.9739 -0.7500
v 0.9543 -2.9711 -0.7500
v 0.9447 -2.9675 -0.7500
v 0.9363 -2.9635 -0.7500
v 0.9283 -2.9591 -0.7500
v 0.9210 -2.9539 -0.7500
v 0.9146 -2.9482 -0.7500
v 0.9086 -2.9422 -0.7500
v 0.9034 -2.9354 -0.7500
v 0.8946 -2.9202 -0.7500
v 0.8914 -2.9113 -0.7500
v 0.8886 -2.9025 -0.7500
v 0.8862 -2.8925 -0.7500
v 0.8850 -2.8825 -0.7500
v 0.8838 -2.8712 -0.7500
v 0.8833 -2.8600 -0.7500
v 0.8833 -2.8476 -0.7500
v 0.8838 -2.8347 -0.7500
v 0.8846 -2.8211 -0.7500
v 0.8858 -2.8071 -0.7500
v 0.8878 -2.7922 -0.7500
v 0.8898 -2.7766 -0.7500
v 0.8926 -2.7601 -0.7500
v 0.8962 -2.7433 -0.7500
v 0.9022 -2.7172 -0.7500
v 0.9086 -2.6928 -0.7500
v 0.9158 -2.6699 -0.7500
v 0.9239 -2.6486 -0.7500
v 0.9323 -2.6286 -0.7500
v 0.9411 -2.6105 -0.7500
v 0.9507 -2.5937 -0.7500
v 0.9612 -2.5789 -0.7500
v 0.9716 -2.5652 -0.7500
v 0.9832 -2.5536 -0.7500
v 0.9952 -2.5432 -0.7500
v 1.0085 -2.5335 -0.7500
v 1.0221 -2.5251 -0.7500
v 1.0370 -2.5179 -0.7500
v 1.0526 -2.5119 -0.7500
v 1.0690 -2.5071 -0.7500
v 1.0867 -2.5031 -0.7500
v 1.1047 -2.5003 -0.7500
v 1.1240 -2.4986 -0.7500
v 1.1440 -2.4982 -0.7500
v 1.1581 -2.4982 -0.7500
v 1.1717 -2.4990 -0.7500
v 1.1850 -2.5003 -0.7500
v 1.1970 -2.5019 -0.7500
v 1.2086 -2.5039 -0.7500
v 1.2194 -2.5063 -0.7500
v 1.2295 -2.5091 -0.7500
v 1.2387 -2.5123 -0.7500
v 1.2475 -2.5163 -0.7500
v 1.2551 -2.5203 -0.7500
v 1.2628 -2.5251 -0.7500
v 1.2692 -2.5307 -0.7500
v 1.2752 -2.5367 -0.7500
v 1.2808 -2.5436 -0.7500
v 1.2852 -2.5508 -0.7500
v 1.2896 -2.5588 -0.7500
v 1.2928 -2.5672 -0.7500
v 1.2956 -2.5765 -0.7500
v 1.2981 -2.5861 -0.7500
v 1.2997 -2.5965 -0.7500
v 1.3005 -2.6077 -0.7500
v 1.3009 -2.6194 -0.7500
v 1.3009 -2.6322 -0.7500
v 1.3005 -2.6458 -0.7500
v 1.2993 -2.6599 -0.7500
v 1.2977 -2.6751 -0.7500
v 1.2956 -2.6912 -0.7500
v 1.2928 -2.7076 -0.7500
v 1.2896 -2.7252 -0.7500
v 1.2860 -2.7433 -0.7500
v 1.2804 -2.7674 -0.7500
v 1.2740 -2.7902 -0.7500
v 1.2672 -2.8115 -0.7500
v 1.2596 -2.8315 -0.7500
v 1.2515 -2.8504 -0.7500
v 1.2427 -2.8680 -0.7500
v 1.2331 -2.8841 -0.7500
v 1.2231 -2.8989 -0.7500
v 1.2122 -2.9125 -0.7500
v 1.2006 -2.9246 -0.7500
v 1.1882 -2.9358 -0.7500
v 1.1753 -2.9454 -0.7500
v 1.1613 -2.9543 -0.7500
v 1.1464 -2.9619 -0.7500
v 1.1308 -2.9683 -0.7500
v 0.8833 -2.8600 -0.7500
v 0.8833 -2.8476 -0.7500
v 0.8833 -2.8476 0.7500
v 0.8833 -2.8600 0.7500
v 0.8858 -2.8071 -0.7500
v 0.8878 -2.7922 -0.7500
v 0.8878 -2.7922 0.7500
v 0.8858 -2.8071 0.7500
v 0.8878 -2.7922 -0.7500
v 0.8898 -2.7766 -0.7500
v 0.8898 -2.7766 0.7500
v 0.8878 -2.7922 0.7500
v 0.8838 -2.8712 -0.7500
v 0.8833 -2.8600 -0.7500
v 0.8833 -2.8600 0.7500
v 0.8838 -2.8712 0.7500
v 0.6772 -2.8700 -0.7500
v 0.6780 -2.8925 -0.7500
v 0.6780 -2.8925 0.7500
v 0.6772 -2.8700 0.7500
v 0.6780 -2.8925 -0.7500
v 0.6796 -2.9138 -0.7500
v 0.6796 -2.9138 0.7500
v 0.6780 -2.8925 0.7500
v 0.6796 -2.9138 -0.7500
v 0.6828 -2.9342 -0.7500
v 0.6828 -2.9342 0.7500
v 0.6796 -2.9138 0.7500
v 0.6828 -2.9342 -0.7500
v 0.6872 -2.9539 -0.7500
v 0.6872 -2.9539 0.7500
v 0.6828 -2.9342 0.7500
v 0.6872 -2.9539 -0.7500
v 0.6928 -2.9727 -0.7500
v 0.6928 -2.9727 0.7500
v 0.6872 -2.9539 0.7500
v 0.6928 -2.9727 -0.7500
v 0.6997 -2.9904 -0.7500
v 0.6997 -2.9904 0.7500
v 0.6928 -2.9727 0.7500
v 0.6997 -2.9904 -0.7500
v 0.7073 -3.0072 -0.7500
v 0.7073 -3.0072 0.7500
v 0.6997 -2.9904 0.7500
v 0.7073 -3.0072 -0.7500
v 0.7161 -3.0228 -0.7500
v 0.7161 -3.0228 0.7500
v 0.7073 -3.0072 0.7500
v 0.7161 -3.0228 -0.7500
v 0.7257 -3.0381 -0.7500
v 0.7257 -3.0381 0.7500
v 0.7161 -3.0228 0.7500
v 0.7257 -3.0381 -0.7500
v 0.7366 -3.0521 -0.7500
v 0.7366 -3.0521 0.7500
v 0.7257 -3.0381 0.7500
v 0.7366 -3.0521 -0.7500
v 0.7482 -3.0650 -0.7500
v 0.7482 -3.0650 0.7500
v 0.7366 -3.0521 0.7500
v 0.7482 -3.0650 -0.7500
v 0.7606 -3.0774 -0.7500
v 0.7606 -3.0774 0.7500
v 0.7482 -3.0650 0.7500
v 0.7606 -3.0774 -0.7500
v 0.7743 -3.0886 -0.7500
v 0.7743 -3.0886 0.7500
v 0.7606 -3.0774 0.7500
v 0.7743 -3.0886 -0.7500
v 0.7887 -3.0990 -0.7500
v 0.7887 -3.0990 0.7500
v 0.7743 -3.0886 0.7500
v 0.7887 -3.0990 -0.7500
v 0.8043 -3.1083 -0.7500
v 0.8043 -3.1083 0.7500
v 0.7887 -3.0990 0.7500
v 0.8043 -3.1083 -0.7500
v 0.8208 -3.1171 -0.7500
v 0.8208 -3.1171 0.7500
v 0.8043 -3.1083 0.7500
v 0.8208 -3.1171 -0.7500
v 0.8380 -3.1247 -0.7500
v 0.8380 -3.1247 0.7500
v 0.8208 -3.1171 0.7500
v 0.8380 -3.1247 -0.7500
v 0.8561 -3.1311 -0.7500
v 0.8561 -3.1311 0.7500
v 0.8380 -3.1247 0.7500
v 0.8561 -3.1311 -0.7500
v 0.8749 -3.1371 -0.7500
v 0.8749 -3.1371 0.7500
v 0.8561 -3.1311 0.7500
v 0.8749 -3.1371 -0.7500
v 0.8946 -3.1420 -0.7500
v 0.8946 -3.1420 0.7500
v 0.8749 -3.1371 0.7500
v 0.8946 -3.1420 -0.7500
v 0.9150 -3.1460 -0.7500
v 0.9150 -3.1460 0.7500
v 0.8946 -3.1420 0.7500
v 0.9150 -3.1460 -0.7500
v 0.9363 -3.1492 -0.7500
v 0.9363 -3.1492 0.7500
v 0.9150 -3.1460 0.7500
v 0.9363 -3.1492 -0.7500
v 0.9579 -3.1516 -0.7500
v 0.9579 -3.1516 0.7500
v 0.9363 -3.1492 0.7500
v 0.9579 -3.1516 -0.7500
v 0.9808 -3.1528 -0.7500
v 0.9808 -3.1528 0.7500
v 0.9579 -3.1516 0.7500
v 0.9808 -3.1528 -0.7500
v 1.0045 -3.1532 -0.7500
v 1.0045 -3.1532 0.7500
v 0.9808 -3.1528 0.7500
v 1.0045 -3.1532 -0.7500
v 1.0442 -3.1524 -0.7500
v 1.0442 -3.1524 0.7500
v 1.0045 -3.1532 0.7500
v 1.0442 -3.1524 -0.7500
v 1.0827 -3.1492 -0.7500
v 1.0827 -3.1492 0.7500
v 1.0442 -3.1524 0.7500
v 1.0827 -3.1492 -0.7500
v 1.1192 -3.1444 -0.7500
v 1.1192 -3.1444 0.7500
v 1.0827 -3.1492 0.7500
v 1.1192 -3.1444 -0.7500
v 1.1541 -3.1371 -0.7500
v 1.1541 -3.1371 0.7500
v 1.1192 -3.1444 0.7500
v 1.1541 -3.1371 -0.7500
v 1.1874 -3.1283 -0.7500
v 1.1874 -3.1283 0.7500
v 1.1541 -3.1371 0.7500
v 1.1874 -3.1283 -0.7500
v 1.2186 -3.1175 -0.7500
v 1.2186 -3.1175 0.7500
v 1.1874 -3.1283 0.7500
v 1.2186 -3.1175 -0.7500
v 1.2487 -3.1043 -0.7500
v 1.2487 -3.1043 0.7500
v 1.2186 -3.1175 0.7500
v 1.2487 -3.1043 -0.7500
v 1.2764 -3.0894 -0.7500
v 1.2764 -3.0894 0.7500
v 1.2487 -3.1043 0.7500
v 1.2764 -3.0894 -0.7500
v 1.3029 -3.0726 -0.7500
v 1.3029 -3.0726 0.7500
v 1.2764 -3.0894 0.7500
v 1.3029 -3.0726 -0.7500
v 1.3277 -3.0537 -0.7500
v 1.3277 -3.0537 0.7500
v 1.3029 -3.0726 0.7500
v 1.3277 -3.0537 -0.7500
v 1.3506 -3.0325 -0.7500
v 1.3506 -3.0325 0.7500
v 1.3277 -3.0537 0.7500
v 1.3506 -3.0325 -0.7500
v 1.3723 -3.0092 -0.7500
v 1.3723 -3.0092 0.7500
v 1.3506 -3.0325 0.7500
v 1.3723 -3.0092 -0.7500
v 1.3923 -2.9839 -0.7500
v 1.3923 -2.9839 0.7500
v 1.3723 -3.0092 0.7500
v 1.3923 -2.9839 -0.7500
v 1.4108 -2.9563 -0.7500
v 1.4108 -2.9563 0.7500
v 1.3923 -2.9839 0.7500
v 1.4108 -2.9563 -0.7500
v 1.4280 -2.9262 -0.7500
v 1.4280 -2.9262 0.7500
v 1.4108 -2.9563 0.7500
v 1.4280 -2.9262 -0.7500
v 1.4436 -2.8941 -0.7500
v 1.4436 -2.8941 0.7500
v 1.4280 -2.9262 0.7500
v 1.4436 -2.8941 -0.7500
v 1.4577 -2.8596 -0.7500
v 1.4577 -2.8596 0.7500
v 1.4436 -2.8941 0.7500
v 1.4577 -2.8596 -0.7500
v 1.4705 -2.8231 -0.7500
v 1.4705 -2.8231 0.7500
v 1.4577 -2.8596 0.7500
v 1.4705 -2.8231 -0.7500
v 1.4817 -2.7846 -0.7500
v 1.4817 -2.7846 0.7500
v 1.4705 -2.8231 0.7500
v 1.4817 -2.7846 -0.7500
v 1.4914 -2.7433 -0.7500
v 1.4914 -2.7433 0.7500
v 1.4817 -2.7846 0.7500
v 1.4914 -2.7433 -0.7500
v 1.4970 -2.7152 -0.7500
v 1.4970 -2.7152 0.7500
v 1.4914 -2.7433 0.7500
v 1.4970 -2.7152 -0.7500
v 1.5014 -2.6875 -0.7500
v 1.5014 -2.6875 0.7500
v 1.4970 -2.7152 0.7500
v 1.5014 -2.6875 -0.7500
v 1.5046 -2.6615 -0.7500
v 1.5046 -2.6615 0.7500
v 1.5014 -2.6875 0.7500
v 1.5046 -2.6615 -0.7500
v 1.5066 -2.6362 -0.7500
v 1.5066 -2.6362 0.7500
v 1.5046 -2.6615 0.7500
v 1.5066 -2.6362 -0.7500
v 1.5070 -2.6121 -0.7500
v 1.5070 -2.6121 0.7500
v 1.5066 -2.6362 0.7500
v 1.5070 -2.6121 -0.7500
v 1.5066 -2.5889 -0.7500
v 1.5066 -2.5889 0.7500
v 1.5070 -2.6121 0.7500
v 1.5066 -2.5889 -0.7500
v 1.5046 -2.5668 -0.7500
v 1.5046 -2.5668 0.7500
v 1.5066 -2.5889 0.7500
v 1.5046 -2.5668 -0.7500
v 1.5018 -2.5456 -0.7500
v 1.5018 -2.5456 0.7500
v 1.5046 -2.5668 0.7500
v 1.5018 -2.5456 -0.7500
v 1.4974 -2.5259 -0.7500
v 1.4974 -2.5259 0.7500
v 1.5018 -2.5456 0.7500
v 1.4974 -2.5259 -0.7500
v 1.4922 -2.5067 -0.7500
v 1.4922 -2.5067 0.7500
v 1.4974 -2.5259 0.7500
v 1.4922 -2.5067 -0.7500
v 1.4854 -2.4890 -0.7500
v 1.4854 -2.4890 0.7500
v 1.4922 -2.5067 0.7500
v 1.4854 -2.4890 -0.7500
v 1.4777 -2.4718 -0.7500
v 1.4777 -2.4718 0.7500
v 1.4854 -2.4890 0.7500
v 1.4777 -2.4718 -0.7500
v 1.4693 -2.4557 -0.7500
v 1.4693 -2.4557 0.7500
v 1.4777 -2.4718 0.7500
v 1.4693 -2.4557 -0.7500
v 1.4597 -2.4409 -0.7500
v 1.4597 -2.4409 0.7500
v 1.4693 -2.4557 0.7500
v 1.4597 -2.4409 -0.7500
v 1.4489 -2.4265 -0.7500
v 1.4489 -2.4265 0.7500
v 1.4597 -2.4409 0.7500
v 1.4489 -2.4265 -0.7500
v 1.4376 -2.4136 -0.7500
v 1.4376 -2.4136 0.7500
v 1.4489 -2.4265 0.7500
v 1.4376 -2.4136 -0.7500
v 1.4248 -2.4012 -0.7500
v 1.4248 -2.4012 0.7500
v 1.4376 -2.4136 0.7500
v 1.4248 -2.4012 -0.7500
v 1.4112 -2.3900 -0.7500
v 1.4112 -2.3900 0.7500
v 1.4248 -2.4012 0.7500
v 1.4112 -2.3900 -0.7500
v 1.3967 -2.3795 -0.7500
v 1.3967 -2.3795 0.7500
v 1.4112 -2.3900 0.7500
v 1.3967 -2.3795 -0.7500
v 1.3811 -2.3703 -0.7500
v 1.3811 -2.3703 0.7500
v 1.3967 -2.3795 0.7500
v 1.3811 -2.3703 -0.7500
v 1.3646 -2.3619 -0.7500
v 1.3646 -2.3619 0.7500
v 1.3811 -2.3703 0.7500
v 1.3646 -2.3619 -0.7500
v 1.3474 -2.3547 -0.7500
v 1.3474 -2.3547 0.7500
v 1.3646 -2.3619 0.7500
v 1.3474 -2.3547 -0.7500
v 1.3293 -2.3478 -0.7500
v 1.3293 -2.3478 0.7500
v 1.3474 -2.3547 0.7500
v 1.3293 -2.3478 -0.7500
v 1.3105 -2.3422 -0.7500
v 1.3105 -2.3422 0.7500
v 1.3293 -2.3478 0.7500
v 1.3105 -2.3422 -0.7500
v 1.2908 -2.3374 -0.7500
v 1.2908 -2.3374 0.7500
v 1.3105 -2.3422 0.7500
v 1.2908 -2.3374 -0.7500
v 1.2708 -2.3334 -0.7500
v 1.2708 -2.3334 0.7500
v 1.2908 -2.3374 0.7500
v 1.2708 -2.3334 -0.7500
v 1.2495 -2.3302 -0.7500
v 1.2495 -2.3302 0.7500
v 1.2708 -2.3334 0.7500
v 1.2495 -2.3302 -0.7500
v 1.2275 -2.3278 -0.7500
v 1.2275 -2.3278 0.7500
v 1.2495 -2.3302 0.7500
v 1.2275 -2.3278 -0.7500
v 1.2046 -2.3266 -0.7500
v 1.2046 -2.3266 0.7500
v 1.2275 -2.3278 0.7500
v 1.2046 -2.3266 -0.7500
v 1.1813 -2.3262 -0.7500
v 1.1813 -2.3262 0.7500
v 1.2046 -2.3266 0.7500
v 1.1813 -2.3262 -0.7500
v 1.1408 -2.3270 -0.7500
v 1.1408 -2.3270 0.7500
v 1.1813 -2.3262 0.7500
v 1.1408 -2.3270 -0.7500
v 1.1023 -2.3302 -0.7500
v 1.1023 -2.3302 0.7500
v 1.1408 -2.3270 0.7500
v 1.1023 -2.3302 -0.7500
v 1.0658 -2.3350 -0.7500
v 1.0658 -2.3350 0.7500
v 1.1023 -2.3302 0.7500
v 1.0658 -2.3350 -0.7500
v 1.0309 -2.3418 -0.7500
v 1.0309 -2.3418 0.7500
v 1.0658 -2.3350 0.7500
v 1.0309 -2.3418 -0.7500
v 0.9977 -2.3507 -0.7500
v 0.9977 -2.3507 0.7500
v 1.0309 -2.3418 0.7500
v 0.9977 -2.3507 -0.7500
v 0.9660 -2.3611 -0.7500
v 0.9660 -2.3611 0.7500
v 0.9977 -2.3507 0.7500
v 0.9660 -2.3611 -0.7500
v 0.9363 -2.3739 -0.7500
v 0.9363 -2.3739 0.7500
v 0.9660 -2.3611 0.7500
v 0.9363 -2.3739 -0.7500
v 0.9082 -2.3884 -0.7500
v 0.9082 -2.3884 0.7500
v 0.9363 -2.3739 0.7500
v 0.9082 -2.3884 -0.7500
v 0.8817 -2.4048 -0.7500
v 0.8817 -2.4048 0.7500
v 0.9082 -2.3884 0.7500
v 0.8817 -2.4048 -0.7500
v 0.8573 -2.4232 -0.7500
v 0.8573 -2.4232 0.7500
v 0.8817 -2.4048 0.7500
v 0.8573 -2.4232 -0.7500
v 0.8344 -2.4441 -0.7500
v 0.8344 -2.4441 0.7500
v 0.8573 -2.4232 0.7500
v 0.8344 -2.4441 -0.7500
v 0.8128 -2.4674 -0.7500
v 0.8128 -2.4674 0.7500
v 0.8344 -2.4441 0.7500
v 0.8128 -2.4674 -0.7500
v 0.7927 -2.4930 -0.7500
v 0.7927 -2.4930 0.7500
v 0.8128 -2.4674 0.7500
v 0.7927 -2.4930 -0.7500
v 0.7743 -2.5211 -0.7500
v 0.7743 -2.5211 0.7500
v 0.7927 -2.4930 0.7500
v 0.7743 -2.5211 -0.7500
v 0.7566 -2.5520 -0.7500
v 0.7566 -2.5520 0.7500
v 0.7743 -2.5211 0.7500
v 0.7566 -2.5520 -0.7500
v 0.7410 -2.5853 -0.7500
v 0.7410 -2.5853 0.7500
v 0.7566 -2.5520 0.7500
v 0.7410 -2.5853 -0.7500
v 0.7265 -2.6210 -0.7500
v 0.7265 -2.6210 0.7500
v 0.7410 -2.5853 0.7500
v 0.7265 -2.6210 -0.7500
v 0.7133 -2.6595 -0.7500
v 0.7133 -2.6595 0.7500
v 0.7265 -2.6210 0.7500
v 0.7133 -2.6595 -0.7500
v 0.7021 -2.7000 -0.7500
v 0.7021 -2.7000 0.7500
v 0.7133 -2.6595 0.7500
v 0.7021 -2.7000 -0.7500
v 0.6916 -2.7433 -0.7500
v 0.6916 -2.7433 0.7500
v 0.7021 -2.7000 0.7500
v 0.6916 -2.7433 -0.7500
v 0.6864 -2.7706 -0.7500
v 0.6864 -2.7706 0.7500
v 0.6916 -2.7433 0.7500
v 0.6864 -2.7706 -0.7500
v 0.6820 -2.7970 -0.7500
v 0.6820 -2.7970 0.7500
v 0.6864 -2.7706 0.7500
v 0.6820 -2.7970 -0.7500
v 0.6792 -2.8223 -0.7500
v 0.6792 -2.8223 0.7500
v 0.6820 -2.7970 0.7500
v 0.6792 -2.8223 -0.7500
v 0.6776 -2.8464 -0.7500
v 0.6776 -2.8464 0.7500
v 0.6792 -2.8223 0.7500
v 0.6776 -2.8464 -0.7500
v 0.6772 -2.8700 -0.7500
v 0.6772 -2.8700 0.7500
v 0.6776 -2.8464 0.7500
v 0.8833 -2.8476 -0.7500
v 0.8838 -2.8347 -0.7500
v 0.8838 -2.8347 0.7500
v 0.8833 -2.8476 0.7500
v 0.8850 -2.8825 -0.7500
v 0.8838 -2.8712 -0.7500
v 0.8838 -2.8712 0.7500
v 0.8850 -2.8825 0.7500
v 0.8838 -2.8347 -0.7500
v 0.8846 -2.8211 -0.7500
v 0.8846 -2.8211 0.7500
v 0.8838 -2.8347 0.7500
v 0.8862 -2.8925 -0.7500
v 0.8850 -2.8825 -0.7500
v 0.8850 -2.8825 0.7500
v 0.8862 -2.8925 0.7500
v 0.8886 -2.9025 -0.7500
v 0.8862 -2.8925 -0.7500
v 0.8862 -2.8925 0.7500
v 0.8886 -2.9025 0.7500
v 0.8846 -2.8211 -0.7500
v 0.8858 -2.8071 -0.7500
v 0.8858 -2.8071 0.7500
v 0.8846 -2.8211 0.7500
v 0.8914 -2.9113 -0.7500
v 0.8886 -2.9025 -0.7500
v 0.8886 -2.9025 0.7500
v 0.8914 -2.9113 0.7500
v 0.8946 -2.9202 -0.7500
v 0.8914 -2.9113 -0.7500
v 0.8914 -2.9113 0.7500
v 0.8946 -2.9202 0.7500
v 0.8898 -2.7766 -0.7500
v 0.8926 -2.7601 -0.7500
v 0.8926 -2.7601 0.7500
v 0.8898 -2.7766 0.7500
v 0.9034 -2.9354 -0.7500
v 0.8946 -2.9202 -0.7500
v 0.8946 -2.9202 0.7500
v 0.9034 -2.9354 0.7500
v 0.8926 -2.7601 -0.7500
v 0.8962 -2.7433 -0.7500
v 0.8962 -2.7433 0.7500
v 0.8926 -2.7601 0.7500
v 0.9086 -2.9422 -0.7500
v 0.9034 -2.9354 -0.7500
v 0.9034 -2.9354 0.7500
v 0.9086 -2.9422 0.7500
v 0.8962 -2.7433 -0.7500
v 0.9022 -2.7172 -0.7500
v 0.9022 -2.7172 0.7500
v 0.8962 -2.7433 0.7500
v 0.9146 -2.9482 -0.7500
v 0.9086 -2.9422 -0.7500
v 0.9086 -2.9422 0.7500
v 0.9146 -2.9482 0.7500
v 0.9210 -2.9539 -0.7500
v 0.9146 -2.9482 -0.7500
v 0.9146 -2.9482 0.7500
v 0.9210 -2.9539 0.7500
v 0.9022 -2.7172 -0.7500
v 0.9086 -2.6928 -0.7500
v 0.9086 -2.6928 0.7500
v 0.9022 -2.7172 0.7500
v 0.9283 -2.9591 -0.7500
v 0.9210 -2.9539 -0.7500
v 0.9210 -2.9539 0.7500
v 0.9283 -2.9591 0.7500
v 0.9086 -2.6928 -0.7500
v 0.9158 -2.6699 -0.7500
v 0.9158 -2.6699 0.7500
v 0.9086 -2.6928 0.7500
v 0.9363 -2.9635 -0.7500
v 0.9283 -2.9591 -0.7500
v 0.9283 -2.9591 0.7500
v 0.9363 -2.9635 0.7500
v 0.9158 -2.6699 -0.7500
v 0.9239 -2.6486 -0.7500
v 0.9239 -2.6486 0.7500
v 0.9158 -2.6699 0.7500
v 0.9447 -2.9675 -0.7500
v 0.9363 -2.9635 -0.7500
v 0.9363 -2.9635 0.7500
v 0.9447 -2.9675 0.7500
v 0.9239 -2.6486 -0.7500
v 0.9323 -2.6286 -0.7500
v 0.9323 -2.6286 0.7500
v 0.9239 -2.6486 0.7500
v 0.9543 -2.9711 -0.7500
v 0.9447 -2.9675 -0.7500
v 0.9447 -2.9675 0.7500
v 0.9543 -2.9711 0.7500
v 0.9323 -2.6286 -0.7500
v 0.9411 -2.6105 -0.7500
v 0.9411 -2.6105 0.7500
v 0.9323 -2.6286 0.7500
v 0.9411 -2.6105 -0.7500
v 0.9507 -2.5937 -0.7500
v 0.9507 -2.5937 0.7500
v 0.9411 -2.6105 0.7500
v 0.9644 -2.9739 -0.7500
v 0.9543 -2.9711 -0.7500
v 0.9543 -2.9711 0.7500
v 0.9644 -2.9739 0.7500
v 0.9507 -2.5937 -0.7500
v 0.9612 -2.5789 -0.7500
v 0.9612 -2.5789 0.7500
v 0.9507 -2.5937 0.7500
v 0.9752 -2.9767 -0.7500
v 0.9644 -2.9739 -0.7500
v 0.9644 -2.9739 0.7500
v 0.9752 -2.9767 0.7500
v 0.9612 -2.5789 -0.7500
v 0.9716 -2.5652 -0.7500
v 0.9716 -2.5652 0.7500
v 0.9612 -2.5789 0.7500
v 0.9868 -2.9787 -0.7500
v 0.9752 -2.9767 -0.7500
v 0.9752 -2.9767 0.7500
v 0.9868 -2.9787 0.7500
v 0.9716 -2.5652 -0.7500
v 0.9832 -2.5536 -0.7500
v 0.9832 -2.5536 0.7500
v 0.9716 -2.5652 0.7500
v 0.9989 -2.9803 -0.7500
v 0.9868 -2.9787 -0.7500
v 0.9868 -2.9787 0.7500
v 0.9989 -2.9803 0.7500
v 0.9832 -2.5536 -0.7500
v 0.9952 -2.5432 -0.7500
v 0.9952 -2.5432 0.7500
v 0.9832 -2.5536 0.7500
v 1.0121 -2.9815 -0.7500
v 0.9989 -2.9803 -0.7500
v 0.9989 -2.9803 0.7500
v 1.0121 -2.9815 0.7500
v 0.9952 -2.5432 -0.7500
v 1.0085 -2.5335 -0.7500
v 1.0085 -2.5335 0.7500
v 0.9952 -2.5432 0.7500
v 1.0257 -2.9823 -0.7500
v 1.0121 -2.9815 -0.7500
v 1.0121 -2.9815 0.7500
v 1.0257 -2.9823 0.7500
v 1.0085 -2.5335 -0.7500
v 1.0221 -2.5251 -0.7500
v 1.0221 -2.5251 0.7500
v 1.0085 -2.5335 0.7500
v 1.0406 -2.9827 -0.7500
v 1.0257 -2.9823 -0.7500
v 1.0257 -2.9823 0.7500
v 1.0406 -2.9827 0.7500
v 1.0221 -2.5251 -0.7500
v 1.0370 -2.5179 -0.7500
v 1.0370 -2.5179 0.7500
v 1.0221 -2.5251 0.7500
v 1.0602 -2.9819 -0.7500
v 1.0406 -2.9827 -0.7500
v 1.0406 -2.9827 0.7500
v 1.0602 -2.9819 0.7500
v 1.0370 -2.5179 -0.7500
v 1.3967 -2.3795 -0.7500
v 1.3967 -2.3795 0.7500
v 1.0370 -2.5179 0.7500
v 1.0791 -2.9803 -0.7500
v 1.0602 -2.9819 -0.7500
v 1.0602 -2.9819 0.7500
v 1.0791 -2.9803 0.7500
v 1.0971 -2.9775 -0.7500
v 1.0791 -2.9803 -0.7500
v 1.0791 -2.9803 0.7500
v 1.0971 -2.9775 0.7500
v 1.3967 -2.3795 -0.7500
v 1.0526 -2.5119 -0.7500
v 1.0526 -2.5119 0.7500
v 1.3967 -2.3795 0.7500
v 1.0526 -2.5119 -0.7500
v 1.0690 -2.5071 -0.7500
v 1.0690 -2.5071 0.7500
v 1.0526 -2.5119 0.7500
v 1.1144 -2.9735 -0.7500
v 1.0971 -2.9775 -0.7500
v 1.0971 -2.9775 0.7500
v 1.1144 -2.9735 0.7500
v 1.0690 -2.5071 -0.7500
v 1.0867 -2.5031 -0.7500
v 1.0867 -2.5031 0.7500
v 1.0690 -2.5071 0.7500
v 1.1308 -2.9683 -0.7500
v 1.1144 -2.9735 -0.7500
v 1.1144 -2.9735 0.7500
v 1.1308 -2.9683 0.7500
v 1.0867 -2.5031 -0.7500
v 1.1047 -2.5003 -0.7500
v 1.1047 -2.5003 0.7500
v 1.0867 -2.5031 0.7500
v 1.1464 -2.9619 -0.7500
v 1.1308 -2.9683 -0.7500
v 1.1308 -2.9683 0.7500
v 1.1464 -2.9619 0.7500
v 1.1047 -2.5003 -0.7500
v 1.1240 -2.4986 -0.7500
v 1.1240 -2.4986 0.7500
v 1.1047 -2.5003 0.7500
v 1.1613 -2.9543 -0.7500
v 1.1464 -2.9619 -0.7500
v 1.1464 -2.9619 0.7500
v 1.1613 -2.9543 0.7500
v 1.1240 -2.4986 -0.7500
v 1.1440 -2.4982 -0.7500
v 1.1440 -2.4982 0.7500
v 1.1240 -2.4986 0.7500
v 1.1753 -2.9454 -0.7500
v 1.1613 -2.9543 -0.7500
v 1.1613 -2.9543 0.7500
v 1.1753 -2.9454 0.7500
v 1.1440 -2.4982 -0.7500
v 1.1581 -2.4982 -0.7500
v 1.1581 -2.4982 0.7500
v 1.1440 -2.4982 0.7500
v 1.1882 -2.9358 -0.7500
v 1.1753 -2.9454 -0.7500
v 1.1753 -2.9454 0.7500
v 1.1882 -2.9358 0.7500
v 1.1581 -2.4982 -0.7500
v 1.1717 -2.4990 -0.7500
v 1.1717 -2.4990 0.7500
v 1.1581 -2.4982 0.7500
v 1.2006 -2.9246 -0.7500
v 1.1882 -2.9358 -0.7500
v 1.1882 -2.9358 0.7500
v 1.2006 -2.9246 0.7500
v 1.1717 -2.4990 -0.7500
v 1.1850 -2.5003 -0.7500
v 1.1850 -2.5003 0.7500
v 1.1717 -2.4990 0.7500
v 1.2122 -2.9125 -0.7500
v 1.2006 -2.9246 -0.7500
v 1.2006 -2.9246 0.7500
v 1.2122 -2.9125 0.7500
v 1.1850 -2.5003 -0.7500
v 1.1970 -2.5019 -0.7500
v 1.1970 -2.5019 0.7500
v 1.1850 -2.5003 0.7500
v 1.2231 -2.8989 -0.7500
v 1.2122 -2.9125 -0.7500
v 1.2122 -2.9125 0.7500
v 1.2231 -2.8989 0.7500
v 1.1970 -2.5019 -0.7500
v 1.2086 -2.5039 -0.7500
v 1.2086 -2.5039 0.7500
v 1.1970 -2.5019 0.7500
v 1.2331 -2.8841 -0.7500
v 1.2231 -2.8989 -0.7500
v 1.2231 -2.8989 0.7500
v 1.2331 -2.8841 0.7500
v 1.2086 -2.5039 -0.7500
v 1.2194 -2.5063 -0.7500
v 1.2194 -2.5063 0.7500
v 1.2086 -2.5039 0.7500
v 1.2427 -2.8680 -0.7500
v 1.2331 -2.8841 -0.7500
v 1.2331 -2.8841 0.7500
v 1.2427 -2.8680 0.7500
v 1.2194 -2.5063 -0.7500
v 1.2295 -2.5091 -0.7500
v 1.2295 -2.5091 0.7500
v 1.2194 -2.5063 0.7500
v 1.2515 -2.8504 -0.7500
v 1.2427 -2.8680 -0.7500
v 1.2427 -2.8680 0.7500
v 1.2515 -2.8504 0.7500
v 1.2295 -2.5091 -0.7500
v 1.2387 -2.5123 -0.7500
v 1.2387 -2.5123 0.7500
v 1.2295 -2.5091 0.7500
v 1.2596 -2.8315 -0.7500
v 1.2515 -2.8504 -0.7500
v 1.2515 -2.8504 0.7500
v 1.2596 -2.8315 0.7500
v 1.2387 -2.5123 -0.7500
v 1.2475 -2.5163 -0.7500
v 1.2475 -2.5163 0.7500
v 1.2387 -2.5123 0.7500
v 1.2672 -2.8115 -0.7500
v 1.2596 -2.8315 -0.7500
v 1.2596 -2.8315 0.7500
v 1.2672 -2.8115 0.7500
v 1.2475 -2.5163 -0.7500
v 1.2551 -2.5203 -0.7500
v 1.2551 -2.5203 0.7500
v 1.2475 -2.5163 0.7500
v 1.2740 -2.7902 -0.7500
v 1.2672 -2.8115 -0.7500
v 1.2672 -2.8115 0.7500
v 1.2740 -2.7902 0.7500
v 1.2551 -2.5203 -0.7500
v 1.2628 -2.5251 -0.7500
v 1.2628 -2.5251 0.7500
v 1.2551 -2.5203 0.7500
v 1.2804 -2.7674 -0.7500
v 1.2740 -2.7902 -0.7500
v 1.2740 -2.7902 0.7500
v 1.2804 -2.7674 0.7500
v 1.2628 -2.5251 -0.7500
v 1.2692 -2.5307 -0.7500
v 1.2692 -2.5307 0.7500
v 1.2628 -2.5251 0.7500
v 1.2860 -2.7433 -0.7500
v 1.2804 -2.7674 -0.7500
v 1.2804 -2.7674 0.7500
v 1.2860 -2.7433 0.7500
v 1.2692 -2.5307 -0.7500
v 1.2752 -2.5367 -0.7500
v 1.2752 -2.5367 0.7500
v 1.2692 -2.5307 0.7500
v 1.2896 -2.7252 -0.7500
v 1.2860 -2.7433 -0.7500
v 1.2860 -2.7433 0.7500
v 1.2896 -2.7252 0.7500
v 1.2752 -2.5367 -0.7500
v 1.2808 -2.5436 -0.7500
v 1.2808 -2.5436 0.7500
v 1.2752 -2.5367 0.7500
v 1.2928 -2.7076 -0.7500
v 1.2896 -2.7252 -0.7500
v 1.2896 -2.7252 0.7500
v 1.2928 -2.7076 0.7500
v 1.2808 -2.5436 -0.7500
v 1.2852 -2.5508 -0.7500
v 1.2852 -2.5508 0.7500
v 1.2808 -2.5436 0.7500
v 1.2956 -2.6912 -0.7500
v 1.2928 -2.7076 -0.7500
v 1.2928 -2.7076 0.7500
v 1.2956 -2.6912 0.7500
v 1.2852 -2.5508 -0.7500
v 1.2896 -2.5588 -0.7500
v 1.2896 -2.5588 0.7500
v 1.2852 -2.5508 0.7500
v 1.2977 -2.6751 -0.7500
v 1.2956 -2.6912 -0.7500
v 1.2956 -2.6912 0.7500
v 1.2977 -2.6751 0.7500
v 1.2896 -2.5588 -0.7500
v 1.2928 -2.5672 -0.7500
v 1.2928 -2.5672 0.7500
v 1.2896 -2.5588 0.7500
v 1.2928 -2.5672 -0.7500
v 1.2956 -2.5765 -0.7500
v 1.2956 -2.5765 0.7500
v 1.2928 -2.5672 0.7500
v 1.2993 -2.6599 -0.7500
v 1.2977 -2.6751 -0.7500
v 1.2977 -2.6751 0.7500
v 1.2993 -2.6599 0.7500
v 1.2956 -2.5765 -0.7500
v 1.2981 -2.5861 -0.7500
v 1.2981 -2.5861 0.7500
v 1.2956 -2.5765 0.7500
v 1.3005 -2.6458 -0.7500
v 1.2993 -2.6599 -0.7500
v 1.2993 -2.6599 0.7500
v 1.3005 -2.6458 0.7500
v 1.2981 -2.5861 -0.7500
v 1.2997 -2.5965 -0.7500
v 1.2997 -2.5965 0.7500
v 1.2981 -2.5861 0.7500
v 1.3009 -2.6322 -0.7500
v 1.3005 -2.6458 -0.7500
v 1.3005 -2.6458 0.7500
v 1.3009 -2.6322 0.7500
v 1.2997 -2.5965 -0.7500
v 1.3005 -2.6077 -0.7500
v 1.3005 -2.6077 0.7500
v 1.2997 -2.5965 0.7500
v 1.3009 -2.6194 -0.7500
v 1.3009 -2.6322 -0.7500
v 1.3009 -2.6322 0.7500
v 1.3009 -2.6194 0.7500
v 1.3005 -2.6077 -0.7500
v 1.3009 -2.6194 -0.7500
v 1.3009 -2.6194 0.7500
v 1.3005 -2.6077 0.7500
f 237 282 283
f 286 287 288
f 281 282 237
f 237 238 239
f 239 240 241
f 241 242 243
f 243 244 245
f 245 246 247
f 247 248 249
f 249 250 251
f 251 252 253
f 253 254 255
f 255 256 157
f 157 158 159
f 159 160 161
f 161 162 163
f 163 164 165
f 165 166 167
f 167 168 169
f 169 170 171
f 171 172 173
f 173 174 175
f 175 176 177
f 177 178 179
f 179 180 181
f 181 182 183
f 183 184 185
f 185 186 187
f 187 188 189
f 189 190 191
f 191 192 193
f 193 194 195
f 195 196 197
f 197 198 199
f 199 200 201
f 201 202 203
f 203 204 205
f 205 206 207
f 207 208 209
f 209 210 211
f 211 212 213
f 213 214 215
f 215 216 217
f 217 218 219
f 219 220 221
f 221 222 223
f 223 224 225
f 225 226 227
f 227 228 229
f 229 230 231
f 231 232 233
f 233 234 235
f 235 236 237
f 237 283 284
f 280 281 237
f 237 239 241
f 241 243 245
f 245 247 249
f 249 251 253
f 253 255 157
f 157 159 161
f 161 163 165
f 165 167 169
f 169 171 173
f 173 175 177
f 177 179 181
f 181 183 185
f 185 187 189
f 189 191 193
f 193 195 197
f 197 199 201
f 201 203 205
f 205 207 209
f 209 211 213
f 213 215 217
f 217 219 221
f 221 223 225
f 225 227 229
f 229 231 233
f 233 235 237
f 237 284 285
f 279 280 237
f 237 241 245
f 245 249 253
f 253 157 161
f 161 165 169
f 169 173 177
f 177 181 185
f 185 189 193
f 193 197 201
f 201 205 209
f 209 213 217
f 217 221 225
f 225 229 233
f 233 237 285
f 278 279 237
f 237 245 253
f 253 161 169
f 169 177 185
f 185 193 201
f 201 209 217
f 217 225 233
f 233 285 286
f 277 278 237
f 237 253 169
f 169 185 201
f 233 286 288
f 276 277 237
f 233 288 289
f 275 276 237
f 233 289 290
f 274 275 237
f 233 290 291
f 273 274 237
f 217 233 291
f 272 273 237
f 217 291 292
f 271 272 237
f 217 292 293
f 270 271 237
f 217 293 294
f 269 270 237
f 217 294 295
f 268 269 237
f 217 295 296
f 268 237 169
f 217 296 297
f 267 268 169
f 217 297 298
f 266 267 169
f 217 298 299
f 265 266 169
f 217 299 300
f 264 265 169
f 217 300 301
f 263 264 169
f 217 301 302
f 262 263 169
f 217 302 303
f 261 262 169
f 217 303 304
f 260 261 169
f 201 217 304
f 259 260 169
f 258 259 169
f 201 305 306
f 257 258 169
f 201 306 307
f 355 257 169
f 201 307 308
f 354 355 169
f 201 308 309
f 353 354 169
f 201 309 310
f 352 353 169
f 201 310 311
f 351 352 169
f 201 311 312
f 350 351 169
f 201 312 313
f 349 350 169
f 201 313 314
f 348 349 169
f 201 314 315
f 347 348 169
f 201 315 316
f 346 347 169
f 201 316 317
f 345 346 169
f 201 317 318
f 344 345 169
f 201 318 319
f 343 344 169
f 201 319 320
f 342 343 169
f 201 320 321
f 341 342 169
f 201 321 322
f 340 341 169
f 201 322 323
f 339 340 169
f 201 323 324
f 338 339 169
f 201 324 325
f 337 338 169
f 201 325 326
f 336 337 169
f 201 326 327
f 336 169 201
f 201 327 328
f 335 336 201
f 201 328 329
f 334 335 201
f 201 329 330
f 333 334 201
f 201 330 331
f 332 333 201
f 201 331 332
f 436 482 481
f 485 487 486
f 480 436 481
f 436 438 437
f 438 440 439
f 440 442 441
f 442 444 443
f 444 446 445
f 446 448 447
f 448 450 449
f 450 452 451
f 452 454 453
f 454 356 455
f 356 358 357
f 358 360 359
f 360 362 361
f 362 364 363
f 364 366 365
f 366 368 367
f 368 370 369
f 370 372 371
f 372 374 373
f 374 376 375
f 376 378 377
f 378 380 379
f 380 382 381
f 382 384 383
f 384 386 385
f 386 388 387
f 388 390 389
f 390 392 391
f 392 394 393
f 394 396 395
f 396 398 397
f 398 400 399
f 400 402 401
f 402 404 403
f 404 406 405
f 406 408 407
f 408 410 409
f 410 412 411
f 412 414 413
f 414 416 415
f 416 418 417
f 418 420 419
f 420 422 421
f 422 424 423
f 424 426 425
f 426 428 427
f 428 430 429
f 430 432 431
f 432 434 433
f 434 436 435
f 436 483 482
f 479 436 480
f 436 440 438
f 440 444 442
f 444 448 446
f 448 452 450
f 452 356 454
f 356 360 358
f 360 364 362
f 364 368 366
f 368 372 370
f 372 376 374
f 376 380 378
f 380 384 382
f 384 388 386
f 388 392 390
f 392 396 394
f 396 400 398
f 400 404 402
f 404 408 406
f 408 412 410
f 412 416 414
f 416 420 418
f 420 424 422
f 424 428 426
f 428 432 430
f 432 436 434
f 436 484 483
f 478 436 479
f 436 444 440
f 444 452 448
f 452 360 356
f 360 368 364
f 368 376 372
f 376 384 380
f 384 392 388
f 392 400 396
f 400 408 404
f 408 416 412
f 416 424 420
f 424 432 428
f 432 484 436
f 477 436 478
f 436 452 444
f 452 368 360
f 368 384 376
f 384 400 392
f 400 416 408
f 416 432 424
f 432 485 484
f 476 436 477
f 436 368 452
f 368 400 384
f 432 487 485
f 475 436 476
f 432 488 487
f 474 436 475
f 432 489 488
f 473 436 474
f 432 490 489
f 472 436 473
f 416 490 432
f 471 436 472
f 416 491 490
f 470 436 471
f 416 492 491
f 469 436 470
f 416 493 492
f 468 436 469
f 416 494 493
f 467 436 468
f 416 495 494
f 467 368 436
f 416 496 495
f 466 368 467
f 416 497 496
f 465 368 466
f 416 498 497
f 464 368 465
f 416 499 498
f 463 368 464
f 416 500 499
f 462 368 463
f 416 501 500
f 461 368 462
f 416 502 501
f 460 368 461
f 416 503 502
f 459 368 460
f 400 503 416
f 458 368 459
f 457 368 458
f 400 505 504
f 456 368 457
f 400 506 505
f 554 368 456
f 400 507 506
f 553 368 554
f 400 508 507
f 552 368 553
f 400 509 508
f 551 368 552
f 400 510 509
f 550 368 551
f 400 511 510
f 549 368 550
f 400 512 511
f 548 368 549
f 400 513 512
f 547 368 548
f 400 514 513
f 546 368 547
f 400 515 514
f 545 368 546
f 400 516 515
f 544 368 545
f 400 517 516
f 543 368 544
f 400 518 517
f 542 368 543
f 400 519 518
f 541 368 542
f 400 520 519
f 540 368 541
f 400 521 520
f 539 368 540
f 400 522 521
f 538 368 539
f 400 523 522
f 537 368 538
f 400 524 523
f 536 368 537
f 400 525 524
f 535 368 536
f 400 526 525
f 535 400 368
f 400 527 526
f 534 400 535
f 400 528 527
f 533 400 534
f 400 529 528
f 532 400 533
f 400 530 529
f 531 400 532
f 400 531 530
f 555 556 557
f 555 557 558
f 559 560 561
f 559 561 562
f 563 564 565
f 563 565 566
f 567 568 569
f 567 569 570
f 571 572 573
f 571 573 574
f 575 576 577
f 575 577 578
f 579 580 581
f 579 581 582
f 583 584 585
f 583 585 586
f 587 588 589
f 587 589 590
f 591 592 593
f 591 593 594
f 595 596 597
f 595 597 598
f 599 600 601
f 599 601 602
f 603 604 605
f 603 605 606
f 607 608 609
f 607 609 610
f 611 612 613
f 611 613 614
f 615 616 617
f 615 617 618
f 619 620 621
f 619 621 622
f 623 624 625
f 623 625 626
f 627 628 629
f 627 629 630
f 631 632 633
f 631 633 634
f 635 636 637
f 635 637 638
f 639 640 641
f 639 641 642
f 643 644 645
f 643 645 646
f 647 648 649
f 647 649 650
f 651 652 653
f 651 653 654
f 655 656 657
f 655 657 658
f 659 660 661
f 659 661 662
f 663 664 665
f 663 665 666
f 667 668 669
f 667 669 670
f 671 672 673
f 671 673 674
f 675 676 677
f 675 677 678
f 679 680 681
f 679 681 682
f 683 684 685
f 683 685 686
f 687 688 689
f 687 689 690
f 691 692 693
f 691 693 694
f 695 696 697
f 695 697 698
f 699 700 701
f 699 701 702
f 703 704 705
f 703 705 706
f 707 708 709
f 707 709 710
f 711 712 713
f 711 713 714
f 715 716 717
f 715 717 718
f 719 720 721
f 719 721 722
f 723 724 725
f 723 725 726
f 727 728 729
f 727 729 730
f 731 732 733
f 731 733 734
f 735 736 737
f 735 737 738
f 739 740 741
f 739 741 742
f 743 744 745
f 743 745 746
f 747 748 749
f 747 749 750
f 751 752 753
f 751 753 754
f 755 756 757
f 755 757 758
f 759 760 761
f 759 761 762
f 763 764 765
f 763 765 766
f 767 768 769
f 767 769 770
f 771 772 773
f 771 773 774
f 775 776 777
f 775 777 778
f 779 780 781
f 779 781 782
f 783 784 785
f 783 785 786
f 787 788 789
f 787 789 790
f 791 792 793
f 791 793 794
f 795 796 797
f 795 797 798
f 799 800 801
f 799 801 802
f 803 804 805
f 803 805 806
f 807 808 809
f 807 809 810
f 811 812 813
f 811 813 814
f 815 816 817
f 815 817 818
f 819 820 821
f 819 821 822
f 823 824 825
f 823 825 826
f 827 828 829
f 827 829 830
f 831 832 833
f 831 833 834
f 835 836 837
f 835 837 838
f 839 840 841
f 839 841 842
f 843 844 845
f 843 845 846
f 847 848 849
f 847 849 850
f 851 852 853
f 851 853 854
f 855 856 857
f 855 857 858
f 859 860 861
f 859 861 862
f 863 864 865
f 863 865 866
f 867 868 869
f 867 869 870
f 871 872 873
f 871 873 874
f 875 876 877
f 875 877 878
f 879 880 881
f 879 881 882
f 883 884 885
f 883 885 886
f 887 888 889
f 887 889 890
f 891 892 893
f 891 893 894
f 895 896 897
f 895 897 898
f 899 900 901
f 899 901 902
f 903 904 905
f 903 905 906
f 907 908 909
f 907 909 910
f 911 912 913
f 911 913 914
f 915 916 917
f 915 917 918
f 919 920 921
f 919 921 922
f 923 924 925
f 923 925 926
f 927 928 929
f 927 929 930
f 931 932 933
f 931 933 934
f 935 936 937
f 935 937 938
f 939 940 941
f 939 941 942
f 943 944 945
f 943 945 946
f 947 948 949
f 947 949 950
f 951 952 953
f 951 953 954
f 955 956 957
f 955 957 958
f 959 960 961
f 959 961 962
f 963 964 965
f 963 965 966
f 967 968 969
f 967 969 970
f 971 972 973
f 971 973 974
f 975 976 977
f 975 977 978
f 979 980 981
f 979 981 982
f 983 984 985
f 983 985 986
f 987 988 989
f 987 989 990
f 991 992 993
f 991 993 994
f 995 996 997
f 995 997 998
f 999 1000 1001
f 999 1001 1002
f 1003 1004 1005
f 1003 1005 1006
f 1007 1008 1009
f 1007 1009 1010
f 1011 1012 1013
f 1011 1013 1014
f 1015 1016 1017
f 1015 1017 1018
f 1019 1020 1021
f 1019 1021 1022
f 1023 1024 1025
f 1023 1025 1026
f 1027 1028 1029
f 1027 1029 1030
f 1031 1032 1033
f 1031 1033 1034
f 1035 1036 1037
f 1035 1037 1038
f 1039 1040 1041
f 1039 1041 1042
f 1043 1044 1045
f 1043 1045 1046
f 1047 1048 1049
f 1047 1049 1050
f 1051 1052 1053
f 1051 1053 1054
f 1055 1056 1057
f 1055 1057 1058
f 1059 1060 1061
f 1059 1061 1062
f 1063 1064 1065
f 1063 1065 1066
f 1067 1068 1069
f 1067 1069 1070
f 1071 1072 1073
f 1071 1073 1074
f 1075 1076 1077
f 1075 1077 1078
f 1079 1080 1081
f 1079 1081 1082
f 1083 1084 1085
f 1083 1085 1086
f 1087 1088 1089
f 1087 1089 1090
f 1091 1092 1093
f 1091 1093 1094
f 1095 1096 1097
f 1095 1097 1098
f 1099 1100 1101
f 1099 1101 1102
f 1103 1104 1105
f 1103 1105 1106
f 1107 1108 1109
f 1107 1109 1110
f 1111 1112 1113
f 1111 1113 1114
f 1115 1116 1117
f 1115 1117 1118
f 1119 1120 1121
f 1119 1121 1122
f 1123 1124 1125
f 1123 1125 1126
f 1127 1128 1129
f 1127 1129 1130
f 1131 1132 1133
f 1131 1133 1134
f 1135 1136 1137
f 1135 1137 1138
f 1139 1140 1141
f 1139 1141 1142
f 1143 1144 1145
f 1143 1145 1146
f 1147 1148 1149
f 1147 1149 1150
f 1151 1152 1153
f 1151 1153 1154
f 1155 1156 1157
f 1155 1157 1158
f 1159 1160 1161
f 1159 1161 1162
f 1163 1164 1165
f 1163 1165 1166
f 1167 1168 1169
f 1167 1169 1170
f 1171 1172 1173
f 1171 1173 1174
f 1175 1176 1177
f 1175 1177 1178
f 1179 1180 1181
f 1179 1181 1182
f 1183 1184 1185
f 1183 1185 1186
f 1187 1188 1189
f 1187 1189 1190
f 1191 1192 1193
f 1191 1193 1194
f 1195 1196 1197
f 1195 1197 1198
f 1199 1200 1201
f 1199 1201 1202
f 1203 1204 1205
f 1203 1205 1206
f 1207 1208 1209
f 1207 1209 1210
f 1211 1212 1213
f 1211 1213 1214
f 1215 1216 1217
f 1215 1217 1218
f 1219 1220 1221
f 1219 1221 1222
f 1223 1224 1225
f 1223 1225 1226
f 1227 1228 1229
f 1227 1229 1230
f 1231 1232 1233
f 1231 1233 1234
f 1235 1236 1237
f 1235 1237 1238
f 1239 1240 1241
f 1239 1241 1242
f 1243 1244 1245
f 1243 1245 1246
f 1247 1248 1249
f 1247 1249 1250
f 1251 1252 1253
f 1251 1253 1254
f 1255 1256 1257
f 1255 1257 1258
f 1259 1260 1261
f 1259 1261 1262
f 1263 1264 1265
f 1263 1265 1266
f 1267 1268 1269
f 1267 1269 1270
f 1271 1272 1273
f 1271 1273 1274
f 1275 1276 1277
f 1275 1277 1278
f 1279 1280 1281
f 1279 1281 1282
f 1283 1284 1285
f 1283 1285 1286
f 1287 1288 1289
f 1287 1289 1290
f 1291 1292 1293
f 1291 1293 1294
f 1295 1296 1297
f 1295 1297 1298
f 1299 1300 1301
f 1299 1301 1302
f 1303 1304 1305
f 1303 1305 1306
f 1307 1308 1309
f 1307 1309 1310
f 1311 1312 1313
f 1311 1313 1314
f 1315 1316 1317
f 1315 1317 1318
f 1319 1320 1321
f 1319 1321 1322
f 1323 1324 1325
f 1323 1325 1326
f 1327 1328 1329
f 1327 1329 1330
f 1331 1332 1333
f 1331 1333 1334
f 1335 1336 1337
f 1335 1337 1338
f 1339 1340 1341
f 1339 1341 1342
f 1343 1344 1345
f 1343 1345 1346
f 1347 1348 1349
f 1347 1349 1350
f 1351 1352 1353
f 1351 1353 1354
v -6.0270 -3.1420 0.7500
v -6.0066 -3.1460 0.7500
v -5.9853 -3.1492 0.7500
v -5.9633 -3.1516 0.7500
v -5.9408 -3.1528 0.7500
v -5.9171 -3.1532 0.7500
v -5.8770 -3.1524 0.7500
v -5.8389 -3.1492 0.7500
v -5.8024 -3.1444 0.7500
v -5.7675 -3.1371 0.7500
v -5.7343 -3.1283 0.7500
v -5.7026 -3.1175 0.7500
v -5.6729 -3.1043 0.7500
v -5.6448 -3.0894 0.7500
v -5.6187 -3.0726 0.7500
v -5.5939 -3.0537 0.7500
v -5.5710 -3.0325 0.7500
v -5.5494 -3.0092 0.7500
v -5.5293 -2.9839 0.7500
v -5.5105 -2.9563 0.7500
v -5.4936 -2.9262 0.7500
v -5.4780 -2.8941 0.7500
v -5.4635 -2.8596 0.7500
v -5.4511 -2.8231 0.7500
v -5.4399 -2.7846 0.7500
v -5.4302 -2.7433 0.7500
v -5.4246 -2.7152 0.7500
v -5.4202 -2.6875 0.7500
v -5.4170 -2.6615 0.7500
v -5.4150 -2.6362 0.7500
v -5.4146 -2.6121 0.7500
v -5.4150 -2.5889 0.7500
v -5.4166 -2.5668 0.7500
v -5.4198 -2.5456 0.7500
v -5.4242 -2.5259 0.7500
v -5.4294 -2.5067 0.7500
v -5.4363 -2.4890 0.7500
v -5.4439 -2.4718 0.7500
v -5.4523 -2.4557 0.7500
v -5.4619 -2.4409 0.7500
v -5.4724 -2.4265 0.7500
v -5.4840 -2.4136 0.7500
v -5.4968 -2.4012 0.7500
v -5.5101 -2.3900 0.7500
v -5.5249 -2.3795 0.7500
v -5.5405 -2.3703 0.7500
v -5.5570 -2.3619 0.7500
v -5.5742 -2.3547 0.7500
v -5.5923 -2.3478 0.7500
v -5.6111 -2.3422 0.7500
v -5.6304 -2.3374 0.7500
v -5.6508 -2.3334 0.7500
v -5.6721 -2.3302 0.7500
v -5.6941 -2.3278 0.7500
v -5.7166 -2.3266 0.7500
v -5.7403 -2.3262 0.7500
v -5.7804 -2.3270 0.7500
v -5.8189 -2.3302 0.7500
v -5.8558 -2.3350 0.7500
v -5.8907 -2.3418 0.7500
v -5.9240 -2.3507 0.7500
v -5.9556 -2.3611 0.7500
v -5.9853 -2.3739 0.7500
v -6.0134 -2.3884 0.7500
v -6.0395 -2.4048 0.7500
v -6.0643 -2.4232 0.7500
v -6.0872 -2.4441 0.7500
v -6.1084 -2.4674 0.7500
v -6.1289 -2.4930 0.7500
v -6.1474 -2.5211 0.7500
v -6.1646 -2.5520 0.7500
v -6.1806 -2.5853 0.7500
v -6.1951 -2.6210 0.7500
v -6.2079 -2.6595 0.7500
v -6.2195 -2.7000 0.7500
v -6.2300 -2.7433 0.7500
v -6.2352 -2.7706 0.7500
v -6.2392 -2.7970 0.7500
v -6.2424 -2.8223 0.7500
v -6.2440 -2.8464 0.7500
v -6.2444 -2.8700 0.7500
v -6.2436 -2.8925 0.7500
v -6.2416 -2.9138 0.7500
v -6.2384 -2.9342 0.7500
v -6.2340 -2.9539 0.7500
v -6.2284 -2.9727 0.7500
v -6.2220 -2.9904 0.7500
v -6.2139 -3.0072 0.7500
v -6.2055 -3.0228 0.7500
v -6.1959 -3.0381 0.7500
v -6.1851 -3.0521 0.7500
v -6.1734 -3.0650 0.7500
v -6.1610 -3.0774 0.7500
v -6.1474 -3.0886 0.7500
v -6.1325 -3.0990 0.7500
v -6.1169 -3.1083 0.7500
v -6.1004 -3.1171 0.7500
v -6.0832 -3.1247 0.7500
v -6.0655 -3.1311 0.7500
v -6.0467 -3.1371 0.7500
v -5.8068 -2.9735 0.7500
v -5.8241 -2.9775 0.7500
v -5.8425 -2.9803 0.7500
v -5.8614 -2.9819 0.7500
v -5.8810 -2.9827 0.7500
v -5.8955 -2.9823 0.7500
v -5.9095 -2.9815 0.7500
v -5.9224 -2.9803 0.7500
v -5.9348 -2.9787 0.7500
v -5.9464 -2.9767 0.7500
v -5.9572 -2.9739 0.7500
v -5.9673 -2.9711 0.7500
v -5.9765 -2.9675 0.7500
v -5.9853 -2.9635 0.7500
v -5.9929 -2.9591 0.7500
v -6.0002 -2.9539 0.7500
v -6.0070 -2.9482 0.7500
v -6.0126 -2.9422 0.7500
v -6.0182 -2.9354 0.7500
v -6.0226 -2.9278 0.7500
v -6.0266 -2.9202 0.7500
v -6.0302 -2.9113 0.7500
v -6.0330 -2.9025 0.7500
v -6.0351 -2.8925 0.7500
v -6.0367 -2.8825 0.7500
v -6.0379 -2.8712 0.7500
v -6.0383 -2.8600 0.7500
v -6.0383 -2.8476 0.7500
v -6.0379 -2.8347 0.7500
v -6.0371 -2.8211 0.7500
v -6.0359 -2.8071 0.7500
v -6.0339 -2.7922 0.7500
v -6.0314 -2.7766 0.7500
v -6.0286 -2.7601 0.7500
v -6.0254 -2.7433 0.7500
v -6.0194 -2.7172 0.7500
v -6.0130 -2.6928 0.7500
v -6.0058 -2.6699 0.7500
v -5.9978 -2.6486 0.7500
v -5.9893 -2.6286 0.7500
v -5.9805 -2.6105 0.7500
v -5.9709 -2.5937 0.7500
v -5.9605 -2.5789 0.7500
v -5.9496 -2.5652 0.7500
v -5.9384 -2.5536 0.7500
v -5.9264 -2.5432 0.7500
v -5.9131 -2.5335 0.7500
v -5.8991 -2.5251 0.7500
v -5.8847 -2.5179 0.7500
v -5.8690 -2.5119 0.7500
v -5.8526 -2.5071 0.7500
v -5.8349 -2.5031 0.7500
v -5.8169 -2.5003 0.7500
v -5.7976 -2.4986 0.7500
v -5.7776 -2.4982 0.7500
v -5.7631 -2.4982 0.7500
v -5.7495 -2.4990 0.7500
v -5.7367 -2.5003 0.7500
v -5.7246 -2.5019 0.7500
v -5.7130 -2.5039 0.7500
v -5.7022 -2.5063 0.7500
v -5.6921 -2.5091 0.7500
v -5.6829 -2.5123 0.7500
v -5.6741 -2.5163 0.7500
v -5.6661 -2.5203 0.7500
v -5.6589 -2.5251 0.7500
v -5.6524 -2.5307 0.7500
v -5.6464 -2.5367 0.7500
v -5.6408 -2.5436 0.7500
v -5.6360 -2.5508 0.7500
v -5.6320 -2.5588 0.7500
v -5.6284 -2.5672 0.7500
v -5.6256 -2.5765 0.7500
v -5.6236 -2.5861 0.7500
v -5.6220 -2.5965 0.7500
v -5.6212 -2.6077 0.7500
v -5.6204 -2.6194 0.7500
v -5.6208 -2.6322 0.7500
v -5.6212 -2.6458 0.7500
v -5.6224 -2.6599 0.7500
v -5.6240 -2.6751 0.7500
v -5.6260 -2.6912 0.7500
v -5.6288 -2.7076 0.7500
v -5.6320 -2.7252 0.7500
v -5.6356 -2.7433 0.7500
v -5.6412 -2.7674 0.7500
v -5.6476 -2.7902 0.7500
v -5.6544 -2.8115 0.7500
v -5.6621 -2.8315 0.7500
v -5.6701 -2.8504 0.7500
v -5.6789 -2.8680 0.7500
v -5.6885 -2.8841 0.7500
v -5.6986 -2.8989 0.7500
v -5.7094 -2.9125 0.7500
v -5.7210 -2.9246 0.7500
v -5.7330 -2.9358 0.7500
v -5.7463 -2.9454 0.7500
v -5.7603 -2.9543 0.7500
v -5.7752 -2.9619 0.7500
v -5.7904 -2.9683 0.7500
v -6.0270 -3.1420 -0.7500
v -6.0066 -3.1460 -0.7500
v -5.9853 -3.1492 -0.7500
v -5.9633 -3.1516 -0.7500
v -5.9408 -3.1528 -0.7500
v -5.9171 -3.1532 -0.7500
v -5.8770 -3.1524 -0.7500
v -5.8389 -3.1492 -0.7500
v -5.8024 -3.1444 -0.7500
v -5.7675 -3.1371 -0.7500
v -5.7343 -3.1283 -0.7500
v -5.7026 -3.1175 -0.7500
v -5.6729 -3.1043 -0.7500
v -5.6448 -3.0894 -0.7500
v -5.6187 -3.0726 -0.7500
v -5.5939 -3.0537 -0.7500
v -5.5710 -3.0325 -0.7500
v -5.5494 -3.0092 -0.7500
v -5.5293 -2.9839 -0.7500
v -5.5105 -2.9563 -0.7500
v -5.4936 -2.9262 -0.7500
v -5.4780 -2.8941 -0.7500
v -5.4635 -2.8596 -0.7500
v -5.4511 -2.8231 -0.7500
v -5.4399 -2.7846 -0.7500
v -5.4302 -2.7433 -0.7500
v -5.4246 -2.7152 -0.7500
v -5.4202 -2.6875 -0.7500
v -5.4170 -2.6615 -0.7500
v -5.4150 -2.6362 -0.7500
v -5.4146 -2.6121 -0.7500
v -5.4150 -2.5889 -0.7500
v -5.4166 -2.5668 -0.7500
v -5.4198 -2.5456 -0.7500
v -5.4242 -2.5259 -0.7500
v -5.4294 -2.5067 -0.7500
v -5.4363 -2.4890 -0.7500
v -5.4439 -2.4718 -0.7500
v -5.4523 -2.4557 -0.7500
v -5.4619 -2.4409 -0.7500
v -5.4724 -2.4265 -0.7500
v -5.4840 -2.4136 -0.7500
v -5.4968 -2.4012 -0.7500
v -5.5101 -2.3900 -0.7500
v -5.5249 -2.3795 -0.7500
v -5.5405 -2.3703 -0.7500
v -5.5570 -2.3619 -0.7500
v -5.5742 -2.3547 -0.7500
v -5.5923 -2.3478 -0.7500
v -5.6111 -2.3422 -0.7500
v -5.6304 -2.3374 -0.7500
v -5.6508 -2.3334 -0.7500
v -5.6721 -2.3302 -0.7500
v -5.6941 -2.3278 -0.7500
v -5.7166 -2.3266 -0.7500
v -5.7403 -2.3262 -0.7500
v -5.7804 -2.3270 -0.7500
v -5.8189 -2.3302 -0.7500
v -5.8558 -2.3350 -0.7500
v -5.8907 -2.3418 -0.7500
v -5.9240 -2.3507 -0.7500
v -5.9556 -2.3611 -0.7500
v -5.9853 -2.3739 -0.7500
v -6.0134 -2.3884 -0.7500
v -6.0395 -2.4048 -0.7500
v -6.0643 -2.4232 -0.7500
v -6.0872 -2.4441 -0.7500
v -6.1084 -2.4674 -0.7500
v -6.1289 -2.4930 -0.7500
v -6.1474 -2.5211 -0.7500
v -6.1646 -2.5520 -0.7500
v -6.1806 -2.5853 -0.7500
v -6.1951 -2.6210 -0.7500
v -6.2079 -2.6595 -0.7500
v -6.2195 -2.7000 -0.7500
v -6.2300 -2.7433 -0.7500
v -6.2352 -2.7706 -0.7500
v -6.2392 -2.7970 -0.7500
v -6.2424 -2.8223 -0.7500
v -6.2440 -2.8464 -0.7500
v -6.2444 -2.8700 -0.7500
v -6.2436 -2.8925 -0.7500
v -6.2416 -2.9138 -0.7500
v -6.2384 -2.9342 -0.7500
v -6.2340 -2.9539 -0.7500
v -6.2284 -2.9727 -0.7500
v -6.2220 -2.9904 -0.7500
v -6.2139 -3.0072 -0.7500
v -6.2055 -3.0228 -0.7500
v -6.1959 -3.0381 -0.7500
v -6.1851 -3.0521 -0.7500
v -6.1734 -3.0650 -0.7500
v -6.1610 -3.0774 -0.7500
v -6.1474 -3.0886 -0.7500
v -6.1325 -3.0990 -0.7500
v -6.1169 -3.1083 -0.7500
v -6.1004 -3.1171 -0.7500
v -6.0832 -3.1247 -0.7500
v -6.0655 -3.1311 -0.7500
v -6.0467 -3.1371 -0.7500
v -5.8068 -2.9735 -0.7500
v -5.8241 -2.9775 -0.7500
v -5.8425 -2.9803 -0.7500
v -5.8614 -2.9819 -0.7500
v -5.8810 -2.9827 -0.7500
v -5.8955 -2.9823 -0.7500
v -5.9095 -2.9815 -0.7500
v -5.9224 -2.9803 -0.7500
v -5.9348 -2.9787 -0.7500
v -5.9464 -2.9767 -0.7500
v -5.9572 -2.9739 -0.7500
v -5.9673 -2.9711 -0.7500
v -5.9765 -2.9675 -0.7500
v -5.9853 -2.9635 -0.7500
v -5.9929 -2.9591 -0.7500
v -6.0002 -2.9539 -0.7500
v -6.0070 -2.9482 -0.7500
v -6.0126 -2.9422 -0.7500
v -6.0182 -2.9354 -0.7500
v -6.0226 -2.9278 -0.7500
v -6.0266 -2.9202 -0.7500
v -6.0302 -2.9113 -0.7500
v -6.0330 -2.9025 -0.7500
v -6.0351 -2.8925 -0.7500
v -6.0367 -2.8825 -0.7500
v -6.0379 -2.8712 -0.7500
v -6.0383 -2.8600 -0.7500
v -6.0383 -2.8476 -0.7500
v -6.0379 -2.8347 -0.7500
v -6.0371 -2.8211 -0.7500
v -6.0359 -2.8071 -0.7500
v -6.0339 -2.7922 -0.7500
v -6.0314 -2.7766 -0.7500
v -6.0286 -2.7601 -0.7500
v -6.0254 -2.7433 -0.7500
v -6.0194 -2.7172 -0.7500
v -6.0130 -2.6928 -0.7500
v -6.0058 -2.6699 -0.7500
v -5.9978 -2.6486 -0.7500
v -5.9893 -2.6286 -0.7500
v -5.9805 -2.6105 -0.7500
v -5.9709 -2.5937 -0.7500
v -5.9605 -2.5789 -0.7500
v -5.9496 -2.5652 -0.7500
v -5.9384 -2.5536 -0.7500
v -5.9264 -2.5432 -0.7500
v -5.9131 -2.5335 -0.7500
v -5.8991 -2.5251 -0.7500
v -5.8847 -2.5179 -0.7500
v -5.8690 -2.5119 -0.7500
v -5.8526 -2.5071 -0.7500
v -5.8349 -2.5031 -0.7500
v -5.8169 -2.5003 -0.7500
v -5.7976 -2.4986 -0.7500
v -5.7776 -2.4982 -0.7500
v -5.7631 -2.4982 -0.7500
v -5.7495 -2.4990 -0.7500
v -5.7367 -2.5003 -0.7500
v -5.7246 -2.5019 -0.7500
v -5.7130 -2.5039 -0.7500
v -5.7022 -2.5063 -0.7500
v -5.6921 -2.5091 -0.7500
v -5.6829 -2.5123 -0.7500
v -5.6741 -2.5163 -0.7500
v -5.6661 -2.5203 -0.7500
v -5.6589 -2.5251 -0.7500
v -5.6524 -2.5307 -0.7500
v -5.6464 -2.5367 -0.7500
v -5.6408 -2.5436 -0.7500
v -5.6360 -2.5508 -0.7500
v -5.6320 -2.5588 -0.7500
v -5.6284 -2.5672 -0.7500
v -5.6256 -2.5765 -0.7500
v -5.6236 -2.5861 -0.7500
v -5.6220 -2.5965 -0.7500
v -5.6212 -2.6077 -0.7500
v -5.6204 -2.6194 -0.7500
v -5.6208 -2.6322 -0.7500
v -5.6212 -2.6458 -0.7500
v -5.6224 -2.6599 -0.7500
v -5.6240 -2.6751 -0.7500
v -5.6260 -2.6912 -0.7500
v -5.6288 -2.7076 -0.7500
v -5.6320 -2.7252 -0.7500
v -5.6356 -2.7433 -0.7500
v -5.6412 -2.7674 -0.7500
v -5.6476 -2.7902 -0.7500
v -5.6544 -2.8115 -0.7500
v -5.6621 -2.8315 -0.7500
v -5.6701 -2.8504 -0.7500
v -5.6789 -2.8680 -0.7500
v -5.6885 -2.8841 -0.7500
v -5.6986 -2.8989 -0.7500
v -5.7094 -2.9125 -0.7500
v -5.7210 -2.9246 -0.7500
v -5.7330 -2.9358 -0.7500
v -5.7463 -2.9454 -0.7500
v -5.7603 -2.9543 -0.7500
v -5.7752 -2.9619 -0.7500
v -5.7904 -2.9683 -0.7500
v -6.0383 -2.8600 -0.7500
v -6.0383 -2.8476 -0.7500
v -6.0383 -2.8476 0.7500
v -6.0383 -2.8600 0.7500
v -5.6204 -2.6194 -0.7500
v -5.6208 -2.6322 -0.7500
v -5.6208 -2.6322 0.7500
v -5.6204 -2.6194 0.7500
v -5.6208 -2.6322 -0.7500
v -5.6212 -2.6458 -0.7500
v -5.6212 -2.6458 0.7500
v -5.6208 -2.6322 0.7500
v -6.0379 -2.8712 -0.7500
v -6.0383 -2.8600 -0.7500
v -6.0383 -2.8600 0.7500
v -6.0379 -2.8712 0.7500
v -6.2444 -2.8700 -0.7500
v -6.2436 -2.8925 -0.7500
v -6.2436 -2.8925 0.7500
v -6.2444 -2.8700 0.7500
v -6.2436 -2.8925 -0.7500
v -6.2416 -2.9138 -0.7500
v -6.2416 -2.9138 0.7500
v -6.2436 -2.8925 0.7500
v -6.2416 -2.9138 -0.7500
v -6.2384 -2.9342 -0.7500
v -6.2384 -2.9342 0.7500
v -6.2416 -2.9138 0.7500
v -6.2384 -2.9342 -0.7500
v -6.2340 -2.9539 -0.7500
v -6.2340 -2.9539 0.7500
v -6.2384 -2.9342 0.7500
v -6.2340 -2.9539 -0.7500
v -6.2284 -2.9727 -0.7500
v -6.2284 -2.9727 0.7500
v -6.2340 -2.9539 0.7500
v -6.2284 -2.9727 -0.7500
v -6.2220 -2.9904 -0.7500
v -6.2220 -2.9904 0.7500
v -6.2284 -2.9727 0.7500
v -6.2220 -2.9904 -0.7500
v -6.2139 -3.0072 -0.7500
v -6.2139 -3.0072 0.7500
v -6.2220 -2.9904 0.7500
v -6.2139 -3.0072 -0.7500
v -6.2055 -3.0228 -0.7500
v -6.2055 -3.0228 0.7500
v -6.2139 -3.0072 0.7500
v -6.2055 -3.0228 -0.7500
v -6.1959 -3.0381 -0.7500
v -6.1959 -3.0381 0.7500
v -6.2055 -3.0228 0.7500
v -6.1959 -3.0381 -0.7500
v -6.1851 -3.0521 -0.7500
v -6.1851 -3.0521 0.7500
v -6.1959 -3.0381 0.7500
v -6.1851 -3.0521 -0.7500
v -6.1734 -3.0650 -0.7500
v -6.1734 -3.0650 0.7500
v -6.1851 -3.0521 0.7500
v -6.1734 -3.0650 -0.7500
v -6.1610 -3.0774 -0.7500
v -6.1610 -3.0774 0.7500
v -6.1734 -3.0650 0.7500
v -6.1610 -3.0774 -0.7500
v -6.1474 -3.0886 -0.7500
v -6.1474 -3.0886 0.7500
v -6.1610 -3.0774 0.7500
v -6.1474 -3.0886 -0.7500
v -6.1325 -3.0990 -0.7500
v -6.1325 -3.0990 0.7500
v -6.1474 -3.0886 0.7500
v -6.1325 -3.0990 -0.7500
v -6.1169 -3.1083 -0.7500
v -6.1169 -3.1083 0.7500
v -6.1325 -3.0990 0.7500
v -6.1169 -3.1083 -0.7500
v -6.1004 -3.1171 -0.7500
v -6.1004 -3.1171 0.7500
v -6.1169 -3.1083 0.7500
v -6.1004 -3.1171 -0.7500
v -6.0832 -3.1247 -0.7500
v -6.0832 -3.1247 0.7500
v -6.1004 -3.1171 0.7500
v -6.0832 -3.1247 -0.7500
v -6.0655 -3.1311 -0.7500
v -6.0655 -3.1311 0.7500
v -6.0832 -3.1247 0.7500
v -6.0655 -3.1311 -0.7500
v -6.0467 -3.1371 -0.7500
v -6.0467 -3.1371 0.7500
v -6.0655 -3.1311 0.7500
v -6.0467 -3.1371 -0.7500
v -6.0270 -3.1420 -0.7500
v -6.0270 -3.1420 0.7500
v -6.0467 -3.1371 0.7500
v -6.0270 -3.1420 -0.7500
v -6.0066 -3.1460 -0.7500
v -6.0066 -3.1460 0.7500
v -6.0270 -3.1420 0.7500
v -6.0066 -3.1460 -0.7500
v -5.9853 -3.1492 -0.7500
v -5.9853 -3.1492 0.7500
v -6.0066 -3.1460 0.7500
v -5.9853 -3.1492 -0.7500
v -5.9633 -3.1516 -0.7500
v -5.9633 -3.1516 0.7500
v -5.9853 -3.1492 0.7500
v -5.9633 -3.1516 -0.7500
v -5.9408 -3.1528 -0.7500
v -5.9408 -3.1528 0.7500
v -5.9633 -3.1516 0.7500
v -5.9408 -3.1528 -0.7500
v -5.9171 -3.1532 -0.7500
v -5.9171 -3.1532 0.7500
v -5.9408 -3.1528 0.7500
v -5.9171 -3.1532 -0.7500
v -5.8770 -3.1524 -0.7500
v -5.8770 -3.1524 0.7500
v -5.9171 -3.1532 0.7500
v -5.8770 -3.1524 -0.7500
v -5.8389 -3.1492 -0.7500
v -5.8389 -3.1492 0.7500
v -5.8770 -3.1524 0.7500
v -5.8389 -3.1492 -0.7500
v -5.8024 -3.1444 -0.7500
v -5.8024 -3.1444 0.7500
v -5.8389 -3.1492 0.7500
v -5.8024 -3.1444 -0.7500
v -5.7675 -3.1371 -0.7500
v -5.7675 -3.1371 0.7500
v -5.8024 -3.1444 0.7500
v -5.7675 -3.1371 -0.7500
v -5.7343 -3.1283 -0.7500
v -5.7343 -3.1283 0.7500
v -5.7675 -3.1371 0.7500
v -5.7343 -3.1283 -0.7500
v -5.7026 -3.1175 -0.7500
v -5.7026 -3.1175 0.7500
v -5.7343 -3.1283 0.7500
v -5.7026 -3.1175 -0.7500
v -5.6729 -3.1043 -0.7500
v -5.6729 -3.1043 0.7500
v -5.7026 -3.1175 0.7500
v -5.6729 -3.1043 -0.7500
v -5.6448 -3.0894 -0.7500
v -5.6448 -3.0894 0.7500
v -5.6729 -3.1043 0.7500
v -5.6448 -3.0894 -0.7500
v -5.6187 -3.0726 -0.7500
v -5.6187 -3.0726 0.7500
v -5.6448 -3.0894 0.7500
v -5.6187 -3.0726 -0.7500
v -5.5939 -3.0537 -0.7500
v -5.5939 -3.0537 0.7500
v -5.6187 -3.0726 0.7500
v -5.5939 -3.0537 -0.7500
v -5.5710 -3.0325 -0.7500
v -5.5710 -3.0325 0.7500
v -5.5939 -3.0537 0.7500
v -5.5710 -3.0325 -0.7500
v -5.5494 -3.0092 -0.7500
v -5.5494 -3.0092 0.7500
v -5.5710 -3.0325 0.7500
v -5.5494 -3.0092 -0.7500
v -5.5293 -2.9839 -0.7500
v -5.5293 -2.9839 0.7500
v -5.5494 -3.0092 0.7500
v -5.5293 -2.9839 -0.7500
v -5.5105 -2.9563 -0.7500
v -5.5105 -2.9563 0.7500
v -5.5293 -2.9839 0.7500
v -5.5105 -2.9563 -0.7500
v -5.4936 -2.9262 -0.7500
v -5.4936 -2.9262 0.7500
v -5.5105 -2.9563 0.7500
v -5.4936 -2.9262 -0.7500
v -5.4780 -2.8941 -0.7500
v -5.4780 -2.8941 0.7500
v -5.4936 -2.9262 0.7500
v -5.4780 -2.8941 -0.7500
v -5.4635 -2.8596 -0.7500
v -5.4635 -2.8596 0.7500
v -5.4780 -2.8941 0.7500
v -5.4635 -2.8596 -0.7500
v -5.4511 -2.8231 -0.7500
v -5.4511 -2.8231 0.7500
v -5.4635 -2.8596 0.7500
v -5.4511 -2.8231 -0.7500
v -5.4399 -2.7846 -0.7500
v -5.4399 -2.7846 0.7500
v -5.4511 -2.8231 0.7500
v -5.4399 -2.7846 -0.7500
v -5.4302 -2.7433 -0.7500
v -5.4302 -2.7433 0.7500
v -5.4399 -2.7846 0.7500
v -5.4302 -2.7433 -0.7500
v -5.4246 -2.7152 -0.7500
v -5.4246 -2.7152 0.7500
v -5.4302 -2.7433 0.7500
v -5.4246 -2.7152 -0.7500
v -5.4202 -2.6875 -0.7500
v -5.4202 -2.6875 0.7500
v -5.4246 -2.7152 0.7500
v -5.4202 -2.6875 -0.7500
v -5.4170 -2.6615 -0.7500
v -5.4170 -2.6615 0.7500
v -5.4202 -2.6875 0.7500
v -5.4170 -2.6615 -0.7500
v -5.4150 -2.6362 -0.7500
v -5.4150 -2.6362 0.7500
v -5.4170 -2.6615 0.7500
v -5.4150 -2.6362 -0.7500
v -5.4146 -2.6121 -0.7500
v -5.4146 -2.6121 0.7500
v -5.4150 -2.6362 0.7500
v -5.4146 -2.6121 -0.7500
v -5.4150 -2.5889 -0.7500
v -5.4150 -2.5889 0.7500
v -5.4146 -2.6121 0.7500
v -5.4150 -2.5889 -0.7500
v -5.4166 -2.5668 -0.7500
v -5.4166 -2.5668 0.7500
v -5.4150 -2.5889 0.7500
v -5.4166 -2.5668 -0.7500
v -5.4198 -2.5456 -0.7500
v -5.4198 -2.5456 0.7500
v -5.4166 -2.5668 0.7500
v -5.4198 -2.5456 -0.7500
v -5.4242 -2.5259 -0.7500
v -5.4242 -2.5259 0.7500
v -5.4198 -2.5456 0.7500
v -5.4242 -2.5259 -0.7500
v -5.4294 -2.5067 -0.7500
v -5.4294 -2.5067 0.7500
v -5.4242 -2.5259 0.7500
v -5.4294 -2.5067 -0.7500
v -5.4363 -2.4890 -0.7500
v -5.4363 -2.4890 0.7500
v -5.4294 -2.5067 0.7500
v -5.4363 -2.4890 -0.7500
v -5.4439 -2.4718 -0.7500
v -5.4439 -2.4718 0.7500
v -5.4363 -2.4890 0.7500
v -5.4439 -2.4718 -0.7500
v -5.4523 -2.4557 -0.7500
v -5.4523 -2.4557 0.7500
v -5.4439 -2.4718 0.7500
v -5.4523 -2.4557 -0.7500
v -5.4619 -2.4409 -0.7500
v -5.4619 -2.4409 0.7500
v -5.4523 -2.4557 0.7500
v -5.4619 -2.4409 -0.7500
v -5.4724 -2.4265 -0.7500
v -5.4724 -2.4265 0.7500
v -5.4619 -2.4409 0.7500
v -5.4724 -2.4265 -0.7500
v -5.4840 -2.4136 -0.7500
v -5.4840 -2.4136 0.7500
v -5.4724 -2.4265 0.7500
v -5.4840 -2.4136 -0.7500
v -5.4968 -2.4012 -0.7500
v -5.4968 -2.4012 0.7500
v -5.4840 -2.4136 0.7500
v -5.4968 -2.4012 -0.7500
v -5.5101 -2.3900 -0.7500
v -5.5101 -2.3900 0.7500
v -5.4968 -2.4012 0.7500
v -5.5101 -2.3900 -0.7500
v -5.5249 -2.3795 -0.7500
v -5.5249 -2.3795 0.7500
v -5.5101 -2.3900 0.7500
v -5.5249 -2.3795 -0.7500
v -5.5405 -2.3703 -0.7500
v -5.5405 -2.3703 0.7500
v -5.5249 -2.3795 0.7500
v -5.5405 -2.3703 -0.7500
v -5.5570 -2.3619 -0.7500
v -5.5570 -2.3619 0.7500
v -5.5405 -2.3703 0.7500
v -5.5570 -2.3619 -0.7500
v -5.5742 -2.3547 -0.7500
v -5.5742 -2.3547 0.7500
v -5.5570 -2.3619 0.7500
v -5.5742 -2.3547 -0.7500
v -5.5923 -2.3478 -0.7500
v -5.5923 -2.3478 0.7500
v -5.5742 -2.3547 0.7500
v -5.5923 -2.3478 -0.7500
v -5.6111 -2.3422 -0.7500
v -5.6111 -2.3422 0.7500
v -5.5923 -2.3478 0.7500
v -5.6111 -2.3422 -0.7500
v -5.6304 -2.3374 -0.7500
v -5.6304 -2.3374 0.7500
v -5.6111 -2.3422 0.7500
v -5.6304 -2.3374 -0.7500
v -5.6508 -2.3334 -0.7500
v -5.6508 -2.3334 0.7500
v -5.6304 -2.3374 0.7500
v -5.6508 -2.3334 -0.7500
v -5.6721 -2.3302 -0.7500
v -5.6721 -2.3302 0.7500
v -5.6508 -2.3334 0.7500
v -5.6721 -2.3302 -0.7500
v -5.6941 -2.3278 -0.7500
v -5.6941 -2.3278 0.7500
v -5.6721 -2.3302 0.7500
v -5.6941 -2.3278 -0.7500
v -5.7166 -2.3266 -0.7500
v -5.7166 -2.3266 0.7500
v -5.6941 -2.3278 0.7500
v -5.7166 -2.3266 -0.7500
v -5.7403 -2.3262 -0.7500
v -5.7403 -2.3262 0.7500
v -5.7166 -2.3266 0.7500
v -5.7403 -2.3262 -0.7500
v -5.7804 -2.3270 -0.7500
v -5.7804 -2.3270 0.7500
v -5.7403 -2.3262 0.7500
v -5.7804 -2.3270 -0.7500
v -5.8189 -2.3302 -0.7500
v -5.8189 -2.3302 0.7500
v -5.7804 -2.3270 0.7500
v -5.8189 -2.3302 -0.7500
v -5.8558 -2.3350 -0.7500
v -5.8558 -2.3350 0.7500
v -5.8189 -2.3302 0.7500
v -5.8558 -2.3350 -0.7500
v -5.8907 -2.3418 -0.7500
v -5.8907 -2.3418 0.7500
v -5.8558 -2.3350 0.7500
v -5.8907 -2.3418 -0.7500
v -5.9240 -2.3507 -0.7500
v -5.9240 -2.3507 0.7500
v -5.8907 -2.3418 0.7500
v -5.9240 -2.3507 -0.7500
v -5.9556 -2.3611 -0.7500
v -5.9556 -2.3611 0.7500
v -5.9240 -2.3507 0.7500
v -5.9556 -2.3611 -0.7500
v -5.9853 -2.3739 -0.7500
v -5.9853 -2.3739 0.7500
v -5.9556 -2.3611 0.7500
v -5.9853 -2.3739 -0.7500
v -6.0134 -2.3884 -0.7500
v -6.0134 -2.3884 0.7500
v -5.9853 -2.3739 0.7500
v -6.0134 -2.3884 -0.7500
v -6.0395 -2.4048 -0.7500
v -6.0395 -2.4048 0.7500
v -6.0134 -2.3884 0.7500
v -6.0395 -2.4048 -0.7500
v -6.0643 -2.4232 -0.7500
v -6.0643 -2.4232 0.7500
v -6.0395 -2.4048 0.7500
v -6.0643 -2.4232 -0.7500
v -6.0872 -2.4441 -0.7500
v -6.0872 -2.4441 0.7500
v -6.0643 -2.4232 0.7500
v -6.0872 -2.4441 -0.7500
v -6.1084 -2.4674 -0.7500
v -6.1084 -2.4674 0.7500
v -6.0872 -2.4441 0.7500
v -6.1084 -2.4674 -0.7500
v -6.1289 -2.4930 -0.7500
v -6.1289 -2.4930 0.7500
v -6.1084 -2.4674 0.7500
v -6.1289 -2.4930 -0.7500
v -6.1474 -2.5211 -0.7500
v -6.1474 -2.5211 0.7500
v -6.1289 -2.4930 0.7500
v -6.1474 -2.5211 -0.7500
v -6.1646 -2.5520 -0.7500
v -6.1646 -2.5520 0.7500
v -6.1474 -2.5211 0.7500
v -6.1646 -2.5520 -0.7500
v -6.1806 -2.5853 -0.7500
v -6.1806 -2.5853 0.7500
v -6.1646 -2.5520 0.7500
v -6.1806 -2.5853 -0.7500
v -6.1951 -2.6210 -0.7500
v -6.1951 -2.6210 0.7500
v -6.1806 -2.5853 0.7500
v -6.1951 -2.6210 -0.7500
v -6.2079 -2.6595 -0.7500
v -6.2079 -2.6595 0.7500
v -6.1951 -2.6210 0.7500
v -6.2079 -2.6595 -0.7500
v -6.2195 -2.7000 -0.7500
v -6.2195 -2.7000 0.7500
v -6.2079 -2.6595 0.7500
v -6.2195 -2.7000 -0.7500
v -6.2300 -2.7433 -0.7500
v -6.2300 -2.7433 0.7500
v -6.2195 -2.7000 0.7500
v -6.2300 -2.7433 -0.7500
v -6.2352 -2.7706 -0.7500
v -6.2352 -2.7706 0.7500
v -6.2300 -2.7433 0.7500
v -6.2352 -2.7706 -0.7500
v -6.2392 -2.7970 -0.7500
v -6.2392 -2.7970 0.7500
v -6.2352 -2.7706 0.7500
v -6.2392 -2.7970 -0.7500
v -6.2424 -2.8223 -0.7500
v -6.2424 -2.8223 0.7500
v -6.2392 -2.7970 0.7500
v -6.2424 -2.8223 -0.7500
v -6.2440 -2.8464 -0.7500
v -6.2440 -2.8464 0.7500
v -6.2424 -2.8223 0.7500
v -6.2440 -2.8464 -0.7500
v -6.2444 -2.8700 -0.7500
v -6.2444 -2.8700 0.7500
v -6.2440 -2.8464 0.7500
v -6.0383 -2.8476 -0.7500
v -6.0379 -2.8347 -0.7500
v -6.0379 -2.8347 0.7500
v -6.0383 -2.8476 0.7500
v -6.0367 -2.8825 -0.7500
v -6.0379 -2.8712 -0.7500
v -6.0379 -2.8712 0.7500
v -6.0367 -2.8825 0.7500
v -6.0379 -2.8347 -0.7500
v -6.0371 -2.8211 -0.7500
v -6.0371 -2.8211 0.7500
v -6.0379 -2.8347 0.7500
v -6.0351 -2.8925 -0.7500
v -6.0367 -2.8825 -0.7500
v -6.0367 -2.8825 0.7500
v -6.0351 -2.8925 0.7500
v -6.0330 -2.9025 -0.7500
v -6.0351 -2.8925 -0.7500
v -6.0351 -2.8925 0.7500
v -6.0330 -2.9025 0.7500
v -6.0371 -2.8211 -0.7500
v -6.0359 -2.8071 -0.7500
v -6.0359 -2.8071 0.7500
v -6.0371 -2.8211 0.7500
v -6.0302 -2.9113 -0.7500
v -6.0330 -2.9025 -0.7500
v -6.0330 -2.9025 0.7500
v -6.0302 -2.9113 0.7500
v -6.0359 -2.8071 -0.7500
v -6.0339 -2.7922 -0.7500
v -6.0339 -2.7922 0.7500
v -6.0359 -2.8071 0.7500
v -6.0266 -2.9202 -0.7500
v -6.0302 -2.9113 -0.7500
v -6.0302 -2.9113 0.7500
v -6.0266 -2.9202 0.7500
v -6.0339 -2.7922 -0.7500
v -6.0314 -2.7766 -0.7500
v -6.0314 -2.7766 0.7500
v -6.0339 -2.7922 0.7500
v -6.0226 -2.9278 -0.7500
v -6.0266 -2.9202 -0.7500
v -6.0266 -2.9202 0.7500
v -6.0226 -2.9278 0.7500
v -6.0314 -2.7766 -0.7500
v -6.0286 -2.7601 -0.7500
v -6.0286 -2.7601 0.7500
v -6.0314 -2.7766 0.7500
v -6.0182 -2.9354 -0.7500
v -6.0226 -2.9278 -0.7500
v -6.0226 -2.9278 0.7500
v -6.0182 -2.9354 0.7500
v -6.0286 -2.7601 -0.7500
v -6.0254 -2.7433 -0.7500
v -6.0254 -2.7433 0.7500
v -6.0286 -2.7601 0.7500
v -6.0126 -2.9422 -0.7500
v -6.0182 -2.9354 -0.7500
v -6.0182 -2.9354 0.7500
v -6.0126 -2.9422 0.7500
v -6.0254 -2.7433 -0.7500
v -6.0194 -2.7172 -0.7500
v -6.0194 -2.7172 0.7500
v -6.0254 -2.7433 0.7500
v -6.0070 -2.9482 -0.7500
v -6.0126 -2.9422 -0.7500
v -6.0126 -2.9422 0.7500
v -6.0070 -2.9482 0.7500
v -6.0002 -2.9539 -0.7500
v -6.0070 -2.9482 -0.7500
v -6.0070 -2.9482 0.7500
v -6.0002 -2.9539 0.7500
v -6.0194 -2.7172 -0.7500
v -6.0130 -2.6928 -0.7500
v -6.0130 -2.6928 0.7500
v -6.0194 -2.7172 0.7500
v -5.9929 -2.9591 -0.7500
v -6.0002 -2.9539 -0.7500
v -6.0002 -2.9539 0.7500
v -5.9929 -2.9591 0.7500
v -6.0130 -2.6928 -0.7500
v -6.0058 -2.6699 -0.7500
v -6.0058 -2.6699 0.7500
v -6.0130 -2.6928 0.7500
v -5.9853 -2.9635 -0.7500
v -5.9929 -2.9591 -0.7500
v -5.9929 -2.9591 0.7500
v -5.9853 -2.9635 0.7500
v -6.0058 -2.6699 -0.7500
v -5.9978 -2.6486 -0.7500
v -5.9978 -2.6486 0.7500
v -6.0058 -2.6699 0.7500
v -5.9765 -2.9675 -0.7500
v -5.9853 -2.9635 -0.7500
v -5.9853 -2.9635 0.7500
v -5.9765 -2.9675 0.7500
v -5.9978 -2.6486 -0.7500
v -5.9893 -2.6286 -0.7500
v -5.9893 -2.6286 0.7500
v -5.9978 -2.6486 0.7500
v -5.9673 -2.9711 -0.7500
v -5.9765 -2.9675 -0.7500
v -5.9765 -2.9675 0.7500
v -5.9673 -2.9711 0.7500
v -5.9893 -2.6286 -0.7500
v -5.9805 -2.6105 -0.7500
v -5.9805 -2.6105 0.7500
v -5.9893 -2.6286 0.7500
v -5.9805 -2.6105 -0.7500
v -5.9709 -2.5937 -0.7500
v -5.9709 -2.5937 0.7500
v -5.9805 -2.6105 0.7500
v -5.9572 -2.9739 -0.7500
v -5.9673 -2.9711 -0.7500
v -5.9673 -2.9711 0.7500
v -5.9572 -2.9739 0.7500
v -5.9709 -2.5937 -0.7500
v -5.9605 -2.5789 -0.7500
v -5.9605 -2.5789 0.7500
v -5.9709 -2.5937 0.7500
v -5.9464 -2.9767 -0.7500
v -5.9572 -2.9739 -0.7500
v -5.9572 -2.9739 0.7500
v -5.9464 -2.9767 0.7500
v -5.9605 -2.5789 -0.7500
v -5.9496 -2.5652 -0.7500
v -5.9496 -2.5652 0.7500
v -5.9605 -2.5789 0.7500
v -5.9348 -2.9787 -0.7500
v -5.9464 -2.9767 -0.7500
v -5.9464 -2.9767 0.7500
v -5.9348 -2.9787 0.7500
v -5.9496 -2.5652 -0.7500
v -5.9384 -2.5536 -0.7500
v -5.9384 -2.5536 0.7500
v -5.9496 -2.5652 0.7500
v -5.9224 -2.9803 -0.7500
v -5.9348 -2.9787 -0.7500
v -5.9348 -2.9787 0.7500
v -5.9224 -2.9803 0.7500
v -5.9384 -2.5536 -0.7500
v -5.9264 -2.5432 -0.7500
v -5.9264 -2.5432 0.7500
v -5.9384 -2.5536 0.7500
v -5.9095 -2.9815 -0.7500
v -5.9224 -2.9803 -0.7500
v -5.9224 -2.9803 0.7500
v -5.9095 -2.9815 0.7500
v -5.9264 -2.5432 -0.7500
v -5.9131 -2.5335 -0.7500
v -5.9131 -2.5335 0.7500
v -5.9264 -2.5432 0.7500
v -5.8955 -2.9823 -0.7500
v -5.9095 -2.9815 -0.7500
v -5.9095 -2.9815 0.7500
v -5.8955 -2.9823 0.7500
v -5.9131 -2.5335 -0.7500
v -5.8991 -2.5251 -0.7500
v -5.8991 -2.5251 0.7500
v -5.9131 -2.5335 0.7500
v -5.8810 -2.9827 -0.7500
v -5.8955 -2.9823 -0.7500
v -5.8955 -2.9823 0.7500
v -5.8810 -2.9827 0.7500
v -5.8991 -2.5251 -0.7500
v -5.8847 -2.5179 -0.7500
v -5.8847 -2.5179 0.7500
v -5.8991 -2.5251 0.7500
v -5.8614 -2.9819 -0.7500
v -5.8810 -2.9827 -0.7500
v -5.8810 -2.9827 0.7500
v -5.8614 -2.9819 0.7500
v -5.8847 -2.5179 -0.7500
v -5.5249 -2.3795 -0.7500
v -5.5249 -2.3795 0.7500
v -5.8847 -2.5179 0.7500
v -5.8425 -2.9803 -0.7500
v -5.8614 -2.9819 -0.7500
v -5.8614 -2.9819 0.7500
v -5.8425 -2.9803 0.7500
v -5.8241 -2.9775 -0.7500
v -5.8425 -2.9803 -0.7500
v -5.8425 -2.9803 0.7500
v -5.8241 -2.9775 0.7500
v -5.5249 -2.3795 -0.7500
v -5.8690 -2.5119 -0.7500
v -5.8690 -2.5119 0.7500
v -5.5249 -2.3795 0.7500
v -5.8690 -2.5119 -0.7500
v -5.8526 -2.5071 -0.7500
v -5.8526 -2.5071 0.7500
v -5.8690 -2.5119 0.7500
v -5.8068 -2.9735 -0.7500
v -5.8241 -2.9775 -0.7500
v -5.8241 -2.9775 0.7500
v -5.8068 -2.9735 0.7500
v -5.8526 -2.5071 -0.7500
v -5.8349 -2.5031 -0.7500
v -5.8349 -2.5031 0.7500
v -5.8526 -2.5071 0.7500
v -5.7904 -2.9683 -0.7500
v -5.8068 -2.9735 -0.7500
v -5.8068 -2.9735 0.7500
v -5.7904 -2.9683 0.7500
v -5.8349 -2.5031 -0.7500
v -5.8169 -2.5003 -0.7500
v -5.8169 -2.5003 0.7500
v -5.8349 -2.5031 0.7500
v -5.7752 -2.9619 -0.7500
v -5.7904 -2.9683 -0.7500
v -5.7904 -2.9683 0.7500
v -5.7752 -2.9619 0.7500
v -5.8169 -2.5003 -0.7500
v -5.7976 -2.4986 -0.7500
v -5.7976 -2.4986 0.7500
v -5.8169 -2.5003 0.7500
v -5.7603 -2.9543 -0.7500
v -5.7752 -2.9619 -0.7500
v -5.7752 -2.9619 0.7500
v -5.7603 -2.9543 0.7500
v -5.7976 -2.4986 -0.7500
v -5.7776 -2.4982 -0.7500
v -5.7776 -2.4982 0.7500
v -5.7976 -2.4986 0.7500
v -5.7463 -2.9454 -0.7500
v -5.7603 -2.9543 -0.7500
v -5.7603 -2.9543 0.7500
v -5.7463 -2.9454 0.7500
v -5.7776 -2.4982 -0.7500
v -5.7631 -2.4982 -0.7500
v -5.7631 -2.4982 0.7500
v -5.7776 -2.4982 0.7500
v -5.7330 -2.9358 -0.7500
v -5.7463 -2.9454 -0.7500
v -5.7463 -2.9454 0.7500
v -5.7330 -2.9358 0.7500
v -5.7631 -2.4982 -0.7500
v -5.7495 -2.4990 -0.7500
v -5.7495 -2.4990 0.7500
v -5.7631 -2.4982 0.7500
v -5.7210 -2.9246 -0.7500
v -5.7330 -2.9358 -0.7500
v -5.7330 -2.9358 0.7500
v -5.7210 -2.9246 0.7500
v -5.7495 -2.4990 -0.7500
v -5.7367 -2.5003 -0.7500
v -5.7367 -2.5003 0.7500
v -5.7495 -2.4990 0.7500
v -5.7094 -2.9125 -0.7500
v -5.7210 -2.9246 -0.7500
v -5.7210 -2.9246 0.7500
v -5.7094 -2.9125 0.7500
v -5.7367 -2.5003 -0.7500
v -5.7246 -2.5019 -0.7500
v -5.7246 -2.5019 0.7500
v -5.7367 -2.5003 0.7500
v -5.6986 -2.8989 -0.7500
v -5.7094 -2.9125 -0.7500
v -5.7094 -2.9125 0.7500
v -5.6986 -2.8989 0.7500
v -5.7246 -2.5019 -0.7500
v -5.7130 -2.5039 -0.7500
v -5.7130 -2.5039 0.7500
v -5.7246 -2.5019 0.7500
v -5.6885 -2.8841 -0.7500
v -5.6986 -2.8989 -0.7500
v -5.6986 -2.8989 0.7500
v -5.6885 -2.8841 0.7500
v -5.7130 -2.5039 -0.7500
v -5.7022 -2.5063 -0.7500
v -5.7022 -2.5063 0.7500
v -5.7130 -2.5039 0.7500
v -5.6789 -2.8680 -0.7500
v -5.6885 -2.8841 -0.7500
v -5.6885 -2.8841 0.7500
v -5.6789 -2.8680 0.7500
v -5.7022 -2.5063 -0.7500
v -5.6921 -2.5091 -0.7500
v -5.6921 -2.5091 0.7500
v -5.7022 -2.5063 0.7500
v -5.6701 -2.8504 -0.7500
v -5.6789 -2.8680 -0.7500
v -5.6789 -2.8680 0.7500
v -5.6701 -2.8504 0.7500
v -5.6921 -2.5091 -0.7500
v -5.6829 -2.5123 -0.7500
v -5.6829 -2.5123 0.7500
v -5.6921 -2.5091 0.7500
v -5.6621 -2.8315 -0.7500
v -5.6701 -2.8504 -0.7500
v -5.6701 -2.8504 0.7500
v -5.6621 -2.8315 0.7500
v -5.6829 -2.5123 -0.7500
v -5.6741 -2.5163 -0.7500
v -5.6741 -2.5163 0.7500
v -5.6829 -2.5123 0.7500
v -5.6544 -2.8115 -0.7500
v -5.6621 -2.8315 -0.7500
v -5.6621 -2.8315 0.7500
v -5.6544 -2.8115 0.7500
v -5.6741 -2.5163 -0.7500
v -5.6661 -2.5203 -0.7500
v -5.6661 -2.5203 0.7500
v -5.6741 -2.5163 0.7500
v -5.6476 -2.7902 -0.7500
v -5.6544 -2.8115 -0.7500
v -5.6544 -2.8115 0.7500
v -5.6476 -2.7902 0.7500
v -5.6661 -2.5203 -0.7500
v -5.6589 -2.5251 -0.7500
v -5.6589 -2.5251 0.7500
v -5.6661 -2.5203 0.7500
v -5.6412 -2.7674 -0.7500
v -5.6476 -2.7902 -0.7500
v -5.6476 -2.7902 0.7500
v -5.6412 -2.7674 0.7500
v -5.6589 -2.5251 -0.7500
v -5.6524 -2.5307 -0.7500
v -5.6524 -2.5307 0.7500
v -5.6589 -2.5251 0.7500
v -5.6356 -2.7433 -0.7500
v -5.6412 -2.7674 -0.7500
v -5.6412 -2.7674 0.7500
v -5.6356 -2.7433 0.7500
v -5.6524 -2.5307 -0.7500
v -5.6464 -2.5367 -0.7500
v -5.6464 -2.5367 0.7500
v -5.6524 -2.5307 0.7500
v -5.6320 -2.7252 -0.7500
v -5.6356 -2.7433 -0.7500
v -5.6356 -2.7433 0.7500
v -5.6320 -2.7252 0.7500
v -5.6464 -2.5367 -0.7500
v -5.6408 -2.5436 -0.7500
v -5.6408 -2.5436 0.7500
v -5.6464 -2.5367 0.7500
v -5.6288 -2.7076 -0.7500
v -5.6320 -2.7252 -0.7500
v -5.6320 -2.7252 0.7500
v -5.6288 -2.7076 0.7500
v -5.6408 -2.5436 -0.7500
v -5.6360 -2.5508 -0.7500
v -5.6360 -2.5508 0.7500
v -5.6408 -2.5436 0.7500
v -5.6260 -2.6912 -0.7500
v -5.6288 -2.7076 -0.7500
v -5.6288 -2.7076 0.7500
v -5.6260 -2.6912 0.7500
v -5.6360 -2.5508 -0.7500
v -5.6320 -2.5588 -0.7500
v -5.6320 -2.5588 0.7500
v -5.6360 -2.5508 0.7500
v -5.6240 -2.6751 -0.7500
v -5.6260 -2.6912 -0.7500
v -5.6260 -2.6912 0.7500
v -5.6240 -2.6751 0.7500
v -5.6320 -2.5588 -0.7500
v -5.6284 -2.5672 -0.7500
v -5.6284 -2.5672 0.7500
v -5.6320 -2.5588 0.7500
v -5.6284 -2.5672 -0.7500
v -5.6256 -2.5765 -0.7500
v -5.6256 -2.5765 0.7500
v -5.6284 -2.5672 0.7500
v -5.6224 -2.6599 -0.7500
v -5.6240 -2.6751 -0.7500
v -5.6240 -2.6751 0.7500
v -5.6224 -2.6599 0.7500
v -5.6256 -2.5765 -0.7500
v -5.6236 -2.5861 -0.7500
v -5.6236 -2.5861 0.7500
v -5.6256 -2.5765 0.7500
v -5.6212 -2.6458 -0.7500
v -5.6224 -2.6599 -0.7500
v -5.6224 -2.6599 0.7500
v -5.6212 -2.6458 0.7500
v -5.6236 -2.5861 -0.7500
v -5.6220 -2.5965 -0.7500
v -5.6220 -2.5965 0.7500
v -5.6236 -2.5861 0.7500
v -5.6220 -2.5965 -0.7500
v -5.6212 -2.6077 -0.7500
v -5.6212 -2.6077 0.7500
v -5.6220 -2.5965 0.7500
v -5.6212 -2.6077 -0.7500
v -5.6204 -2.6194 -0.7500
v -5.6204 -2.6194 0.7500
v -5.6212 -2.6077 0.7500
f 1435 1481 1482
f 1531 1532 1533
f 1480 1481 1435
f 1435 1436 1437
f 1437 1438 1439
f 1439 1440 1441
f 1441 1442 1443
f 1443 1444 1445
f 1445 1446 1447
f 1447 1448 1449
f 1449 1450 1451
f 1451 1452 1453
f 1453 1454 1355
f 1355 1356 1357
f 1357 1358 1359
f 1359 1360 1361
f 1361 1362 1363
f 1363 1364 1365
f 1365 1366 1367
f 1367 1368 1369
f 1369 1370 1371
f 1371 1372 1373
f 1373 1374 1375
f 1375 1376 1377
f 1377 1378 1379
f 1379 1380 1381
f 1381 1382 1383
f 1383 1384 1385
f 1385 1386 1387
f 1387 1388 1389
f 1389 1390 1391
f 1391 1392 1393
f 1393 1394 1395
f 1395 1396 1397
f 1397 1398 1399
f 1399 1400 1401
f 1401 1402 1403
f 1403 1404 1405
f 1405 1406 1407
f 1407 1408 1409
f 1409 1410 1411
f 1411 1412 1413
f 1413 1414 1415
f 1415 1416 1417
f 1417 1418 1419
f 1419 1420 1421
f 1421 1422 1423
f 1423 1424 1425
f 1425 1426 1427
f 1427 1428 1429
f 1429 1430 1431
f 1431 1432 1433
f 1433 1434 1435
f 1435 1482 1483
f 1479 1480 1435
f 1435 1437 1439
f 1439 1441 1443
f 1443 1445 1447
f 1447 1449 1451
f 1451 1453 1355
f 1355 1357 1359
f 1359 1361 1363
f 1363 1365 1367
f 1367 1369 1371
f 1371 1373 1375
f 1375 1377 1379
f 1379 1381 1383
f 1383 1385 1387
f 1387 1389 1391
f 1391 1393 1395
f 1395 1397 1399
f 1399 1401 1403
f 1403 1405 1407
f 1407 1409 1411
f 1411 1413 1415
f 1415 1417 1419
f 1419 1421 1423
f 1423 1425 1427
f 1427 1429 1431
f 1431 1433 1435
f 1435 1483 1484
f 1478 1479 1435
f 1435 1439 1443
f 1443 1447 1451
f 1451 1355 1359
f 1359 1363 1367
f 1367 1371 1375
f 1375 1379 1383
f 1383 1387 1391
f 1391 1395 1399
f 1399 1403 1407
f 1407 1411 1415
f 1415 1419 1423
f 1423 1427 1431
f 1431 1435 1484
f 1477 1478 1435
f 1435 1443 1451
f 1451 1359 1367
f 1367 1375 1383
f 1383 1391 1399
f 1399 1407 1415
f 1415 1423 1431
f 1431 1484 1485
f 1476 1477 1435
f 1435 1451 1367
f 1367 1383 1399
f 1431 1485 1486
f 1475 1476 1435
f 1431 1486 1487
f 1474 1475 1435
f 1431 1487 1488
f 1473 1474 1435
f 1431 1488 1489
f 1472 1473 1435
f 1431 1489 1490
f 1471 1472 1435
f 1415 1431 1490
f 1470 1471 1435
f 1415 1490 1491
f 1469 1470 1435
f 1415 1491 1492
f 1468 1469 1435
f 1415 1492 1493
f 1467 1468 1435
f 1415 1493 1494
f 1466 1467 1435
f 1415 1494 1495
f 1466 1435 1367
f 1415 1495 1496
f 1465 1466 1367
f 1415 1496 1497
f 1464 1465 1367
f 1415 1497 1498
f 1463 1464 1367
f 1415 1498 1499
f 1462 1463 1367
f 1415 1499 1500
f 1461 1462 1367
f 1415 1500 1501
f 1460 1461 1367
f 1415 1501 1502
f 1459 1460 1367
f 1415 1502 1503
f 1458 1459 1367
f 1399 1415 1503
f 1457 1458 1367
f 1456 1457 1367
f 1399 1504 1505
f 1455 1456 1367
f 1399 1505 1506
f 1554 1455 1367
f 1399 1506 1507
f 1553 1554 1367
f 1399 1507 1508
f 1552 1553 1367
f 1399 1508 1509
f 1551 1552 1367
f 1399 1509 1510
f 1550 1551 1367
f 1399 1510 1511
f 1549 1550 1367
f 1399 1511 1512
f 1548 1549 1367
f 1399 1512 1513
f 1547 1548 1367
f 1399 1513 1514
f 1546 1547 1367
f 1399 1514 1515
f 1545 1546 1367
f 1399 1515 1516
f 1544 1545 1367
f 1399 1516 1517
f 1543 1544 1367
f 1399 1517 1518
f 1542 1543 1367
f 1399 1518 1519
f 1541 1542 1367
f 1399 1519 1520
f 1540 1541 1367
f 1399 1520 1521
f 1539 1540 1367
f 1399 1521 1522
f 1538 1539 1367
f 1399 1522 1523
f 1537 1538 1367
f 1399 1523 1524
f 1536 1537 1367
f 1399 1524 1525
f 1535 1536 1367
f 1399 1525 1526
f 1535 1367 1399
f 1399 1526 1527
f 1534 1535 1399
f 1399 1527 1528
f 1533 1534 1399
f 1399 1528 1529
f 1531 1533 1399
f 1399 1529 1530
f 1530 1531 1399
f 1635 1682 1681
f 1731 1733 1732
f 1680 1635 1681
f 1635 1637 1636
f 1637 1639 1638
f 1639 1641 1640
f 1641 1643 1642
f 1643 1645 1644
f 1645 1647 1646
f 1647 1649 1648
f 1649 1651 1650
f 1651 1653 1652
f 1653 1555 1654
f 1555 1557 1556
f 1557 1559 1558
f 1559 1561 1560
f 1561 1563 1562
f 1563 1565 1564
f 1565 1567 1566
f 1567 1569 1568
f 1569 1571 1570
f 1571 1573 1572
f 1573 1575 1574
f 1575 1577 1576
f 1577 1579 1578
f 1579 1581 1580
f 1581 1583 1582
f 1583 1585 1584
f 1585 1587 1586
f 1587 1589 1588
f 1589 1591 1590
f 1591 1593 1592
f 1593 1595 1594
f 1595 1597 1596
f 1597 1599 1598
f 1599 1601 1600
f 1601 1603 1602
f 1603 1605 1604
f 1605 1607 1606
f 1607 1609 1608
f 1609 1611 1610
f 1611 1613 1612
f 1613 1615 1614
f 1615 1617 1616
f 1617 1619 1618
f 1619 1621 1620
f 1621 1623 1622
f 1623 1625 1624
f 1625 1627 1626
f 1627 1629 1628
f 1629 1631 1630
f 1631 1633 1632
f 1633 1635 1634
f 1635 1683 1682
f 1679 1635 1680
f 1635 1639 1637
f 1639 1643 1641
f 1643 1647 1645
f 1647 1651 1649
f 1651 1555 1653
f 1555 1559 1557
f 1559 1563 1561
f 1563 1567 1565
f 1567 1571 1569
f 1571 1575 1573
f 1575 1579 1577
f 1579 1583 1581
f 1583 1587 1585
f 1587 1591 1589
f 1591 1595 1593
f 1595 1599 1597
f 1599 1603 1601
f 1603 1607 1605
f 1607 1611 1609
f 1611 1615 1613
f 1615 1619 1617
f 1619 1623 1621
f 1623 1627 1625
f 1627 1631 1629
f 1631 1635 1633
f 1635 1684 1683
f 1678 1635 1679
f 1635 1643 1639
f 1643 1651 1647
f 1651 1559 1555
f 1559 1567 1563
f 1567 1575 1571
f 1575 1583 1579
f 1583 1591 1587
f 1591 1599 1595
f 1599 1607 1603
f 1607 1615 1611
f 1615 1623 1619
f 1623 1631 1627
f 1631 1684 1635
f 1677 1635 1678
f 1635 1651 1643
f 1651 1567 1559
f 1567 1583 1575
f 1583 1599 1591
f 1599 1615 1607
f 1615 1631 1623
f 1631 1685 1684
f 1676 1635 1677
f 1635 1567 1651
f 1567 1599 1583
f 1631 1686 1685
f 1675 1635 1676
f 1631 1687 1686
f 1674 1635 1675
f 1631 1688 1687
f 1673 1635 1674
f 1631 1689 1688
f 1672 1635 1673
f 1631 1690 1689
f 1671 1635 1672
f 1615 1690 1631
f 1670 1635 1671
f 1615 1691 1690
f 1669 1635 1670
f 1615 1692 1691
f 1668 1635 1669
f 1615 1693 1692
f 1667 1635 1668
f 1615 1694 1693
f 1666 1635 1667
f 1615 1695 1694
f 1666 1567 1635
f 1615 1696 1695
f 1665 1567 1666
f 1615 1697 1696
f 1664 1567 1665
f 1615 1698 1697
f 1663 1567 1664
f 1615 1699 1698
f 1662 1567 1663
f 1615 1700 1699
f 1661 1567 1662
f 1615 1701 1700
f 1660 1567 1661
f 1615 1702 1701
f 1659 1567 1660
f 1615 1703 1702
f 1658 1567 1659
f 1599 1703 1615
f 1657 1567 1658
f 1656 1567 1657
f 1599 1705 1704
f 1655 1567 1656
f 1599 1706 1705
f 1754 1567 1655
f 1599 1707 1706
f 1753 1567 1754
f 1599 1708 1707
f 1752 1567 1753
f 1599 1709 1708
f 1751 1567 1752
f 1599 1710 1709
f 1750 1567 1751
f 1599 1711 1710
f 1749 1567 1750
f 1599 1712 1711
f 1748 1567 1749
f 1599 1713 1712
f 1747 1567 1748
f 1599 1714 1713
f 1746 1567 1747
f 1599 1715 1714
f 1745 1567 1746
f 1599 1716 1715
f 1744 1567 1745
f 1599 1717 1716
f 1743 1567 1744
f 1599 1718 1717
f 1742 1567 1743
f 1599 1719 1718
f 1741 1567 1742
f 1599 1720 1719
f 1740 1567 1741
f 1599 1721 1720
f 1739 1567 1740
f 1599 1722 1721
f 1738 1567 1739
f 1599 1723 1722
f 1737 1567 1738
f 1599 1724 1723
f 1736 1567 1737
f 1599 1725 1724
f 1735 1567 1736
f 1599 1726 1725
f 1735 1599 1567
f 1599 1727 1726
f 1734 1599 1735
f 1599 1728 1727
f 1733 1599 1734
f 1599 1729 1728
f 1731 1599 1733
f 1599 1730 1729
f 1730 1599 1731
f 1755 1756 1757
f 1755 1757 1758
f 1759 1760 1761
f 1759 1761 1762
f 1763 1764 1765
f 1763 1765 1766
f 1767 1768 1769
f 1767 1769 1770
f 1771 1772 1773
f 1771 1773 1774
f 1775 1776 1777
f 1775 1777 1778
f 1779 1780 1781
f 1779 1781 1782
f 1783 1784 1785
f 1783 1785 1786
f 1787 1788 1789
f 1787 1789 1790
f 1791 1792 1793
f 1791 1793 1794
f 1795 1796 1797
f 1795 1797 1798
f 1799 1800 1801
f 1799 1801 1802
f 1803 1804 1805
f 1803 1805 1806
f 1807 1808 1809
f 1807 1809 1810
f 1811 1812 1813
f 1811 1813 1814
f 1815 1816 1817
f 1815 1817 1818
f 1819 1820 1821
f 1819 1821 1822
f 1823 1824 1825
f 1823 1825 1826
f 1827 1828 1829
f 1827 1829 1830
f 1831 1832 1833
f 1831 1833 1834
f 1835 1836 1837
f 1835 1837 1838
f 1839 1840 1841
f 1839 1841 1842
f 1843 1844 1845
f 1843 1845 1846
f 1847 1848 1849
f 1847 1849 1850
f 1851 1852 1853
f 1851 1853 1854
f 1855 1856 1857
f 1855 1857 1858
f 1859 1860 1861
f 1859 1861 1862
f 1863 1864 1865
f 1863 1865 1866
f 1867 1868 1869
f 1867 1869 1870
f 1871 1872 1873
f 1871 1873 1874
f 1875 1876 1877
f 1875 1877 1878
f 1879 1880 1881
f 1879 1881 1882
f 1883 1884 1885
f 1883 1885 1886
f 1887 1888 1889
f 1887 1889 1890
f 1891 1892 1893
f 1891 1893 1894
f 1895 1896 1897
f 1895 1897 1898
f 1899 1900 1901
f 1899 1901 1902
f 1903 1904 1905
f 1903 1905 1906
f 1907 1908 1909
f 1907 1909 1910
f 1911 1912 1913
f 1911 1913 1914
f 1915 1916 1917
f 1915 1917 1918
f 1919 1920 1921
f 1919 1921 1922
f 1923 1924 1925
f 1923 1925 1926
f 1927 1928 1929
f 1927 1929 1930
f 1931 1932 1933
f 1931 1933 1934
f 1935 1936 1937
f 1935 1937 1938
f 1939 1940 1941
f 1939 1941 1942
f 1943 1944 1945
f 1943 1945 1946
f 1947 1948 1949
f 1947 1949 1950
f 1951 1952 1953
f 1951 1953 1954
f 1955 1956 1957
f 1955 1957 1958
f 1959 1960 1961
f 1959 1961 1962
f 1963 1964 1965
f 1963 1965 1966
f 1967 1968 1969
f 1967 1969 1970
f 1971 1972 1973
f 1971 1973 1974
f 1975 1976 1977
f 1975 1977 1978
f 1979 1980 1981
f 1979 1981 1982
f 1983 1984 1985
f 1983 1985 1986
f 1987 1988 1989
f 1987 1989 1990
f 1991 1992 1993
f 1991 1993 1994
f 1995 1996 1997
f 1995 1997 1998
f 1999 2000 2001
f 1999 2001 2002
f 2003 2004 2005
f 2003 2005 2006
f 2007 2008 2009
f 2007 2009 2010
f 2011 2012 2013
f 2011 2013 2014
f 2015 2016 2017
f 2015 2017 2018
f 2019 2020 2021
f 2019 2021 2022
f 2023 2024 2025
f 2023 2025 2026
f 2027 2028 2029
f 2027 2029 2030
f 2031 2032 2033
f 2031 2033 2034
f 2035 2036 2037
f 2035 2037 2038
f 2039 2040 2041
f 2039 2041 2042
f 2043 2044 2045
f 2043 2045 2046
f 2047 2048 2049
f 2047 2049 2050
f 2051 2052 2053
f 2051 2053 2054
f 2055 2056 2057
f 2055 2057 2058
f 2059 2060 2061
f 2059 2061 2062
f 2063 2064 2065
f 2063 2065 2066
f 2067 2068 2069
f 2067 2069 2070
f 2071 2072 2073
f 2071 2073 2074
f 2075 2076 2077
f 2075 2077 2078
f 2079 2080 2081
f 2079 2081 2082
f 2083 2084 2085
f 2083 2085 2086
f 2087 2088 2089
f 2087 2089 2090
f 2091 2092 2093
f 2091 2093 2094
f 2095 2096 2097
f 2095 2097 2098
f 2099 2100 2101
f 2099 2101 2102
f 2103 2104 2105
f 2103 2105 2106
f 2107 2108 2109
f 2107 2109 2110
f 2111 2112 2113
f 2111 2113 2114
f 2115 2116 2117
f 2115 2117 2118
f 2119 2120 2121
f 2119 2121 2122
f 2123 2124 2125
f 2123 2125 2126
f 2127 2128 2129
f 2127 2129 2130
f 2131 2132 2133
f 2131 2133 2134
f 2135 2136 2137
f 2135 2137 2138
f 2139 2140 2141
f 2139 2141 2142
f 2143 2144 2145
f 2143 2145 2146
f 2147 2148 2149
f 2147 2149 2150
f 2151 2152 2153
f 2151 2153 2154
f 2155 2156 2157
f 2155 2157 2158
f 2159 2160 2161
f 2159 2161 2162
f 2163 2164 2165
f 2163 2165 2166
f 2167 2168 2169
f 2167 2169 2170
f 2171 2172 2173
f 2171 2173 2174
f 2175 2176 2177
f 2175 2177 2178
f 2179 2180 2181
f 2179 2181 2182
f 2183 2184 2185
f 2183 2185 2186
f 2187 2188 2189
f 2187 2189 2190
f 2191 2192 2193
f 2191 2193 2194
f 2195 2196 2197
f 2195 2197 2198
f 2199 2200 2201
f 2199 2201 2202
f 2203 2204 2205
f 2203 2205 2206
f 2207 2208 2209
f 2207 2209 2210
f 2211 2212 2213
f 2211 2213 2214
f 2215 2216 2217
f 2215 2217 2218
f 2219 2220 2221
f 2219 2221 2222
f 2223 2224 2225
f 2223 2225 2226
f 2227 2228 2229
f 2227 2229 2230
f 2231 2232 2233
f 2231 2233 2234
f 2235 2236 2237
f 2235 2237 2238
f 2239 2240 2241
f 2239 2241 2242
f 2243 2244 2245
f 2243 2245 2246
f 2247 2248 2249
f 2247 2249 2250
f 2251 2252 2253
f 2251 2253 2254
f 2255 2256 2257
f 2255 2257 2258
f 2259 2260 2261
f 2259 2261 2262
f 2263 2264 2265
f 2263 2265 2266
f 2267 2268 2269
f 2267 2269 2270
f 2271 2272 2273
f 2271 2273 2274
f 2275 2276 2277
f 2275 2277 2278
f 2279 2280 2281
f 2279 2281 2282
f 2283 2284 2285
f 2283 2285 2286
f 2287 2288 2289
f 2287 2289 2290
f 2291 2292 2293
f 2291 2293 2294
f 2295 2296 2297
f 2295 2297 2298
f 2299 2300 2301
f 2299 2301 2302
f 2303 2304 2305
f 2303 2305 2306
f 2307 2308 2309
f 2307 2309 2310
f 2311 2312 2313
f 2311 2313 2314
f 2315 2316 2317
f 2315 2317 2318
f 2319 2320 2321
f 2319 2321 2322
f 2323 2324 2325
f 2323 2325 2326
f 2327 2328 2329
f 2327 2329 2330
f 2331 2332 2333
f 2331 2333 2334
f 2335 2336 2337
f 2335 2337 2338
f 2339 2340 2341
f 2339 2341 2342
f 2343 2344 2345
f 2343 2345 2346
f 2347 2348 2349
f 2347 2349 2350
f 2351 2352 2353
f 2351 2353 2354
f 2355 2356 2357
f 2355 2357 2358
f 2359 2360 2361
f 2359 2361 2362
f 2363 2364 2365
f 2363 2365 2366
f 2367 2368 2369
f 2367 2369 2370
f 2371 2372 2373
f 2371 2373 2374
f 2375 2376 2377
f 2375 2377 2378
f 2379 2380 2381
f 2379 2381 2382
f 2383 2384 2385
f 2383 2385 2386
f 2387 2388 2389
f 2387 2389 2390
f 2391 2392 2393
f 2391 2393 2394
f 2395 2396 2397
f 2395 2397 2398
f 2399 2400 2401
f 2399 2401 2402
f 2403 2404 2405
f 2403 2405 2406
f 2407 2408 2409
f 2407 2409 2410
f 2411 2412 2413
f 2411 2413 2414
f 2415 2416 2417
f 2415 2417 2418
f 2419 2420 2421
f 2419 2421 2422
f 2423 2424 2425
f 2423 2425 2426
f 2427 2428 2429
f 2427 2429 2430
f 2431 2432 2433
f 2431 2433 2434
f 2435 2436 2437
f 2435 2437 2438
f 2439 2440 2441
f 2439 2441 2442
f 2443 2444 2445
f 2443 2445 2446
f 2447 2448 2449
f 2447 2449 2450
f 2451 2452 2453
f 2451 2453 2454
f 2455 2456 2457
f 2455 2457 2458
f 2459 2460 2461
f 2459 2461 2462
f 2463 2464 2465
f 2463 2465 2466
f 2467 2468 2469
f 2467 2469 2470
f 2471 2472 2473
f 2471 2473 2474
f 2475 2476 2477
f 2475 2477 2478
f 2479 2480 2481
f 2479 2481 2482
f 2483 2484 2485
f 2483 2485 2486
f 2487 2488 2489
f 2487 2489 2490
f 2491 2492 2493
f 2491 2493 2494
f 2495 2496 2497
f 2495 2497 2498
f 2499 2500 2501
f 2499 2501 2502
f 2503 2504 2505
f 2503 2505 2506
f 2507 2508 2509
f 2507 2509 2510
f 2511 2512 2513
f 2511 2513 2514
f 2515 2516 2517
f 2515 2517 2518
f 2519 2520 2521
f 2519 2521 2522
f 2523 2524 2525
f 2523 2525 2526
f 2527 2528 2529
f 2527 2529 2530
f 2531 2532 2533
f 2531 2533 2534
f 2535 2536 2537
f 2535 2537 2538
f 2539 2540 2541
f 2539 2541 2542
f 2543 2544 2545
f 2543 2545 2546
f 2547 2548 2549
f 2547 2549 2550
f 2551 2552 2553
f 2551 2553 2554
f 2555 2556 2557
f 2555 2557 2558
v -8.8096 -3.1420 0.7500
v -8.7892 -3.1460 0.7500
v -8.7679 -3.1492 0.7500
v -8.7459 -3.1516 0.7500
v -8.7234 -3.1528 0.7500
v -8.6997 -3.1532 0.7500
v -8.6596 -3.1524 0.7500
v -8.6215 -3.1492 0.7500
v -8.5846 -3.1444 0.7500
v -8.5501 -3.1371 0.7500
v -8.5169 -3.1283 0.7500
v -8.4852 -3.1175 0.7500
v -8.4555 -3.1043 0.7500
v -8.4274 -3.0894 0.7500
v -8.4009 -3.0726 0.7500
v -8.3765 -3.0537 0.7500
v -8.3536 -3.0325 0.7500
v -8.3320 -3.0092 0.7500
v -8.3119 -2.9839 0.7500
v -8.2931 -2.9563 0.7500
v -8.2762 -2.9262 0.7500
v -8.2606 -2.8941 0.7500
v -8.2461 -2.8596 0.7500
v -8.2337 -2.8231 0.7500
v -8.2225 -2.7846 0.7500
v -8.2128 -2.7433 0.7500
v -8.2072 -2.7152 0.7500
v -8.2028 -2.6875 0.7500
v -8.1996 -2.6615 0.7500
v -8.1976 -2.6362 0.7500
v -8.1968 -2.6121 0.7500
v -8.1976 -2.5889 0.7500
v -8.1992 -2.5668 0.7500
v -8.2024 -2.5456 0.7500
v -8.2064 -2.5259 0.7500
v -8.2120 -2.5067 0.7500
v -8.2189 -2.4890 0.7500
v -8.2265 -2.4718 0.7500
v -8.2349 -2.4557 0.7500
v -8.2445 -2.4409 0.7500
v -8.2550 -2.4265 0.7500
v -8.2666 -2.4136 0.7500
v -8.2790 -2.4012 0.7500
v -8.2927 -2.3900 0.7500
v -8.3075 -2.3795 0.7500
v -8.3227 -2.3703 0.7500
v -8.3396 -2.3619 0.7500
v -8.3568 -2.3547 0.7500
v -8.3745 -2.3478 0.7500
v -8.3933 -2.3422 0.7500
v -8.4130 -2.3374 0.7500
v -8.4334 -2.3334 0.7500
v -8.4547 -2.3302 0.7500
v -8.4767 -2.3278 0.7500
v -8.4992 -2.3266 0.7500
v -8.5229 -2.3262 0.7500
v -8.5630 -2.3270 0.7500
v -8.6015 -2.3302 0.7500
v -8.6384 -2.3350 0.7500
v -8.6733 -2.3418 0.7500
v -8.7066 -2.3507 0.7500
v -8.7382 -2.3611 0.7500
v -8.7679 -2.3739 0.7500
v -8.7960 -2.3884 0.7500
v -8.8221 -2.4048 0.7500
v -8.8465 -2.4232 0.7500
v -8.8698 -2.4441 0.7500
v -8.8911 -2.4674 0.7500
v -8.9111 -2.4930 0.7500
v -8.9300 -2.5211 0.7500
v -8.9472 -2.5520 0.7500
v -8.9632 -2.5853 0.7500
v -8.9777 -2.6210 0.7500
v -8.9905 -2.6595 0.7500
v -9.0021 -2.7000 0.7500
v -9.0122 -2.7433 0.7500
v -9.0178 -2.7706 0.7500
v -9.0218 -2.7970 0.7500
v -9.0246 -2.8223 0.7500
v -9.0266 -2.8464 0.7500
v -9.0270 -2.8700 0.7500
v -9.0262 -2.8925 0.7500
v -9.0242 -2.9138 0.7500
v -9.0210 -2.9342 0.7500
v -9.0166 -2.9539 0.7500
v -9.0110 -2.9727 0.7500
v -9.0046 -2.9904 0.7500
v -8.9965 -3.0072 0.7500
v -8.9881 -3.0228 0.7500
v -8.9785 -3.0381 0.7500
v -8.9677 -3.0521 0.7500
v -8.9560 -3.0650 0.7500
v -8.9436 -3.0774 0.7500
v -8.9300 -3.0886 0.7500
v -8.9151 -3.0990 0.7500
v -8.8995 -3.1083 0.7500
v -8.8830 -3.1171 0.7500
v -8.8658 -3.1247 0.7500
v -8.8477 -3.1311 0.7500
v -8.8289 -3.1371 0.7500
v -8.5894 -2.9735 0.7500
v -8.6067 -2.9775 0.7500
v -8.6247 -2.9803 0.7500
v -8.6440 -2.9819 0.7500
v -8.6636 -2.9827 0.7500
v -8.6781 -2.9823 0.7500
v -8.6921 -2.9815 0.7500
v -8.7050 -2.9803 0.7500
v -8.7174 -2.9787 0.7500
v -8.7290 -2.9767 0.7500
v -8.7398 -2.9739 0.7500
v -8.7499 -2.9711 0.7500
v -8.7591 -2.9675 0.7500
v -8.7679 -2.9635 0.7500
v -8.7755 -2.9591 0.7500
v -8.7828 -2.9539 0.7500
v -8.7896 -2.9482 0.7500
v -8.7952 -2.9422 0.7500
v -8.8004 -2.9354 0.7500
v -8.8052 -2.9278 0.7500
v -8.8092 -2.9202 0.7500
v -8.8128 -2.9113 0.7500
v -8.8156 -2.9025 0.7500
v -8.8177 -2.8925 0.7500
v -8.8193 -2.8825 0.7500
v -8.8205 -2.8712 0.7500
v -8.8209 -2.8600 0.7500
v -8.8209 -2.8476 0.7500
v -8.8205 -2.8347 0.7500
v -8.8197 -2.8211 0.7500
v -8.8181 -2.8071 0.7500
v -8.8165 -2.7922 0.7500
v -8.8140 -2.7766 0.7500
v -8.8112 -2.7601 0.7500
v -8.8080 -2.7433 0.7500
v -8.8020 -2.7172 0.7500
v -8.7956 -2.6928 0.7500
v -8.7884 -2.6699 0.7500
v -8.7804 -2.6486 0.7500
v -8.7719 -2.6286 0.7500
v -8.7631 -2.6105 0.7500
v -8.7535 -2.5937 0.7500
v -8.7431 -2.5789 0.7500
v -8.7322 -2.5652 0.7500
v -8.7210 -2.5536 0.7500
v -8.7086 -2.5432 0.7500
v -8.6957 -2.5335 0.7500
v -8.6817 -2.5251 0.7500
v -8.6673 -2.5179 0.7500
v -8.6516 -2.5119 0.7500
v -8.6348 -2.5071 0.7500
v -8.6175 -2.5031 0.7500
v -8.5995 -2.5003 0.7500
v -8.5802 -2.4986 0.7500
v -8.5602 -2.4982 0.7500
v -8.5457 -2.4982 0.7500
v -8.5321 -2.4990 0.7500
v -8.5193 -2.5003 0.7500
v -8.5072 -2.5019 0.7500
v -8.4956 -2.5039 0.7500
v -8.4848 -2.5063 0.7500
v -8.4747 -2.5091 0.7500
v -8.4655 -2.5123 0.7500
v -8.4567 -2.5163 0.7500
v -8.4487 -2.5203 0.7500
v -8.4415 -2.5251 0.7500
v -8.4346 -2.5307 0.7500
v -8.4286 -2.5367 0.7500
v -8.4234 -2.5436 0.7500
v -8.4186 -2.5508 0.7500
v -8.4146 -2.5588 0.7500
v -8.4110 -2.5672 0.7500
v -8.4082 -2.5765 0.7500
v -8.4062 -2.5861 0.7500
v -8.4046 -2.5965 0.7500
v -8.4034 -2.6077 0.7500
v -8.4030 -2.6194 0.7500
v -8.4030 -2.6322 0.7500
v -8.4038 -2.6458 0.7500
v -8.4050 -2.6599 0.7500
v -8.4066 -2.6751 0.7500
v -8.4086 -2.6912 0.7500
v -8.4114 -2.7076 0.7500
v -8.4146 -2.7252 0.7500
v -8.4182 -2.7433 0.7500
v -8.4238 -2.7674 0.7500
v -8.4298 -2.7902 0.7500
v -8.4370 -2.8115 0.7500
v -8.4443 -2.8315 0.7500
v -8.4527 -2.8504 0.7500
v -8.4615 -2.8680 0.7500
v -8.4711 -2.8841 0.7500
v -8.4812 -2.8989 0.7500
v -8.4920 -2.9125 0.7500
v -8.5036 -2.9246 0.7500
v -8.5157 -2.9358 0.7500
v -8.5289 -2.9454 0.7500
v -8.5429 -2.9543 0.7500
v -8.5574 -2.9619 0.7500
v -8.5730 -2.9683 0.7500
v -8.8096 -3.1420 -0.7500
v -8.7892 -3.1460 -0.7500
v -8.7679 -3.1492 -0.7500
v -8.7459 -3.1516 -0.7500
v -8.7234 -3.1528 -0.7500
v -8.6997 -3.1532 -0.7500
v -8.6596 -3.1524 -0.7500
v -8.6215 -3.1492 -0.7500
v -8.5846 -3.1444 -0.7500
v -8.5501 -3.1371 -0.7500
v -8.5169 -3.1283 -0.7500
v -8.4852 -3.1175 -0.7500
v -8.4555 -3.1043 -0.7500
v -8.4274 -3.0894 -0.7500
v -8.4009 -3.0726 -0.7500
v -8.3765 -3.0537 -0.7500
v -8.3536 -3.0325 -0.7500
v -8.3320 -3.0092 -0.7500
v -8.3119 -2.9839 -0.7500
v -8.2931 -2.9563 -0.7500
v -8.2762 -2.9262 -0.7500
v -8.2606 -2.8941 -0.7500
v -8.2461 -2.8596 -0.7500
v -8.2337 -2.8231 -0.7500
v -8.2225 -2.7846 -0.7500
v -8.2128 -2.7433 -0.7500
v -8.2072 -2.7152 -0.7500
v -8.2028 -2.6875 -0.7500
v -8.1996 -2.6615 -0.7500
v -8.1976 -2.6362 -0.7500
v -8.1968 -2.6121 -0.7500
v -8.1976 -2.5889 -0.7500
v -8.1992 -2.5668 -0.7500
v -8.2024 -2.5456 -0.7500
v -8.2064 -2.5259 -0.7500
v -8.2120 -2.5067 -0.7500
v -8.2189 -2.4890 -0.7500
v -8.2265 -2.4718 -0.7500
v -8.2349 -2.4557 -0.7500
v -8.2445 -2.4409 -0.7500
v -8.2550 -2.4265 -0.7500
v -8.2666 -2.4136 -0.7500
v -8.2790 -2.4012 -0.7500
v -8.2927 -2.3900 -0.7500
v -8.3075 -2.3795 -0.7500
v -8.3227 -2.3703 -0.7500
v -8.3396 -2.3619 -0.7500
v -8.3568 -2.3547 -0.7500
v -8.3745 -2.3478 -0.7500
v -8.3933 -2.3422 -0.7500
v -8.4130 -2.3374 -0.7500
v -8.4334 -2.3334 -0.7500
v -8.4547 -2.3302 -0.7500
v -8.4767 -2.3278 -0.7500
v -8.4992 -2.3266 -0.7500
v -8.5229 -2.3262 -0.7500
v -8.5630 -2.3270 -0.7500
v -8.6015 -2.3302 -0.7500
v -8.6384 -2.3350 -0.7500
v -8.6733 -2.3418 -0.7500
v -8.7066 -2.3507 -0.7500
v -8.7382 -2.3611 -0.7500
v -8.7679 -2.3739 -0.7500
v -8.7960 -2.3884 -0.7500
v -8.8221 -2.4048 -0.7500
v -8.8465 -2.4232 -0.7500
v -8.8698 -2.4441 -0.7500
v -8.8911 -2.4674 -0.7500
v -8.9111 -2.4930 -0.7500
v -8.9300 -2.5211 -0.7500
v -8.9472 -2.5520 -0.7500
v -8.9632 -2.5853 -0.7500
v -8.9777 -2.6210 -0.7500
v -8.9905 -2.6595 -0.7500
v -9.0021 -2.7000 -0.7500
v -9.0122 -2.7433 -0.7500
v -9.0178 -2.7706 -0.7500
v -9.0218 -2.7970 -0.7500
v -9.0246 -2.8223 -0.7500
v -9.0266 -2.8464 -0.7500
v -9.0270 -2.8700 -0.7500
v -9.0262 -2.8925 -0.7500
v -9.0242 -2.9138 -0.7500
v -9.0210 -2.9342 -0.7500
v -9.0166 -2.9539 -0.7500
v -9.0110 -2.9727 -0.7500
v -9.0046 -2.9904 -0.7500
v -8.9965 -3.0072 -0.7500
v -8.9881 -3.0228 -0.7500
v -8.9785 -3.0381 -0.7500
v -8.9677 -3.0521 -0.7500
v -8.9560 -3.0650 -0.7500
v -8.9436 -3.0774 -0.7500
v -8.9300 -3.0886 -0.7500
v -8.9151 -3.0990 -0.7500
v -8.8995 -3.1083 -0.7500
v -8.8830 -3.1171 -0.7500
v -8.8658 -3.1247 -0.7500
v -8.8477 -3.1311 -0.7500
v -8.8289 -3.1371 -0.7500
v -8.5894 -2.9735 -0.7500
v -8.6067 -2.9775 -0.7500
v -8.6247 -2.9803 -0.7500
v -8.6440 -2.9819 -0.7500
v -8.6636 -2.9827 -0.7500
v -8.6781 -2.9823 -0.7500
v -8.6921 -2.9815 -0.7500
v -8.7050 -2.9803 -0.7500
v -8.7174 -2.9787 -0.7500
v -8.7290 -2.9767 -0.7500
v -8.7398 -2.9739 -0.7500
v -8.7499 -2.9711 -0.7500
v -8.7591 -2.9675 -0.7500
v -8.7679 -2.9635 -0.7500
v -8.7755 -2.9591 -0.7500
v -8.7828 -2.9539 -0.7500
v -8.7896 -2.9482 -0.7500
v -8.7952 -2.9422 -0.7500
v -8.8004 -2.9354 -0.7500
v -8.8052 -2.9278 -0.7500
v -8.8092 -2.9202 -0.7500
v -8.8128 -2.9113 -0.7500
v -8.8156 -2.9025 -0.7500
v -8.8177 -2.8925 -0.7500
v -8.8193 -2.8825 -0.7500
v -8.8205 -2.8712 -0.7500
v -8.8209 -2.8600 -0.7500
v -8.8209 -2.8476 -0.7500
v -8.8205 -2.8347 -0.7500
v -8.8197 -2.8211 -0.7500
v -8.8181 -2.8071 -0.7500
v -8.8165 -2.7922 -0.7500
v -8.8140 -2.7766 -0.7500
v -8.8112 -2.7601 -0.7500
v -8.8080 -2.7433 -0.7500
v -8.8020 -2.7172 -0.7500
v -8.7956 -2.6928 -0.7500
v -8.7884 -2.6699 -0.7500
v -8.7804 -2.6486 -0.7500
v -8.7719 -2.6286 -0.7500
v -8.7631 -2.6105 -0.7500
v -8.7535 -2.5937 -0.7500
v -8.7431 -2.5789 -0.7500
v -8.7322 -2.5652 -0.7500
v -8.7210 -2.5536 -0.7500
v -8.7086 -2.5432 -0.7500
v -8.6957 -2.5335 -0.7500
v -8.6817 -2.5251 -0.7500
v -8.6673 -2.5179 -0.7500
v -8.6516 -2.5119 -0.7500
v -8.6348 -2.5071 -0.7500
v -8.6175 -2.5031 -0.7500
v -8.5995 -2.5003 -0.7500
v -8.5802 -2.4986 -0.7500
v -8.5602 -2.4982 -0.7500
v -8.5457 -2.4982 -0.7500
v -8.5321 -2.4990 -0.7500
v -8.5193 -2.5003 -0.7500
v -8.5072 -2.5019 -0.7500
v -8.4956 -2.5039 -0.7500
v -8.4848 -2.5063 -0.7500
v -8.4747 -2.5091 -0.7500
v -8.4655 -2.5123 -0.7500
v -8.4567 -2.5163 -0.7500
v -8.4487 -2.5203 -0.7500
v -8.4415 -2.5251 -0.7500
v -8.4346 -2.5307 -0.7500
v -8.4286 -2.5367 -0.7500
v -8.4234 -2.5436 -0.7500
v -8.4186 -2.5508 -0.7500
v -8.4146 -2.5588 -0.7500
v -8.4110 -2.5672 -0.7500
v -8.4082 -2.5765 -0.7500
v -8.4062 -2.5861 -0.7500
v -8.4046 -2.5965 -0.7500
v -8.4034 -2.6077 -0.7500
v -8.4030 -2.6194 -0.7500
v -8.4030 -2.6322 -0.7500
v -8.4038 -2.6458 -0.7500
v -8.4050 -2.6599 -0.7500
v -8.4066 -2.6751 -0.7500
v -8.4086 -2.6912 -0.7500
v -8.4114 -2.7076 -0.7500
v -8.4146 -2.7252 -0.7500
v -8.4182 -2.7433 -0.7500
v -8.4238 -2.7674 -0.7500
v -8.4298 -2.7902 -0.7500
v -8.4370 -2.8115 -0.7500
v -8.4443 -2.8315 -0.7500
v -8.4527 -2.8504 -0.7500
v -8.4615 -2.8680 -0.7500
v -8.4711 -2.8841 -0.7500
v -8.4812 -2.8989 -0.7500
v -8.4920 -2.9125 -0.7500
v -8.5036 -2.9246 -0.7500
v -8.5157 -2.9358 -0.7500
v -8.5289 -2.9454 -0.7500
v -8.5429 -2.9543 -0.7500
v -8.5574 -2.9619 -0.7500
v -8.5730 -2.9683 -0.7500
v -8.8209 -2.8600 -0.7500
v -8.8209 -2.8476 -0.7500
v -8.8209 -2.8476 0.7500
v -8.8209 -2.8600 0.7500
v -8.8197 -2.8211 -0.7500
v -8.8181 -2.8071 -0.7500
v -8.8181 -2.8071 0.7500
v -8.8197 -2.8211 0.7500
v -8.8181 -2.8071 -0.7500
v -8.8165 -2.7922 -0.7500
v -8.8165 -2.7922 0.7500
v -8.8181 -2.8071 0.7500
v -8.8205 -2.8712 -0.7500
v -8.8209 -2.8600 -0.7500
v -8.8209 -2.8600 0.7500
v -8.8205 -2.8712 0.7500
v -9.0270 -2.8700 -0.7500
v -9.0262 -2.8925 -0.7500
v -9.0262 -2.8925 0.7500
v -9.0270 -2.8700 0.7500
v -9.0262 -2.8925 -0.7500
v -9.0242 -2.9138 -0.7500
v -9.0242 -2.9138 0.7500
v -9.0262 -2.8925 0.7500
v -9.0242 -2.9138 -0.7500
v -9.0210 -2.9342 -0.7500
v -9.0210 -2.9342 0.7500
v -9.0242 -2.9138 0.7500
v -9.0210 -2.9342 -0.7500
v -9.0166 -2.9539 -0.7500
v -9.0166 -2.9539 0.7500
v -9.0210 -2.9342 0.7500
v -9.0166 -2.9539 -0.7500
v -9.0110 -2.9727 -0.7500
v -9.0110 -2.9727 0.7500
v -9.0166 -2.9539 0.7500
v -9.0110 -2.9727 -0.7500
v -9.0046 -2.9904 -0.7500
v -9.0046 -2.9904 0.7500
v -9.0110 -2.9727 0.7500
v -9.0046 -2.9904 -0.7500
v -8.9965 -3.0072 -0.7500
v -8.9965 -3.0072 0.7500
v -9.0046 -2.9904 0.7500
v -8.9965 -3.0072 -0.7500
v -8.9881 -3.0228 -0.7500
v -8.9881 -3.0228 0.7500
v -8.9965 -3.0072 0.7500
v -8.9881 -3.0228 -0.7500
v -8.9785 -3.0381 -0.7500
v -8.9785 -3.0381 0.7500
v -8.9881 -3.0228 0.7500
v -8.9785 -3.0381 -0.7500
v -8.9677 -3.0521 -0.7500
v -8.9677 -3.0521 0.7500
v -8.9785 -3.0381 0.7500
v -8.9677 -3.0521 -0.7500
v -8.9560 -3.0650 -0.7500
v -8.9560 -3.0650 0.7500
v -8.9677 -3.0521 0.7500
v -8.9560 -3.0650 -0.7500
v -8.9436 -3.0774 -0.7500
v -8.9436 -3.0774 0.7500
v -8.9560 -3.0650 0.7500
v -8.9436 -3.0774 -0.7500
v -8.9300 -3.0886 -0.7500
v -8.9300 -3.0886 0.7500
v -8.9436 -3.0774 0.7500
v -8.9300 -3.0886 -0.7500
v -8.9151 -3.0990 -0.7500
v -8.9151 -3.0990 0.7500
v -8.9300 -3.0886 0.7500
v -8.9151 -3.0990 -0.7500
v -8.8995 -3.1083 -0.7500
v -8.8995 -3.1083 0.7500
v -8.9151 -3.0990 0.7500
v -8.8995 -3.1083 -0.7500
v -8.8830 -3.1171 -0.7500
v -8.8830 -3.1171 0.7500
v -8.8995 -3.1083 0.7500
v -8.8830 -3.1171 -0.7500
v -8.8658 -3.1247 -0.7500
v -8.8658 -3.1247 0.7500
v -8.8830 -3.1171 0.7500
v -8.8658 -3.1247 -0.7500
v -8.8477 -3.1311 -0.7500
v -8.8477 -3.1311 0.7500
v -8.8658 -3.1247 0.7500
v -8.8477 -3.1311 -0.7500
v -8.8289 -3.1371 -0.7500
v -8.8289 -3.1371 0.7500
v -8.8477 -3.1311 0.7500
v -8.8289 -3.1371 -0.7500
v -8.8096 -3.1420 -0.7500
v -8.8096 -3.1420 0.7500
v -8.8289 -3.1371 0.7500
v -8.8096 -3.1420 -0.7500
v -8.7892 -3.1460 -0.7500
v -8.7892 -3.1460 0.7500
v -8.8096 -3.1420 0.7500
v -8.7892 -3.1460 -0.7500
v -8.7679 -3.1492 -0.7500
v -8.7679 -3.1492 0.7500
v -8.7892 -3.1460 0.7500
v -8.7679 -3.1492 -0.7500
v -8.7459 -3.1516 -0.7500
v -8.7459 -3.1516 0.7500
v -8.7679 -3.1492 0.7500
v -8.7459 -3.1516 -0.7500
v -8.7234 -3.1528 -0.7500
v -8.7234 -3.1528 0.7500
v -8.7459 -3.1516 0.7500
v -8.7234 -3.1528 -0.7500
v -8.6997 -3.1532 -0.7500
v -8.6997 -3.1532 0.7500
v -8.7234 -3.1528 0.7500
v -8.6997 -3.1532 -0.7500
v -8.6596 -3.1524 -0.7500
v -8.6596 -3.1524 0.7500
v -8.6997 -3.1532 0.7500
v -8.6596 -3.1524 -0.7500
v -8.6215 -3.1492 -0.7500
v -8.6215 -3.1492 0.7500
v -8.6596 -3.1524 0.7500
v -8.6215 -3.1492 -0.7500
v -8.5846 -3.1444 -0.7500
v -8.5846 -3.1444 0.7500
v -8.6215 -3.1492 0.7500
v -8.5846 -3.1444 -0.7500
v -8.5501 -3.1371 -0.7500
v -8.5501 -3.1371 0.7500
v -8.5846 -3.1444 0.7500
v -8.5501 -3.1371 -0.7500
v -8.5169 -3.1283 -0.7500
v -8.5169 -3.1283 0.7500
v -8.5501 -3.1371 0.7500
v -8.5169 -3.1283 -0.7500
v -8.4852 -3.1175 -0.7500
v -8.4852 -3.1175 0.7500
v -8.5169 -3.1283 0.7500
v -8.4852 -3.1175 -0.7500
v -8.4555 -3.1043 -0.7500
v -8.4555 -3.1043 0.7500
v -8.4852 -3.1175 0.7500
v -8.4555 -3.1043 -0.7500
v -8.4274 -3.0894 -0.7500
v -8.4274 -3.0894 0.7500
v -8.4555 -3.1043 0.7500
v -8.4274 -3.0894 -0.7500
v -8.4009 -3.0726 -0.7500
v -8.4009 -3.0726 0.7500
v -8.4274 -3.0894 0.7500
v -8.4009 -3.0726 -0.7500
v -8.3765 -3.0537 -0.7500
v -8.3765 -3.0537 0.7500
v -8.4009 -3.0726 0.7500
v -8.3765 -3.0537 -0.7500
v -8.3536 -3.0325 -0.7500
v -8.3536 -3.0325 0.7500
v -8.3765 -3.0537 0.7500
v -8.3536 -3.0325 -0.7500
v -8.3320 -3.0092 -0.7500
v -8.3320 -3.0092 0.7500
v -8.3536 -3.0325 0.7500
v -8.3320 -3.0092 -0.7500
v -8.3119 -2.9839 -0.7500
v -8.3119 -2.9839 0.7500
v -8.3320 -3.0092 0.7500
v -8.3119 -2.9839 -0.7500
v -8.2931 -2.9563 -0.7500
v -8.2931 -2.9563 0.7500
v -8.3119 -2.9839 0.7500
v -8.2931 -2.9563 -0.7500
v -8.2762 -2.9262 -0.7500
v -8.2762 -2.9262 0.7500
v -8.2931 -2.9563 0.7500
v -8.2762 -2.9262 -0.7500
v -8.2606 -2.8941 -0.7500
v -8.2606 -2.8941 0.7500
v -8.2762 -2.9262 0.7500
v -8.2606 -2.8941 -0.7500
v -8.2461 -2.8596 -0.7500
v -8.2461 -2.8596 0.7500
v -8.2606 -2.8941 0.7500
v -8.2461 -2.8596 -0.7500
v -8.2337 -2.8231 -0.7500
v -8.2337 -2.8231 0.7500
v -8.2461 -2.8596 0.7500
v -8.2337 -2.8231 -0.7500
v -8.2225 -2.7846 -0.7500
v -8.2225 -2.7846 0.7500
v -8.2337 -2.8231 0.7500
v -8.2225 -2.7846 -0.7500
v -8.2128 -2.7433 -0.7500
v -8.2128 -2.7433 0.7500
v -8.2225 -2.7846 0.7500
v -8.2128 -2.7433 -0.7500
v -8.2072 -2.7152 -0.7500
v -8.2072 -2.7152 0.7500
v -8.2128 -2.7433 0.7500
v -8.2072 -2.7152 -0.7500
v -8.2028 -2.6875 -0.7500
v -8.2028 -2.6875 0.7500
v -8.2072 -2.7152 0.7500
v -8.2028 -2.6875 -0.7500
v -8.1996 -2.6615 -0.7500
v -8.1996 -2.6615 0.7500
v -8.2028 -2.6875 0.7500
v -8.1996 -2.6615 -0.7500
v -8.1976 -2.6362 -0.7500
v -8.1976 -2.6362 0.7500
v -8.1996 -2.6615 0.7500
v -8.1976 -2.6362 -0.7500
v -8.1968 -2.6121 -0.7500
v -8.1968 -2.6121 0.7500
v -8.1976 -2.6362 0.7500
v -8.1968 -2.6121 -0.7500
v -8.1976 -2.5889 -0.7500
v -8.1976 -2.5889 0.7500
v -8.1968 -2.6121 0.7500
v -8.1976 -2.5889 -0.7500
v -8.1992 -2.5668 -0.7500
v -8.1992 -2.5668 0.7500
v -8.1976 -2.5889 0.7500
v -8.1992 -2.5668 -0.7500
v -8.2024 -2.5456 -0.7500
v -8.2024 -2.5456 0.7500
v -8.1992 -2.5668 0.7500
v -8.2024 -2.5456 -0.7500
v -8.2064 -2.5259 -0.7500
v -8.2064 -2.5259 0.7500
v -8.2024 -2.5456 0.7500
v -8.2064 -2.5259 -0.7500
v -8.2120 -2.5067 -0.7500
v -8.2120 -2.5067 0.7500
v -8.2064 -2.5259 0.7500
v -8.2120 -2.5067 -0.7500
v -8.2189 -2.4890 -0.7500
v -8.2189 -2.4890 0.7500
v -8.2120 -2.5067 0.7500
v -8.2189 -2.4890 -0.7500
v -8.2265 -2.4718 -0.7500
v -8.2265 -2.4718 0.7500
v -8.2189 -2.4890 0.7500
v -8.2265 -2.4718 -0.7500
v -8.2349 -2.4557 -0.7500
v -8.2349 -2.4557 0.7500
v -8.2265 -2.4718 0.7500
v -8.2349 -2.4557 -0.7500
v -8.2445 -2.4409 -0.7500
v -8.2445 -2.4409 0.7500
v -8.2349 -2.4557 0.7500
v -8.2445 -2.4409 -0.7500
v -8.2550 -2.4265 -0.7500
v -8.2550 -2.4265 0.7500
v -8.2445 -2.4409 0.7500
v -8.2550 -2.4265 -0.7500
v -8.2666 -2.4136 -0.7500
v -8.2666 -2.4136 0.7500
v -8.2550 -2.4265 0.7500
v -8.2666 -2.4136 -0.7500
v -8.2790 -2.4012 -0.7500
v -8.2790 -2.4012 0.7500
v -8.2666 -2.4136 0.7500
v -8.2790 -2.4012 -0.7500
v -8.2927 -2.3900 -0.7500
v -8.2927 -2.3900 0.7500
v -8.2790 -2.4012 0.7500
v -8.2927 -2.3900 -0.7500
v -8.3075 -2.3795 -0.7500
v -8.3075 -2.3795 0.7500
v -8.2927 -2.3900 0.7500
v -8.3075 -2.3795 -0.7500
v -8.3227 -2.3703 -0.7500
v -8.3227 -2.3703 0.7500
v -8.3075 -2.3795 0.7500
v -8.3227 -2.3703 -0.7500
v -8.3396 -2.3619 -0.7500
v -8.3396 -2.3619 0.7500
v -8.3227 -2.3703 0.7500
v -8.3396 -2.3619 -0.7500
v -8.3568 -2.3547 -0.7500
v -8.3568 -2.3547 0.7500
v -8.3396 -2.3619 0.7500
v -8.3568 -2.3547 -0.7500
v -8.3745 -2.3478 -0.7500
v -8.3745 -2.3478 0.7500
v -8.3568 -2.3547 0.7500
v -8.3745 -2.3478 -0.7500
v -8.3933 -2.3422 -0.7500
v -8.3933 -2.3422 0.7500
v -8.3745 -2.3478 0.7500
v -8.3933 -2.3422 -0.7500
v -8.4130 -2.3374 -0.7500
v -8.4130 -2.3374 0.7500
v -8.3933 -2.3422 0.7500
v -8.4130 -2.3374 -0.7500
v -8.4334 -2.3334 -0.7500
v -8.4334 -2.3334 0.7500
v -8.4130 -2.3374 0.7500
v -8.4334 -2.3334 -0.7500
v -8.4547 -2.3302 -0.7500
v -8.4547 -2.3302 0.7500
v -8.4334 -2.3334 0.7500
v -8.4547 -2.3302 -0.7500
v -8.4767 -2.3278 -0.7500
v -8.4767 -2.3278 0.7500
v -8.4547 -2.3302 0.7500
v -8.4767 -2.3278 -0.7500
v -8.4992 -2.3266 -0.7500
v -8.4992 -2.3266 0.7500
v -8.4767 -2.3278 0.7500
v -8.4992 -2.3266 -0.7500
v -8.5229 -2.3262 -0.7500
v -8.5229 -2.3262 0.7500
v -8.4992 -2.3266 0.7500
v -8.5229 -2.3262 -0.7500
v -8.5630 -2.3270 -0.7500
v -8.5630 -2.3270 0.7500
v -8.5229 -2.3262 0.7500
v -8.5630 -2.3270 -0.7500
v -8.6015 -2.3302 -0.7500
v -8.6015 -2.3302 0.7500
v -8.5630 -2.3270 0.7500
v -8.6015 -2.3302 -0.7500
v -8.6384 -2.3350 -0.7500
v -8.6384 -2.3350 0.7500
v -8.6015 -2.3302 0.7500
v -8.6384 -2.3350 -0.7500
v -8.6733 -2.3418 -0.7500
v -8.6733 -2.3418 0.7500
v -8.6384 -2.3350 0.7500
v -8.6733 -2.3418 -0.7500
v -8.7066 -2.3507 -0.7500
v -8.7066 -2.3507 0.7500
v -8.6733 -2.3418 0.7500
v -8.7066 -2.3507 -0.7500
v -8.7382 -2.3611 -0.7500
v -8.7382 -2.3611 0.7500
v -8.7066 -2.3507 0.7500
v -8.7382 -2.3611 -0.7500
v -8.7679 -2.3739 -0.7500
v -8.7679 -2.3739 0.7500
v -8.7382 -2.3611 0.7500
v -8.7679 -2.3739 -0.7500
v -8.7960 -2.3884 -0.7500
v -8.7960 -2.3884 0.7500
v -8.7679 -2.3739 0.7500
v -8.7960 -2.3884 -0.7500
v -8.8221 -2.4048 -0.7500
v -8.8221 -2.4048 0.7500
v -8.7960 -2.3884 0.7500
v -8.8221 -2.4048 -0.7500
v -8.8465 -2.4232 -0.7500
v -8.8465 -2.4232 0.7500
v -8.8221 -2.4048 0.7500
v -8.8465 -2.4232 -0.7500
v -8.8698 -2.4441 -0.7500
v -8.8698 -2.4441 0.7500
v -8.8465 -2.4232 0.7500
v -8.8698 -2.4441 -0.7500
v -8.8911 -2.4674 -0.7500
v -8.8911 -2.4674 0.7500
v -8.8698 -2.4441 0.7500
v -8.8911 -2.4674 -0.7500
v -8.9111 -2.4930 -0.7500
v -8.9111 -2.4930 0.7500
v -8.8911 -2.4674 0.7500
v -8.9111 -2.4930 -0.7500
v -8.9300 -2.5211 -0.7500
v -8.9300 -2.5211 0.7500
v -8.9111 -2.4930 0.7500
v -8.9300 -2.5211 -0.7500
v -8.9472 -2.5520 -0.7500
v -8.9472 -2.5520 0.7500
v -8.9300 -2.5211 0.7500
v -8.9472 -2.5520 -0.7500
v -8.9632 -2.5853 -0.7500
v -8.9632 -2.5853 0.7500
v -8.9472 -2.5520 0.7500
v -8.9632 -2.5853 -0.7500
v -8.9777 -2.6210 -0.7500
v -8.9777 -2.6210 0.7500
v -8.9632 -2.5853 0.7500
v -8.9777 -2.6210 -0.7500
v -8.9905 -2.6595 -0.7500
v -8.9905 -2.6595 0.7500
v -8.9777 -2.6210 0.7500
v -8.9905 -2.6595 -0.7500
v -9.0021 -2.7000 -0.7500
v -9.0021 -2.7000 0.7500
v -8.9905 -2.6595 0.7500
v -9.0021 -2.7000 -0.7500
v -9.0122 -2.7433 -0.7500
v -9.0122 -2.7433 0.7500
v -9.0021 -2.7000 0.7500
v -9.0122 -2.7433 -0.7500
v -9.0178 -2.7706 -0.7500
v -9.0178 -2.7706 0.7500
v -9.0122 -2.7433 0.7500
v -9.0178 -2.7706 -0.7500
v -9.0218 -2.7970 -0.7500
v -9.0218 -2.7970 0.7500
v -9.0178 -2.7706 0.7500
v -9.0218 -2.7970 -0.7500
v -9.0246 -2.8223 -0.7500
v -9.0246 -2.8223 0.7500
v -9.0218 -2.7970 0.7500
v -9.0246 -2.8223 -0.7500
v -9.0266 -2.8464 -0.7500
v -9.0266 -2.8464 0.7500
v -9.0246 -2.8223 0.7500
v -9.0266 -2.8464 -0.7500
v -9.0270 -2.8700 -0.7500
v -9.0270 -2.8700 0.7500
v -9.0266 -2.8464 0.7500
v -8.8209 -2.8476 -0.7500
v -8.8205 -2.8347 -0.7500
v -8.8205 -2.8347 0.7500
v -8.8209 -2.8476 0.7500
v -8.8193 -2.8825 -0.7500
v -8.8205 -2.8712 -0.7500
v -8.8205 -2.8712 0.7500
v -8.8193 -2.8825 0.7500
v -8.8205 -2.8347 -0.7500
v -8.8197 -2.8211 -0.7500
v -8.8197 -2.8211 0.7500
v -8.8205 -2.8347 0.7500
v -8.8177 -2.8925 -0.7500
v -8.8193 -2.8825 -0.7500
v -8.8193 -2.8825 0.7500
v -8.8177 -2.8925 0.7500
v -8.8156 -2.9025 -0.7500
v -8.8177 -2.8925 -0.7500
v -8.8177 -2.8925 0.7500
v -8.8156 -2.9025 0.7500
v -8.8128 -2.9113 -0.7500
v -8.8156 -2.9025 -0.7500
v -8.8156 -2.9025 0.7500
v -8.8128 -2.9113 0.7500
v -8.8165 -2.7922 -0.7500
v -8.8140 -2.7766 -0.7500
v -8.8140 -2.7766 0.7500
v -8.8165 -2.7922 0.7500
v -8.8092 -2.9202 -0.7500
v -8.8128 -2.9113 -0.7500
v -8.8128 -2.9113 0.7500
v -8.8092 -2.9202 0.7500
v -8.8140 -2.7766 -0.7500
v -8.8112 -2.7601 -0.7500
v -8.8112 -2.7601 0.7500
v -8.8140 -2.7766 0.7500
v -8.8052 -2.9278 -0.7500
v -8.8092 -2.9202 -0.7500
v -8.8092 -2.9202 0.7500
v -8.8052 -2.9278 0.7500
v -8.8112 -2.7601 -0.7500
v -8.8080 -2.7433 -0.7500
v -8.8080 -2.7433 0.7500
v -8.8112 -2.7601 0.7500
v -8.8004 -2.9354 -0.7500
v -8.8052 -2.9278 -0.7500
v -8.8052 -2.9278 0.7500
v -8.8004 -2.9354 0.7500
v -8.8080 -2.7433 -0.7500
v -8.8020 -2.7172 -0.7500
v -8.8020 -2.7172 0.7500
v -8.8080 -2.7433 0.7500
v -8.7952 -2.9422 -0.7500
v -8.8004 -2.9354 -0.7500
v -8.8004 -2.9354 0.7500
v -8.7952 -2.9422 0.7500
v -8.7896 -2.9482 -0.7500
v -8.7952 -2.9422 -0.7500
v -8.7952 -2.9422 0.7500
v -8.7896 -2.9482 0.7500
v -8.8020 -2.7172 -0.7500
v -8.7956 -2.6928 -0.7500
v -8.7956 -2.6928 0.7500
v -8.8020 -2.7172 0.7500
v -8.7828 -2.9539 -0.7500
v -8.7896 -2.9482 -0.7500
v -8.7896 -2.9482 0.7500
v -8.7828 -2.9539 0.7500
v -8.7956 -2.6928 -0.7500
v -8.7884 -2.6699 -0.7500
v -8.7884 -2.6699 0.7500
v -8.7956 -2.6928 0.7500
v -8.7755 -2.9591 -0.7500
v -8.7828 -2.9539 -0.7500
v -8.7828 -2.9539 0.7500
v -8.7755 -2.9591 0.7500
v -8.7884 -2.6699 -0.7500
v -8.7804 -2.6486 -0.7500
v -8.7804 -2.6486 0.7500
v -8.7884 -2.6699 0.7500
v -8.7679 -2.9635 -0.7500
v -8.7755 -2.9591 -0.7500
v -8.7755 -2.9591 0.7500
v -8.7679 -2.9635 0.7500
v -8.7804 -2.6486 -0.7500
v -8.7719 -2.6286 -0.7500
v -8.7719 -2.6286 0.7500
v -8.7804 -2.6486 0.7500
v -8.7591 -2.9675 -0.7500
v -8.7679 -2.9635 -0.7500
v -8.7679 -2.9635 0.7500
v -8.7591 -2.9675 0.7500
v -8.7719 -2.6286 -0.7500
v -8.7631 -2.6105 -0.7500
v -8.7631 -2.6105 0.7500
v -8.7719 -2.6286 0.7500
v -8.7499 -2.9711 -0.7500
v -8.7591 -2.9675 -0.7500
v -8.7591 -2.9675 0.7500
v -8.7499 -2.9711 0.7500
v -8.7631 -2.6105 -0.7500
v -8.7535 -2.5937 -0.7500
v -8.7535 -2.5937 0.7500
v -8.7631 -2.6105 0.7500
v -8.7535 -2.5937 -0.7500
v -8.7431 -2.5789 -0.7500
v -8.7431 -2.5789 0.7500
v -8.7535 -2.5937 0.7500
v -8.7398 -2.9739 -0.7500
v -8.7499 -2.9711 -0.7500
v -8.7499 -2.9711 0.7500
v -8.7398 -2.9739 0.7500
v -8.7431 -2.5789 -0.7500
v -8.7322 -2.5652 -0.7500
v -8.7322 -2.5652 0.7500
v -8.7431 -2.5789 0.7500
v -8.7290 -2.9767 -0.7500
v -8.7398 -2.9739 -0.7500
v -8.7398 -2.9739 0.7500
v -8.7290 -2.9767 0.7500
v -8.7322 -2.5652 -0.7500
v -8.7210 -2.5536 -0.7500
v -8.7210 -2.5536 0.7500
v -8.7322 -2.5652 0.7500
v -8.7174 -2.9787 -0.7500
v -8.7290 -2.9767 -0.7500
v -8.7290 -2.9767 0.7500
v -8.7174 -2.9787 0.7500
v -8.7210 -2.5536 -0.7500
v -8.7086 -2.5432 -0.7500
v -8.7086 -2.5432 0.7500
v -8.7210 -2.5536 0.7500
v -8.7050 -2.9803 -0.7500
v -8.7174 -2.9787 -0.7500
v -8.7174 -2.9787 0.7500
v -8.7050 -2.9803 0.7500
v -8.7086 -2.5432 -0.7500
v -8.6957 -2.5335 -0.7500
v -8.6957 -2.5335 0.7500
v -8.7086 -2.5432 0.7500
v -8.6921 -2.9815 -0.7500
v -8.7050 -2.9803 -0.7500
v -8.7050 -2.9803 0.7500
v -8.6921 -2.9815 0.7500
v -8.6957 -2.5335 -0.7500
v -8.6817 -2.5251 -0.7500
v -8.6817 -2.5251 0.7500
v -8.6957 -2.5335 0.7500
v -8.6781 -2.9823 -0.7500
v -8.6921 -2.9815 -0.7500
v -8.6921 -2.9815 0.7500
v -8.6781 -2.9823 0.7500
v -8.6817 -2.5251 -0.7500
v -8.6673 -2.5179 -0.7500
v -8.6673 -2.5179 0.7500
v -8.6817 -2.5251 0.7500
v -8.6636 -2.9827 -0.7500
v -8.6781 -2.9823 -0.7500
v -8.6781 -2.9823 0.7500
v -8.6636 -2.9827 0.7500
v -8.6673 -2.5179 -0.7500
v -8.3075 -2.3795 -0.7500
v -8.3075 -2.3795 0.7500
v -8.6673 -2.5179 0.7500
v -8.6440 -2.9819 -0.7500
v -8.6636 -2.9827 -0.7500
v -8.6636 -2.9827 0.7500
v -8.6440 -2.9819 0.7500
v -8.6247 -2.9803 -0.7500
v -8.6440 -2.9819 -0.7500
v -8.6440 -2.9819 0.7500
v -8.6247 -2.9803 0.7500
v -8.3075 -2.3795 -0.7500
v -8.6516 -2.5119 -0.7500
v -8.6516 -2.5119 0.7500
v -8.3075 -2.3795 0.7500
v -8.6516 -2.5119 -0.7500
v -8.6348 -2.5071 -0.7500
v -8.6348 -2.5071 0.7500
v -8.6516 -2.5119 0.7500
v -8.6067 -2.9775 -0.7500
v -8.6247 -2.9803 -0.7500
v -8.6247 -2.9803 0.7500
v -8.6067 -2.9775 0.7500
v -8.6348 -2.5071 -0.7500
v -8.6175 -2.5031 -0.7500
v -8.6175 -2.5031 0.7500
v -8.6348 -2.5071 0.7500
v -8.5894 -2.9735 -0.7500
v -8.6067 -2.9775 -0.7500
v -8.6067 -2.9775 0.7500
v -8.5894 -2.9735 0.7500
v -8.6175 -2.5031 -0.7500
v -8.5995 -2.5003 -0.7500
v -8.5995 -2.5003 0.7500
v -8.6175 -2.5031 0.7500
v -8.5730 -2.9683 -0.7500
v -8.5894 -2.9735 -0.7500
v -8.5894 -2.9735 0.7500
v -8.5730 -2.9683 0.7500
v -8.5995 -2.5003 -0.7500
v -8.5802 -2.4986 -0.7500
v -8.5802 -2.4986 0.7500
v -8.5995 -2.5003 0.7500
v -8.5574 -2.9619 -0.7500
v -8.5730 -2.9683 -0.7500
v -8.5730 -2.9683 0.7500
v -8.5574 -2.9619 0.7500
v -8.5802 -2.4986 -0.7500
v -8.5602 -2.4982 -0.7500
v -8.5602 -2.4982 0.7500
v -8.5802 -2.4986 0.7500
v -8.5429 -2.9543 -0.7500
v -8.5574 -2.9619 -0.7500
v -8.5574 -2.9619 0.7500
v -8.5429 -2.9543 0.7500
v -8.5602 -2.4982 -0.7500
v -8.5457 -2.4982 -0.7500
v -8.5457 -2.4982 0.7500
v -8.5602 -2.4982 0.7500
v -8.5289 -2.9454 -0.7500
v -8.5429 -2.9543 -0.7500
v -8.5429 -2.9543 0.7500
v -8.5289 -2.9454 0.7500
v -8.5457 -2.4982 -0.7500
v -8.5321 -2.4990 -0.7500
v -8.5321 -2.4990 0.7500
v -8.5457 -2.4982 0.7500
v -8.5157 -2.9358 -0.7500
v -8.5289 -2.9454 -0.7500
v -8.5289 -2.9454 0.7500
v -8.5157 -2.9358 0.7500
v -8.5321 -2.4990 -0.7500
v -8.5193 -2.5003 -0.7500
v -8.5193 -2.5003 0.7500
v -8.5321 -2.4990 0.7500
v -8.5036 -2.9246 -0.7500
v -8.5157 -2.9358 -0.7500
v -8.5157 -2.9358 0.7500
v -8.5036 -2.9246 0.7500
v -8.5193 -2.5003 -0.7500
v -8.5072 -2.5019 -0.7500
v -8.5072 -2.5019 0.7500
v -8.5193 -2.5003 0.7500
v -8.4920 -2.9125 -0.7500
v -8.5036 -2.9246 -0.7500
v -8.5036 -2.9246 0.7500
v -8.4920 -2.9125 0.7500
v -8.5072 -2.5019 -0.7500
v -8.4956 -2.5039 -0.7500
v -8.4956 -2.5039 0.7500
v -8.5072 -2.5019 0.7500
v -8.4812 -2.8989 -0.7500
v -8.4920 -2.9125 -0.7500
v -8.4920 -2.9125 0.7500
v -8.4812 -2.8989 0.7500
v -8.4956 -2.5039 -0.7500
v -8.4848 -2.5063 -0.7500
v -8.4848 -2.5063 0.7500
v -8.4956 -2.5039 0.7500
v -8.4711 -2.8841 -0.7500
v -8.4812 -2.8989 -0.7500
v -8.4812 -2.8989 0.7500
v -8.4711 -2.8841 0.7500
v -8.4848 -2.5063 -0.7500
v -8.4747 -2.5091 -0.7500
v -8.4747 -2.5091 0.7500
v -8.4848 -2.5063 0.7500
v -8.4615 -2.8680 -0.7500
v -8.4711 -2.8841 -0.7500
v -8.4711 -2.8841 0.7500
v -8.4615 -2.8680 0.7500
v -8.4747 -2.5091 -0.7500
v -8.4655 -2.5123 -0.7500
v -8.4655 -2.5123 0.7500
v -8.4747 -2.5091 0.7500
v -8.4527 -2.8504 -0.7500
v -8.4615 -2.8680 -0.7500
v -8.4615 -2.8680 0.7500
v -8.4527 -2.8504 0.7500
v -8.4655 -2.5123 -0.7500
v -8.4567 -2.5163 -0.7500
v -8.4567 -2.5163 0.7500
v -8.4655 -2.5123 0.7500
v -8.4443 -2.8315 -0.7500
v -8.4527 -2.8504 -0.7500
v -8.4527 -2.8504 0.7500
v -8.4443 -2.8315 0.7500
v -8.4567 -2.5163 -0.7500
v -8.4487 -2.5203 -0.7500
v -8.4487 -2.5203 0.7500
v -8.4567 -2.5163 0.7500
v -8.4370 -2.8115 -0.7500
v -8.4443 -2.8315 -0.7500
v -8.4443 -2.8315 0.7500
v -8.4370 -2.8115 0.7500
v -8.4487 -2.5203 -0.7500
v -8.4415 -2.5251 -0.7500
v -8.4415 -2.5251 0.7500
v -8.4487 -2.5203 0.7500
v -8.4298 -2.7902 -0.7500
v -8.4370 -2.8115 -0.7500
v -8.4370 -2.8115 0.7500
v -8.4298 -2.7902 0.7500
v -8.4415 -2.5251 -0.7500
v -8.4346 -2.5307 -0.7500
v -8.4346 -2.5307 0.7500
v -8.4415 -2.5251 0.7500
v -8.4238 -2.7674 -0.7500
v -8.4298 -2.7902 -0.7500
v -8.4298 -2.7902 0.7500
v -8.4238 -2.7674 0.7500
v -8.4346 -2.5307 -0.7500
v -8.4286 -2.5367 -0.7500
v -8.4286 -2.5367 0.7500
v -8.4346 -2.5307 0.7500
v -8.4182 -2.7433 -0.7500
v -8.4238 -2.7674 -0.7500
v -8.4238 -2.7674 0.7500
v -8.4182 -2.7433 0.7500
v -8.4286 -2.5367 -0.7500
v -8.4234 -2.5436 -0.7500
v -8.4234 -2.5436 0.7500
v -8.4286 -2.5367 0.7500
v -8.4146 -2.7252 -0.7500
v -8.4182 -2.7433 -0.7500
v -8.4182 -2.7433 0.7500
v -8.4146 -2.7252 0.7500
v -8.4234 -2.5436 -0.7500
v -8.4186 -2.5508 -0.7500
v -8.4186 -2.5508 0.7500
v -8.4234 -2.5436 0.7500
v -8.4114 -2.7076 -0.7500
v -8.4146 -2.7252 -0.7500
v -8.4146 -2.7252 0.7500
v -8.4114 -2.7076 0.7500
v -8.4186 -2.5508 -0.7500
v -8.4146 -2.5588 -0.7500
v -8.4146 -2.5588 0.7500
v -8.4186 -2.5508 0.7500
v -8.4086 -2.6912 -0.7500
v -8.4114 -2.7076 -0.7500
v -8.4114 -2.7076 0.7500
v -8.4086 -2.6912 0.7500
v -8.4146 -2.5588 -0.7500
v -8.4110 -2.5672 -0.7500
v -8.4110 -2.5672 0.7500
v -8.4146 -2.5588 0.7500
v -8.4066 -2.6751 -0.7500
v -8.4086 -2.6912 -0.7500
v -8.4086 -2.6912 0.7500
v -8.4066 -2.6751 0.7500
v -8.4110 -2.5672 -0.7500
v -8.4082 -2.5765 -0.7500
v -8.4082 -2.5765 0.7500
v -8.4110 -2.5672 0.7500
v -8.4082 -2.5765 -0.7500
v -8.4062 -2.5861 -0.7500
v -8.4062 -2.5861 0.7500
v -8.4082 -2.5765 0.7500
v -8.4050 -2.6599 -0.7500
v -8.4066 -2.6751 -0.7500
v -8.4066 -2.6751 0.7500
v -8.4050 -2.6599 0.7500
v -8.4062 -2.5861 -0.7500
v -8.4046 -2.5965 -0.7500
v -8.4046 -2.5965 0.7500
v -8.4062 -2.5861 0.7500
v -8.4038 -2.6458 -0.7500
v -8.4050 -2.6599 -0.7500
v -8.4050 -2.6599 0.7500
v -8.4038 -2.6458 0.7500
v -8.4046 -2.5965 -0.7500
v -8.4034 -2.6077 -0.7500
v -8.4034 -2.6077 0.7500
v -8.4046 -2.5965 0.7500
v -8.4030 -2.6322 -0.7500
v -8.4038 -2.6458 -0.7500
v -8.4038 -2.6458 0.7500
v -8.4030 -2.6322 0.7500
v -8.4034 -2.6077 -0.7500
v -8.4030 -2.6194 -0.7500
v -8.4030 -2.6194 0.7500
v -8.4034 -2.6077 0.7500
v -8.4030 -2.6194 -0.7500
v -8.4030 -2.6322 -0.7500
v -8.4030 -2.6322 0.7500
v -8.4030 -2.6194 0.7500
f 2639 2685 2686
f 2688 2689 2690
f 2684 2685 2639
f 2639 2640 2641
f 2641 2642 2643
f 2643 2644 2645
f 2645 2646 2647
f 2647 2648 2649
f 2649 2650 2651
f 2651 2652 2653
f 2653 2654 2655
f 2655 2656 2657
f 2657 2658 2559
f 2559 2560 2561
f 2561 2562 2563
f 2563 2564 2565
f 2565 2566 2567
f 2567 2568 2569
f 2569 2570 2571
f 2571 2572 2573
f 2573 2574 2575
f 2575 2576 2577
f 2577 2578 2579
f 2579 2580 2581
f 2581 2582 2583
f 2583 2584 2585
f 2585 2586 2587
f 2587 2588 2589
f 2589 2590 2591
f 2591 2592 2593
f 2593 2594 2595
f 2595 2596 2597
f 2597 2598 2599
f 2599 2600 2601
f 2601 2602 2603
f 2603 2604 2605
f 2605 2606 2607
f 2607 2608 2609
f 2609 2610 2611
f 2611 2612 2613
f 2613 2614 2615
f 2615 2616 2617
f 2617 2618 2619
f 2619 2620 2621
f 2621 2622 2623
f 2623 2624 2625
f 2625 2626 2627
f 2627 2628 2629
f 2629 2630 2631
f 2631 2632 2633
f 2633 2634 2635
f 2635 2636 2637
f 2637 2638 2639
f 2639 2686 2687
f 2683 2684 2639
f 2639 2641 2643
f 2643 2645 2647
f 2647 2649 2651
f 2651 2653 2655
f 2655 2657 2559
f 2559 2561 2563
f 2563 2565 2567
f 2567 2569 2571
f 2571 2573 2575
f 2575 2577 2579
f 2579 2581 2583
f 2583 2585 2587
f 2587 2589 2591
f 2591 2593 2595
f 2595 2597 2599
f 2599 2601 2603
f 2603 2605 2607
f 2607 2609 2611
f 2611 2613 2615
f 2615 2617 2619
f 2619 2621 2623
f 2623 2625 2627
f 2627 2629 2631
f 2631 2633 2635
f 2635 2637 2639
f 2639 2687 2688
f 2682 2683 2639
f 2639 2643 2647
f 2647 2651 2655
f 2655 2559 2563
f 2563 2567 2571
f 2571 2575 2579
f 2579 2583 2587
f 2587 2591 2595
f 2595 2599 2603
f 2603 2607 2611
f 2611 2615 2619
f 2619 2623 2627
f 2627 2631 2635
f 2635 2639 2688
f 2681 2682 2639
f 2639 2647 2655
f 2655 2563 2571
f 2571 2579 2587
f 2587 2595 2603
f 2603 2611 2619
f 2619 2627 2635
f 2635 2688 2690
f 2680 2681 2639
f 2639 2655 2571
f 2571 2587 2603
f 2635 2690 2691
f 2679 2680 2639
f 2635 2691 2692
f 2678 2679 2639
f 2635 2692 2693
f 2677 2678 2639
f 2635 2693 2694
f 2676 2677 2639
f 2619 2635 2694
f 2675 2676 2639
f 2619 2694 2695
f 2674 2675 2639
f 2619 2695 2696
f 2673 2674 2639
f 2619 2696 2697
f 2672 2673 2639
f 2619 2697 2698
f 2671 2672 2639
f 2619 2698 2699
f 2670 2671 2639
f 2619 2699 2700
f 2670 2639 2571
f 2619 2700 2701
f 2669 2670 2571
f 2619 2701 2702
f 2668 2669 2571
f 2619 2702 2703
f 2667 2668 2571
f 2619 2703 2704
f 2666 2667 2571
f 2619 2704 2705
f 2665 2666 2571
f 2619 2705 2706
f 2664 2665 2571
f 2619 2706 2707
f 2663 2664 2571
f 2603 2619 2707
f 2662 2663 2571
f 2661 2662 2571
f 2603 2708 2709
f 2660 2661 2571
f 2603 2709 2710
f 2659 2660 2571
f 2603 2710 2711
f 2758 2659 2571
f 2603 2711 2712
f 2757 2758 2571
f 2603 2712 2713
f 2756 2757 2571
f 2603 2713 2714
f 2755 2756 2571
f 2603 2714 2715
f 2754 2755 2571
f 2603 2715 2716
f 2753 2754 2571
f 2603 2716 2717
f 2752 2753 2571
f 2603 2717 2718
f 2751 2752 2571
f 2603 2718 2719
f 2750 2751 2571
f 2603 2719 2720
f 2749 2750 2571
f 2603 2720 2721
f 2748 2749 2571
f 2603 2721 2722
f 2747 2748 2571
f 2603 2722 2723
f 2746 2747 2571
f 2603 2723 2724
f 2745 2746 2571
f 2603 2724 2725
f 2744 2745 2571
f 2603 2725 2726
f 2743 2744 2571
f 2603 2726 2727
f 2742 2743 2571
f 2603 2727 2728
f 2741 2742 2571
f 2603 2728 2729
f 2740 2741 2571
f 2603 2729 2730
f 2739 2740 2571
f 2603 2730 2731
f 2739 2571 2603
f 2603 2731 2732
f 2738 2739 2603
f 2603 2732 2733
f 2737 2738 2603
f 2603 2733 2734
f 2736 2737 2603
f 2603 2734 2735
f 2735 2736 2603
f 2839 2886 2885
f 2888 2890 2889
f 2884 2839 2885
f 2839 2841 2840
f 2841 2843 2842
f 2843 2845 2844
f 2845 2847 2846
f 2847 2849 2848
f 2849 2851 2850
f 2851 2853 2852
f 2853 2855 2854
f 2855 2857 2856
f 2857 2759 2858
f 2759 2761 2760
f 2761 2763 2762
f 2763 2765 2764
f 2765 2767 2766
f 2767 2769 2768
f 2769 2771 2770
f 2771 2773 2772
f 2773 2775 2774
f 2775 2777 2776
f 2777 2779 2778
f 2779 2781 2780
f 2781 2783 2782
f 2783 2785 2784
f 2785 2787 2786
f 2787 2789 2788
f 2789 2791 2790
f 2791 2793 2792
f 2793 2795 2794
f 2795 2797 2796
f 2797 2799 2798
f 2799 2801 2800
f 2801 2803 2802
f 2803 2805 2804
f 2805 2807 2806
f 2807 2809 2808
f 2809 2811 2810
f 2811 2813 2812
f 2813 2815 2814
f 2815 2817 2816
f 2817 2819 2818
f 2819 2821 2820
f 2821 2823 2822
f 2823 2825 2824
f 2825 2827 2826
f 2827 2829 2828
f 2829 2831 2830
f 2831 2833 2832
f 2833 2835 2834
f 2835 2837 2836
f 2837 2839 2838
f 2839 2887 2886
f 2883 2839 2884
f 2839 2843 2841
f 2843 2847 2845
f 2847 2851 2849
f 2851 2855 2853
f 2855 2759 2857
f 2759 2763 2761
f 2763 2767 2765
f 2767 2771 2769
f 2771 2775 2773
f 2775 2779 2777
f 2779 2783 2781
f 2783 2787 2785
f 2787 2791 2789
f 2791 2795 2793
f 2795 2799 2797
f 2799 2803 2801
f 2803 2807 2805
f 2807 2811 2809
f 2811 2815 2813
f 2815 2819 2817
f 2819 2823 2821
f 2823 2827 2825
f 2827 2831 2829
f 2831 2835 2833
f 2835 2839 2837
f 2839 2888 2887
f 2882 2839 2883
f 2839 2847 2843
f 2847 2855 2851
f 2855 2763 2759
f 2763 2771 2767
f 2771 2779 2775
f 2779 2787 2783
f 2787 2795 2791
f 2795 2803 2799
f 2803 2811 2807
f 2811 2819 2815
f 2819 2827 2823
f 2827 2835 2831
f 2835 2888 2839
f 2881 2839 2882
f 2839 2855 2847
f 2855 2771 2763
f 2771 2787 2779
f 2787 2803 2795
f 2803 2819 2811
f 2819 2835 2827
f 2835 2890 2888
f 2880 2839 2881
f 2839 2771 2855
f 2771 2803 2787
f 2835 2891 2890
f 2879 2839 2880
f 2835 2892 2891
f 2878 2839 2879
f 2835 2893 2892
f 2877 2839 2878
f 2835 2894 2893
f 2876 2839 2877
f 2819 2894 2835
f 2875 2839 2876
f 2819 2895 2894
f 2874 2839 2875
f 2819 2896 2895
f 2873 2839 2874
f 2819 2897 2896
f 2872 2839 2873
f 2819 2898 2897
f 2871 2839 2872
f 2819 2899 2898
f 2870 2839 2871
f 2819 2900 2899
f 2870 2771 2839
f 2819 2901 2900
f 2869 2771 2870
f 2819 2902 2901
f 2868 2771 2869
f 2819 2903 2902
f 2867 2771 2868
f 2819 2904 2903
f 2866 2771 2867
f 2819 2905 2904
f 2865 2771 2866
f 2819 2906 2905
f 2864 2771 2865
f 2819 2907 2906
f 2863 2771 2864
f 2803 2907 2819
f 2862 2771 2863
f 2861 2771 2862
f 2803 2909 2908
f 2860 2771 2861
f 2803 2910 2909
f 2859 2771 2860
f 2803 2911 2910
f 2958 2771 2859
f 2803 2912 2911
f 2957 2771 2958
f 2803 2913 2912
f 2956 2771 2957
f 2803 2914 2913
f 2955 2771 2956
f 2803 2915 2914
f 2954 2771 2955
f 2803 2916 2915
f 2953 2771 2954
f 2803 2917 2916
f 2952 2771 2953
f 2803 2918 2917
f 2951 2771 2952
f 2803 2919 2918
f 2950 2771 2951
f 2803 2920 2919
f 2949 2771 2950
f 2803 2921 2920
f 2948 2771 2949
f 2803 2922 2921
f 2947 2771 2948
f 2803 2923 2922
f 2946 2771 2947
f 2803 2924 2923
f 2945 2771 2946
f 2803 2925 2924
f 2944 2771 2945
f 2803 2926 2925
f 2943 2771 2944
f 2803 2927 2926
f 2942 2771 2943
f 2803 2928 2927
f 2941 2771 2942
f 2803 2929 2928
f 2940 2771 2941
f 2803 2930 2929
f 2939 2771 2940
f 2803 2931 2930
f 2939 2803 2771
f 2803 2932 2931
f 2938 2803 2939
f 2803 2933 2932
f 2937 2803 2938
f 2803 2934 2933
f 2936 2803 2937
f 2803 2935 2934
f 2935 2803 2936
f 2959 2960 2961
f 2959 2961 2962
f 2963 2964 2965
f 2963 2965 2966
f 2967 2968 2969
f 2967 2969 2970
f 2971 2972 2973
f 2971 2973 2974
f 2975 2976 2977
f 2975 2977 2978
f 2979 2980 2981
f 2979 2981 2982
f 2983 2984 2985
f 2983 2985 2986
f 2987 2988 2989
f 2987 2989 2990
f 2991 2992 2993
f 2991 2993 2994
f 2995 2996 2997
f 2995 2997 2998
f 2999 3000 3001
f 2999 3001 3002
f 3003 3004 3005
f 3003 3005 3006
f 3007 3008 3009
f 3007 3009 3010
f 3011 3012 3013
f 3011 3013 3014
f 3015 3016 3017
f 3015 3017 3018
f 3019 3020 3021
f 3019 3021 3022
f 3023 3024 3025
f 3023 3025 3026
f 3027 3028 3029
f 3027 3029 3030
f 3031 3032 3033
f 3031 3033 3034
f 3035 3036 3037
f 3035 3037 3038
f 3039 3040 3041
f 3039 3041 3042
f 3043 3044 3045
f 3043 3045 3046
f 3047 3048 3049
f 3047 3049 3050
f 3051 3052 3053
f 3051 3053 3054
f 3055 3056 3057
f 3055 3057 3058
f 3059 3060 3061
f 3059 3061 3062
f 3063 3064 3065
f 3063 3065 3066
f 3067 3068 3069
f 3067 3069 3070
f 3071 3072 3073
f 3071 3073 3074
f 3075 3076 3077
f 3075 3077 3078
f 3079 3080 3081
f 3079 3081 3082
f 3083 3084 3085
f 3083 3085 3086
f 3087 3088 3089
f 3087 3089 3090
f 3091 3092 3093
f 3091 3093 3094
f 3095 3096 3097
f 3095 3097 3098
f 3099 3100 3101
f 3099 3101 3102
f 3103 3104 3105
f 3103 3105 3106
f 3107 3108 3109
f 3107 3109 3110
f 3111 3112 3113
f 3111 3113 3114
f 3115 3116 3117
f 3115 3117 3118
f 3119 3120 3121
f 3119 3121 3122
f 3123 3124 3125
f 3123 3125 3126
f 3127 3128 3129
f 3127 3129 3130
f 3131 3132 3133
f 3131 3133 3134
f 3135 3136 3137
f 3135 3137 3138
f 3139 3140 3141
f 3139 3141 3142
f 3143 3144 3145
f 3143 3145 3146
f 3147 3148 3149
f 3147 3149 3150
f 3151 3152 3153
f 3151 3153 3154
f 3155 3156 3157
f 3155 3157 3158
f 3159 3160 3161
f 3159 3161 3162
f 3163 3164 3165
f 3163 3165 3166
f 3167 3168 3169
f 3167 3169 3170
f 3171 3172 3173
f 3171 3173 3174
f 3175 3176 3177
f 3175 3177 3178
f 3179 3180 3181
f 3179 3181 3182
f 3183 3184 3185
f 3183 3185 3186
f 3187 3188 3189
f 3187 3189 3190
f 3191 3192 3193
f 3191 3193 3194
f 3195 3196 3197
f 3195 3197 3198
f 3199 3200 3201
f 3199 3201 3202
f 3203 3204 3205
f 3203 3205 3206
f 3207 3208 3209
f 3207 3209 3210
f 3211 3212 3213
f 3211 3213 3214
f 3215 3216 3217
f 3215 3217 3218
f 3219 3220 3221
f 3219 3221 3222
f 3223 3224 3225
f 3223 3225 3226
f 3227 3228 3229
f 3227 3229 3230
f 3231 3232 3233
f 3231 3233 3234
f 3235 3236 3237
f 3235 3237 3238
f 3239 3240 3241
f 3239 3241 3242
f 3243 3244 3245
f 3243 3245 3246
f 3247 3248 3249
f 3247 3249 3250
f 3251 3252 3253
f 3251 3253 3254
f 3255 3256 3257
f 3255 3257 3258
f 3259 3260 3261
f 3259 3261 3262
f 3263 3264 3265
f 3263 3265 3266
f 3267 3268 3269
f 3267 3269 3270
f 3271 3272 3273
f 3271 3273 3274
f 3275 3276 3277
f 3275 3277 3278
f 3279 3280 3281
f 3279 3281 3282
f 3283 3284 3285
f 3283 3285 3286
f 3287 3288 3289
f 3287 3289 3290
f 3291 3292 3293
f 3291 3293 3294
f 3295 3296 3297
f 3295 3297 3298
f 3299 3300 3301
f 3299 3301 3302
f 3303 3304 3305
f 3303 3305 3306
f 3307 3308 3309
f 3307 3309 3310
f 3311 3312 3313
f 3311 3313 3314
f 3315 3316 3317
f 3315 3317 3318
f 3319 3320 3321
f 3319 3321 3322
f 3323 3324 3325
f 3323 3325 3326
f 3327 3328 3329
f 3327 3329 3330
f 3331 3332 3333
f 3331 3333 3334
f 3335 3336 3337
f 3335 3337 3338
f 3339 3340 3341
f 3339 3341 3342
f 3343 3344 3345
f 3343 3345 3346
f 3347 3348 3349
f 3347 3349 3350
f 3351 3352 3353
f 3351 3353 3354
f 3355 3356 3357
f 3355 3357 3358
f 3359 3360 3361
f 3359 3361 3362
f 3363 3364 3365
f 3363 3365 3366
f 3367 3368 3369
f 3367 3369 3370
f 3371 3372 3373
f 3371 3373 3374
f 3375 3376 3377
f 3375 3377 3378
f 3379 3380 3381
f 3379 3381 3382
f 3383 3384 3385
f 3383 3385 3386
f 3387 3388 3389
f 3387 3389 3390
f 3391 3392 3393
f 3391 3393 3394
f 3395 3396 3397
f 3395 3397 3398
f 3399 3400 3401
f 3399 3401 3402
f 3403 3404 3405
f 3403 3405 3406
f 3407 3408 3409
f 3407 3409 3410
f 3411 3412 3413
f 3411 3413 3414
f 3415 3416 3417
f 3415 3417 3418
f 3419 3420 3421
f 3419 3421 3422
f 3423 3424 3425
f 3423 3425 3426
f 3427 3428 3429
f 3427 3429 3430
f 3431 3432 3433
f 3431 3433 3434
f 3435 3436 3437
f 3435 3437 3438
f 3439 3440 3441
f 3439 3441 3442
f 3443 3444 3445
f 3443 3445 3446
f 3447 3448 3449
f 3447 3449 3450
f 3451 3452 3453
f 3451 3453 3454
f 3455 3456 3457
f 3455 3457 3458
f 3459 3460 3461
f 3459 3461 3462
f 3463 3464 3465
f 3463 3465 3466
f 3467 3468 3469
f 3467 3469 3470
f 3471 3472 3473
f 3471 3473 3474
f 3475 3476 3477
f 3475 3477 3478
f 3479 3480 3481
f 3479 3481 3482
f 3483 3484 3485
f 3483 3485 3486
f 3487 3488 3489
f 3487 3489 3490
f 3491 3492 3493
f 3491 3493 3494
f 3495 3496 3497
f 3495 3497 3498
f 3499 3500 3501
f 3499 3501 3502
f 3503 3504 3505
f 3503 3505 3506
f 3507 3508 3509
f 3507 3509 3510
f 3511 3512 3513
f 3511 3513 3514
f 3515 3516 3517
f 3515 3517 3518
f 3519 3520 3521
f 3519 3521 3522
f 3523 3524 3525
f 3523 3525 3526
f 3527 3528 3529
f 3527 3529 3530
f 3531 3532 3533
f 3531 3533 3534
f 3535 3536 3537
f 3535 3537 3538
f 3539 3540 3541
f 3539 3541 3542
f 3543 3544 3545
f 3543 3545 3546
f 3547 3548 3549
f 3547 3549 3550
f 3551 3552 3553
f 3551 3553 3554
f 3555 3556 3557
f 3555 3557 3558
f 3559 3560 3561
f 3559 3561 3562
f 3563 3564 3565
f 3563 3565 3566
f 3567 3568 3569
f 3567 3569 3570
f 3571 3572 3573
f 3571 3573 3574
f 3575 3576 3577
f 3575 3577 3578
f 3579 3580 3581
f 3579 3581 3582
f 3583 3584 3585
f 3583 3585 3586
f 3587 3588 3589
f 3587 3589 3590
f 3591 3592 3593
f 3591 3593 3594
f 3595 3596 3597
f 3595 3597 3598
f 3599 3600 3601
f 3599 3601 3602
f 3603 3604 3605
f 3603 3605 3606
f 3607 3608 3609
f 3607 3609 3610
f 3611 3612 3613
f 3611 3613 3614
f 3615 3616 3617
f 3615 3617 3618
f 3619 3620 3621
f 3619 3621 3622
f 3623 3624 3625
f 3623 3625 3626
f 3627 3628 3629
f 3627 3629 3630
f 3631 3632 3633
f 3631 3633 3634
f 3635 3636 3637
f 3635 3637 3638
f 3639 3640 3641
f 3639 3641 3642
f 3643 3644 3645
f 3643 3645 3646
f 3647 3648 3649
f 3647 3649 3650
f 3651 3652 3653
f 3651 3653 3654
f 3655 3656 3657
f 3655 3657 3658
f 3659 3660 3661
f 3659 3661 3662
f 3663 3664 3665
f 3663 3665 3666
f 3667 3668 3669
f 3667 3669 3670
f 3671 3672 3673
f 3671 3673 3674
f 3675 3676 3677
f 3675 3677 3678
f 3679 3680 3681
f 3679 3681 3682
f 3683 3684 3685
f 3683 3685 3686
f 3687 3688 3689
f 3687 3689 3690
f 3691 3692 3693
f 3691 3693 3694
f 3695 3696 3697
f 3695 3697 3698
f 3699 3700 3701
f 3699 3701 3702
f 3703 3704 3705
f 3703 3705 3706
f 3707 3708 3709
f 3707 3709 3710
f 3711 3712 3713
f 3711 3713 3714
f 3715 3716 3717
f 3715 3717 3718
f 3719 3720 3721
f 3719 3721 3722
f 3723 3724 3725
f 3723 3725 3726
f 3727 3728 3729
f 3727 3729 3730
f 3731 3732 3733
f 3731 3733 3734
f 3735 3736 3737
f 3735 3737 3738
f 3739 3740 3741
f 3739 3741 3742
f 3743 3744 3745
f 3743 3745 3746
f 3747 3748 3749
f 3747 3749 3750
f 3751 3752 3753
f 3751 3753 3754
f 3755 3756 3757
f 3755 3757 3758
f 3759 3760 3761
f 3759 3761 3762
v -7.3762 -2.3482 0.7500
v -7.3959 -2.3438 0.7500
v -7.4163 -2.3410 0.7500
v -7.4384 -2.3394 0.7500
v -7.4616 -2.3386 0.7500
v -7.8751 -2.3386 0.7500
v -8.0444 -3.1408 0.7500
v -7.6084 -3.1408 0.7500
v -7.5824 -3.1404 0.7500
v -7.5575 -3.1383 0.7500
v -7.5338 -3.1351 0.7500
v -7.5110 -3.1311 0.7500
v -7.4893 -3.1255 0.7500
v -7.4693 -3.1191 0.7500
v -7.4496 -3.1111 0.7500
v -7.4316 -3.1023 0.7500
v -7.4147 -3.0918 0.7500
v -7.3987 -3.0802 0.7500
v -7.3838 -3.0678 0.7500
v -7.3702 -3.0541 0.7500
v -7.3574 -3.0393 0.7500
v -7.3457 -3.0232 0.7500
v -7.3353 -3.0064 0.7500
v -7.3257 -2.9883 0.7500
v -7.3173 -2.9691 0.7500
v -7.3100 -2.9490 0.7500
v -7.3036 -2.9278 0.7500
v -7.2984 -2.9053 0.7500
v -7.2960 -2.8913 0.7500
v -7.2940 -2.8781 0.7500
v -7.2928 -2.8652 0.7500
v -7.2924 -2.8532 0.7500
v -7.2928 -2.8416 0.7500
v -7.2940 -2.8307 0.7500
v -7.2960 -2.8203 0.7500
v -7.2984 -2.8107 0.7500
v -7.3020 -2.8015 0.7500
v -7.3060 -2.7926 0.7500
v -7.3108 -2.7846 0.7500
v -7.3161 -2.7770 0.7500
v -7.3221 -2.7698 0.7500
v -7.3285 -2.7629 0.7500
v -7.3357 -2.7565 0.7500
v -7.3433 -2.7505 0.7500
v -7.3514 -2.7449 0.7500
v -7.3602 -2.7397 0.7500
v -7.3694 -2.7353 0.7500
v -7.3794 -2.7309 0.7500
v -7.3702 -2.7261 0.7500
v -7.3614 -2.7208 0.7500
v -7.3530 -2.7152 0.7500
v -7.3445 -2.7088 0.7500
v -7.3365 -2.7024 0.7500
v -7.3289 -2.6956 0.7500
v -7.3213 -2.6884 0.7500
v -7.3141 -2.6807 0.7500
v -7.3072 -2.6727 0.7500
v -7.3004 -2.6643 0.7500
v -7.2940 -2.6555 0.7500
v -7.2880 -2.6462 0.7500
v -7.2824 -2.6366 0.7500
v -7.2772 -2.6266 0.7500
v -7.2723 -2.6162 0.7500
v -7.2675 -2.6053 0.7500
v -7.2635 -2.5941 0.7500
v -7.2599 -2.5825 0.7500
v -7.2567 -2.5704 0.7500
v -7.2535 -2.5580 0.7500
v -7.2503 -2.5384 0.7500
v -7.2483 -2.5195 0.7500
v -7.2479 -2.5019 0.7500
v -7.2487 -2.4846 0.7500
v -7.2515 -2.4682 0.7500
v -7.2555 -2.4525 0.7500
v -7.2611 -2.4381 0.7500
v -7.2683 -2.4240 0.7500
v -7.2772 -2.4108 0.7500
v -7.2872 -2.3984 0.7500
v -7.2988 -2.3871 0.7500
v -7.3116 -2.3767 0.7500
v -7.3261 -2.3679 0.7500
v -7.3413 -2.3603 0.7500
v -7.3582 -2.3535 0.7500
v -7.5972 -2.9956 0.7500
v -7.6080 -2.9968 0.7500
v -7.6193 -2.9972 0.7500
v -7.6309 -2.9976 0.7500
v -7.8142 -2.9976 0.7500
v -7.7729 -2.8031 0.7500
v -7.5972 -2.8031 0.7500
v -7.5852 -2.8035 0.7500
v -7.5735 -2.8043 0.7500
v -7.5631 -2.8055 0.7500
v -7.5535 -2.8071 0.7500
v -7.5447 -2.8091 0.7500
v -7.5362 -2.8115 0.7500
v -7.5290 -2.8147 0.7500
v -7.5230 -2.8179 0.7500
v -7.5174 -2.8219 0.7500
v -7.5126 -2.8263 0.7500
v -7.5090 -2.8311 0.7500
v -7.5054 -2.8363 0.7500
v -7.5006 -2.8484 0.7500
v -7.4993 -2.8552 0.7500
v -7.4985 -2.8624 0.7500
v -7.4981 -2.8696 0.7500
v -7.4997 -2.8865 0.7500
v -7.5014 -2.8953 0.7500
v -7.5042 -2.9065 0.7500
v -7.5070 -2.9170 0.7500
v -7.5102 -2.9266 0.7500
v -7.5138 -2.9358 0.7500
v -7.5178 -2.9438 0.7500
v -7.5222 -2.9515 0.7500
v -7.5266 -2.9587 0.7500
v -7.5314 -2.9647 0.7500
v -7.5366 -2.9703 0.7500
v -7.5419 -2.9751 0.7500
v -7.5479 -2.9795 0.7500
v -7.5547 -2.9831 0.7500
v -7.5619 -2.9867 0.7500
v -7.5695 -2.9896 0.7500
v -7.5784 -2.9920 0.7500
v -7.5876 -2.9940 0.7500
v -7.5419 -2.6611 0.7500
v -7.5507 -2.6627 0.7500
v -7.5599 -2.6639 0.7500
v -7.5699 -2.6647 0.7500
v -7.5800 -2.6651 0.7500
v -7.7432 -2.6651 0.7500
v -7.7047 -2.4830 0.7500
v -7.5515 -2.4830 0.7500
v -7.5395 -2.4834 0.7500
v -7.5282 -2.4842 0.7500
v -7.5178 -2.4850 0.7500
v -7.5086 -2.4866 0.7500
v -7.4997 -2.4890 0.7500
v -7.4921 -2.4914 0.7500
v -7.4853 -2.4942 0.7500
v -7.4797 -2.4978 0.7500
v -7.4745 -2.5019 0.7500
v -7.4705 -2.5063 0.7500
v -7.4669 -2.5111 0.7500
v -7.4641 -2.5163 0.7500
v -7.4616 -2.5219 0.7500
v -7.4600 -2.5283 0.7500
v -7.4588 -2.5351 0.7500
v -7.4584 -2.5420 0.7500
v -7.4584 -2.5496 0.7500
v -7.4588 -2.5576 0.7500
v -7.4600 -2.5664 0.7500
v -7.4616 -2.5753 0.7500
v -7.4637 -2.5837 0.7500
v -7.4685 -2.5989 0.7500
v -7.4717 -2.6061 0.7500
v -7.4753 -2.6130 0.7500
v -7.4793 -2.6194 0.7500
v -7.4837 -2.6254 0.7500
v -7.4885 -2.6310 0.7500
v -7.4933 -2.6362 0.7500
v -7.4989 -2.6414 0.7500
v -7.5050 -2.6458 0.7500
v -7.5114 -2.6498 0.7500
v -7.5182 -2.6535 0.7500
v -7.5334 -2.6591 0.7500
v -7.3762 -2.3482 -0.7500
v -7.3959 -2.3438 -0.7500
v -7.4163 -2.3410 -0.7500
v -7.4384 -2.3394 -0.7500
v -7.4616 -2.3386 -0.7500
v -7.8751 -2.3386 -0.7500
v -8.0444 -3.1408 -0.7500
v -7.6084 -3.1408 -0.7500
v -7.5824 -3.1404 -0.7500
v -7.5575 -3.1383 -0.7500
v -7.5338 -3.1351 -0.7500
v -7.5110 -3.1311 -0.7500
v -7.4893 -3.1255 -0.7500
v -7.4693 -3.1191 -0.7500
v -7.4496 -3.1111 -0.7500
v -7.4316 -3.1023 -0.7500
v -7.4147 -3.0918 -0.7500
v -7.3987 -3.0802 -0.7500
v -7.3838 -3.0678 -0.7500
v -7.3702 -3.0541 -0.7500
v -7.3574 -3.0393 -0.7500
v -7.3457 -3.0232 -0.7500
v -7.3353 -3.0064 -0.7500
v -7.3257 -2.9883 -0.7500
v -7.3173 -2.9691 -0.7500
v -7.3100 -2.9490 -0.7500
v -7.3036 -2.9278 -0.7500
v -7.2984 -2.9053 -0.7500
v -7.2960 -2.8913 -0.7500
v -7.2940 -2.8781 -0.7500
v -7.2928 -2.8652 -0.7500
v -7.2924 -2.8532 -0.7500
v -7.2928 -2.8416 -0.7500
v -7.2940 -2.8307 -0.7500
v -7.2960 -2.8203 -0.7500
v -7.2984 -2.8107 -0.7500
v -7.3020 -2.8015 -0.7500
v -7.3060 -2.7926 -0.7500
v -7.3108 -2.7846 -0.7500
v -7.3161 -2.7770 -0.7500
v -7.3221 -2.7698 -0.7500
v -7.3285 -2.7629 -0.7500
v -7.3357 -2.7565 -0.7500
v -7.3433 -2.7505 -0.7500
v -7.3514 -2.7449 -0.7500
v -7.3602 -2.7397 -0.7500
v -7.3694 -2.7353 -0.7500
v -7.3794 -2.7309 -0.7500
v -7.3702 -2.7261 -0.7500
v -7.3614 -2.7208 -0.7500
v -7.3530 -2.7152 -0.7500
v -7.3445 -2.7088 -0.7500
v -7.3365 -2.7024 -0.7500
v -7.3289 -2.6956 -0.7500
v -7.3213 -2.6884 -0.7500
v -7.3141 -2.6807 -0.7500
v -7.3072 -2.6727 -0.7500
v -7.3004 -2.6643 -0.7500
v -7.2940 -2.6555 -0.7500
v -7.2880 -2.6462 -0.7500
v -7.2824 -2.6366 -0.7500
v -7.2772 -2.6266 -0.7500
v -7.2723 -2.6162 -0.7500
v -7.2675 -2.6053 -0.7500
v -7.2635 -2.5941 -0.7500
v -7.2599 -2.5825 -0.7500
v -7.2567 -2.5704 -0.7500
v -7.2535 -2.5580 -0.7500
v -7.2503 -2.5384 -0.7500
v -7.2483 -2.5195 -0.7500
v -7.2479 -2.5019 -0.7500
v -7.2487 -2.4846 -0.7500
v -7.2515 -2.4682 -0.7500
v -7.2555 -2.4525 -0.7500
v -7.2611 -2.4381 -0.7500
v -7.2683 -2.4240 -0.7500
v -7.2772 -2.4108 -0.7500
v -7.2872 -2.3984 -0.7500
v -7.2988 -2.3871 -0.7500
v -7.3116 -2.3767 -0.7500
v -7.3261 -2.3679 -0.7500
v -7.3413 -2.3603 -0.7500
v -7.3582 -2.3535 -0.7500
v -7.5972 -2.9956 -0.7500
v -7.6080 -2.9968 -0.7500
v -7.6193 -2.9972 -0.7500
v -7.6309 -2.9976 -0.7500
v -7.8142 -2.9976 -0.7500
v -7.7729 -2.8031 -0.7500
v -7.5972 -2.8031 -0.7500
v -7.5852 -2.8035 -0.7500
v -7.5735 -2.8043 -0.7500
v -7.5631 -2.8055 -0.7500
v -7.5535 -2.8071 -0.7500
v -7.5447 -2.8091 -0.7500
v -7.5362 -2.8115 -0.7500
v -7.5290 -2.8147 -0.7500
v -7.5230 -2.8179 -0.7500
v -7.5174 -2.8219 -0.7500
v -7.5126 -2.8263 -0.7500
v -7.5090 -2.8311 -0.7500
v -7.5054 -2.8363 -0.7500
v -7.5006 -2.8484 -0.7500
v -7.4993 -2.8552 -0.7500
v -7.4985 -2.8624 -0.7500
v -7.4981 -2.8696 -0.7500
v -7.4997 -2.8865 -0.7500
v -7.5014 -2.8953 -0.7500
v -7.5042 -2.9065 -0.7500
v -7.5070 -2.9170 -0.7500
v -7.5102 -2.9266 -0.7500
v -7.5138 -2.9358 -0.7500
v -7.5178 -2.9438 -0.7500
v -7.5222 -2.9515 -0.7500
v -7.5266 -2.9587 -0.7500
v -7.5314 -2.9647 -0.7500
v -7.5366 -2.9703 -0.7500
v -7.5419 -2.9751 -0.7500
v -7.5479 -2.9795 -0.7500
v -7.5547 -2.9831 -0.7500
v -7.5619 -2.9867 -0.7500
v -7.5695 -2.9896 -0.7500
v -7.5784 -2.9920 -0.7500
v -7.5876 -2.9940 -0.7500
v -7.5419 -2.6611 -0.7500
v -7.5507 -2.6627 -0.7500
v -7.5599 -2.6639 -0.7500
v -7.5699 -2.6647 -0.7500
v -7.5800 -2.6651 -0.7500
v -7.7432 -2.6651 -0.7500
v -7.7047 -2.4830 -0.7500
v -7.5515 -2.4830 -0.7500
v -7.5395 -2.4834 -0.7500
v -7.5282 -2.4842 -0.7500
v -7.5178 -2.4850 -0.7500
v -7.5086 -2.4866 -0.7500
v -7.4997 -2.4890 -0.7500
v -7.4921 -2.4914 -0.7500
v -7.4853 -2.4942 -0.7500
v -7.4797 -2.4978 -0.7500
v -7.4745 -2.5019 -0.7500
v -7.4705 -2.5063 -0.7500
v -7.4669 -2.5111 -0.7500
v -7.4641 -2.5163 -0.7500
v -7.4616 -2.5219 -0.7500
v -7.4600 -2.5283 -0.7500
v -7.4588 -2.5351 -0.7500
v -7.4584 -2.5420 -0.7500
v -7.4584 -2.5496 -0.7500
v -7.4588 -2.5576 -0.7500
v -7.4600 -2.5664 -0.7500
v -7.4616 -2.5753 -0.7500
v -7.4637 -2.5837 -0.7500
v -7.4685 -2.5989 -0.7500
v -7.4717 -2.6061 -0.7500
v -7.4753 -2.6130 -0.7500
v -7.4793 -2.6194 -0.7500
v -7.4837 -2.6254 -0.7500
v -7.4885 -2.6310 -0.7500
v -7.4933 -2.6362 -0.7500
v -7.4989 -2.6414 -0.7500
v -7.5050 -2.6458 -0.7500
v -7.5114 -2.6498 -0.7500
v -7.5182 -2.6535 -0.7500
v -7.5334 -2.6591 -0.7500
v -7.7432 -2.6651 -0.7500
v -7.7047 -2.4830 -0.7500
v -7.7047 -2.4830 0.7500
v -7.7432 -2.6651 0.7500
v -7.8142 -2.9976 -0.7500
v -7.7729 -2.8031 -0.7500
v -7.7729 -2.8031 0.7500
v -7.8142 -2.9976 0.7500
v -7.6309 -2.9976 -0.7500
v -7.8142 -2.9976 -0.7500
v -7.8142 -2.9976 0.7500
v -7.6309 -2.9976 0.7500
v -8.0444 -3.1408 -0.7500
v -7.6084 -3.1408 -0.7500
v -7.6084 -3.1408 0.7500
v -8.0444 -3.1408 0.7500
v -7.6084 -3.1408 -0.7500
v -7.5824 -3.1404 -0.7500
v -7.5824 -3.1404 0.7500
v -7.6084 -3.1408 0.7500
v -7.5824 -3.1404 -0.7500
v -7.5575 -3.1383 -0.7500
v -7.5575 -3.1383 0.7500
v -7.5824 -3.1404 0.7500
v -7.5575 -3.1383 -0.7500
v -7.5338 -3.1351 -0.7500
v -7.5338 -3.1351 0.7500
v -7.5575 -3.1383 0.7500
v -7.5338 -3.1351 -0.7500
v -7.5110 -3.1311 -0.7500
v -7.5110 -3.1311 0.7500
v -7.5338 -3.1351 0.7500
v -7.5110 -3.1311 -0.7500
v -7.4893 -3.1255 -0.7500
v -7.4893 -3.1255 0.7500
v -7.5110 -3.1311 0.7500
v -7.4893 -3.1255 -0.7500
v -7.4693 -3.1191 -0.7500
v -7.4693 -3.1191 0.7500
v -7.4893 -3.1255 0.7500
v -7.4693 -3.1191 -0.7500
v -7.4496 -3.1111 -0.7500
v -7.4496 -3.1111 0.7500
v -7.4693 -3.1191 0.7500
v -7.4496 -3.1111 -0.7500
v -7.4316 -3.1023 -0.7500
v -7.4316 -3.1023 0.7500
v -7.4496 -3.1111 0.7500
v -7.4316 -3.1023 -0.7500
v -7.4147 -3.0918 -0.7500
v -7.4147 -3.0918 0.7500
v -7.4316 -3.1023 0.7500
v -7.4147 -3.0918 -0.7500
v -7.3987 -3.0802 -0.7500
v -7.3987 -3.0802 0.7500
v -7.4147 -3.0918 0.7500
v -7.3987 -3.0802 -0.7500
v -7.3838 -3.0678 -0.7500
v -7.3838 -3.0678 0.7500
v -7.3987 -3.0802 0.7500
v -7.3838 -3.0678 -0.7500
v -7.3702 -3.0541 -0.7500
v -7.3702 -3.0541 0.7500
v -7.3838 -3.0678 0.7500
v -7.3702 -3.0541 -0.7500
v -7.3574 -3.0393 -0.7500
v -7.3574 -3.0393 0.7500
v -7.3702 -3.0541 0.7500
v -7.3574 -3.0393 -0.7500
v -7.3457 -3.0232 -0.7500
v -7.3457 -3.0232 0.7500
v -7.3574 -3.0393 0.7500
v -7.3457 -3.0232 -0.7500
v -7.3353 -3.0064 -0.7500
v -7.3353 -3.0064 0.7500
v -7.3457 -3.0232 0.7500
v -7.3353 -3.0064 -0.7500
v -7.3257 -2.9883 -0.7500
v -7.3257 -2.9883 0.7500
v -7.3353 -3.0064 0.7500
v -7.3257 -2.9883 -0.7500
v -7.3173 -2.9691 -0.7500
v -7.3173 -2.9691 0.7500
v -7.3257 -2.9883 0.7500
v -7.3173 -2.9691 -0.7500
v -7.3100 -2.9490 -0.7500
v -7.3100 -2.9490 0.7500
v -7.3173 -2.9691 0.7500
v -7.3100 -2.9490 -0.7500
v -7.3036 -2.9278 -0.7500
v -7.3036 -2.9278 0.7500
v -7.3100 -2.9490 0.7500
v -7.3036 -2.9278 -0.7500
v -7.2984 -2.9053 -0.7500
v -7.2984 -2.9053 0.7500
v -7.3036 -2.9278 0.7500
v -7.2984 -2.9053 -0.7500
v -7.2960 -2.8913 -0.7500
v -7.2960 -2.8913 0.7500
v -7.2984 -2.9053 0.7500
v -7.2960 -2.8913 -0.7500
v -7.2940 -2.8781 -0.7500
v -7.2940 -2.8781 0.7500
v -7.2960 -2.8913 0.7500
v -7.2940 -2.8781 -0.7500
v -7.2928 -2.8652 -0.7500
v -7.2928 -2.8652 0.7500
v -7.2940 -2.8781 0.7500
v -7.2928 -2.8652 -0.7500
v -7.2924 -2.8532 -0.7500
v -7.2924 -2.8532 0.7500
v -7.2928 -2.8652 0.7500
v -7.2924 -2.8532 -0.7500
v -7.2928 -2.8416 -0.7500
v -7.2928 -2.8416 0.7500
v -7.2924 -2.8532 0.7500
v -7.2928 -2.8416 -0.7500
v -7.2940 -2.8307 -0.7500
v -7.2940 -2.8307 0.7500
v -7.2928 -2.8416 0.7500
v -7.2940 -2.8307 -0.7500
v -7.2960 -2.8203 -0.7500
v -7.2960 -2.8203 0.7500
v -7.2940 -2.8307 0.7500
v -7.2960 -2.8203 -0.7500
v -7.2984 -2.8107 -0.7500
v -7.2984 -2.8107 0.7500
v -7.2960 -2.8203 0.7500
v -7.2984 -2.8107 -0.7500
v -7.3020 -2.8015 -0.7500
v -7.3020 -2.8015 0.7500
v -7.2984 -2.8107 0.7500
v -7.3020 -2.8015 -0.7500
v -7.3060 -2.7926 -0.7500
v -7.3060 -2.7926 0.7500
v -7.3020 -2.8015 0.7500
v -7.3060 -2.7926 -0.7500
v -7.3108 -2.7846 -0.7500
v -7.3108 -2.7846 0.7500
v -7.3060 -2.7926 0.7500
v -7.3108 -2.7846 -0.7500
v -7.3161 -2.7770 -0.7500
v -7.3161 -2.7770 0.7500
v -7.3108 -2.7846 0.7500
v -7.3161 -2.7770 -0.7500
v -7.3221 -2.7698 -0.7500
v -7.3221 -2.7698 0.7500
v -7.3161 -2.7770 0.7500
v -7.3221 -2.7698 -0.7500
v -7.3285 -2.7629 -0.7500
v -7.3285 -2.7629 0.7500
v -7.3221 -2.7698 0.7500
v -7.3285 -2.7629 -0.7500
v -7.3357 -2.7565 -0.7500
v -7.3357 -2.7565 0.7500
v -7.3285 -2.7629 0.7500
v -7.3357 -2.7565 -0.7500
v -7.3433 -2.7505 -0.7500
v -7.3433 -2.7505 0.7500
v -7.3357 -2.7565 0.7500
v -7.3433 -2.7505 -0.7500
v -7.3514 -2.7449 -0.7500
v -7.3514 -2.7449 0.7500
v -7.3433 -2.7505 0.7500
v -7.3514 -2.7449 -0.7500
v -7.3602 -2.7397 -0.7500
v -7.3602 -2.7397 0.7500
v -7.3514 -2.7449 0.7500
v -7.3602 -2.7397 -0.7500
v -7.3694 -2.7353 -0.7500
v -7.3694 -2.7353 0.7500
v -7.3602 -2.7397 0.7500
v -7.3794 -2.7309 -0.7500
v -7.3702 -2.7261 -0.7500
v -7.3702 -2.7261 0.7500
v -7.3794 -2.7309 0.7500
v -7.3702 -2.7261 -0.7500
v -7.3614 -2.7208 -0.7500
v -7.3614 -2.7208 0.7500
v -7.3702 -2.7261 0.7500
v -7.3614 -2.7208 -0.7500
v -7.3530 -2.7152 -0.7500
v -7.3530 -2.7152 0.7500
v -7.3614 -2.7208 0.7500
v -7.3530 -2.7152 -0.7500
v -7.3445 -2.7088 -0.7500
v -7.3445 -2.7088 0.7500
v -7.3530 -2.7152 0.7500
v -7.3445 -2.7088 -0.7500
v -7.3365 -2.7024 -0.7500
v -7.3365 -2.7024 0.7500
v -7.3445 -2.7088 0.7500
v -7.3365 -2.7024 -0.7500
v -7.3289 -2.6956 -0.7500
v -7.3289 -2.6956 0.7500
v -7.3365 -2.7024 0.7500
v -7.3289 -2.6956 -0.7500
v -7.3213 -2.6884 -0.7500
v -7.3213 -2.6884 0.7500
v -7.3289 -2.6956 0.7500
v -7.3213 -2.6884 -0.7500
v -7.3141 -2.6807 -0.7500
v -7.3141 -2.6807 0.7500
v -7.3213 -2.6884 0.7500
v -7.3141 -2.6807 -0.7500
v -7.3072 -2.6727 -0.7500
v -7.3072 -2.6727 0.7500
v -7.3141 -2.6807 0.7500
v -7.3072 -2.6727 -0.7500
v -7.3004 -2.6643 -0.7500
v -7.3004 -2.6643 0.7500
v -7.3072 -2.6727 0.7500
v -7.3004 -2.6643 -0.7500
v -7.2940 -2.6555 -0.7500
v -7.2940 -2.6555 0.7500
v -7.3004 -2.6643 0.7500
v -7.2940 -2.6555 -0.7500
v -7.2880 -2.6462 -0.7500
v -7.2880 -2.6462 0.7500
v -7.2940 -2.6555 0.7500
v -7.2880 -2.6462 -0.7500
v -7.2824 -2.6366 -0.7500
v -7.2824 -2.6366 0.7500
v -7.2880 -2.6462 0.7500
v -7.2824 -2.6366 -0.7500
v -7.2772 -2.6266 -0.7500
v -7.2772 -2.6266 0.7500
v -7.2824 -2.6366 0.7500
v -7.2772 -2.6266 -0.7500
v -7.2723 -2.6162 -0.7500
v -7.2723 -2.6162 0.7500
v -7.2772 -2.6266 0.7500
v -7.2723 -2.6162 -0.7500
v -7.2675 -2.6053 -0.7500
v -7.2675 -2.6053 0.7500
v -7.2723 -2.6162 0.7500
v -7.2675 -2.6053 -0.7500
v -7.2635 -2.5941 -0.7500
v -7.2635 -2.5941 0.7500
v -7.2675 -2.6053 0.7500
v -7.2635 -2.5941 -0.7500
v -7.2599 -2.5825 -0.7500
v -7.2599 -2.5825 0.7500
v -7.2635 -2.5941 0.7500
v -7.2599 -2.5825 -0.7500
v -7.2567 -2.5704 -0.7500
v -7.2567 -2.5704 0.7500
v -7.2599 -2.5825 0.7500
v -7.2567 -2.5704 -0.7500
v -7.2535 -2.5580 -0.7500
v -7.2535 -2.5580 0.7500
v -7.2567 -2.5704 0.7500
v -7.2535 -2.5580 -0.7500
v -7.2503 -2.5384 -0.7500
v -7.2503 -2.5384 0.7500
v -7.2535 -2.5580 0.7500
v -7.2503 -2.5384 -0.7500
v -7.2483 -2.5195 -0.7500
v -7.2483 -2.5195 0.7500
v -7.2503 -2.5384 0.7500
v -7.2483 -2.5195 -0.7500
v -7.2479 -2.5019 -0.7500
v -7.2479 -2.5019 0.7500
v -7.2483 -2.5195 0.7500
v -7.2479 -2.5019 -0.7500
v -7.2487 -2.4846 -0.7500
v -7.2487 -2.4846 0.7500
v -7.2479 -2.5019 0.7500
v -7.2487 -2.4846 -0.7500
v -7.2515 -2.4682 -0.7500
v -7.2515 -2.4682 0.7500
v -7.2487 -2.4846 0.7500
v -7.2515 -2.4682 -0.7500
v -7.2555 -2.4525 -0.7500
v -7.2555 -2.4525 0.7500
v -7.2515 -2.4682 0.7500
v -7.2555 -2.4525 -0.7500
v -7.2611 -2.4381 -0.7500
v -7.2611 -2.4381 0.7500
v -7.2555 -2.4525 0.7500
v -7.2611 -2.4381 -0.7500
v -7.2683 -2.4240 -0.7500
v -7.2683 -2.4240 0.7500
v -7.2611 -2.4381 0.7500
v -7.2683 -2.4240 -0.7500
v -7.2772 -2.4108 -0.7500
v -7.2772 -2.4108 0.7500
v -7.2683 -2.4240 0.7500
v -7.2772 -2.4108 -0.7500
v -7.2872 -2.3984 -0.7500
v -7.2872 -2.3984 0.7500
v -7.2772 -2.4108 0.7500
v -7.2872 -2.3984 -0.7500
v -7.2988 -2.3871 -0.7500
v -7.2988 -2.3871 0.7500
v -7.2872 -2.3984 0.7500
v -7.2988 -2.3871 -0.7500
v -7.3116 -2.3767 -0.7500
v -7.3116 -2.3767 0.7500
v -7.2988 -2.3871 0.7500
v -7.3116 -2.3767 -0.7500
v -7.3261 -2.3679 -0.7500
v -7.3261 -2.3679 0.7500
v -7.3116 -2.3767 0.7500
v -7.3261 -2.3679 -0.7500
v -7.3413 -2.3603 -0.7500
v -7.3413 -2.3603 0.7500
v -7.3261 -2.3679 0.7500
v -7.3413 -2.3603 -0.7500
v -7.3582 -2.3535 -0.7500
v -7.3582 -2.3535 0.7500
v -7.3413 -2.3603 0.7500
v -7.3582 -2.3535 -0.7500
v -7.3762 -2.3482 -0.7500
v -7.3762 -2.3482 0.7500
v -7.3582 -2.3535 0.7500
v -7.3762 -2.3482 -0.7500
v -7.3959 -2.3438 -0.7500
v -7.3959 -2.3438 0.7500
v -7.3762 -2.3482 0.7500
v -7.3959 -2.3438 -0.7500
v -7.4163 -2.3410 -0.7500
v -7.4163 -2.3410 0.7500
v -7.3959 -2.3438 0.7500
v -7.4163 -2.3410 -0.7500
v -7.4384 -2.3394 -0.7500
v -7.4384 -2.3394 0.7500
v -7.4163 -2.3410 0.7500
v -7.4384 -2.3394 -0.7500
v -7.4616 -2.3386 -0.7500
v -7.4616 -2.3386 0.7500
v -7.4384 -2.3394 0.7500
v -7.8751 -2.3386 -0.7500
v -8.0444 -3.1408 -0.7500
v -8.0444 -3.1408 0.7500
v -7.8751 -2.3386 0.7500
v -7.6193 -2.9972 -0.7500
v -7.6309 -2.9976 -0.7500
v -7.6309 -2.9976 0.7500
v -7.6193 -2.9972 0.7500
v -7.4616 -2.3386 -0.7500
v -7.8751 -2.3386 -0.7500
v -7.8751 -2.3386 0.7500
v -7.4616 -2.3386 0.7500
v -7.5800 -2.6651 -0.7500
v -7.7432 -2.6651 -0.7500
v -7.7432 -2.6651 0.7500
v -7.5800 -2.6651 0.7500
v -7.6080 -2.9968 -0.7500
v -7.6193 -2.9972 -0.7500
v -7.6193 -2.9972 0.7500
v -7.6080 -2.9968 0.7500
v -7.7047 -2.4830 -0.7500
v -7.5515 -2.4830 -0.7500
v -7.5515 -2.4830 0.7500
v -7.7047 -2.4830 0.7500
v -7.5699 -2.6647 -0.7500
v -7.5800 -2.6651 -0.7500
v -7.5800 -2.6651 0.7500
v -7.5699 -2.6647 0.7500
v -7.5972 -2.9956 -0.7500
v -7.6080 -2.9968 -0.7500
v -7.6080 -2.9968 0.7500
v -7.5972 -2.9956 0.7500
v -7.3694 -2.7353 -0.7500
v -7.3794 -2.7309 -0.7500
v -7.3794 -2.7309 0.7500
v -7.3694 -2.7353 0.7500
v -7.5599 -2.6639 -0.7500
v -7.5699 -2.6647 -0.7500
v -7.5699 -2.6647 0.7500
v -7.5599 -2.6639 0.7500
v -7.5876 -2.9940 -0.7500
v -7.5972 -2.9956 -0.7500
v -7.5972 -2.9956 0.7500
v -7.5876 -2.9940 0.7500
v -7.5515 -2.4830 -0.7500
v -7.5395 -2.4834 -0.7500
v -7.5395 -2.4834 0.7500
v -7.5515 -2.4830 0.7500
v -7.5507 -2.6627 -0.7500
v -7.5599 -2.6639 -0.7500
v -7.5599 -2.6639 0.7500
v -7.5507 -2.6627 0.7500
v -7.5784 -2.9920 -0.7500
v -7.5876 -2.9940 -0.7500
v -7.5876 -2.9940 0.7500
v -7.5784 -2.9920 0.7500
v -7.5395 -2.4834 -0.7500
v -7.5282 -2.4842 -0.7500
v -7.5282 -2.4842 0.7500
v -7.5395 -2.4834 0.7500
v -7.5419 -2.6611 -0.7500
v -7.5507 -2.6627 -0.7500
v -7.5507 -2.6627 0.7500
v -7.5419 -2.6611 0.7500
v -7.5695 -2.9896 -0.7500
v -7.5784 -2.9920 -0.7500
v -7.5784 -2.9920 0.7500
v -7.5695 -2.9896 0.7500
v -7.5282 -2.4842 -0.7500
v -7.5178 -2.4850 -0.7500
v -7.5178 -2.4850 0.7500
v -7.5282 -2.4842 0.7500
v -7.5334 -2.6591 -0.7500
v -7.5419 -2.6611 -0.7500
v -7.5419 -2.6611 0.7500
v -7.5334 -2.6591 0.7500
v -7.5178 -2.4850 -0.7500
v -7.5086 -2.4866 -0.7500
v -7.5086 -2.4866 0.7500
v -7.5178 -2.4850 0.7500
v -7.5182 -2.6535 -0.7500
v -7.5334 -2.6591 -0.7500
v -7.5334 -2.6591 0.7500
v -7.5182 -2.6535 0.7500
v -7.5619 -2.9867 -0.7500
v -7.5695 -2.9896 -0.7500
v -7.5695 -2.9896 0.7500
v -7.5619 -2.9867 0.7500
v -7.5086 -2.4866 -0.7500
v -7.4997 -2.4890 -0.7500
v -7.4997 -2.4890 0.7500
v -7.5086 -2.4866 0.7500
v -7.5114 -2.6498 -0.7500
v -7.5182 -2.6535 -0.7500
v -7.5182 -2.6535 0.7500
v -7.5114 -2.6498 0.7500
v -7.5547 -2.9831 -0.7500
v -7.5619 -2.9867 -0.7500
v -7.5619 -2.9867 0.7500
v -7.5547 -2.9831 0.7500
v -7.4997 -2.4890 -0.7500
v -7.4921 -2.4914 -0.7500
v -7.4921 -2.4914 0.7500
v -7.4997 -2.4890 0.7500
v -7.7729 -2.8031 -0.7500
v -7.5972 -2.8031 -0.7500
v -7.5972 -2.8031 0.7500
v -7.7729 -2.8031 0.7500
v -7.5479 -2.9795 -0.7500
v -7.5547 -2.9831 -0.7500
v -7.5547 -2.9831 0.7500
v -7.5479 -2.9795 0.7500
v -7.4921 -2.4914 -0.7500
v -7.4853 -2.4942 -0.7500
v -7.4853 -2.4942 0.7500
v -7.4921 -2.4914 0.7500
v -7.5050 -2.6458 -0.7500
v -7.5114 -2.6498 -0.7500
v -7.5114 -2.6498 0.7500
v -7.5050 -2.6458 0.7500
v -7.5419 -2.9751 -0.7500
v -7.5479 -2.9795 -0.7500
v -7.5479 -2.9795 0.7500
v -7.5419 -2.9751 0.7500
v -7.4853 -2.4942 -0.7500
v -7.4797 -2.4978 -0.7500
v -7.4797 -2.4978 0.7500
v -7.4853 -2.4942 0.7500
v -7.4989 -2.6414 -0.7500
v -7.5050 -2.6458 -0.7500
v -7.5050 -2.6458 0.7500
v -7.4989 -2.6414 0.7500
v -7.5366 -2.9703 -0.7500
v -7.5419 -2.9751 -0.7500
v -7.5419 -2.9751 0.7500
v -7.5366 -2.9703 0.7500
v -7.4797 -2.4978 -0.7500
v -7.4745 -2.5019 -0.7500
v -7.4745 -2.5019 0.7500
v -7.4797 -2.4978 0.7500
v -7.4933 -2.6362 -0.7500
v -7.4989 -2.6414 -0.7500
v -7.4989 -2.6414 0.7500
v -7.4933 -2.6362 0.7500
v -7.5314 -2.9647 -0.7500
v -7.5366 -2.9703 -0.7500
v -7.5366 -2.9703 0.7500
v -7.5314 -2.9647 0.7500
v -7.4745 -2.5019 -0.7500
v -7.4705 -2.5063 -0.7500
v -7.4705 -2.5063 0.7500
v -7.4745 -2.5019 0.7500
v -7.4885 -2.6310 -0.7500
v -7.4933 -2.6362 -0.7500
v -7.4933 -2.6362 0.7500
v -7.4885 -2.6310 0.7500
v -7.5266 -2.9587 -0.7500
v -7.5314 -2.9647 -0.7500
v -7.5314 -2.9647 0.7500
v -7.5266 -2.9587 0.7500
v -7.4705 -2.5063 -0.7500
v -7.4669 -2.5111 -0.7500
v -7.4669 -2.5111 0.7500
v -7.4705 -2.5063 0.7500
v -7.4837 -2.6254 -0.7500
v -7.4885 -2.6310 -0.7500
v -7.4885 -2.6310 0.7500
v -7.4837 -2.6254 0.7500
v -7.5222 -2.9515 -0.7500
v -7.5266 -2.9587 -0.7500
v -7.5266 -2.9587 0.7500
v -7.5222 -2.9515 0.7500
v -7.4669 -2.5111 -0.7500
v -7.4641 -2.5163 -0.7500
v -7.4641 -2.5163 0.7500
v -7.4669 -2.5111 0.7500
v -7.4793 -2.6194 -0.7500
v -7.4837 -2.6254 -0.7500
v -7.4837 -2.6254 0.7500
v -7.4793 -2.6194 0.7500
v -7.5178 -2.9438 -0.7500
v -7.5222 -2.9515 -0.7500
v -7.5222 -2.9515 0.7500
v -7.5178 -2.9438 0.7500
v -7.4641 -2.5163 -0.7500
v -7.4616 -2.5219 -0.7500
v -7.4616 -2.5219 0.7500
v -7.4641 -2.5163 0.7500
v -7.5972 -2.8031 -0.7500
v -7.5852 -2.8035 -0.7500
v -7.5852 -2.8035 0.7500
v -7.5972 -2.8031 0.7500
v -7.5138 -2.9358 -0.7500
v -7.5178 -2.9438 -0.7500
v -7.5178 -2.9438 0.7500
v -7.5138 -2.9358 0.7500
v -7.4753 -2.6130 -0.7500
v -7.4793 -2.6194 -0.7500
v -7.4793 -2.6194 0.7500
v -7.4753 -2.6130 0.7500
v -7.5102 -2.9266 -0.7500
v -7.5138 -2.9358 -0.7500
v -7.5138 -2.9358 0.7500
v -7.5102 -2.9266 0.7500
v -7.5852 -2.8035 -0.7500
v -7.5735 -2.8043 -0.7500
v -7.5735 -2.8043 0.7500
v -7.5852 -2.8035 0.7500
v -7.5070 -2.9170 -0.7500
v -7.5102 -2.9266 -0.7500
v -7.5102 -2.9266 0.7500
v -7.5070 -2.9170 0.7500
v -7.4616 -2.5219 -0.7500
v -7.4600 -2.5283 -0.7500
v -7.4600 -2.5283 0.7500
v -7.4616 -2.5219 0.7500
v -7.4717 -2.6061 -0.7500
v -7.4753 -2.6130 -0.7500
v -7.4753 -2.6130 0.7500
v -7.4717 -2.6061 0.7500
v -7.5042 -2.9065 -0.7500
v -7.5070 -2.9170 -0.7500
v -7.5070 -2.9170 0.7500
v -7.5042 -2.9065 0.7500
v -7.4600 -2.5283 -0.7500
v -7.4588 -2.5351 -0.7500
v -7.4588 -2.5351 0.7500
v -7.4600 -2.5283 0.7500
v -7.5735 -2.8043 -0.7500
v -7.5631 -2.8055 -0.7500
v -7.5631 -2.8055 0.7500
v -7.5735 -2.8043 0.7500
v -7.5014 -2.8953 -0.7500
v -7.5042 -2.9065 -0.7500
v -7.5042 -2.9065 0.7500
v -7.5014 -2.8953 0.7500
v -7.4588 -2.5351 -0.7500
v -7.4584 -2.5420 -0.7500
v -7.4584 -2.5420 0.7500
v -7.4588 -2.5351 0.7500
v -7.5631 -2.8055 -0.7500
v -7.5535 -2.8071 -0.7500
v -7.5535 -2.8071 0.7500
v -7.5631 -2.8055 0.7500
v -7.4997 -2.8865 -0.7500
v -7.5014 -2.8953 -0.7500
v -7.5014 -2.8953 0.7500
v -7.4997 -2.8865 0.7500
v -7.4584 -2.5420 -0.7500
v -7.4584 -2.5496 -0.7500
v -7.4584 -2.5496 0.7500
v -7.4584 -2.5420 0.7500
v -7.4685 -2.5989 -0.7500
v -7.4717 -2.6061 -0.7500
v -7.4717 -2.6061 0.7500
v -7.4685 -2.5989 0.7500
v -7.4981 -2.8696 -0.7500
v -7.4997 -2.8865 -0.7500
v -7.4997 -2.8865 0.7500
v -7.4981 -2.8696 0.7500
v -7.4584 -2.5496 -0.7500
v -7.4588 -2.5576 -0.7500
v -7.4588 -2.5576 0.7500
v -7.4584 -2.5496 0.7500
v -7.5535 -2.8071 -0.7500
v -7.5447 -2.8091 -0.7500
v -7.5447 -2.8091 0.7500
v -7.5535 -2.8071 0.7500
v -7.4985 -2.8624 -0.7500
v -7.4981 -2.8696 -0.7500
v -7.4981 -2.8696 0.7500
v -7.4985 -2.8624 0.7500
v -7.4588 -2.5576 -0.7500
v -7.4600 -2.5664 -0.7500
v -7.4600 -2.5664 0.7500
v -7.4588 -2.5576 0.7500
v -7.5447 -2.8091 -0.7500
v -7.5362 -2.8115 -0.7500
v -7.5362 -2.8115 0.7500
v -7.5447 -2.8091 0.7500
v -7.4993 -2.8552 -0.7500
v -7.4985 -2.8624 -0.7500
v -7.4985 -2.8624 0.7500
v -7.4993 -2.8552 0.7500
v -7.4600 -2.5664 -0.7500
v -7.4616 -2.5753 -0.7500
v -7.4616 -2.5753 0.7500
v -7.4600 -2.5664 0.7500
v -7.5362 -2.8115 -0.7500
v -7.5290 -2.8147 -0.7500
v -7.5290 -2.8147 0.7500
v -7.5362 -2.8115 0.7500
v -7.5006 -2.8484 -0.7500
v -7.4993 -2.8552 -0.7500
v -7.4993 -2.8552 0.7500
v -7.5006 -2.8484 0.7500
v -7.4616 -2.5753 -0.7500
v -7.4637 -2.5837 -0.7500
v -7.4637 -2.5837 0.7500
v -7.4616 -2.5753 0.7500
v -7.4637 -2.5837 -0.7500
v -7.4685 -2.5989 -0.7500
v -7.4685 -2.5989 0.7500
v -7.4637 -2.5837 0.7500
v -7.5054 -2.8363 -0.7500
v -7.5006 -2.8484 -0.7500
v -7.5006 -2.8484 0.7500
v -7.5054 -2.8363 0.7500
v -7.5290 -2.8147 -0.7500
v -7.5230 -2.8179 -0.7500
v -7.5230 -2.8179 0.7500
v -7.5290 -2.8147 0.7500
v -7.5090 -2.8311 -0.7500
v -7.5054 -2.8363 -0.7500
v -7.5054 -2.8363 0.7500
v -7.5090 -2.8311 0.7500
v -7.5230 -2.8179 -0.7500
v -7.5174 -2.8219 -0.7500
v -7.5174 -2.8219 0.7500
v -7.5230 -2.8179 0.7500
v -7.5126 -2.8263 -0.7500
v -7.5090 -2.8311 -0.7500
v -7.5090 -2.8311 0.7500
v -7.5126 -2.8263 0.7500
v -7.5174 -2.8219 -0.7500
v -7.5126 -2.8263 -0.7500
v -7.5126 -2.8263 0.7500
v -7.5174 -2.8219 0.7500
f 3769 3892 3893
f 3769 3850 3851
f 3849 3850 3769
f 3769 3770 3771
f 3771 3772 3773
f 3773 3774 3775
f 3775 3776 3777
f 3777 3778 3779
f 3779 3780 3781
f 3781 3782 3783
f 3783 3784 3785
f 3785 3786 3787
f 3787 3788 3789
f 3789 3790 3791
f 3791 3792 3793
f 3793 3794 3795
f 3795 3796 3797
f 3797 3798 3799
f 3799 3800 3801
f 3801 3802 3803
f 3803 3804 3805
f 3805 3806 3807
f 3807 3808 3809
f 3810 3811 3812
f 3812 3813 3814
f 3814 3815 3816
f 3816 3817 3818
f 3818 3819 3820
f 3820 3821 3822
f 3822 3823 3824
f 3824 3825 3826
f 3826 3827 3828
f 3828 3829 3830
f 3830 3831 3832
f 3832 3833 3834
f 3834 3835 3836
f 3836 3837 3838
f 3838 3839 3840
f 3840 3841 3842
f 3842 3843 3844
f 3844 3845 3763
f 3763 3764 3765
f 3765 3766 3767
f 3768 3769 3893
f 3892 3769 3851
f 3848 3849 3769
f 3769 3771 3773
f 3773 3775 3777
f 3777 3779 3781
f 3781 3783 3785
f 3785 3787 3789
f 3789 3791 3793
f 3793 3795 3797
f 3797 3799 3801
f 3801 3803 3805
f 3805 3807 3809
f 3810 3812 3814
f 3814 3816 3818
f 3818 3820 3822
f 3822 3824 3826
f 3826 3828 3830
f 3830 3832 3834
f 3834 3836 3838
f 3838 3840 3842
f 3842 3844 3763
f 3763 3765 3767
f 3767 3768 3893
f 3891 3892 3851
f 3847 3848 3769
f 3769 3773 3777
f 3777 3781 3785
f 3785 3789 3793
f 3793 3797 3801
f 3801 3805 3809
f 3810 3814 3818
f 3818 3822 3826
f 3826 3830 3834
f 3834 3838 3842
f 3842 3763 3767
f 3767 3893 3894
f 3890 3891 3851
f 3846 3847 3769
f 3769 3777 3785
f 3785 3793 3801
f 3801 3809 3810
f 3810 3818 3826
f 3826 3834 3842
f 3842 3767 3894
f 3889 3890 3851
f 3886 3846 3769
f 3785 3801 3810
f 3810 3826 3842
f 3842 3894 3895
f 3888 3889 3851
f 3885 3886 3769
f 3842 3895 3896
f 3887 3888 3851
f 3884 3885 3769
f 3842 3896 3897
f 3927 3887 3851
f 3884 3769 3785
f 3842 3897 3898
f 3926 3927 3851
f 3883 3884 3785
f 3842 3898 3899
f 3925 3926 3851
f 3882 3883 3785
f 3842 3899 3900
f 3925 3851 3852
f 3881 3882 3785
f 3842 3900 3901
f 3924 3925 3852
f 3880 3881 3785
f 3842 3901 3902
f 3923 3924 3852
f 3879 3880 3785
f 3842 3902 3903
f 3922 3923 3852
f 3878 3879 3785
f 3842 3903 3904
f 3921 3922 3852
f 3877 3878 3785
f 3842 3904 3905
f 3920 3921 3852
f 3876 3877 3785
f 3842 3905 3906
f 3919 3920 3852
f 3875 3876 3785
f 3842 3906 3907
f 3919 3852 3853
f 3874 3875 3785
f 3810 3842 3907
f 3918 3919 3853
f 3873 3874 3785
f 3785 3810 3907
f 3918 3853 3854
f 3872 3873 3785
f 3785 3907 3908
f 3917 3918 3854
f 3871 3872 3785
f 3785 3908 3909
f 3917 3854 3855
f 3870 3871 3785
f 3785 3909 3910
f 3917 3855 3856
f 3869 3870 3785
f 3785 3910 3911
f 3916 3917 3856
f 3868 3869 3785
f 3785 3911 3912
f 3916 3856 3857
f 3867 3868 3785
f 3785 3912 3913
f 3916 3857 3858
f 3866 3867 3785
f 3785 3913 3914
f 3916 3858 3859
f 3865 3866 3785
f 3785 3914 3915
f 3915 3916 3859
f 3864 3865 3785
f 3915 3859 3860
f 3863 3864 3785
f 3915 3860 3861
f 3862 3863 3785
f 3915 3861 3862
f 3862 3785 3915
f 3934 4058 4057
f 3934 4016 4015
f 4014 3934 4015
f 3934 3936 3935
f 3936 3938 3937
f 3938 3940 3939
f 3940 3942 3941
f 3942 3944 3943
f 3944 3946 3945
f 3946 3948 3947
f 3948 3950 3949
f 3950 3952 3951
f 3952 3954 3953
f 3954 3956 3955
f 3956 3958 3957
f 3958 3960 3959
f 3960 3962 3961
f 3962 3964 3963
f 3964 3966 3965
f 3966 3968 3967
f 3968 3970 3969
f 3970 3972 3971
f 3972 3974 3973
f 3975 3977 3976
f 3977 3979 3978
f 3979 3981 3980
f 3981 3983 3982
f 3983 3985 3984
f 3985 3987 3986
f 3987 3989 3988
f 3989 3991 3990
f 3991 3993 3992
f 3993 3995 3994
f 3995 3997 3996
f 3997 3999 3998
f 3999 4001 4000
f 4001 4003 4002
f 4003 4005 4004
f 4005 4007 4006
f 4007 4009 4008
f 4009 3928 4010
f 3928 3930 3929
f 3930 3932 3931
f 3933 4058 3934
f 4057 4016 3934
f 4013 3934 4014
f 3934 3938 3936
f 3938 3942 3940
f 3942 3946 3944
f 3946 3950 3948
f 3950 3954 3952
f 3954 3958 3956
f 3958 3962 3960
f 3962 3966 3964
f 3966 3970 3968
f 3970 3974 3972
f 3975 3979 3977
f 3979 3983 3981
f 3983 3987 3985
f 3987 3991 3989
f 3991 3995 3993
f 3995 3999 3997
f 3999 4003 4001
f 4003 4007 4005
f 4007 3928 4009
f 3928 3932 3930
f 3932 4058 3933
f 4056 4016 4057
f 4012 3934 4013
f 3934 3942 3938
f 3942 3950 3946
f 3950 3958 3954
f 3958 3966 3962
f 3966 3974 3970
f 3975 3983 3979
f 3983 3991 3987
f 3991 3999 3995
f 3999 4007 4003
f 4007 3932 3928
f 3932 4059 4058
f 4055 4016 4056
f 4011 3934 4012
f 3934 3950 3942
f 3950 3966 3958
f 3966 3975 3974
f 3975 3991 3983
f 3991 4007 3999
f 4007 4059 3932
f 4054 4016 4055
f 4051 3934 4011
f 3950 3975 3966
f 3975 4007 3991
f 4007 4060 4059
f 4053 4016 4054
f 4050 3934 4051
f 4007 4061 4060
f 4052 4016 4053
f 4049 3934 4050
f 4007 4062 4061
f 4092 4016 4052
f 4049 3950 3934
f 4007 4063 4062
f 4091 4016 4092
f 4048 3950 4049
f 4007 4064 4063
f 4090 4016 4091
f 4047 3950 4048
f 4007 4065 4064
f 4090 4017 4016
f 4046 3950 4047
f 4007 4066 4065
f 4089 4017 4090
f 4045 3950 4046
f 4007 4067 4066
f 4088 4017 4089
f 4044 3950 4045
f 4007 4068 4067
f 4087 4017 4088
f 4043 3950 4044
f 4007 4069 4068
f 4086 4017 4087
f 4042 3950 4043
f 4007 4070 4069
f 4085 4017 4086
f 4041 3950 4042
f 4007 4071 4070
f 4084 4017 4085
f 4040 3950 4041
f 4007 4072 4071
f 4084 4018 4017
f 4039 3950 4040
f 3975 4072 4007
f 4083 4018 4084
f 4038 3950 4039
f 3950 4072 3975
f 4083 4019 4018
f 4037 3950 4038
f 3950 4073 4072
f 4082 4019 4083
f 4036 3950 4037
f 3950 4074 4073
f 4082 4020 4019
f 4035 3950 4036
f 3950 4075 4074
f 4082 4021 4020
f 4034 3950 4035
f 3950 4076 4075
f 4081 4021 4082
f 4033 3950 4034
f 3950 4077 4076
f 4081 4022 4021
f 4032 3950 4033
f 3950 4078 4077
f 4081 4023 4022
f 4031 3950 4032
f 3950 4079 4078
f 4081 4024 4023
f 4030 3950 4031
f 3950 4080 4079
f 4080 4024 4081
f 4029 3950 4030
f 4080 4025 4024
f 4028 3950 4029
f 4080 4026 4025
f 4027 3950 4028
f 4080 4027 4026
f 4027 4080 3950
f 4093 4094 4095
f 4093 4095 4096
f 4097 4098 4099
f 4097 4099 4100
f 4101 4102 4103
f 4101 4103 4104
f 4105 4106 4107
f 4105 4107 4108
f 4109 4110 4111
f 4109 4111 4112
f 4113 4114 4115
f 4113 4115 4116
f 4117 4118 4119
f 4117 4119 4120
f 4121 4122 4123
f 4121 4123 4124
f 4125 4126 4127
f 4125 4127 4128
f 4129 4130 4131
f 4129 4131 4132
f 4133 4134 4135
f 4133 4135 4136
f 4137 4138 4139
f 4137 4139 4140
f 4141 4142 4143
f 4141 4143 4144
f 4145 4146 4147
f 4145 4147 4148
f 4149 4150 4151
f 4149 4151 4152
f 4153 4154 4155
f 4153 4155 4156
f 4157 4158 4159
f 4157 4159 4160
f 4161 4162 4163
f 4161 4163 4164
f 4165 4166 4167
f 4165 4167 4168
f 4169 4170 4171
f 4169 4171 4172
f 4173 4174 4175
f 4173 4175 4176
f 4177 4178 4179
f 4177 4179 4180
f 4181 4182 4183
f 4181 4183 4184
f 4185 4186 4187
f 4185 4187 4188
f 4189 4190 4191
f 4189 4191 4192
f 4193 4194 4195
f 4193 4195 4196
f 4197 4198 4199
f 4197 4199 4200
f 4201 4202 4203
f 4201 4203 4204
f 4205 4206 4207
f 4205 4207 4208
f 4209 4210 4211
f 4209 4211 4212
f 4213 4214 4215
f 4213 4215 4216
f 4217 4218 4219
f 4217 4219 4220
f 4221 4222 4223
f 4221 4223 4224
f 4225 4226 4227
f 4225 4227 4228
f 4229 4230 4231
f 4229 4231 4232
f 4233 4234 4235
f 4233 4235 4236
f 4237 4238 4239
f 4237 4239 4240
f 4241 4242 4243
f 4241 4243 4244
f 4245 4246 4247
f 4245 4247 4248
f 4249 4250 4251
f 4249 4251 4252
f 4253 4254 4255
f 4253 4255 4256
f 4257 4258 4259
f 4257 4259 4260
f 4261 4262 4263
f 4261 4263 4264
f 4265 4266 4267
f 4265 4267 4268
f 4269 4270 4271
f 4269 4271 4272
f 4273 4274 4275
f 4273 4275 4276
f 4277 4278 4279
f 4277 4279 4280
f 4281 4282 4283
f 4281 4283 4284
f 4285 4286 4287
f 4285 4287 4288
f 4289 4290 4291
f 4289 4291 4292
f 4293 4294 4295
f 4293 4295 4296
f 4297 4298 4299
f 4297 4299 4300
f 4301 4302 4303
f 4301 4303 4304
f 4305 4306 4307
f 4305 4307 4308
f 4309 4310 4311
f 4309 4311 4312
f 4313 4314 4315
f 4313 4315 4316
f 4317 4318 4319
f 4317 4319 4320
f 4321 4322 4323
f 4321 4323 4324
f 4325 4326 4327
f 4325 4327 4328
f 4329 4330 4331
f 4329 4331 4332
f 4333 4334 4335
f 4333 4335 4336
f 4337 4338 4339
f 4337 4339 4340
f 4341 4342 4343
f 4341 4343 4344
f 4345 4346 4347
f 4345 4347 4348
f 4349 4350 4351
f 4349 4351 4352
f 4353 4354 4355
f 4353 4355 4356
f 4357 4358 4359
f 4357 4359 4360
f 4361 4362 4363
f 4361 4363 4364
f 4365 4366 4367
f 4365 4367 4368
f 4369 4370 4371
f 4369 4371 4372
f 4373 4374 4375
f 4373 4375 4376
f 4377 4378 4379
f 4377 4379 4380
f 4381 4382 4383
f 4381 4383 4384
f 4385 4386 4387
f 4385 4387 4388
f 4389 4390 4391
f 4389 4391 4392
f 4393 4394 4395
f 4393 4395 4396
f 4397 4398 4399
f 4397 4399 4400
f 4401 4402 4403
f 4401 4403 4404
f 4405 4406 4407
f 4405 4407 4408
f 4409 4410 4411
f 4409 4411 4412
f 4413 4414 4415
f 4413 4415 4416
f 4417 4418 4419
f 4417 4419 4420
f 4421 4422 4423
f 4421 4423 4424
f 4425 4426 4427
f 4425 4427 4428
f 4429 4430 4431
f 4429 4431 4432
f 4433 4434 4435
f 4433 4435 4436
f 4437 4438 4439
f 4437 4439 4440
f 4441 4442 4443
f 4441 4443 4444
f 4445 4446 4447
f 4445 4447 4448
f 4449 4450 4451
f 4449 4451 4452
f 4453 4454 4455
f 4453 4455 4456
f 4457 4458 4459
f 4457 4459 4460
f 4461 4462 4463
f 4461 4463 4464
f 4465 4466 4467
f 4465 4467 4468
f 4469 4470 4471
f 4469 4471 4472
f 4473 4474 4475
f 4473 4475 4476
f 4477 4478 4479
f 4477 4479 4480
f 4481 4482 4483
f 4481 4483 4484
f 4485 4486 4487
f 4485 4487 4488
f 4489 4490 4491
f 4489 4491 4492
f 4493 4494 4495
f 4493 4495 4496
f 4497 4498 4499
f 4497 4499 4500
f 4501 4502 4503
f 4501 4503 4504
f 4505 4506 4507
f 4505 4507 4508
f 4509 4510 4511
f 4509 4511 4512
f 4513 4514 4515
f 4513 4515 4516
f 4517 4518 4519
f 4517 4519 4520
f 4521 4522 4523
f 4521 4523 4524
f 4525 4526 4527
f 4525 4527 4528
f 4529 4530 4531
f 4529 4531 4532
f 4533 4534 4535
f 4533 4535 4536
f 4537 4538 4539
f 4537 4539 4540
f 4541 4542 4543
f 4541 4543 4544
f 4545 4546 4547
f 4545 4547 4548
f 4549 4550 4551
f 4549 4551 4552
f 4553 4554 4555
f 4553 4555 4556
f 4557 4558 4559
f 4557 4559 4560
f 4561 4562 4563
f 4561 4563 4564
f 4565 4566 4567
f 4565 4567 4568
f 4569 4570 4571
f 4569 4571 4572
f 4573 4574 4575
f 4573 4575 4576
f 4577 4578 4579
f 4577 4579 4580
f 4581 4582 4583
f 4581 4583 4584
f 4585 4586 4587
f 4585 4587 4588
f 4589 4590 4591
f 4589 4591 4592
f 4593 4594 4595
f 4593 4595 4596
f 4597 4598 4599
f 4597 4599 4600
f 4601 4602 4603
f 4601 4603 4604
f 4605 4606 4607
f 4605 4607 4608
f 4609 4610 4611
f 4609 4611 4612
f 4613 4614 4615
f 4613 4615 4616
f 4617 4618 4619
f 4617 4619 4620
f 4621 4622 4623
f 4621 4623 4624
f 4625 4626 4627
f 4625 4627 4628
f 4629 4630 4631
f 4629 4631 4632
f 4633 4634 4635
f 4633 4635 4636
f 4637 4638 4639
f 4637 4639 4640
f 4641 4642 4643
f 4641 4643 4644
f 4645 4646 4647
f 4645 4647 4648
f 4649 4650 4651
f 4649 4651 4652
f 4653 4654 4655
f 4653 4655 4656
f 4657 4658 4659
f 4657 4659 4660
f 4661 4662 4663
f 4661 4663 4664
f 4665 4666 4667
f 4665 4667 4668
f 4669 4670 4671
f 4669 4671 4672
f 4673 4674 4675
f 4673 4675 4676
f 4677 4678 4679
f 4677 4679 4680
f 4681 4682 4683
f 4681 4683 4684
f 4685 4686 4687
f 4685 4687 4688
f 4689 4690 4691
f 4689 4691 4692
f 4693 4694 4695
f 4693 4695 4696
f 4697 4698 4699
f 4697 4699 4700
f 4701 4702 4703
f 4701 4703 4704
f 4705 4706 4707
f 4705 4707 4708
f 4709 4710 4711
f 4709 4711 4712
f 4713 4714 4715
f 4713 4715 4716
f 4717 4718 4719
f 4717 4719 4720
f 4721 4722 4723
f 4721 4723 4724
f 4725 4726 4727
f 4725 4727 4728
f 4729 4730 4731
f 4729 4731 4732
f 4733 4734 4735
f 4733 4735 4736
f 4737 4738 4739
f 4737 4739 4740
f 4741 4742 4743
f 4741 4743 4744
f 4745 4746 4747
f 4745 4747 4748
f 4749 4750 4751
f 4749 4751 4752
v -2.4226 -2.3418 0.7500
v -2.4375 -2.3398 0.7500
v -2.4527 -2.3390 0.7500
v -2.4684 -2.3386 0.7500
v -2.8694 -2.3386 0.7500
v -3.0387 -3.1408 0.7500
v -2.8381 -3.1408 0.7500
v -2.7844 -2.8869 0.7500
v -2.6861 -2.8869 0.7500
v -2.6801 -2.8873 0.7500
v -2.6745 -2.8877 0.7500
v -2.6693 -2.8885 0.7500
v -2.6645 -2.8893 0.7500
v -2.6601 -2.8905 0.7500
v -2.6561 -2.8917 0.7500
v -2.6521 -2.8933 0.7500
v -2.6456 -2.8973 0.7500
v -2.6428 -2.8997 0.7500
v -2.6404 -2.9021 0.7500
v -2.6356 -2.9085 0.7500
v -2.6316 -2.9166 0.7500
v -2.6296 -2.9210 0.7500
v -2.6280 -2.9258 0.7500
v -2.6264 -2.9310 0.7500
v -2.6252 -2.9366 0.7500
v -2.5779 -3.1408 0.7500
v -2.3685 -3.1408 0.7500
v -2.4182 -2.9242 0.7500
v -2.4198 -2.9182 0.7500
v -2.4210 -2.9125 0.7500
v -2.4234 -2.9021 0.7500
v -2.4246 -2.8973 0.7500
v -2.4263 -2.8929 0.7500
v -2.4275 -2.8885 0.7500
v -2.4287 -2.8845 0.7500
v -2.4303 -2.8809 0.7500
v -2.4315 -2.8773 0.7500
v -2.4379 -2.8644 0.7500
v -2.4399 -2.8612 0.7500
v -2.4423 -2.8584 0.7500
v -2.4443 -2.8552 0.7500
v -2.4467 -2.8524 0.7500
v -2.4495 -2.8496 0.7500
v -2.4519 -2.8468 0.7500
v -2.4367 -2.8404 0.7500
v -2.4222 -2.8335 0.7500
v -2.4078 -2.8259 0.7500
v -2.3938 -2.8179 0.7500
v -2.3805 -2.8091 0.7500
v -2.3677 -2.7998 0.7500
v -2.3553 -2.7898 0.7500
v -2.3432 -2.7790 0.7500
v -2.3316 -2.7678 0.7500
v -2.3208 -2.7557 0.7500
v -2.3103 -2.7433 0.7500
v -2.3003 -2.7309 0.7500
v -2.2915 -2.7176 0.7500
v -2.2835 -2.7040 0.7500
v -2.2759 -2.6900 0.7500
v -2.2694 -2.6755 0.7500
v -2.2634 -2.6607 0.7500
v -2.2582 -2.6454 0.7500
v -2.2538 -2.6298 0.7500
v -2.2502 -2.6138 0.7500
v -2.2470 -2.5973 0.7500
v -2.2446 -2.5813 0.7500
v -2.2430 -2.5656 0.7500
v -2.2422 -2.5508 0.7500
v -2.2422 -2.5359 0.7500
v -2.2430 -2.5215 0.7500
v -2.2446 -2.5079 0.7500
v -2.2470 -2.4942 0.7500
v -2.2506 -2.4814 0.7500
v -2.2546 -2.4690 0.7500
v -2.2594 -2.4569 0.7500
v -2.2650 -2.4453 0.7500
v -2.2714 -2.4345 0.7500
v -2.2783 -2.4240 0.7500
v -2.2859 -2.4140 0.7500
v -2.2939 -2.4048 0.7500
v -2.3027 -2.3960 0.7500
v -2.3124 -2.3876 0.7500
v -2.3224 -2.3799 0.7500
v -2.3332 -2.3727 0.7500
v -2.3444 -2.3663 0.7500
v -2.3561 -2.3607 0.7500
v -2.3685 -2.3555 0.7500
v -2.3813 -2.3511 0.7500
v -2.3946 -2.3470 0.7500
v -2.4082 -2.3442 0.7500
v -2.5706 -2.7297 0.7500
v -2.5815 -2.7313 0.7500
v -2.5923 -2.7321 0.7500
v -2.7523 -2.7321 0.7500
v -2.7010 -2.4930 0.7500
v -2.5442 -2.4930 0.7500
v -2.5301 -2.4934 0.7500
v -2.5177 -2.4942 0.7500
v -2.5061 -2.4958 0.7500
v -2.4956 -2.4978 0.7500
v -2.4860 -2.5007 0.7500
v -2.4780 -2.5043 0.7500
v -2.4708 -2.5079 0.7500
v -2.4648 -2.5127 0.7500
v -2.4599 -2.5179 0.7500
v -2.4563 -2.5235 0.7500
v -2.4535 -2.5299 0.7500
v -2.4495 -2.5444 0.7500
v -2.4487 -2.5528 0.7500
v -2.4483 -2.5616 0.7500
v -2.4483 -2.5708 0.7500
v -2.4491 -2.5809 0.7500
v -2.4503 -2.5913 0.7500
v -2.4519 -2.6021 0.7500
v -2.4547 -2.6138 0.7500
v -2.4571 -2.6254 0.7500
v -2.4607 -2.6366 0.7500
v -2.4644 -2.6470 0.7500
v -2.4688 -2.6567 0.7500
v -2.4736 -2.6659 0.7500
v -2.4792 -2.6747 0.7500
v -2.4852 -2.6827 0.7500
v -2.4916 -2.6900 0.7500
v -2.4984 -2.6968 0.7500
v -2.5061 -2.7028 0.7500
v -2.5141 -2.7084 0.7500
v -2.5225 -2.7136 0.7500
v -2.5313 -2.7180 0.7500
v -2.5406 -2.7216 0.7500
v -2.5502 -2.7248 0.7500
v -2.5602 -2.7277 0.7500
v -2.4226 -2.3418 -0.7500
v -2.4375 -2.3398 -0.7500
v -2.4527 -2.3390 -0.7500
v -2.4684 -2.3386 -0.7500
v -2.8694 -2.3386 -0.7500
v -3.0387 -3.1408 -0.7500
v -2.8381 -3.1408 -0.7500
v -2.7844 -2.8869 -0.7500
v -2.6861 -2.8869 -0.7500
v -2.6801 -2.8873 -0.7500
v -2.6745 -2.8877 -0.7500
v -2.6693 -2.8885 -0.7500
v -2.6645 -2.8893 -0.7500
v -2.6601 -2.8905 -0.7500
v -2.6561 -2.8917 -0.7500
v -2.6521 -2.8933 -0.7500
v -2.6456 -2.8973 -0.7500
v -2.6428 -2.8997 -0.7500
v -2.6404 -2.9021 -0.7500
v -2.6356 -2.9085 -0.7500
v -2.6316 -2.9166 -0.7500
v -2.6296 -2.9210 -0.7500
v -2.6280 -2.9258 -0.7500
v -2.6264 -2.9310 -0.7500
v -2.6252 -2.9366 -0.7500
v -2.5779 -3.1408 -0.7500
v -2.3685 -3.1408 -0.7500
v -2.4182 -2.9242 -0.7500
v -2.4198 -2.9182 -0.7500
v -2.4210 -2.9125 -0.7500
v -2.4234 -2.9021 -0.7500
v -2.4246 -2.8973 -0.7500
v -2.4263 -2.8929 -0.7500
v -2.4275 -2.8885 -0.7500
v -2.4287 -2.8845 -0.7500
v -2.4303 -2.8809 -0.7500
v -2.4315 -2.8773 -0.7500
v -2.4379 -2.8644 -0.7500
v -2.4399 -2.8612 -0.7500
v -2.4423 -2.8584 -0.7500
v -2.4443 -2.8552 -0.7500
v -2.4467 -2.8524 -0.7500
v -2.4495 -2.8496 -0.7500
v -2.4519 -2.8468 -0.7500
v -2.4367 -2.8404 -0.7500
v -2.4222 -2.8335 -0.7500
v -2.4078 -2.8259 -0.7500
v -2.3938 -2.8179 -0.7500
v -2.3805 -2.8091 -0.7500
v -2.3677 -2.7998 -0.7500
v -2.3553 -2.7898 -0.7500
v -2.3432 -2.7790 -0.7500
v -2.3316 -2.7678 -0.7500
v -2.3208 -2.7557 -0.7500
v -2.3103 -2.7433 -0.7500
v -2.3003 -2.7309 -0.7500
v -2.2915 -2.7176 -0.7500
v -2.2835 -2.7040 -0.7500
v -2.2759 -2.6900 -0.7500
v -2.2694 -2.6755 -0.7500
v -2.2634 -2.6607 -0.7500
v -2.2582 -2.6454 -0.7500
v -2.2538 -2.6298 -0.7500
v -2.2502 -2.6138 -0.7500
v -2.2470 -2.5973 -0.7500
v -2.2446 -2.5813 -0.7500
v -2.2430 -2.5656 -0.7500
v -2.2422 -2.5508 -0.7500
v -2.2422 -2.5359 -0.7500
v -2.2430 -2.5215 -0.7500
v -2.2446 -2.5079 -0.7500
v -2.2470 -2.4942 -0.7500
v -2.2506 -2.4814 -0.7500
v -2.2546 -2.4690 -0.7500
v -2.2594 -2.4569 -0.7500
v -2.2650 -2.4453 -0.7500
v -2.2714 -2.4345 -0.7500
v -2.2783 -2.4240 -0.7500
v -2.2859 -2.4140 -0.7500
v -2.2939 -2.4048 -0.7500
v -2.3027 -2.3960 -0.7500
v -2.3124 -2.3876 -0.7500
v -2.3224 -2.3799 -0.7500
v -2.3332 -2.3727 -0.7500
v -2.3444 -2.3663 -0.7500
v -2.3561 -2.3607 -0.7500
v -2.3685 -2.3555 -0.7500
v -2.3813 -2.3511 -0.7500
v -2.3946 -2.3470 -0.7500
v -2.4082 -2.3442 -0.7500
v -2.5706 -2.7297 -0.7500
v -2.5815 -2.7313 -0.7500
v -2.5923 -2.7321 -0.7500
v -2.7523 -2.7321 -0.7500
v -2.7010 -2.4930 -0.7500
v -2.5442 -2.4930 -0.7500
v -2.5301 -2.4934 -0.7500
v -2.5177 -2.4942 -0.7500
v -2.5061 -2.4958 -0.7500
v -2.4956 -2.4978 -0.7500
v -2.4860 -2.5007 -0.7500
v -2.4780 -2.5043 -0.7500
v -2.4708 -2.5079 -0.7500
v -2.4648 -2.5127 -0.7500
v -2.4599 -2.5179 -0.7500
v -2.4563 -2.5235 -0.7500
v -2.4535 -2.5299 -0.7500
v -2.4495 -2.5444 -0.7500
v -2.4487 -2.5528 -0.7500
v -2.4483 -2.5616 -0.7500
v -2.4483 -2.5708 -0.7500
v -2.4491 -2.5809 -0.7500
v -2.4503 -2.5913 -0.7500
v -2.4519 -2.6021 -0.7500
v -2.4547 -2.6138 -0.7500
v -2.4571 -2.6254 -0.7500
v -2.4607 -2.6366 -0.7500
v -2.4644 -2.6470 -0.7500
v -2.4688 -2.6567 -0.7500
v -2.4736 -2.6659 -0.7500
v -2.4792 -2.6747 -0.7500
v -2.4852 -2.6827 -0.7500
v -2.4916 -2.6900 -0.7500
v -2.4984 -2.6968 -0.7500
v -2.5061 -2.7028 -0.7500
v -2.5141 -2.7084 -0.7500
v -2.5225 -2.7136 -0.7500
v -2.5313 -2.7180 -0.7500
v -2.5406 -2.7216 -0.7500
v -2.5502 -2.7248 -0.7500
v -2.5602 -2.7277 -0.7500
v -2.7523 -2.7321 -0.7500
v -2.7010 -2.4930 -0.7500
v -2.7010 -2.4930 0.7500
v -2.7523 -2.7321 0.7500
v -2.4519 -2.6021 -0.7500
v -2.4547 -2.6138 -0.7500
v -2.4547 -2.6138 0.7500
v -2.4519 -2.6021 0.7500
v -2.4547 -2.6138 -0.7500
v -2.4571 -2.6254 -0.7500
v -2.4571 -2.6254 0.7500
v -2.4547 -2.6138 0.7500
v -3.0387 -3.1408 -0.7500
v -2.8381 -3.1408 -0.7500
v -2.8381 -3.1408 0.7500
v -3.0387 -3.1408 0.7500
v -2.6264 -2.9310 -0.7500
v -2.6252 -2.9366 -0.7500
v -2.6252 -2.9366 0.7500
v -2.6264 -2.9310 0.7500
v -2.6252 -2.9366 -0.7500
v -2.5779 -3.1408 -0.7500
v -2.5779 -3.1408 0.7500
v -2.6252 -2.9366 0.7500
v -2.5779 -3.1408 -0.7500
v -2.3685 -3.1408 -0.7500
v -2.3685 -3.1408 0.7500
v -2.5779 -3.1408 0.7500
v -2.3685 -3.1408 -0.7500
v -2.4182 -2.9242 -0.7500
v -2.4182 -2.9242 0.7500
v -2.3685 -3.1408 0.7500
v -2.4198 -2.9182 -0.7500
v -2.4210 -2.9125 -0.7500
v -2.4210 -2.9125 0.7500
v -2.4198 -2.9182 0.7500
v -2.4210 -2.9125 -0.7500
v -2.4234 -2.9021 -0.7500
v -2.4234 -2.9021 0.7500
v -2.4210 -2.9125 0.7500
v -2.4234 -2.9021 -0.7500
v -2.4246 -2.8973 -0.7500
v -2.4246 -2.8973 0.7500
v -2.4234 -2.9021 0.7500
v -2.4246 -2.8973 -0.7500
v -2.4263 -2.8929 -0.7500
v -2.4263 -2.8929 0.7500
v -2.4246 -2.8973 0.7500
v -2.4263 -2.8929 -0.7500
v -2.4275 -2.8885 -0.7500
v -2.4275 -2.8885 0.7500
v -2.4263 -2.8929 0.7500
v -2.4275 -2.8885 -0.7500
v -2.4287 -2.8845 -0.7500
v -2.4287 -2.8845 0.7500
v -2.4275 -2.8885 0.7500
v -2.4303 -2.8809 -0.7500
v -2.4315 -2.8773 -0.7500
v -2.4315 -2.8773 0.7500
v -2.4303 -2.8809 0.7500
v -2.4315 -2.8773 -0.7500
v -2.4379 -2.8644 -0.7500
v -2.4379 -2.8644 0.7500
v -2.4315 -2.8773 0.7500
v -2.4379 -2.8644 -0.7500
v -2.4399 -2.8612 -0.7500
v -2.4399 -2.8612 0.7500
v -2.4379 -2.8644 0.7500
v -2.4399 -2.8612 -0.7500
v -2.4423 -2.8584 -0.7500
v -2.4423 -2.8584 0.7500
v -2.4399 -2.8612 0.7500
v -2.4423 -2.8584 -0.7500
v -2.4443 -2.8552 -0.7500
v -2.4443 -2.8552 0.7500
v -2.4423 -2.8584 0.7500
v -2.4443 -2.8552 -0.7500
v -2.4467 -2.8524 -0.7500
v -2.4467 -2.8524 0.7500
v -2.4443 -2.8552 0.7500
v -2.4519 -2.8468 -0.7500
v -2.4367 -2.8404 -0.7500
v -2.4367 -2.8404 0.7500
v -2.4519 -2.8468 0.7500
v -2.4367 -2.8404 -0.7500
v -2.4222 -2.8335 -0.7500
v -2.4222 -2.8335 0.7500
v -2.4367 -2.8404 0.7500
v -2.4222 -2.8335 -0.7500
v -2.4078 -2.8259 -0.7500
v -2.4078 -2.8259 0.7500
v -2.4222 -2.8335 0.7500
v -2.4078 -2.8259 -0.7500
v -2.3938 -2.8179 -0.7500
v -2.3938 -2.8179 0.7500
v -2.4078 -2.8259 0.7500
v -2.3938 -2.8179 -0.7500
v -2.3805 -2.8091 -0.7500
v -2.3805 -2.8091 0.7500
v -2.3938 -2.8179 0.7500
v -2.3805 -2.8091 -0.7500
v -2.3677 -2.7998 -0.7500
v -2.3677 -2.7998 0.7500
v -2.3805 -2.8091 0.7500
v -2.3677 -2.7998 -0.7500
v -2.3553 -2.7898 -0.7500
v -2.3553 -2.7898 0.7500
v -2.3677 -2.7998 0.7500
v -2.3553 -2.7898 -0.7500
v -2.3432 -2.7790 -0.7500
v -2.3432 -2.7790 0.7500
v -2.3553 -2.7898 0.7500
v -2.3432 -2.7790 -0.7500
v -2.3316 -2.7678 -0.7500
v -2.3316 -2.7678 0.7500
v -2.3432 -2.7790 0.7500
v -2.3316 -2.7678 -0.7500
v -2.3208 -2.7557 -0.7500
v -2.3208 -2.7557 0.7500
v -2.3316 -2.7678 0.7500
v -2.3208 -2.7557 -0.7500
v -2.3103 -2.7433 -0.7500
v -2.3103 -2.7433 0.7500
v -2.3208 -2.7557 0.7500
v -2.3103 -2.7433 -0.7500
v -2.3003 -2.7309 -0.7500
v -2.3003 -2.7309 0.7500
v -2.3103 -2.7433 0.7500
v -2.3003 -2.7309 -0.7500
v -2.2915 -2.7176 -0.7500
v -2.2915 -2.7176 0.7500
v -2.3003 -2.7309 0.7500
v -2.2915 -2.7176 -0.7500
v -2.2835 -2.7040 -0.7500
v -2.2835 -2.7040 0.7500
v -2.2915 -2.7176 0.7500
v -2.2835 -2.7040 -0.7500
v -2.2759 -2.6900 -0.7500
v -2.2759 -2.6900 0.7500
v -2.2835 -2.7040 0.7500
v -2.2759 -2.6900 -0.7500
v -2.2694 -2.6755 -0.7500
v -2.2694 -2.6755 0.7500
v -2.2759 -2.6900 0.7500
v -2.2694 -2.6755 -0.7500
v -2.2634 -2.6607 -0.7500
v -2.2634 -2.6607 0.7500
v -2.2694 -2.6755 0.7500
v -2.2634 -2.6607 -0.7500
v -2.2582 -2.6454 -0.7500
v -2.2582 -2.6454 0.7500
v -2.2634 -2.6607 0.7500
v -2.2582 -2.6454 -0.7500
v -2.2538 -2.6298 -0.7500
v -2.2538 -2.6298 0.7500
v -2.2582 -2.6454 0.7500
v -2.2538 -2.6298 -0.7500
v -2.2502 -2.6138 -0.7500
v -2.2502 -2.6138 0.7500
v -2.2538 -2.6298 0.7500
v -2.2502 -2.6138 -0.7500
v -2.2470 -2.5973 -0.7500
v -2.2470 -2.5973 0.7500
v -2.2502 -2.6138 0.7500
v -2.2470 -2.5973 -0.7500
v -2.2446 -2.5813 -0.7500
v -2.2446 -2.5813 0.7500
v -2.2470 -2.5973 0.7500
v -2.2446 -2.5813 -0.7500
v -2.2430 -2.5656 -0.7500
v -2.2430 -2.5656 0.7500
v -2.2446 -2.5813 0.7500
v -2.2430 -2.5656 -0.7500
v -2.2422 -2.5508 -0.7500
v -2.2422 -2.5508 0.7500
v -2.2430 -2.5656 0.7500
v -2.2422 -2.5508 -0.7500
v -2.2422 -2.5359 -0.7500
v -2.2422 -2.5359 0.7500
v -2.2422 -2.5508 0.7500
v -2.2422 -2.5359 -0.7500
v -2.2430 -2.5215 -0.7500
v -2.2430 -2.5215 0.7500
v -2.2422 -2.5359 0.7500
v -2.2430 -2.5215 -0.7500
v -2.2446 -2.5079 -0.7500
v -2.2446 -2.5079 0.7500
v -2.2430 -2.5215 0.7500
v -2.2446 -2.5079 -0.7500
v -2.2470 -2.4942 -0.7500
v -2.2470 -2.4942 0.7500
v -2.2446 -2.5079 0.7500
v -2.2470 -2.4942 -0.7500
v -2.2506 -2.4814 -0.7500
v -2.2506 -2.4814 0.7500
v -2.2470 -2.4942 0.7500
v -2.2506 -2.4814 -0.7500
v -2.2546 -2.4690 -0.7500
v -2.2546 -2.4690 0.7500
v -2.2506 -2.4814 0.7500
v -2.2546 -2.4690 -0.7500
v -2.2594 -2.4569 -0.7500
v -2.2594 -2.4569 0.7500
v -2.2546 -2.4690 0.7500
v -2.2594 -2.4569 -0.7500
v -2.2650 -2.4453 -0.7500
v -2.2650 -2.4453 0.7500
v -2.2594 -2.4569 0.7500
v -2.2650 -2.4453 -0.7500
v -2.2714 -2.4345 -0.7500
v -2.2714 -2.4345 0.7500
v -2.2650 -2.4453 0.7500
v -2.2714 -2.4345 -0.7500
v -2.2783 -2.4240 -0.7500
v -2.2783 -2.4240 0.7500
v -2.2714 -2.4345 0.7500
v -2.2783 -2.4240 -0.7500
v -2.2859 -2.4140 -0.7500
v -2.2859 -2.4140 0.7500
v -2.2783 -2.4240 0.7500
v -2.2859 -2.4140 -0.7500
v -2.2939 -2.4048 -0.7500
v -2.2939 -2.4048 0.7500
v -2.2859 -2.4140 0.7500
v -2.2939 -2.4048 -0.7500
v -2.3027 -2.3960 -0.7500
v -2.3027 -2.3960 0.7500
v -2.2939 -2.4048 0.7500
v -2.3027 -2.3960 -0.7500
v -2.3124 -2.3876 -0.7500
v -2.3124 -2.3876 0.7500
v -2.3027 -2.3960 0.7500
v -2.3124 -2.3876 -0.7500
v -2.3224 -2.3799 -0.7500
v -2.3224 -2.3799 0.7500
v -2.3124 -2.3876 0.7500
v -2.3224 -2.3799 -0.7500
v -2.3332 -2.3727 -0.7500
v -2.3332 -2.3727 0.7500
v -2.3224 -2.3799 0.7500
v -2.3332 -2.3727 -0.7500
v -2.3444 -2.3663 -0.7500
v -2.3444 -2.3663 0.7500
v -2.3332 -2.3727 0.7500
v -2.3444 -2.3663 -0.7500
v -2.3561 -2.3607 -0.7500
v -2.3561 -2.3607 0.7500
v -2.3444 -2.3663 0.7500
v -2.3561 -2.3607 -0.7500
v -2.3685 -2.3555 -0.7500
v -2.3685 -2.3555 0.7500
v -2.3561 -2.3607 0.7500
v -2.3685 -2.3555 -0.7500
v -2.3813 -2.3511 -0.7500
v -2.3813 -2.3511 0.7500
v -2.3685 -2.3555 0.7500
v -2.3813 -2.3511 -0.7500
v -2.3946 -2.3470 -0.7500
v -2.3946 -2.3470 0.7500
v -2.3813 -2.3511 0.7500
v -2.3946 -2.3470 -0.7500
v -2.4082 -2.3442 -0.7500
v -2.4082 -2.3442 0.7500
v -2.3946 -2.3470 0.7500
v -2.4082 -2.3442 -0.7500
v -2.4226 -2.3418 -0.7500
v -2.4226 -2.3418 0.7500
v -2.4082 -2.3442 0.7500
v -2.4226 -2.3418 -0.7500
v -2.4375 -2.3398 -0.7500
v -2.4375 -2.3398 0.7500
v -2.4226 -2.3418 0.7500
v -2.4375 -2.3398 -0.7500
v -2.4527 -2.3390 -0.7500
v -2.4527 -2.3390 0.7500
v -2.4375 -2.3398 0.7500
v -2.4527 -2.3390 -0.7500
v -2.4684 -2.3386 -0.7500
v -2.4684 -2.3386 0.7500
v -2.4527 -2.3390 0.7500
v -2.8694 -2.3386 -0.7500
v -3.0387 -3.1408 -0.7500
v -3.0387 -3.1408 0.7500
v -2.8694 -2.3386 0.7500
v -2.8381 -3.1408 -0.7500
v -2.7844 -2.8869 -0.7500
v -2.7844 -2.8869 0.7500
v -2.8381 -3.1408 0.7500
v -2.4287 -2.8845 -0.7500
v -2.4303 -2.8809 -0.7500
v -2.4303 -2.8809 0.7500
v -2.4287 -2.8845 0.7500
v -2.4467 -2.8524 -0.7500
v -2.4495 -2.8496 -0.7500
v -2.4495 -2.8496 0.7500
v -2.4467 -2.8524 0.7500
v -2.4684 -2.3386 -0.7500
v -2.8694 -2.3386 -0.7500
v -2.8694 -2.3386 0.7500
v -2.4684 -2.3386 0.7500
v -2.7010 -2.4930 -0.7500
v -2.5442 -2.4930 -0.7500
v -2.5442 -2.4930 0.7500
v -2.7010 -2.4930 0.7500
v -2.5923 -2.7321 -0.7500
v -2.7523 -2.7321 -0.7500
v -2.7523 -2.7321 0.7500
v -2.5923 -2.7321 0.7500
v -2.6280 -2.9258 -0.7500
v -2.6264 -2.9310 -0.7500
v -2.6264 -2.9310 0.7500
v -2.6280 -2.9258 0.7500
v -2.5815 -2.7313 -0.7500
v -2.5923 -2.7321 -0.7500
v -2.5923 -2.7321 0.7500
v -2.5815 -2.7313 0.7500
v -2.6296 -2.9210 -0.7500
v -2.6280 -2.9258 -0.7500
v -2.6280 -2.9258 0.7500
v -2.6296 -2.9210 0.7500
v -2.4182 -2.9242 -0.7500
v -2.4198 -2.9182 -0.7500
v -2.4198 -2.9182 0.7500
v -2.4182 -2.9242 0.7500
v -2.4495 -2.8496 -0.7500
v -2.4519 -2.8468 -0.7500
v -2.4519 -2.8468 0.7500
v -2.4495 -2.8496 0.7500
v -2.5442 -2.4930 -0.7500
v -2.5301 -2.4934 -0.7500
v -2.5301 -2.4934 0.7500
v -2.5442 -2.4930 0.7500
v -2.5706 -2.7297 -0.7500
v -2.5815 -2.7313 -0.7500
v -2.5815 -2.7313 0.7500
v -2.5706 -2.7297 0.7500
v -2.6316 -2.9166 -0.7500
v -2.6296 -2.9210 -0.7500
v -2.6296 -2.9210 0.7500
v -2.6316 -2.9166 0.7500
v -2.5602 -2.7277 -0.7500
v -2.5706 -2.7297 -0.7500
v -2.5706 -2.7297 0.7500
v -2.5602 -2.7277 0.7500
v -2.6356 -2.9085 -0.7500
v -2.6316 -2.9166 -0.7500
v -2.6316 -2.9166 0.7500
v -2.6356 -2.9085 0.7500
v -2.5301 -2.4934 -0.7500
v -2.5177 -2.4942 -0.7500
v -2.5177 -2.4942 0.7500
v -2.5301 -2.4934 0.7500
v -2.5502 -2.7248 -0.7500
v -2.5602 -2.7277 -0.7500
v -2.5602 -2.7277 0.7500
v -2.5502 -2.7248 0.7500
v -2.6404 -2.9021 -0.7500
v -2.6356 -2.9085 -0.7500
v -2.6356 -2.9085 0.7500
v -2.6404 -2.9021 0.7500
v -2.5177 -2.4942 -0.7500
v -2.5061 -2.4958 -0.7500
v -2.5061 -2.4958 0.7500
v -2.5177 -2.4942 0.7500
v -2.5406 -2.7216 -0.7500
v -2.5502 -2.7248 -0.7500
v -2.5502 -2.7248 0.7500
v -2.5406 -2.7216 0.7500
v -2.6428 -2.8997 -0.7500
v -2.6404 -2.9021 -0.7500
v -2.6404 -2.9021 0.7500
v -2.6428 -2.8997 0.7500
v -2.5061 -2.4958 -0.7500
v -2.4956 -2.4978 -0.7500
v -2.4956 -2.4978 0.7500
v -2.5061 -2.4958 0.7500
v -2.5313 -2.7180 -0.7500
v -2.5406 -2.7216 -0.7500
v -2.5406 -2.7216 0.7500
v -2.5313 -2.7180 0.7500
v -2.6456 -2.8973 -0.7500
v -2.6428 -2.8997 -0.7500
v -2.6428 -2.8997 0.7500
v -2.6456 -2.8973 0.7500
v -2.4956 -2.4978 -0.7500
v -2.4860 -2.5007 -0.7500
v -2.4860 -2.5007 0.7500
v -2.4956 -2.4978 0.7500
v -2.5225 -2.7136 -0.7500
v -2.5313 -2.7180 -0.7500
v -2.5313 -2.7180 0.7500
v -2.5225 -2.7136 0.7500
v -2.6521 -2.8933 -0.7500
v -2.6456 -2.8973 -0.7500
v -2.6456 -2.8973 0.7500
v -2.6521 -2.8933 0.7500
v -2.4860 -2.5007 -0.7500
v -2.4780 -2.5043 -0.7500
v -2.4780 -2.5043 0.7500
v -2.4860 -2.5007 0.7500
v -2.5141 -2.7084 -0.7500
v -2.5225 -2.7136 -0.7500
v -2.5225 -2.7136 0.7500
v -2.5141 -2.7084 0.7500
v -2.6561 -2.8917 -0.7500
v -2.6521 -2.8933 -0.7500
v -2.6521 -2.8933 0.7500
v -2.6561 -2.8917 0.7500
v -2.4780 -2.5043 -0.7500
v -2.4708 -2.5079 -0.7500
v -2.4708 -2.5079 0.7500
v -2.4780 -2.5043 0.7500
v -2.7844 -2.8869 -0.7500
v -2.6861 -2.8869 -0.7500
v -2.6861 -2.8869 0.7500
v -2.7844 -2.8869 0.7500
v -2.6601 -2.8905 -0.7500
v -2.6561 -2.8917 -0.7500
v -2.6561 -2.8917 0.7500
v -2.6601 -2.8905 0.7500
v -2.4708 -2.5079 -0.7500
v -2.4648 -2.5127 -0.7500
v -2.4648 -2.5127 0.7500
v -2.4708 -2.5079 0.7500
v -2.5061 -2.7028 -0.7500
v -2.5141 -2.7084 -0.7500
v -2.5141 -2.7084 0.7500
v -2.5061 -2.7028 0.7500
v -2.6645 -2.8893 -0.7500
v -2.6601 -2.8905 -0.7500
v -2.6601 -2.8905 0.7500
v -2.6645 -2.8893 0.7500
v -2.4648 -2.5127 -0.7500
v -2.4599 -2.5179 -0.7500
v -2.4599 -2.5179 0.7500
v -2.4648 -2.5127 0.7500
v -2.4984 -2.6968 -0.7500
v -2.5061 -2.7028 -0.7500
v -2.5061 -2.7028 0.7500
v -2.4984 -2.6968 0.7500
v -2.6693 -2.8885 -0.7500
v -2.6645 -2.8893 -0.7500
v -2.6645 -2.8893 0.7500
v -2.6693 -2.8885 0.7500
v -2.4599 -2.5179 -0.7500
v -2.4563 -2.5235 -0.7500
v -2.4563 -2.5235 0.7500
v -2.4599 -2.5179 0.7500
v -2.4916 -2.6900 -0.7500
v -2.4984 -2.6968 -0.7500
v -2.4984 -2.6968 0.7500
v -2.4916 -2.6900 0.7500
v -2.6745 -2.8877 -0.7500
v -2.6693 -2.8885 -0.7500
v -2.6693 -2.8885 0.7500
v -2.6745 -2.8877 0.7500
v -2.4563 -2.5235 -0.7500
v -2.4535 -2.5299 -0.7500
v -2.4535 -2.5299 0.7500
v -2.4563 -2.5235 0.7500
v -2.6861 -2.8869 -0.7500
v -2.6801 -2.8873 -0.7500
v -2.6801 -2.8873 0.7500
v -2.6861 -2.8869 0.7500
v -2.4535 -2.5299 -0.7500
v -2.4495 -2.5444 -0.7500
v -2.4495 -2.5444 0.7500
v -2.4535 -2.5299 0.7500
v -2.6801 -2.8873 -0.7500
v -2.6745 -2.8877 -0.7500
v -2.6745 -2.8877 0.7500
v -2.6801 -2.8873 0.7500
v -2.4495 -2.5444 -0.7500
v -2.4487 -2.5528 -0.7500
v -2.4487 -2.5528 0.7500
v -2.4495 -2.5444 0.7500
v -2.4487 -2.5528 -0.7500
v -2.4483 -2.5616 -0.7500
v -2.4483 -2.5616 0.7500
v -2.4487 -2.5528 0.7500
v -2.4852 -2.6827 -0.7500
v -2.4916 -2.6900 -0.7500
v -2.4916 -2.6900 0.7500
v -2.4852 -2.6827 0.7500
v -2.4483 -2.5616 -0.7500
v -2.4483 -2.5708 -0.7500
v -2.4483 -2.5708 0.7500
v -2.4483 -2.5616 0.7500
v -2.4792 -2.6747 -0.7500
v -2.4852 -2.6827 -0.7500
v -2.4852 -2.6827 0.7500
v -2.4792 -2.6747 0.7500
v -2.4483 -2.5708 -0.7500
v -2.4491 -2.5809 -0.7500
v -2.4491 -2.5809 0.7500
v -2.4483 -2.5708 0.7500
v -2.4736 -2.6659 -0.7500
v -2.4792 -2.6747 -0.7500
v -2.4792 -2.6747 0.7500
v -2.4736 -2.6659 0.7500
v -2.4491 -2.5809 -0.7500
v -2.4503 -2.5913 -0.7500
v -2.4503 -2.5913 0.7500
v -2.4491 -2.5809 0.7500
v -2.4688 -2.6567 -0.7500
v -2.4736 -2.6659 -0.7500
v -2.4736 -2.6659 0.7500
v -2.4688 -2.6567 0.7500
v -2.4503 -2.5913 -0.7500
v -2.4519 -2.6021 -0.7500
v -2.4519 -2.6021 0.7500
v -2.4503 -2.5913 0.7500
v -2.4644 -2.6470 -0.7500
v -2.4688 -2.6567 -0.7500
v -2.4688 -2.6567 0.7500
v -2.4644 -2.6470 0.7500
v -2.4607 -2.6366 -0.7500
v -2.4644 -2.6470 -0.7500
v -2.4644 -2.6470 0.7500
v -2.4607 -2.6366 0.7500
v -2.4571 -2.6254 -0.7500
v -2.4607 -2.6366 -0.7500
v -2.4607 -2.6366 0.7500
v -2.4571 -2.6254 0.7500
f 4758 4846 4847
f 4866 4867 4868
f 4846 4758 4759
f 4776 4777 4778
f 4778 4779 4780
f 4781 4782 4783
f 4783 4784 4785
f 4785 4786 4787
f 4788 4789 4790
f 4790 4791 4792
f 4792 4793 4794
f 4796 4797 4798
f 4798 4799 4800
f 4800 4801 4802
f 4802 4803 4804
f 4804 4805 4806
f 4806 4807 4808
f 4808 4809 4810
f 4810 4811 4812
f 4812 4813 4814
f 4814 4815 4816
f 4816 4817 4818
f 4818 4819 4820
f 4820 4821 4822
f 4822 4823 4824
f 4824 4825 4826
f 4826 4827 4828
f 4828 4829 4830
f 4830 4831 4832
f 4832 4833 4834
f 4834 4835 4836
f 4836 4837 4838
f 4838 4839 4840
f 4840 4841 4842
f 4842 4753 4754
f 4754 4755 4756
f 4757 4758 4847
f 4846 4759 4760
f 4776 4778 4780
f 4781 4783 4785
f 4785 4787 4788
f 4788 4790 4792
f 4792 4794 4795
f 4796 4798 4800
f 4800 4802 4804
f 4804 4806 4808
f 4808 4810 4812
f 4812 4814 4816
f 4816 4818 4820
f 4820 4822 4824
f 4824 4826 4828
f 4828 4830 4832
f 4832 4834 4836
f 4836 4838 4840
f 4840 4842 4754
f 4754 4756 4757
f 4757 4847 4848
f 4845 4846 4760
f 4775 4776 4780
f 4781 4785 4788
f 4788 4792 4795
f 4796 4800 4804
f 4804 4808 4812
f 4812 4816 4820
f 4820 4824 4828
f 4828 4832 4836
f 4836 4840 4754
f 4754 4757 4848
f 4844 4845 4760
f 4774 4775 4780
f 4780 4781 4788
f 4788 4795 4796
f 4796 4804 4812
f 4812 4820 4828
f 4828 4836 4754
f 4754 4848 4849
f 4843 4844 4760
f 4773 4774 4780
f 4780 4788 4796
f 4796 4812 4828
f 4828 4754 4849
f 4883 4843 4760
f 4772 4773 4780
f 4828 4849 4850
f 4882 4883 4760
f 4771 4772 4780
f 4828 4850 4851
f 4881 4882 4760
f 4770 4771 4780
f 4828 4851 4852
f 4880 4881 4760
f 4769 4770 4780
f 4828 4852 4853
f 4879 4880 4760
f 4768 4769 4780
f 4828 4853 4854
f 4878 4879 4760
f 4767 4768 4780
f 4828 4854 4855
f 4878 4760 4761
f 4766 4767 4780
f 4828 4855 4856
f 4877 4878 4761
f 4765 4766 4780
f 4828 4856 4857
f 4876 4877 4761
f 4764 4765 4780
f 4828 4857 4858
f 4875 4876 4761
f 4763 4764 4780
f 4828 4858 4859
f 4875 4761 4762
f 4763 4780 4796
f 4828 4859 4860
f 4875 4762 4763
f 4763 4796 4828
f 4828 4860 4861
f 4875 4763 4828
f 4828 4861 4862
f 4874 4875 4828
f 4828 4862 4863
f 4873 4874 4828
f 4828 4863 4864
f 4872 4873 4828
f 4828 4864 4865
f 4871 4872 4828
f 4828 4865 4866
f 4870 4871 4828
f 4828 4866 4868
f 4869 4870 4828
f 4828 4868 4869
f 4889 4978 4977
f 4997 4999 4998
f 4977 4890 4889
f 4907 4909 4908
f 4909 4911 4910
f 4912 4914 4913
f 4914 4916 4915
f 4916 4918 4917
f 4919 4921 4920
f 4921 4923 4922
f 4923 4925 4924
f 4927 4929 4928
f 4929 4931 4930
f 4931 4933 4932
f 4933 4935 4934
f 4935 4937 4936
f 4937 4939 4938
f 4939 4941 4940
f 4941 4943 4942
f 4943 4945 4944
f 4945 4947 4946
f 4947 4949 4948
f 4949 4951 4950
f 4951 4953 4952
f 4953 4955 4954
f 4955 4957 4956
f 4957 4959 4958
f 4959 4961 4960
f 4961 4963 4962
f 4963 4965 4964
f 4965 4967 4966
f 4967 4969 4968
f 4969 4971 4970
f 4971 4973 4972
f 4973 4885 4884
f 4885 4887 4886
f 4888 4978 4889
f 4977 4891 4890
f 4907 4911 4909
f 4912 4916 4914
f 4916 4919 4918
f 4919 4923 4921
f 4923 4926 4925
f 4927 4931 4929
f 4931 4935 4933
f 4935 4939 4937
f 4939 4943 4941
f 4943 4947 4945
f 4947 4951 4949
f 4951 4955 4953
f 4955 4959 4957
f 4959 4963 4961
f 4963 4967 4965
f 4967 4971 4969
f 4971 4885 4973
f 4885 4888 4887
f 4888 4979 4978
f 4976 4891 4977
f 4906 4911 4907
f 4912 4919 4916
f 4919 4926 4923
f 4927 4935 4931
f 4935 4943 4939
f 4943 4951 4947
f 4951 4959 4955
f 4959 4967 4963
f 4967 4885 4971
f 4885 4979 4888
f 4975 4891 4976
f 4905 4911 4906
f 4911 4919 4912
f 4919 4927 4926
f 4927 4943 4935
f 4943 4959 4951
f 4959 4885 4967
f 4885 4980 4979
f 4974 4891 4975
f 4904 4911 4905
f 4911 4927 4919
f 4927 4959 4943
f 4959 4980 4885
f 5014 4891 4974
f 4903 4911 4904
f 4959 4981 4980
f 5013 4891 5014
f 4902 4911 4903
f 4959 4982 4981
f 5012 4891 5013
f 4901 4911 4902
f 4959 4983 4982
f 5011 4891 5012
f 4900 4911 4901
f 4959 4984 4983
f 5010 4891 5011
f 4899 4911 4900
f 4959 4985 4984
f 5009 4891 5010
f 4898 4911 4899
f 4959 4986 4985
f 5009 4892 4891
f 4897 4911 4898
f 4959 4987 4986
f 5008 4892 5009
f 4896 4911 4897
f 4959 4988 4987
f 5007 4892 5008
f 4895 4911 4896
f 4959 4989 4988
f 5006 4892 5007
f 4894 4911 4895
f 4959 4990 4989
f 5006 4893 4892
f 4894 4927 4911
f 4959 4991 4990
f 5006 4894 4893
f 4894 4959 4927
f 4959 4992 4991
f 5006 4959 4894
f 4959 4993 4992
f 5005 4959 5006
f 4959 4994 4993
f 5004 4959 5005
f 4959 4995 4994
f 5003 4959 5004
f 4959 4996 4995
f 5002 4959 5003
f 4959 4997 4996
f 5001 4959 5002
f 4959 4999 4997
f 5000 4959 5001
f 4959 5000 4999
f 5015 5016 5017
f 5015 5017 5018
f 5019 5020 5021
f 5019 5021 5022
f 5023 5024 5025
f 5023 5025 5026
f 5027 5028 5029
f 5027 5029 5030
f 5031 5032 5033
f 5031 5033 5034
f 5035 5036 5037
f 5035 5037 5038
f 5039 5040 5041
f 5039 5041 5042
f 5043 5044 5045
f 5043 5045 5046
f 5047 5048 5049
f 5047 5049 5050
f 5051 5052 5053
f 5051 5053 5054
f 5055 5056 5057
f 5055 5057 5058
f 5059 5060 5061
f 5059 5061 5062
f 5063 5064 5065
f 5063 5065 5066
f 5067 5068 5069
f 5067 5069 5070
f 5071 5072 5073
f 5071 5073 5074
f 5075 5076 5077
f 5075 5077 5078
f 5079 5080 5081
f 5079 5081 5082
f 5083 5084 5085
f 5083 5085 5086
f 5087 5088 5089
f 5087 5089 5090
f 5091 5092 5093
f 5091 5093 5094
f 5095 5096 5097
f 5095 5097 5098
f 5099 5100 5101
f 5099 5101 5102
f 5103 5104 5105
f 5103 5105 5106
f 5107 5108 5109
f 5107 5109 5110
f 5111 5112 5113
f 5111 5113 5114
f 5115 5116 5117
f 5115 5117 5118
f 5119 5120 5121
f 5119 5121 5122
f 5123 5124 5125
f 5123 5125 5126
f 5127 5128 5129
f 5127 5129 5130
f 5131 5132 5133
f 5131 5133 5134
f 5135 5136 5137
f 5135 5137 5138
f 5139 5140 5141
f 5139 5141 5142
f 5143 5144 5145
f 5143 5145 5146
f 5147 5148 5149
f 5147 5149 5150
f 5151 5152 5153
f 5151 5153 5154
f 5155 5156 5157
f 5155 5157 5158
f 5159 5160 5161
f 5159 5161 5162
f 5163 5164 5165
f 5163 5165 5166
f 5167 5168 5169
f 5167 5169 5170
f 5171 5172 5173
f 5171 5173 5174
f 5175 5176 5177
f 5175 5177 5178
f 5179 5180 5181
f 5179 5181 5182
f 5183 5184 5185
f 5183 5185 5186
f 5187 5188 5189
f 5187 5189 5190
f 5191 5192 5193
f 5191 5193 5194
f 5195 5196 5197
f 5195 5197 5198
f 5199 5200 5201
f 5199 5201 5202
f 5203 5204 5205
f 5203 5205 5206
f 5207 5208 5209
f 5207 5209 5210
f 5211 5212 5213
f 5211 5213 5214
f 5215 5216 5217
f 5215 5217 5218
f 5219 5220 5221
f 5219 5221 5222
f 5223 5224 5225
f 5223 5225 5226
f 5227 5228 5229
f 5227 5229 5230
f 5231 5232 5233
f 5231 5233 5234
f 5235 5236 5237
f 5235 5237 5238
f 5239 5240 5241
f 5239 5241 5242
f 5243 5244 5245
f 5243 5245 5246
f 5247 5248 5249
f 5247 5249 5250
f 5251 5252 5253
f 5251 5253 5254
f 5255 5256 5257
f 5255 5257 5258
f 5259 5260 5261
f 5259 5261 5262
f 5263 5264 5265
f 5263 5265 5266
f 5267 5268 5269
f 5267 5269 5270
f 5271 5272 5273
f 5271 5273 5274
f 5275 5276 5277
f 5275 5277 5278
f 5279 5280 5281
f 5279 5281 5282
f 5283 5284 5285
f 5283 5285 5286
f 5287 5288 5289
f 5287 5289 5290
f 5291 5292 5293
f 5291 5293 5294
f 5295 5296 5297
f 5295 5297 5298
f 5299 5300 5301
f 5299 5301 5302
f 5303 5304 5305
f 5303 5305 5306
f 5307 5308 5309
f 5307 5309 5310
f 5311 5312 5313
f 5311 5313 5314
f 5315 5316 5317
f 5315 5317 5318
f 5319 5320 5321
f 5319 5321 5322
f 5323 5324 5325
f 5323 5325 5326
f 5327 5328 5329
f 5327 5329 5330
f 5331 5332 5333
f 5331 5333 5334
f 5335 5336 5337
f 5335 5337 5338
f 5339 5340 5341
f 5339 5341 5342
f 5343 5344 5345
f 5343 5345 5346
f 5347 5348 5349
f 5347 5349 5350
f 5351 5352 5353
f 5351 5353 5354
f 5355 5356 5357
f 5355 5357 5358
f 5359 5360 5361
f 5359 5361 5362
f 5363 5364 5365
f 5363 5365 5366
f 5367 5368 5369
f 5367 5369 5370
f 5371 5372 5373
f 5371 5373 5374
f 5375 5376 5377
f 5375 5377 5378
f 5379 5380 5381
f 5379 5381 5382
f 5383 5384 5385
f 5383 5385 5386
f 5387 5388 5389
f 5387 5389 5390
f 5391 5392 5393
f 5391 5393 5394
f 5395 5396 5397
f 5395 5397 5398
f 5399 5400 5401
f 5399 5401 5402
f 5403 5404 5405
f 5403 5405 5406
f 5407 5408 5409
f 5407 5409 5410
f 5411 5412 5413
f 5411 5413 5414
f 5415 5416 5417
f 5415 5417 5418
f 5419 5420 5421
f 5419 5421 5422
f 5423 5424 5425
f 5423 5425 5426
f 5427 5428 5429
f 5427 5429 5430
f 5431 5432 5433
f 5431 5433 5434
f 5435 5436 5437
f 5435 5437 5438
f 5439 5440 5441
f 5439 5441 5442
f 5443 5444 5445
f 5443 5445 5446
f 5447 5448 5449
f 5447 5449 5450
f 5451 5452 5453
f 5451 5453 5454
f 5455 5456 5457
f 5455 5457 5458
f 5459 5460 5461
f 5459 5461 5462
f 5463 5464 5465
f 5463 5465 5466
f 5467 5468 5469
f 5467 5469 5470
f 5471 5472 5473
f 5471 5473 5474
f 5475 5476 5477
f 5475 5477 5478
f 5479 5480 5481
f 5479 5481 5482
f 5483 5484 5485
f 5483 5485 5486
f 5487 5488 5489
f 5487 5489 5490
f 5491 5492 5493
f 5491 5493 5494
f 5495 5496 5497
f 5495 5497 5498
f 5499 5500 5501
f 5499 5501 5502
f 5503 5504 5505
f 5503 5505 5506
f 5507 5508 5509
f 5507 5509 5510
f 5511 5512 5513
f 5511 5513 5514
f 5515 5516 5517
f 5515 5517 5518
f 5519 5520 5521
f 5519 5521 5522
f 5523 5524 5525
f 5523 5525 5526
f 5527 5528 5529
f 5527 5529 5530
f 5531 5532 5533
f 5531 5533 5534
f 5535 5536 5537
f 5535 5537 5538
v 2.2755 -2.3418 0.7500
v 2.2610 -2.3398 0.7500
v 2.2458 -2.3390 0.7500
v 2.2301 -2.3386 0.7500
v 1.8291 -2.3386 0.7500
v 1.6594 -3.1408 0.7500
v 1.8599 -3.1408 0.7500
v 1.9137 -2.8869 0.7500
v 2.0120 -2.8869 0.7500
v 2.0180 -2.8873 0.7500
v 2.0236 -2.8877 0.7500
v 2.0288 -2.8885 0.7500
v 2.0336 -2.8893 0.7500
v 2.0424 -2.8917 0.7500
v 2.0460 -2.8933 0.7500
v 2.0525 -2.8973 0.7500
v 2.0581 -2.9021 0.7500
v 2.0605 -2.9053 0.7500
v 2.0625 -2.9085 0.7500
v 2.0649 -2.9125 0.7500
v 2.0669 -2.9166 0.7500
v 2.0685 -2.9210 0.7500
v 2.0701 -2.9258 0.7500
v 2.0717 -2.9310 0.7500
v 2.0729 -2.9366 0.7500
v 2.1202 -3.1408 0.7500
v 2.3296 -3.1408 0.7500
v 2.2799 -2.9242 0.7500
v 2.2787 -2.9182 0.7500
v 2.2775 -2.9125 0.7500
v 2.2759 -2.9073 0.7500
v 2.2747 -2.9021 0.7500
v 2.2734 -2.8973 0.7500
v 2.2722 -2.8929 0.7500
v 2.2706 -2.8885 0.7500
v 2.2694 -2.8845 0.7500
v 2.2682 -2.8809 0.7500
v 2.2666 -2.8773 0.7500
v 2.2654 -2.8740 0.7500
v 2.2638 -2.8708 0.7500
v 2.2618 -2.8676 0.7500
v 2.2602 -2.8644 0.7500
v 2.2582 -2.8612 0.7500
v 2.2562 -2.8584 0.7500
v 2.2538 -2.8552 0.7500
v 2.2490 -2.8496 0.7500
v 2.2462 -2.8468 0.7500
v 2.2614 -2.8404 0.7500
v 2.2763 -2.8335 0.7500
v 2.2903 -2.8259 0.7500
v 2.3043 -2.8179 0.7500
v 2.3176 -2.8091 0.7500
v 2.3304 -2.7998 0.7500
v 2.3428 -2.7898 0.7500
v 2.3549 -2.7790 0.7500
v 2.3665 -2.7678 0.7500
v 2.3777 -2.7557 0.7500
v 2.3882 -2.7433 0.7500
v 2.3978 -2.7309 0.7500
v 2.4066 -2.7176 0.7500
v 2.4150 -2.7040 0.7500
v 2.4222 -2.6900 0.7500
v 2.4291 -2.6755 0.7500
v 2.4347 -2.6607 0.7500
v 2.4399 -2.6454 0.7500
v 2.4443 -2.6298 0.7500
v 2.4479 -2.6138 0.7500
v 2.4511 -2.5973 0.7500
v 2.4539 -2.5813 0.7500
v 2.4555 -2.5656 0.7500
v 2.4563 -2.5508 0.7500
v 2.4563 -2.5359 0.7500
v 2.4555 -2.5215 0.7500
v 2.4535 -2.5079 0.7500
v 2.4511 -2.4942 0.7500
v 2.4479 -2.4814 0.7500
v 2.4435 -2.4690 0.7500
v 2.4387 -2.4569 0.7500
v 2.4331 -2.4453 0.7500
v 2.4267 -2.4345 0.7500
v 2.4198 -2.4240 0.7500
v 2.4126 -2.4140 0.7500
v 2.4042 -2.4048 0.7500
v 2.3954 -2.3960 0.7500
v 2.3861 -2.3876 0.7500
v 2.3757 -2.3799 0.7500
v 2.3653 -2.3727 0.7500
v 2.3537 -2.3663 0.7500
v 2.3420 -2.3607 0.7500
v 2.3296 -2.3555 0.7500
v 2.3168 -2.3511 0.7500
v 2.3035 -2.3470 0.7500
v 2.2899 -2.3442 0.7500
v 2.1275 -2.7297 0.7500
v 2.1170 -2.7313 0.7500
v 2.1058 -2.7321 0.7500
v 1.9462 -2.7321 0.7500
v 1.9971 -2.4930 0.7500
v 2.1539 -2.4930 0.7500
v 2.1680 -2.4934 0.7500
v 2.1808 -2.4942 0.7500
v 2.1924 -2.4958 0.7500
v 2.2029 -2.4978 0.7500
v 2.2121 -2.5007 0.7500
v 2.2201 -2.5043 0.7500
v 2.2273 -2.5079 0.7500
v 2.2333 -2.5127 0.7500
v 2.2382 -2.5179 0.7500
v 2.2418 -2.5235 0.7500
v 2.2446 -2.5299 0.7500
v 2.2470 -2.5371 0.7500
v 2.2486 -2.5444 0.7500
v 2.2494 -2.5528 0.7500
v 2.2502 -2.5616 0.7500
v 2.2498 -2.5708 0.7500
v 2.2494 -2.5809 0.7500
v 2.2482 -2.5913 0.7500
v 2.2462 -2.6021 0.7500
v 2.2438 -2.6138 0.7500
v 2.2410 -2.6254 0.7500
v 2.2378 -2.6366 0.7500
v 2.2337 -2.6470 0.7500
v 2.2293 -2.6567 0.7500
v 2.2245 -2.6659 0.7500
v 2.2189 -2.6747 0.7500
v 2.2133 -2.6827 0.7500
v 2.2065 -2.6900 0.7500
v 2.1997 -2.6968 0.7500
v 2.1920 -2.7028 0.7500
v 2.1840 -2.7084 0.7500
v 2.1756 -2.7136 0.7500
v 2.1668 -2.7180 0.7500
v 2.1575 -2.7216 0.7500
v 2.1479 -2.7248 0.7500
v 2.1379 -2.7277 0.7500
v 2.2755 -2.3418 -0.7500
v 2.2610 -2.3398 -0.7500
v 2.2458 -2.3390 -0.7500
v 2.2301 -2.3386 -0.7500
v 1.8291 -2.3386 -0.7500
v 1.6594 -3.1408 -0.7500
v 1.8599 -3.1408 -0.7500
v 1.9137 -2.8869 -0.7500
v 2.0120 -2.8869 -0.7500
v 2.0180 -2.8873 -0.7500
v 2.0236 -2.8877 -0.7500
v 2.0288 -2.8885 -0.7500
v 2.0336 -2.8893 -0.7500
v 2.0424 -2.8917 -0.7500
v 2.0460 -2.8933 -0.7500
v 2.0525 -2.8973 -0.7500
v 2.0581 -2.9021 -0.7500
v 2.0605 -2.9053 -0.7500
v 2.0625 -2.9085 -0.7500
v 2.0649 -2.9125 -0.7500
v 2.0669 -2.9166 -0.7500
v 2.0685 -2.9210 -0.7500
v 2.0701 -2.9258 -0.7500
v 2.0717 -2.9310 -0.7500
v 2.0729 -2.9366 -0.7500
v 2.1202 -3.1408 -0.7500
v 2.3296 -3.1408 -0.7500
v 2.2799 -2.9242 -0.7500
v 2.2787 -2.9182 -0.7500
v 2.2775 -2.9125 -0.7500
v 2.2759 -2.9073 -0.7500
v 2.2747 -2.9021 -0.7500
v 2.2734 -2.8973 -0.7500
v 2.2722 -2.8929 -0.7500
v 2.2706 -2.8885 -0.7500
v 2.2694 -2.8845 -0.7500
v 2.2682 -2.8809 -0.7500
v 2.2666 -2.8773 -0.7500
v 2.2654 -2.8740 -0.7500
v 2.2638 -2.8708 -0.7500
v 2.2618 -2.8676 -0.7500
v 2.2602 -2.8644 -0.7500
v 2.2582 -2.8612 -0.7500
v 2.2562 -2.8584 -0.7500
v 2.2538 -2.8552 -0.7500
v 2.2490 -2.8496 -0.7500
v 2.2462 -2.8468 -0.7500
v 2.2614 -2.8404 -0.7500
v 2.2763 -2.8335 -0.7500
v 2.2903 -2.8259 -0.7500
v 2.3043 -2.8179 -0.7500
v 2.3176 -2.8091 -0.7500
v 2.3304 -2.7998 -0.7500
v 2.3428 -2.7898 -0.7500
v 2.3549 -2.7790 -0.7500
v 2.3665 -2.7678 -0.7500
v 2.3777 -2.7557 -0.7500
v 2.3882 -2.7433 -0.7500
v 2.3978 -2.7309 -0.7500
v 2.4066 -2.7176 -0.7500
v 2.4150 -2.7040 -0.7500
v 2.4222 -2.6900 -0.7500
v 2.4291 -2.6755 -0.7500
v 2.4347 -2.6607 -0.7500
v 2.4399 -2.6454 -0.7500
v 2.4443 -2.6298 -0.7500
v 2.4479 -2.6138 -0.7500
v 2.4511 -2.5973 -0.7500
v 2.4539 -2.5813 -0.7500
v 2.4555 -2.5656 -0.7500
v 2.4563 -2.5508 -0.7500
v 2.4563 -2.5359 -0.7500
v 2.4555 -2.5215 -0.7500
v 2.4535 -2.5079 -0.7500
v 2.4511 -2.4942 -0.7500
v 2.4479 -2.4814 -0.7500
v 2.4435 -2.4690 -0.7500
v 2.4387 -2.4569 -0.7500
v 2.4331 -2.4453 -0.7500
v 2.4267 -2.4345 -0.7500
v 2.4198 -2.4240 -0.7500
v 2.4126 -2.4140 -0.7500
v 2.4042 -2.4048 -0.7500
v 2.3954 -2.3960 -0.7500
v 2.3861 -2.3876 -0.7500
v 2.3757 -2.3799 -0.7500
v 2.3653 -2.3727 -0.7500
v 2.3537 -2.3663 -0.7500
v 2.3420 -2.3607 -0.7500
v 2.3296 -2.3555 -0.7500
v 2.3168 -2.3511 -0.7500
v 2.3035 -2.3470 -0.7500
v 2.2899 -2.3442 -0.7500
v 2.1275 -2.7297 -0.7500
v 2.1170 -2.7313 -0.7500
v 2.1058 -2.7321 -0.7500
v 1.9462 -2.7321 -0.7500
v 1.9971 -2.4930 -0.7500
v 2.1539 -2.4930 -0.7500
v 2.1680 -2.4934 -0.7500
v 2.1808 -2.4942 -0.7500
v 2.1924 -2.4958 -0.7500
v 2.2029 -2.4978 -0.7500
v 2.2121 -2.5007 -0.7500
v 2.2201 -2.5043 -0.7500
v 2.2273 -2.5079 -0.7500
v 2.2333 -2.5127 -0.7500
v 2.2382 -2.5179 -0.7500
v 2.2418 -2.5235 -0.7500
v 2.2446 -2.5299 -0.7500
v 2.2470 -2.5371 -0.7500
v 2.2486 -2.5444 -0.7500
v 2.2494 -2.5528 -0.7500
v 2.2502 -2.5616 -0.7500
v 2.2498 -2.5708 -0.7500
v 2.2494 -2.5809 -0.7500
v 2.2482 -2.5913 -0.7500
v 2.2462 -2.6021 -0.7500
v 2.2438 -2.6138 -0.7500
v 2.2410 -2.6254 -0.7500
v 2.2378 -2.6366 -0.7500
v 2.2337 -2.6470 -0.7500
v 2.2293 -2.6567 -0.7500
v 2.2245 -2.6659 -0.7500
v 2.2189 -2.6747 -0.7500
v 2.2133 -2.6827 -0.7500
v 2.2065 -2.6900 -0.7500
v 2.1997 -2.6968 -0.7500
v 2.1920 -2.7028 -0.7500
v 2.1840 -2.7084 -0.7500
v 2.1756 -2.7136 -0.7500
v 2.1668 -2.7180 -0.7500
v 2.1575 -2.7216 -0.7500
v 2.1479 -2.7248 -0.7500
v 2.1379 -2.7277 -0.7500
v 1.9462 -2.7321 -0.7500
v 1.9971 -2.4930 -0.7500
v 1.9971 -2.4930 0.7500
v 1.9462 -2.7321 0.7500
v 2.2502 -2.5616 -0.7500
v 2.2498 -2.5708 -0.7500
v 2.2498 -2.5708 0.7500
v 2.2502 -2.5616 0.7500
v 2.2498 -2.5708 -0.7500
v 2.2494 -2.5809 -0.7500
v 2.2494 -2.5809 0.7500
v 2.2498 -2.5708 0.7500
v 1.6594 -3.1408 -0.7500
v 1.8599 -3.1408 -0.7500
v 1.8599 -3.1408 0.7500
v 1.6594 -3.1408 0.7500
v 2.0717 -2.9310 -0.7500
v 2.0729 -2.9366 -0.7500
v 2.0729 -2.9366 0.7500
v 2.0717 -2.9310 0.7500
v 2.0729 -2.9366 -0.7500
v 2.1202 -3.1408 -0.7500
v 2.1202 -3.1408 0.7500
v 2.0729 -2.9366 0.7500
v 2.1202 -3.1408 -0.7500
v 2.3296 -3.1408 -0.7500
v 2.3296 -3.1408 0.7500
v 2.1202 -3.1408 0.7500
v 2.3296 -3.1408 -0.7500
v 2.2799 -2.9242 -0.7500
v 2.2799 -2.9242 0.7500
v 2.3296 -3.1408 0.7500
v 2.2799 -2.9242 -0.7500
v 2.2787 -2.9182 -0.7500
v 2.2787 -2.9182 0.7500
v 2.2799 -2.9242 0.7500
v 2.2787 -2.9182 -0.7500
v 2.2775 -2.9125 -0.7500
v 2.2775 -2.9125 0.7500
v 2.2787 -2.9182 0.7500
v 2.2759 -2.9073 -0.7500
v 2.2747 -2.9021 -0.7500
v 2.2747 -2.9021 0.7500
v 2.2759 -2.9073 0.7500
v 2.2747 -2.9021 -0.7500
v 2.2734 -2.8973 -0.7500
v 2.2734 -2.8973 0.7500
v 2.2747 -2.9021 0.7500
v 2.2734 -2.8973 -0.7500
v 2.2722 -2.8929 -0.7500
v 2.2722 -2.8929 0.7500
v 2.2734 -2.8973 0.7500
v 2.2722 -2.8929 -0.7500
v 2.2706 -2.8885 -0.7500
v 2.2706 -2.8885 0.7500
v 2.2722 -2.8929 0.7500
v 2.2706 -2.8885 -0.7500
v 2.2694 -2.8845 -0.7500
v 2.2694 -2.8845 0.7500
v 2.2706 -2.8885 0.7500
v 2.2694 -2.8845 -0.7500
v 2.2682 -2.8809 -0.7500
v 2.2682 -2.8809 0.7500
v 2.2694 -2.8845 0.7500
v 2.2666 -2.8773 -0.7500
v 2.2654 -2.8740 -0.7500
v 2.2654 -2.8740 0.7500
v 2.2666 -2.8773 0.7500
v 2.2654 -2.8740 -0.7500
v 2.2638 -2.8708 -0.7500
v 2.2638 -2.8708 0.7500
v 2.2654 -2.8740 0.7500
v 2.2618 -2.8676 -0.7500
v 2.2602 -2.8644 -0.7500
v 2.2602 -2.8644 0.7500
v 2.2618 -2.8676 0.7500
v 2.2602 -2.8644 -0.7500
v 2.2582 -2.8612 -0.7500
v 2.2582 -2.8612 0.7500
v 2.2602 -2.8644 0.7500
v 2.2582 -2.8612 -0.7500
v 2.2562 -2.8584 -0.7500
v 2.2562 -2.8584 0.7500
v 2.2582 -2.8612 0.7500
v 2.2562 -2.8584 -0.7500
v 2.2538 -2.8552 -0.7500
v 2.2538 -2.8552 0.7500
v 2.2562 -2.8584 0.7500
v 2.2538 -2.8552 -0.7500
v 2.2490 -2.8496 -0.7500
v 2.2490 -2.8496 0.7500
v 2.2538 -2.8552 0.7500
v 2.2490 -2.8496 -0.7500
v 2.2462 -2.8468 -0.7500
v 2.2462 -2.8468 0.7500
v 2.2490 -2.8496 0.7500
v 2.2462 -2.8468 -0.7500
v 2.2614 -2.8404 -0.7500
v 2.2614 -2.8404 0.7500
v 2.2462 -2.8468 0.7500
v 2.2614 -2.8404 -0.7500
v 2.2763 -2.8335 -0.7500
v 2.2763 -2.8335 0.7500
v 2.2614 -2.8404 0.7500
v 2.2763 -2.8335 -0.7500
v 2.2903 -2.8259 -0.7500
v 2.2903 -2.8259 0.7500
v 2.2763 -2.8335 0.7500
v 2.2903 -2.8259 -0.7500
v 2.3043 -2.8179 -0.7500
v 2.3043 -2.8179 0.7500
v 2.2903 -2.8259 0.7500
v 2.3043 -2.8179 -0.7500
v 2.3176 -2.8091 -0.7500
v 2.3176 -2.8091 0.7500
v 2.3043 -2.8179 0.7500
v 2.3176 -2.8091 -0.7500
v 2.3304 -2.7998 -0.7500
v 2.3304 -2.7998 0.7500
v 2.3176 -2.8091 0.7500
v 2.3304 -2.7998 -0.7500
v 2.3428 -2.7898 -0.7500
v 2.3428 -2.7898 0.7500
v 2.3304 -2.7998 0.7500
v 2.3428 -2.7898 -0.7500
v 2.3549 -2.7790 -0.7500
v 2.3549 -2.7790 0.7500
v 2.3428 -2.7898 0.7500
v 2.3549 -2.7790 -0.7500
v 2.3665 -2.7678 -0.7500
v 2.3665 -2.7678 0.7500
v 2.3549 -2.7790 0.7500
v 2.3665 -2.7678 -0.7500
v 2.3777 -2.7557 -0.7500
v 2.3777 -2.7557 0.7500
v 2.3665 -2.7678 0.7500
v 2.3777 -2.7557 -0.7500
v 2.3882 -2.7433 -0.7500
v 2.3882 -2.7433 0.7500
v 2.3777 -2.7557 0.7500
v 2.3882 -2.7433 -0.7500
v 2.3978 -2.7309 -0.7500
v 2.3978 -2.7309 0.7500
v 2.3882 -2.7433 0.7500
v 2.3978 -2.7309 -0.7500
v 2.4066 -2.7176 -0.7500
v 2.4066 -2.7176 0.7500
v 2.3978 -2.7309 0.7500
v 2.4066 -2.7176 -0.7500
v 2.4150 -2.7040 -0.7500
v 2.4150 -2.7040 0.7500
v 2.4066 -2.7176 0.7500
v 2.4150 -2.7040 -0.7500
v 2.4222 -2.6900 -0.7500
v 2.4222 -2.6900 0.7500
v 2.4150 -2.7040 0.7500
v 2.4222 -2.6900 -0.7500
v 2.4291 -2.6755 -0.7500
v 2.4291 -2.6755 0.7500
v 2.4222 -2.6900 0.7500
v 2.4291 -2.6755 -0.7500
v 2.4347 -2.6607 -0.7500
v 2.4347 -2.6607 0.7500
v 2.4291 -2.6755 0.7500
v 2.4347 -2.6607 -0.7500
v 2.4399 -2.6454 -0.7500
v 2.4399 -2.6454 0.7500
v 2.4347 -2.6607 0.7500
v 2.4399 -2.6454 -0.7500
v 2.4443 -2.6298 -0.7500
v 2.4443 -2.6298 0.7500
v 2.4399 -2.6454 0.7500
v 2.4443 -2.6298 -0.7500
v 2.4479 -2.6138 -0.7500
v 2.4479 -2.6138 0.7500
v 2.4443 -2.6298 0.7500
v 2.4479 -2.6138 -0.7500
v 2.4511 -2.5973 -0.7500
v 2.4511 -2.5973 0.7500
v 2.4479 -2.6138 0.7500
v 2.4511 -2.5973 -0.7500
v 2.4539 -2.5813 -0.7500
v 2.4539 -2.5813 0.7500
v 2.4511 -2.5973 0.7500
v 2.4539 -2.5813 -0.7500
v 2.4555 -2.5656 -0.7500
v 2.4555 -2.5656 0.7500
v 2.4539 -2.5813 0.7500
v 2.4555 -2.5656 -0.7500
v 2.4563 -2.5508 -0.7500
v 2.4563 -2.5508 0.7500
v 2.4555 -2.5656 0.7500
v 2.4563 -2.5508 -0.7500
v 2.4563 -2.5359 -0.7500
v 2.4563 -2.5359 0.7500
v 2.4563 -2.5508 0.7500
v 2.4563 -2.5359 -0.7500
v 2.4555 -2.5215 -0.7500
v 2.4555 -2.5215 0.7500
v 2.4563 -2.5359 0.7500
v 2.4555 -2.5215 -0.7500
v 2.4535 -2.5079 -0.7500
v 2.4535 -2.5079 0.7500
v 2.4555 -2.5215 0.7500
v 2.4535 -2.5079 -0.7500
v 2.4511 -2.4942 -0.7500
v 2.4511 -2.4942 0.7500
v 2.4535 -2.5079 0.7500
v 2.4511 -2.4942 -0.7500
v 2.4479 -2.4814 -0.7500
v 2.4479 -2.4814 0.7500
v 2.4511 -2.4942 0.7500
v 2.4479 -2.4814 -0.7500
v 2.4435 -2.4690 -0.7500
v 2.4435 -2.4690 0.7500
v 2.4479 -2.4814 0.7500
v 2.4435 -2.4690 -0.7500
v 2.4387 -2.4569 -0.7500
v 2.4387 -2.4569 0.7500
v 2.4435 -2.4690 0.7500
v 2.4387 -2.4569 -0.7500
v 2.4331 -2.4453 -0.7500
v 2.4331 -2.4453 0.7500
v 2.4387 -2.4569 0.7500
v 2.4331 -2.4453 -0.7500
v 2.4267 -2.4345 -0.7500
v 2.4267 -2.4345 0.7500
v 2.4331 -2.4453 0.7500
v 2.4267 -2.4345 -0.7500
v 2.4198 -2.4240 -0.7500
v 2.4198 -2.4240 0.7500
v 2.4267 -2.4345 0.7500
v 2.4198 -2.4240 -0.7500
v 2.4126 -2.4140 -0.7500
v 2.4126 -2.4140 0.7500
v 2.4198 -2.4240 0.7500
v 2.4126 -2.4140 -0.7500
v 2.4042 -2.4048 -0.7500
v 2.4042 -2.4048 0.7500
v 2.4126 -2.4140 0.7500
v 2.4042 -2.4048 -0.7500
v 2.3954 -2.3960 -0.7500
v 2.3954 -2.3960 0.7500
v 2.4042 -2.4048 0.7500
v 2.3954 -2.3960 -0.7500
v 2.3861 -2.3876 -0.7500
v 2.3861 -2.3876 0.7500
v 2.3954 -2.3960 0.7500
v 2.3861 -2.3876 -0.7500
v 2.3757 -2.3799 -0.7500
v 2.3757 -2.3799 0.7500
v 2.3861 -2.3876 0.7500
v 2.3757 -2.3799 -0.7500
v 2.3653 -2.3727 -0.7500
v 2.3653 -2.3727 0.7500
v 2.3757 -2.3799 0.7500
v 2.3653 -2.3727 -0.7500
v 2.3537 -2.3663 -0.7500
v 2.3537 -2.3663 0.7500
v 2.3653 -2.3727 0.7500
v 2.3537 -2.3663 -0.7500
v 2.3420 -2.3607 -0.7500
v 2.3420 -2.3607 0.7500
v 2.3537 -2.3663 0.7500
v 2.3420 -2.3607 -0.7500
v 2.3296 -2.3555 -0.7500
v 2.3296 -2.3555 0.7500
v 2.3420 -2.3607 0.7500
v 2.3296 -2.3555 -0.7500
v 2.3168 -2.3511 -0.7500
v 2.3168 -2.3511 0.7500
v 2.3296 -2.3555 0.7500
v 2.3168 -2.3511 -0.7500
v 2.3035 -2.3470 -0.7500
v 2.3035 -2.3470 0.7500
v 2.3168 -2.3511 0.7500
v 2.3035 -2.3470 -0.7500
v 2.2899 -2.3442 -0.7500
v 2.2899 -2.3442 0.7500
v 2.3035 -2.3470 0.7500
v 2.2899 -2.3442 -0.7500
v 2.2755 -2.3418 -0.7500
v 2.2755 -2.3418 0.7500
v 2.2899 -2.3442 0.7500
v 2.2755 -2.3418 -0.7500
v 2.2610 -2.3398 -0.7500
v 2.2610 -2.3398 0.7500
v 2.2755 -2.3418 0.7500
v 2.2610 -2.3398 -0.7500
v 2.2458 -2.3390 -0.7500
v 2.2458 -2.3390 0.7500
v 2.2610 -2.3398 0.7500
v 2.2458 -2.3390 -0.7500
v 2.2301 -2.3386 -0.7500
v 2.2301 -2.3386 0.7500
v 2.2458 -2.3390 0.7500
v 1.8291 -2.3386 -0.7500
v 1.6594 -3.1408 -0.7500
v 1.6594 -3.1408 0.7500
v 1.8291 -2.3386 0.7500
v 1.8599 -3.1408 -0.7500
v 1.9137 -2.8869 -0.7500
v 1.9137 -2.8869 0.7500
v 1.8599 -3.1408 0.7500
v 2.2775 -2.9125 -0.7500
v 2.2759 -2.9073 -0.7500
v 2.2759 -2.9073 0.7500
v 2.2775 -2.9125 0.7500
v 2.2682 -2.8809 -0.7500
v 2.2666 -2.8773 -0.7500
v 2.2666 -2.8773 0.7500
v 2.2682 -2.8809 0.7500
v 2.2638 -2.8708 -0.7500
v 2.2618 -2.8676 -0.7500
v 2.2618 -2.8676 0.7500
v 2.2638 -2.8708 0.7500
v 2.2301 -2.3386 -0.7500
v 1.8291 -2.3386 -0.7500
v 1.8291 -2.3386 0.7500
v 2.2301 -2.3386 0.7500
v 1.9971 -2.4930 -0.7500
v 2.1539 -2.4930 -0.7500
v 2.1539 -2.4930 0.7500
v 1.9971 -2.4930 0.7500
v 2.1058 -2.7321 -0.7500
v 1.9462 -2.7321 -0.7500
v 1.9462 -2.7321 0.7500
v 2.1058 -2.7321 0.7500
v 2.0701 -2.9258 -0.7500
v 2.0717 -2.9310 -0.7500
v 2.0717 -2.9310 0.7500
v 2.0701 -2.9258 0.7500
v 2.1170 -2.7313 -0.7500
v 2.1058 -2.7321 -0.7500
v 2.1058 -2.7321 0.7500
v 2.1170 -2.7313 0.7500
v 2.0685 -2.9210 -0.7500
v 2.0701 -2.9258 -0.7500
v 2.0701 -2.9258 0.7500
v 2.0685 -2.9210 0.7500
v 2.1539 -2.4930 -0.7500
v 2.1680 -2.4934 -0.7500
v 2.1680 -2.4934 0.7500
v 2.1539 -2.4930 0.7500
v 2.1275 -2.7297 -0.7500
v 2.1170 -2.7313 -0.7500
v 2.1170 -2.7313 0.7500
v 2.1275 -2.7297 0.7500
v 2.0669 -2.9166 -0.7500
v 2.0685 -2.9210 -0.7500
v 2.0685 -2.9210 0.7500
v 2.0669 -2.9166 0.7500
v 2.1379 -2.7277 -0.7500
v 2.1275 -2.7297 -0.7500
v 2.1275 -2.7297 0.7500
v 2.1379 -2.7277 0.7500
v 2.0649 -2.9125 -0.7500
v 2.0669 -2.9166 -0.7500
v 2.0669 -2.9166 0.7500
v 2.0649 -2.9125 0.7500
v 2.1680 -2.4934 -0.7500
v 2.1808 -2.4942 -0.7500
v 2.1808 -2.4942 0.7500
v 2.1680 -2.4934 0.7500
v 2.1479 -2.7248 -0.7500
v 2.1379 -2.7277 -0.7500
v 2.1379 -2.7277 0.7500
v 2.1479 -2.7248 0.7500
v 2.0625 -2.9085 -0.7500
v 2.0649 -2.9125 -0.7500
v 2.0649 -2.9125 0.7500
v 2.0625 -2.9085 0.7500
v 2.1808 -2.4942 -0.7500
v 2.1924 -2.4958 -0.7500
v 2.1924 -2.4958 0.7500
v 2.1808 -2.4942 0.7500
v 2.1575 -2.7216 -0.7500
v 2.1479 -2.7248 -0.7500
v 2.1479 -2.7248 0.7500
v 2.1575 -2.7216 0.7500
v 2.0605 -2.9053 -0.7500
v 2.0625 -2.9085 -0.7500
v 2.0625 -2.9085 0.7500
v 2.0605 -2.9053 0.7500
v 2.1924 -2.4958 -0.7500
v 2.2029 -2.4978 -0.7500
v 2.2029 -2.4978 0.7500
v 2.1924 -2.4958 0.7500
v 2.1668 -2.7180 -0.7500
v 2.1575 -2.7216 -0.7500
v 2.1575 -2.7216 0.7500
v 2.1668 -2.7180 0.7500
v 2.0581 -2.9021 -0.7500
v 2.0605 -2.9053 -0.7500
v 2.0605 -2.9053 0.7500
v 2.0581 -2.9021 0.7500
v 2.2029 -2.4978 -0.7500
v 2.2121 -2.5007 -0.7500
v 2.2121 -2.5007 0.7500
v 2.2029 -2.4978 0.7500
v 2.1756 -2.7136 -0.7500
v 2.1668 -2.7180 -0.7500
v 2.1668 -2.7180 0.7500
v 2.1756 -2.7136 0.7500
v 2.0525 -2.8973 -0.7500
v 2.0581 -2.9021 -0.7500
v 2.0581 -2.9021 0.7500
v 2.0525 -2.8973 0.7500
v 2.2121 -2.5007 -0.7500
v 2.2201 -2.5043 -0.7500
v 2.2201 -2.5043 0.7500
v 2.2121 -2.5007 0.7500
v 2.1840 -2.7084 -0.7500
v 2.1756 -2.7136 -0.7500
v 2.1756 -2.7136 0.7500
v 2.1840 -2.7084 0.7500
v 2.0460 -2.8933 -0.7500
v 2.0525 -2.8973 -0.7500
v 2.0525 -2.8973 0.7500
v 2.0460 -2.8933 0.7500
v 2.2201 -2.5043 -0.7500
v 2.2273 -2.5079 -0.7500
v 2.2273 -2.5079 0.7500
v 2.2201 -2.5043 0.7500
v 1.9137 -2.8869 -0.7500
v 2.0120 -2.8869 -0.7500
v 2.0120 -2.8869 0.7500
v 1.9137 -2.8869 0.7500
v 2.0424 -2.8917 -0.7500
v 2.0460 -2.8933 -0.7500
v 2.0460 -2.8933 0.7500
v 2.0424 -2.8917 0.7500
v 2.2273 -2.5079 -0.7500
v 2.2333 -2.5127 -0.7500
v 2.2333 -2.5127 0.7500
v 2.2273 -2.5079 0.7500
v 2.1920 -2.7028 -0.7500
v 2.1840 -2.7084 -0.7500
v 2.1840 -2.7084 0.7500
v 2.1920 -2.7028 0.7500
v 2.0336 -2.8893 -0.7500
v 2.0424 -2.8917 -0.7500
v 2.0424 -2.8917 0.7500
v 2.0336 -2.8893 0.7500
v 2.2333 -2.5127 -0.7500
v 2.2382 -2.5179 -0.7500
v 2.2382 -2.5179 0.7500
v 2.2333 -2.5127 0.7500
v 2.1997 -2.6968 -0.7500
v 2.1920 -2.7028 -0.7500
v 2.1920 -2.7028 0.7500
v 2.1997 -2.6968 0.7500
v 2.0288 -2.8885 -0.7500
v 2.0336 -2.8893 -0.7500
v 2.0336 -2.8893 0.7500
v 2.0288 -2.8885 0.7500
v 2.2382 -2.5179 -0.7500
v 2.2418 -2.5235 -0.7500
v 2.2418 -2.5235 0.7500
v 2.2382 -2.5179 0.7500
v 2.2065 -2.6900 -0.7500
v 2.1997 -2.6968 -0.7500
v 2.1997 -2.6968 0.7500
v 2.2065 -2.6900 0.7500
v 2.0236 -2.8877 -0.7500
v 2.0288 -2.8885 -0.7500
v 2.0288 -2.8885 0.7500
v 2.0236 -2.8877 0.7500
v 2.2418 -2.5235 -0.7500
v 2.2446 -2.5299 -0.7500
v 2.2446 -2.5299 0.7500
v 2.2418 -2.5235 0.7500
v 2.0120 -2.8869 -0.7500
v 2.0180 -2.8873 -0.7500
v 2.0180 -2.8873 0.7500
v 2.0120 -2.8869 0.7500
v 2.2446 -2.5299 -0.7500
v 2.2470 -2.5371 -0.7500
v 2.2470 -2.5371 0.7500
v 2.2446 -2.5299 0.7500
v 2.0180 -2.8873 -0.7500
v 2.0236 -2.8877 -0.7500
v 2.0236 -2.8877 0.7500
v 2.0180 -2.8873 0.7500
v 2.2470 -2.5371 -0.7500
v 2.2486 -2.5444 -0.7500
v 2.2486 -2.5444 0.7500
v 2.2470 -2.5371 0.7500
v 2.2133 -2.6827 -0.7500
v 2.2065 -2.6900 -0.7500
v 2.2065 -2.6900 0.7500
v 2.2133 -2.6827 0.7500
v 2.2486 -2.5444 -0.7500
v 2.2494 -2.5528 -0.7500
v 2.2494 -2.5528 0.7500
v 2.2486 -2.5444 0.7500
v 2.2494 -2.5528 -0.7500
v 2.2502 -2.5616 -0.7500
v 2.2502 -2.5616 0.7500
v 2.2494 -2.5528 0.7500
v 2.2189 -2.6747 -0.7500
v 2.2133 -2.6827 -0.7500
v 2.2133 -2.6827 0.7500
v 2.2189 -2.6747 0.7500
v 2.2245 -2.6659 -0.7500
v 2.2189 -2.6747 -0.7500
v 2.2189 -2.6747 0.7500
v 2.2245 -2.6659 0.7500
v 2.2494 -2.5809 -0.7500
v 2.2482 -2.5913 -0.7500
v 2.2482 -2.5913 0.7500
v 2.2494 -2.5809 0.7500
v 2.2293 -2.6567 -0.7500
v 2.2245 -2.6659 -0.7500
v 2.2245 -2.6659 0.7500
v 2.2293 -2.6567 0.7500
v 2.2482 -2.5913 -0.7500
v 2.2462 -2.6021 -0.7500
v 2.2462 -2.6021 0.7500
v 2.2482 -2.5913 0.7500
v 2.2337 -2.6470 -0.7500
v 2.2293 -2.6567 -0.7500
v 2.2293 -2.6567 0.7500
v 2.2337 -2.6470 0.7500
v 2.2462 -2.6021 -0.7500
v 2.2438 -2.6138 -0.7500
v 2.2438 -2.6138 0.7500
v 2.2462 -2.6021 0.7500
v 2.2378 -2.6366 -0.7500
v 2.2337 -2.6470 -0.7500
v 2.2337 -2.6470 0.7500
v 2.2378 -2.6366 0.7500
v 2.2438 -2.6138 -0.7500
v 2.2410 -2.6254 -0.7500
v 2.2410 -2.6254 0.7500
v 2.2438 -2.6138 0.7500
v 2.2410 -2.6254 -0.7500
v 2.2378 -2.6366 -0.7500
v 2.2378 -2.6366 0.7500
v 2.2410 -2.6254 0.7500
f 5544 5635 5636
f 5652 5653 5654
f 5635 5544 5545
f 5562 5563 5564
f 5564 5565 5566
f 5566 5567 5568
f 5569 5570 5571
f 5571 5572 5573
f 5573 5574 5575
f 5576 5577 5578
f 5579 5580 5581
f 5581 5582 5583
f 5583 5584 5585
f 5585 5586 5587
f 5587 5588 5589
f 5589 5590 5591
f 5591 5592 5593
f 5593 5594 5595
f 5595 5596 5597
f 5597 5598 5599
f 5599 5600 5601
f 5601 5602 5603
f 5603 5604 5605
f 5605 5606 5607
f 5607 5608 5609
f 5609 5610 5611
f 5611 5612 5613
f 5613 5614 5615
f 5615 5616 5617
f 5617 5618 5619
f 5619 5620 5621
f 5621 5622 5623
f 5623 5624 5625
f 5625 5626 5627
f 5627 5628 5629
f 5629 5630 5631
f 5631 5539 5540
f 5540 5541 5542
f 5543 5544 5636
f 5635 5545 5546
f 5562 5564 5566
f 5566 5568 5569
f 5569 5571 5573
f 5573 5575 5576
f 5576 5578 5579
f 5579 5581 5583
f 5585 5587 5589
f 5589 5591 5593
f 5593 5595 5597
f 5597 5599 5601
f 5601 5603 5605
f 5605 5607 5609
f 5609 5611 5613
f 5613 5615 5617
f 5617 5619 5621
f 5621 5623 5625
f 5625 5627 5629
f 5629 5631 5540
f 5540 5542 5543
f 5543 5636 5637
f 5634 5635 5546
f 5561 5562 5566
f 5566 5569 5573
f 5573 5576 5579
f 5579 5583 5585
f 5585 5589 5593
f 5593 5597 5601
f 5601 5605 5609
f 5609 5613 5617
f 5617 5621 5625
f 5625 5629 5540
f 5540 5543 5637
f 5633 5634 5546
f 5560 5561 5566
f 5566 5573 5579
f 5585 5593 5601
f 5601 5609 5617
f 5617 5625 5540
f 5540 5637 5638
f 5632 5633 5546
f 5559 5560 5566
f 5566 5579 5585
f 5585 5601 5617
f 5617 5540 5638
f 5673 5632 5546
f 5558 5559 5566
f 5617 5638 5639
f 5672 5673 5546
f 5557 5558 5566
f 5617 5639 5640
f 5671 5672 5546
f 5556 5557 5566
f 5617 5640 5641
f 5670 5671 5546
f 5555 5556 5566
f 5617 5641 5642
f 5669 5670 5546
f 5554 5555 5566
f 5617 5642 5643
f 5668 5669 5546
f 5553 5554 5566
f 5617 5643 5644
f 5668 5546 5547
f 5552 5553 5566
f 5617 5644 5645
f 5667 5668 5547
f 5551 5552 5566
f 5617 5645 5646
f 5666 5667 5547
f 5550 5551 5566
f 5617 5646 5647
f 5665 5666 5547
f 5549 5550 5566
f 5617 5647 5648
f 5665 5547 5548
f 5549 5566 5585
f 5617 5648 5649
f 5665 5548 5549
f 5549 5585 5617
f 5617 5649 5650
f 5664 5665 5549
f 5617 5650 5651
f 5664 5549 5617
f 5617 5651 5652
f 5663 5664 5617
f 5617 5652 5654
f 5662 5663 5617
f 5617 5654 5655
f 5661 5662 5617
f 5617 5655 5656
f 5660 5661 5617
f 5617 5656 5657
f 5659 5660 5617
f 5617 5657 5658
f 5658 5659 5617
f 5679 5771 5770
f 5787 5789 5788
f 5770 5680 5679
f 5697 5699 5698
f 5699 5701 5700
f 5701 5703 5702
f 5704 5706 5705
f 5706 5708 5707
f 5708 5710 5709
f 5711 5713 5712
f 5714 5716 5715
f 5716 5718 5717
f 5718 5720 5719
f 5720 5722 5721
f 5722 5724 5723
f 5724 5726 5725
f 5726 5728 5727
f 5728 5730 5729
f 5730 5732 5731
f 5732 5734 5733
f 5734 5736 5735
f 5736 5738 5737
f 5738 5740 5739
f 5740 5742 5741
f 5742 5744 5743
f 5744 5746 5745
f 5746 5748 5747
f 5748 5750 5749
f 5750 5752 5751
f 5752 5754 5753
f 5754 5756 5755
f 5756 5758 5757
f 5758 5760 5759
f 5760 5762 5761
f 5762 5764 5763
f 5764 5766 5765
f 5766 5675 5674
f 5675 5677 5676
f 5678 5771 5679
f 5770 5681 5680
f 5697 5701 5699
f 5701 5704 5703
f 5704 5708 5706
f 5708 5711 5710
f 5711 5714 5713
f 5714 5718 5716
f 5720 5724 5722
f 5724 5728 5726
f 5728 5732 5730
f 5732 5736 5734
f 5736 5740 5738
f 5740 5744 5742
f 5744 5748 5746
f 5748 5752 5750
f 5752 5756 5754
f 5756 5760 5758
f 5760 5764 5762
f 5764 5675 5766
f 5675 5678 5677
f 5678 5772 5771
f 5769 5681 5770
f 5696 5701 5697
f 5701 5708 5704
f 5708 5714 5711
f 5714 5720 5718
f 5720 5728 5724
f 5728 5736 5732
f 5736 5744 5740
f 5744 5752 5748
f 5752 5760 5756
f 5760 5675 5764
f 5675 5772 5678
f 5768 5681 5769
f 5695 5701 5696
f 5701 5714 5708
f 5720 5736 5728
f 5736 5752 5744
f 5752 5675 5760
f 5675 5773 5772
f 5767 5681 5768
f 5694 5701 5695
f 5701 5720 5714
f 5720 5752 5736
f 5752 5773 5675
f 5808 5681 5767
f 5693 5701 5694
f 5752 5774 5773
f 5807 5681 5808
f 5692 5701 5693
f 5752 5775 5774
f 5806 5681 5807
f 5691 5701 5692
f 5752 5776 5775
f 5805 5681 5806
f 5690 5701 5691
f 5752 5777 5776
f 5804 5681 5805
f 5689 5701 5690
f 5752 5778 5777
f 5803 5681 5804
f 5688 5701 5689
f 5752 5779 5778
f 5803 5682 5681
f 5687 5701 5688
f 5752 5780 5779
f 5802 5682 5803
f 5686 5701 5687
f 5752 5781 5780
f 5801 5682 5802
f 5685 5701 5686
f 5752 5782 5781
f 5800 5682 5801
f 5684 5701 5685
f 5752 5783 5782
f 5800 5683 5682
f 5684 5720 5701
f 5752 5784 5783
f 5800 5684 5683
f 5684 5752 5720
f 5752 5785 5784
f 5799 5684 5800
f 5752 5786 5785
f 5799 5752 5684
f 5752 5787 5786
f 5798 5752 5799
f 5752 5789 5787
f 5797 5752 5798
f 5752 5790 5789
f 5796 5752 5797
f 5752 5791 5790
f 5795 5752 5796
f 5752 5792 5791
f 5794 5752 5795
f 5752 5793 5792
f 5793 5752 5794
f 5809 5810 5811
f 5809 5811 5812
f 5813 5814 5815
f 5813 5815 5816
f 5817 5818 5819
f 5817 5819 5820
f 5821 5822 5823
f 5821 5823 5824
f 5825 5826 5827
f 5825 5827 5828
f 5829 5830 5831
f 5829 5831 5832
f 5833 5834 5835
f 5833 5835 5836
f 5837 5838 5839
f 5837 5839 5840
f 5841 5842 5843
f 5841 5843 5844
f 5845 5846 5847
f 5845 5847 5848
f 5849 5850 5851
f 5849 5851 5852
f 5853 5854 5855
f 5853 5855 5856
f 5857 5858 5859
f 5857 5859 5860
f 5861 5862 5863
f 5861 5863 5864
f 5865 5866 5867
f 5865 5867 5868
f 5869 5870 5871
f 5869 5871 5872
f 5873 5874 5875
f 5873 5875 5876
f 5877 5878 5879
f 5877 5879 5880
f 5881 5882 5883
f 5881 5883 5884
f 5885 5886 5887
f 5885 5887 5888
f 5889 5890 5891
f 5889 5891 5892
f 5893 5894 5895
f 5893 5895 5896
f 5897 5898 5899
f 5897 5899 5900
f 5901 5902 5903
f 5901 5903 5904
f 5905 5906 5907
f 5905 5907 5908
f 5909 5910 5911
f 5909 5911 5912
f 5913 5914 5915
f 5913 5915 5916
f 5917 5918 5919
f 5917 5919 5920
f 5921 5922 5923
f 5921 5923 5924
f 5925 5926 5927
f 5925 5927 5928
f 5929 5930 5931
f 5929 5931 5932
f 5933 5934 5935
f 5933 5935 5936
f 5937 5938 5939
f 5937 5939 5940
f 5941 5942 5943
f 5941 5943 5944
f 5945 5946 5947
f 5945 5947 5948
f 5949 5950 5951
f 5949 5951 5952
f 5953 5954 5955
f 5953 5955 5956
f 5957 5958 5959
f 5957 5959 5960
f 5961 5962 5963
f 5961 5963 5964
f 5965 5966 5967
f 5965 5967 5968
f 5969 5970 5971
f 5969 5971 5972
f 5973 5974 5975
f 5973 5975 5976
f 5977 5978 5979
f 5977 5979 5980
f 5981 5982 5983
f 5981 5983 5984
f 5985 5986 5987
f 5985 5987 5988
f 5989 5990 5991
f 5989 5991 5992
f 5993 5994 5995
f 5993 5995 5996
f 5997 5998 5999
f 5997 5999 6000
f 6001 6002 6003
f 6001 6003 6004
f 6005 6006 6007
f 6005 6007 6008
f 6009 6010 6011
f 6009 6011 6012
f 6013 6014 6015
f 6013 6015 6016
f 6017 6018 6019
f 6017 6019 6020
f 6021 6022 6023
f 6021 6023 6024
f 6025 6026 6027
f 6025 6027 6028
f 6029 6030 6031
f 6029 6031 6032
f 6033 6034 6035
f 6033 6035 6036
f 6037 6038 6039
f 6037 6039 6040
f 6041 6042 6043
f 6041 6043 6044
f 6045 6046 6047
f 6045 6047 6048
f 6049 6050 6051
f 6049 6051 6052
f 6053 6054 6055
f 6053 6055 6056
f 6057 6058 6059
f 6057 6059 6060
f 6061 6062 6063
f 6061 6063 6064
f 6065 6066 6067
f 6065 6067 6068
f 6069 6070 6071
f 6069 6071 6072
f 6073 6074 6075
f 6073 6075 6076
f 6077 6078 6079
f 6077 6079 6080
f 6081 6082 6083
f 6081 6083 6084
f 6085 6086 6087
f 6085 6087 6088
f 6089 6090 6091
f 6089 6091 6092
f 6093 6094 6095
f 6093 6095 6096
f 6097 6098 6099
f 6097 6099 6100
f 6101 6102 6103
f 6101 6103 6104
f 6105 6106 6107
f 6105 6107 6108
f 6109 6110 6111
f 6109 6111 6112
f 6113 6114 6115
f 6113 6115 6116
f 6117 6118 6119
f 6117 6119 6120
f 6121 6122 6123
f 6121 6123 6124
f 6125 6126 6127
f 6125 6127 6128
f 6129 6130 6131
f 6129 6131 6132
f 6133 6134 6135
f 6133 6135 6136
f 6137 6138 6139
f 6137 6139 6140
f 6141 6142 6143
f 6141 6143 6144
f 6145 6146 6147
f 6145 6147 6148
f 6149 6150 6151
f 6149 6151 6152
f 6153 6154 6155
f 6153 6155 6156
f 6157 6158 6159
f 6157 6159 6160
f 6161 6162 6163
f 6161 6163 6164
f 6165 6166 6167
f 6165 6167 6168
f 6169 6170 6171
f 6169 6171 6172
f 6173 6174 6175
f 6173 6175 6176
f 6177 6178 6179
f 6177 6179 6180
f 6181 6182 6183
f 6181 6183 6184
f 6185 6186 6187
f 6185 6187 6188
f 6189 6190 6191
f 6189 6191 6192
f 6193 6194 6195
f 6193 6195 6196
f 6197 6198 6199
f 6197 6199 6200
f 6201 6202 6203
f 6201 6203 6204
f 6205 6206 6207
f 6205 6207 6208
f 6209 6210 6211
f 6209 6211 6212
f 6213 6214 6215
f 6213 6215 6216
f 6217 6218 6219
f 6217 6219 6220
f 6221 6222 6223
f 6221 6223 6224
f 6225 6226 6227
f 6225 6227 6228
f 6229 6230 6231
f 6229 6231 6232
f 6233 6234 6235
f 6233 6235 6236
f 6237 6238 6239
f 6237 6239 6240
f 6241 6242 6243
f 6241 6243 6244
f 6245 6246 6247
f 6245 6247 6248
f 6249 6250 6251
f 6249 6251 6252
f 6253 6254 6255
f 6253 6255 6256
f 6257 6258 6259
f 6257 6259 6260
f 6261 6262 6263
f 6261 6263 6264
f 6265 6266 6267
f 6265 6267 6268
f 6269 6270 6271
f 6269 6271 6272
f 6273 6274 6275
f 6273 6275 6276
f 6277 6278 6279
f 6277 6279 6280
f 6281 6282 6283
f 6281 6283 6284
f 6285 6286 6287
f 6285 6287 6288
f 6289 6290 6291
f 6289 6291 6292
f 6293 6294 6295
f 6293 6295 6296
f 6297 6298 6299
f 6297 6299 6300
f 6301 6302 6303
f 6301 6303 6304
f 6305 6306 6307
f 6305 6307 6308
f 6309 6310 6311
f 6309 6311 6312
f 6313 6314 6315
f 6313 6315 6316
f 6317 6318 6319
f 6317 6319 6320
f 6321 6322 6323
f 6321 6323 6324
f 6325 6326 6327
f 6325 6327 6328
f 6329 6330 6331
f 6329 6331 6332
f 6333 6334 6335
f 6333 6335 6336
f 6337 6338 6339
f 6337 6339 6340
f 6341 6342 6343
f 6341 6343 6344
f 6345 6346 6347
f 6345 6347 6348
v -9.3988 -2.3398 0.7500
v -9.4140 -2.3390 0.7500
v -9.4297 -2.3386 0.7500
v -9.8307 -2.3386 0.7500
v -10.0000 -3.1408 0.7500
v -9.7995 -3.1408 0.7500
v -9.7461 -2.8869 0.7500
v -9.6475 -2.8869 0.7500
v -9.6414 -2.8873 0.7500
v -9.6358 -2.8877 0.7500
v -9.6306 -2.8885 0.7500
v -9.6258 -2.8893 0.7500
v -9.6214 -2.8905 0.7500
v -9.6174 -2.8917 0.7500
v -9.6134 -2.8933 0.7500
v -9.6070 -2.8973 0.7500
v -9.6041 -2.8997 0.7500
v -9.6017 -2.9021 0.7500
v -9.5969 -2.9085 0.7500
v -9.5929 -2.9166 0.7500
v -9.5909 -2.9210 0.7500
v -9.5893 -2.9258 0.7500
v -9.5877 -2.9310 0.7500
v -9.5865 -2.9366 0.7500
v -9.5392 -3.1408 0.7500
v -9.3298 -3.1408 0.7500
v -9.3800 -2.9242 0.7500
v -9.3812 -2.9182 0.7500
v -9.3824 -2.9125 0.7500
v -9.3848 -2.9021 0.7500
v -9.3864 -2.8973 0.7500
v -9.3888 -2.8885 0.7500
v -9.3900 -2.8845 0.7500
v -9.3916 -2.8809 0.7500
v -9.3928 -2.8773 0.7500
v -9.3976 -2.8676 0.7500
v -9.4016 -2.8612 0.7500
v -9.4036 -2.8584 0.7500
v -9.4056 -2.8552 0.7500
v -9.4080 -2.8524 0.7500
v -9.4108 -2.8496 0.7500
v -9.4132 -2.8468 0.7500
v -9.3984 -2.8404 0.7500
v -9.3836 -2.8335 0.7500
v -9.3691 -2.8259 0.7500
v -9.3555 -2.8179 0.7500
v -9.3418 -2.8091 0.7500
v -9.3290 -2.7998 0.7500
v -9.3166 -2.7898 0.7500
v -9.3046 -2.7790 0.7500
v -9.2929 -2.7678 0.7500
v -9.2821 -2.7557 0.7500
v -9.2717 -2.7433 0.7500
v -9.2620 -2.7309 0.7500
v -9.2528 -2.7176 0.7500
v -9.2448 -2.7040 0.7500
v -9.2372 -2.6900 0.7500
v -9.2308 -2.6755 0.7500
v -9.2247 -2.6607 0.7500
v -9.2195 -2.6454 0.7500
v -9.2151 -2.6298 0.7500
v -9.2115 -2.6138 0.7500
v -9.2083 -2.5973 0.7500
v -9.2059 -2.5813 0.7500
v -9.2043 -2.5656 0.7500
v -9.2035 -2.5508 0.7500
v -9.2035 -2.5359 0.7500
v -9.2043 -2.5215 0.7500
v -9.2059 -2.5079 0.7500
v -9.2083 -2.4942 0.7500
v -9.2119 -2.4814 0.7500
v -9.2159 -2.4690 0.7500
v -9.2211 -2.4569 0.7500
v -9.2263 -2.4453 0.7500
v -9.2328 -2.4345 0.7500
v -9.2396 -2.4240 0.7500
v -9.2472 -2.4140 0.7500
v -9.2552 -2.4048 0.7500
v -9.2640 -2.3960 0.7500
v -9.2737 -2.3876 0.7500
v -9.2837 -2.3799 0.7500
v -9.2945 -2.3727 0.7500
v -9.3058 -2.3663 0.7500
v -9.3178 -2.3607 0.7500
v -9.3298 -2.3555 0.7500
v -9.3427 -2.3511 0.7500
v -9.3559 -2.3470 0.7500
v -9.3695 -2.3442 0.7500
v -9.3840 -2.3418 0.7500
v -9.5428 -2.7313 0.7500
v -9.5540 -2.7321 0.7500
v -9.7136 -2.7321 0.7500
v -9.6627 -2.4930 0.7500
v -9.5055 -2.4930 0.7500
v -9.4918 -2.4934 0.7500
v -9.4790 -2.4942 0.7500
v -9.4674 -2.4958 0.7500
v -9.4570 -2.4978 0.7500
v -9.4473 -2.5007 0.7500
v -9.4393 -2.5043 0.7500
v -9.4321 -2.5079 0.7500
v -9.4261 -2.5127 0.7500
v -9.4213 -2.5179 0.7500
v -9.4177 -2.5235 0.7500
v -9.4148 -2.5299 0.7500
v -9.4128 -2.5371 0.7500
v -9.4112 -2.5444 0.7500
v -9.4100 -2.5528 0.7500
v -9.4096 -2.5616 0.7500
v -9.4096 -2.5708 0.7500
v -9.4104 -2.5809 0.7500
v -9.4116 -2.5913 0.7500
v -9.4136 -2.6021 0.7500
v -9.4160 -2.6138 0.7500
v -9.4189 -2.6254 0.7500
v -9.4221 -2.6366 0.7500
v -9.4257 -2.6470 0.7500
v -9.4301 -2.6567 0.7500
v -9.4349 -2.6659 0.7500
v -9.4405 -2.6747 0.7500
v -9.4465 -2.6827 0.7500
v -9.4529 -2.6900 0.7500
v -9.4602 -2.6968 0.7500
v -9.4678 -2.7028 0.7500
v -9.4758 -2.7084 0.7500
v -9.4842 -2.7136 0.7500
v -9.4931 -2.7180 0.7500
v -9.5019 -2.7216 0.7500
v -9.5115 -2.7248 0.7500
v -9.5215 -2.7277 0.7500
v -9.5320 -2.7297 0.7500
v -9.3988 -2.3398 -0.7500
v -9.4140 -2.3390 -0.7500
v -9.4297 -2.3386 -0.7500
v -9.8307 -2.3386 -0.7500
v -10.0000 -3.1408 -0.7500
v -9.7995 -3.1408 -0.7500
v -9.7461 -2.8869 -0.7500
v -9.6475 -2.8869 -0.7500
v -9.6414 -2.8873 -0.7500
v -9.6358 -2.8877 -0.7500
v -9.6306 -2.8885 -0.7500
v -9.6258 -2.8893 -0.7500
v -9.6214 -2.8905 -0.7500
v -9.6174 -2.8917 -0.7500
v -9.6134 -2.8933 -0.7500
v -9.6070 -2.8973 -0.7500
v -9.6041 -2.8997 -0.7500
v -9.6017 -2.9021 -0.7500
v -9.5969 -2.9085 -0.7500
v -9.5929 -2.9166 -0.7500
v -9.5909 -2.9210 -0.7500
v -9.5893 -2.9258 -0.7500
v -9.5877 -2.9310 -0.7500
v -9.5865 -2.9366 -0.7500
v -9.5392 -3.1408 -0.7500
v -9.3298 -3.1408 -0.7500
v -9.3800 -2.9242 -0.7500
v -9.3812 -2.9182 -0.7500
v -9.3824 -2.9125 -0.7500
v -9.3848 -2.9021 -0.7500
v -9.3864 -2.8973 -0.7500
v -9.3888 -2.8885 -0.7500
v -9.3900 -2.8845 -0.7500
v -9.3916 -2.8809 -0.7500
v -9.3928 -2.8773 -0.7500
v -9.3976 -2.8676 -0.7500
v -9.4016 -2.8612 -0.7500
v -9.4036 -2.8584 -0.7500
v -9.4056 -2.8552 -0.7500
v -9.4080 -2.8524 -0.7500
v -9.4108 -2.8496 -0.7500
v -9.4132 -2.8468 -0.7500
v -9.3984 -2.8404 -0.7500
v -9.3836 -2.8335 -0.7500
v -9.3691 -2.8259 -0.7500
v -9.3555 -2.8179 -0.7500
v -9.3418 -2.8091 -0.7500
v -9.3290 -2.7998 -0.7500
v -9.3166 -2.7898 -0.7500
v -9.3046 -2.7790 -0.7500
v -9.2929 -2.7678 -0.7500
v -9.2821 -2.7557 -0.7500
v -9.2717 -2.7433 -0.7500
v -9.2620 -2.7309 -0.7500
v -9.2528 -2.7176 -0.7500
v -9.2448 -2.7040 -0.7500
v -9.2372 -2.6900 -0.7500
v -9.2308 -2.6755 -0.7500
v -9.2247 -2.6607 -0.7500
v -9.2195 -2.6454 -0.7500
v -9.2151 -2.6298 -0.7500
v -9.2115 -2.6138 -0.7500
v -9.2083 -2.5973 -0.7500
v -9.2059 -2.5813 -0.7500
v -9.2043 -2.5656 -0.7500
v -9.2035 -2.5508 -0.7500
v -9.2035 -2.5359 -0.7500
v -9.2043 -2.5215 -0.7500
v -9.2059 -2.5079 -0.7500
v -9.2083 -2.4942 -0.7500
v -9.2119 -2.4814 -0.7500
v -9.2159 -2.4690 -0.7500
v -9.2211 -2.4569 -0.7500
v -9.2263 -2.4453 -0.7500
v -9.2328 -2.4345 -0.7500
v -9.2396 -2.4240 -0.7500
v -9.2472 -2.4140 -0.7500
v -9.2552 -2.4048 -0.7500
v -9.2640 -2.3960 -0.7500
v -9.2737 -2.3876 -0.7500
v -9.2837 -2.3799 -0.7500
v -9.2945 -2.3727 -0.7500
v -9.3058 -2.3663 -0.7500
v -9.3178 -2.3607 -0.7500
v -9.3298 -2.3555 -0.7500
v -9.3427 -2.3511 -0.7500
v -9.3559 -2.3470 -0.7500
v -9.3695 -2.3442 -0.7500
v -9.3840 -2.3418 -0.7500
v -9.5428 -2.7313 -0.7500
v -9.5540 -2.7321 -0.7500
v -9.7136 -2.7321 -0.7500
v -9.6627 -2.4930 -0.7500
v -9.5055 -2.4930 -0.7500
v -9.4918 -2.4934 -0.7500
v -9.4790 -2.4942 -0.7500
v -9.4674 -2.4958 -0.7500
v -9.4570 -2.4978 -0.7500
v -9.4473 -2.5007 -0.7500
v -9.4393 -2.5043 -0.7500
v -9.4321 -2.5079 -0.7500
v -9.4261 -2.5127 -0.7500
v -9.4213 -2.5179 -0.7500
v -9.4177 -2.5235 -0.7500
v -9.4148 -2.5299 -0.7500
v -9.4128 -2.5371 -0.7500
v -9.4112 -2.5444 -0.7500
v -9.4100 -2.5528 -0.7500
v -9.4096 -2.5616 -0.7500
v -9.4096 -2.5708 -0.7500
v -9.4104 -2.5809 -0.7500
v -9.4116 -2.5913 -0.7500
v -9.4136 -2.6021 -0.7500
v -9.4160 -2.6138 -0.7500
v -9.4189 -2.6254 -0.7500
v -9.4221 -2.6366 -0.7500
v -9.4257 -2.6470 -0.7500
v -9.4301 -2.6567 -0.7500
v -9.4349 -2.6659 -0.7500
v -9.4405 -2.6747 -0.7500
v -9.4465 -2.6827 -0.7500
v -9.4529 -2.6900 -0.7500
v -9.4602 -2.6968 -0.7500
v -9.4678 -2.7028 -0.7500
v -9.4758 -2.7084 -0.7500
v -9.4842 -2.7136 -0.7500
v -9.4931 -2.7180 -0.7500
v -9.5019 -2.7216 -0.7500
v -9.5115 -2.7248 -0.7500
v -9.5215 -2.7277 -0.7500
v -9.5320 -2.7297 -0.7500
v -9.7136 -2.7321 -0.7500
v -9.6627 -2.4930 -0.7500
v -9.6627 -2.4930 0.7500
v -9.7136 -2.7321 0.7500
v -10.0000 -3.1408 -0.7500
v -9.7995 -3.1408 -0.7500
v -9.7995 -3.1408 0.7500
v -10.0000 -3.1408 0.7500
v -9.5877 -2.9310 -0.7500
v -9.5865 -2.9366 -0.7500
v -9.5865 -2.9366 0.7500
v -9.5877 -2.9310 0.7500
v -9.5865 -2.9366 -0.7500
v -9.5392 -3.1408 -0.7500
v -9.5392 -3.1408 0.7500
v -9.5865 -2.9366 0.7500
v -9.5392 -3.1408 -0.7500
v -9.3298 -3.1408 -0.7500
v -9.3298 -3.1408 0.7500
v -9.5392 -3.1408 0.7500
v -9.3298 -3.1408 -0.7500
v -9.3800 -2.9242 -0.7500
v -9.3800 -2.9242 0.7500
v -9.3298 -3.1408 0.7500
v -9.3800 -2.9242 -0.7500
v -9.3812 -2.9182 -0.7500
v -9.3812 -2.9182 0.7500
v -9.3800 -2.9242 0.7500
v -9.3812 -2.9182 -0.7500
v -9.3824 -2.9125 -0.7500
v -9.3824 -2.9125 0.7500
v -9.3812 -2.9182 0.7500
v -9.3824 -2.9125 -0.7500
v -9.3848 -2.9021 -0.7500
v -9.3848 -2.9021 0.7500
v -9.3824 -2.9125 0.7500
v -9.3848 -2.9021 -0.7500
v -9.3864 -2.8973 -0.7500
v -9.3864 -2.8973 0.7500
v -9.3848 -2.9021 0.7500
v -9.3864 -2.8973 -0.7500
v -9.3888 -2.8885 -0.7500
v -9.3888 -2.8885 0.7500
v -9.3864 -2.8973 0.7500
v -9.3888 -2.8885 -0.7500
v -9.3900 -2.8845 -0.7500
v -9.3900 -2.8845 0.7500
v -9.3888 -2.8885 0.7500
v -9.3916 -2.8809 -0.7500
v -9.3928 -2.8773 -0.7500
v -9.3928 -2.8773 0.7500
v -9.3916 -2.8809 0.7500
v -9.3928 -2.8773 -0.7500
v -9.3976 -2.8676 -0.7500
v -9.3976 -2.8676 0.7500
v -9.3928 -2.8773 0.7500
v -9.3976 -2.8676 -0.7500
v -9.4016 -2.8612 -0.7500
v -9.4016 -2.8612 0.7500
v -9.3976 -2.8676 0.7500
v -9.4016 -2.8612 -0.7500
v -9.4036 -2.8584 -0.7500
v -9.4036 -2.8584 0.7500
v -9.4016 -2.8612 0.7500
v -9.4036 -2.8584 -0.7500
v -9.4056 -2.8552 -0.7500
v -9.4056 -2.8552 0.7500
v -9.4036 -2.8584 0.7500
v -9.4056 -2.8552 -0.7500
v -9.4080 -2.8524 -0.7500
v -9.4080 -2.8524 0.7500
v -9.4056 -2.8552 0.7500
v -9.4132 -2.8468 -0.7500
v -9.3984 -2.8404 -0.7500
v -9.3984 -2.8404 0.7500
v -9.4132 -2.8468 0.7500
v -9.3984 -2.8404 -0.7500
v -9.3836 -2.8335 -0.7500
v -9.3836 -2.8335 0.7500
v -9.3984 -2.8404 0.7500
v -9.3836 -2.8335 -0.7500
v -9.3691 -2.8259 -0.7500
v -9.3691 -2.8259 0.7500
v -9.3836 -2.8335 0.7500
v -9.3691 -2.8259 -0.7500
v -9.3555 -2.8179 -0.7500
v -9.3555 -2.8179 0.7500
v -9.3691 -2.8259 0.7500
v -9.3555 -2.8179 -0.7500
v -9.3418 -2.8091 -0.7500
v -9.3418 -2.8091 0.7500
v -9.3555 -2.8179 0.7500
v -9.3418 -2.8091 -0.7500
v -9.3290 -2.7998 -0.7500
v -9.3290 -2.7998 0.7500
v -9.3418 -2.8091 0.7500
v -9.3290 -2.7998 -0.7500
v -9.3166 -2.7898 -0.7500
v -9.3166 -2.7898 0.7500
v -9.3290 -2.7998 0.7500
v -9.3166 -2.7898 -0.7500
v -9.3046 -2.7790 -0.7500
v -9.3046 -2.7790 0.7500
v -9.3166 -2.7898 0.7500
v -9.3046 -2.7790 -0.7500
v -9.2929 -2.7678 -0.7500
v -9.2929 -2.7678 0.7500
v -9.3046 -2.7790 0.7500
v -9.2929 -2.7678 -0.7500
v -9.2821 -2.7557 -0.7500
v -9.2821 -2.7557 0.7500
v -9.2929 -2.7678 0.7500
v -9.2821 -2.7557 -0.7500
v -9.2717 -2.7433 -0.7500
v -9.2717 -2.7433 0.7500
v -9.2821 -2.7557 0.7500
v -9.2717 -2.7433 -0.7500
v -9.2620 -2.7309 -0.7500
v -9.2620 -2.7309 0.7500
v -9.2717 -2.7433 0.7500
v -9.2620 -2.7309 -0.7500
v -9.2528 -2.7176 -0.7500
v -9.2528 -2.7176 0.7500
v -9.2620 -2.7309 0.7500
v -9.2528 -2.7176 -0.7500
v -9.2448 -2.7040 -0.7500
v -9.2448 -2.7040 0.7500
v -9.2528 -2.7176 0.7500
v -9.2448 -2.7040 -0.7500
v -9.2372 -2.6900 -0.7500
v -9.2372 -2.6900 0.7500
v -9.2448 -2.7040 0.7500
v -9.2372 -2.6900 -0.7500
v -9.2308 -2.6755 -0.7500
v -9.2308 -2.6755 0.7500
v -9.2372 -2.6900 0.7500
v -9.2308 -2.6755 -0.7500
v -9.2247 -2.6607 -0.7500
v -9.2247 -2.6607 0.7500
v -9.2308 -2.6755 0.7500
v -9.2247 -2.6607 -0.7500
v -9.2195 -2.6454 -0.7500
v -9.2195 -2.6454 0.7500
v -9.2247 -2.6607 0.7500
v -9.2195 -2.6454 -0.7500
v -9.2151 -2.6298 -0.7500
v -9.2151 -2.6298 0.7500
v -9.2195 -2.6454 0.7500
v -9.2151 -2.6298 -0.7500
v -9.2115 -2.6138 -0.7500
v -9.2115 -2.6138 0.7500
v -9.2151 -2.6298 0.7500
v -9.2115 -2.6138 -0.7500
v -9.2083 -2.5973 -0.7500
v -9.2083 -2.5973 0.7500
v -9.2115 -2.6138 0.7500
v -9.2083 -2.5973 -0.7500
v -9.2059 -2.5813 -0.7500
v -9.2059 -2.5813 0.7500
v -9.2083 -2.5973 0.7500
v -9.2059 -2.5813 -0.7500
v -9.2043 -2.5656 -0.7500
v -9.2043 -2.5656 0.7500
v -9.2059 -2.5813 0.7500
v -9.2043 -2.5656 -0.7500
v -9.2035 -2.5508 -0.7500
v -9.2035 -2.5508 0.7500
v -9.2043 -2.5656 0.7500
v -9.2035 -2.5508 -0.7500
v -9.2035 -2.5359 -0.7500
v -9.2035 -2.5359 0.7500
v -9.2035 -2.5508 0.7500
v -9.2035 -2.5359 -0.7500
v -9.2043 -2.5215 -0.7500
v -9.2043 -2.5215 0.7500
v -9.2035 -2.5359 0.7500
v -9.2043 -2.5215 -0.7500
v -9.2059 -2.5079 -0.7500
v -9.2059 -2.5079 0.7500
v -9.2043 -2.5215 0.7500
v -9.2059 -2.5079 -0.7500
v -9.2083 -2.4942 -0.7500
v -9.2083 -2.4942 0.7500
v -9.2059 -2.5079 0.7500
v -9.2083 -2.4942 -0.7500
v -9.2119 -2.4814 -0.7500
v -9.2119 -2.4814 0.7500
v -9.2083 -2.4942 0.7500
v -9.2119 -2.4814 -0.7500
v -9.2159 -2.4690 -0.7500
v -9.2159 -2.4690 0.7500
v -9.2119 -2.4814 0.7500
v -9.2159 -2.4690 -0.7500
v -9.2211 -2.4569 -0.7500
v -9.2211 -2.4569 0.7500
v -9.2159 -2.4690 0.7500
v -9.2211 -2.4569 -0.7500
v -9.2263 -2.4453 -0.7500
v -9.2263 -2.4453 0.7500
v -9.2211 -2.4569 0.7500
v -9.2263 -2.4453 -0.7500
v -9.2328 -2.4345 -0.7500
v -9.2328 -2.4345 0.7500
v -9.2263 -2.4453 0.7500
v -9.2328 -2.4345 -0.7500
v -9.2396 -2.4240 -0.7500
v -9.2396 -2.4240 0.7500
v -9.2328 -2.4345 0.7500
v -9.2396 -2.4240 -0.7500
v -9.2472 -2.4140 -0.7500
v -9.2472 -2.4140 0.7500
v -9.2396 -2.4240 0.7500
v -9.2472 -2.4140 -0.7500
v -9.2552 -2.4048 -0.7500
v -9.2552 -2.4048 0.7500
v -9.2472 -2.4140 0.7500
v -9.2552 -2.4048 -0.7500
v -9.2640 -2.3960 -0.7500
v -9.2640 -2.3960 0.7500
v -9.2552 -2.4048 0.7500
v -9.2640 -2.3960 -0.7500
v -9.2737 -2.3876 -0.7500
v -9.2737 -2.3876 0.7500
v -9.2640 -2.3960 0.7500
v -9.2737 -2.3876 -0.7500
v -9.2837 -2.3799 -0.7500
v -9.2837 -2.3799 0.7500
v -9.2737 -2.3876 0.7500
v -9.2837 -2.3799 -0.7500
v -9.2945 -2.3727 -0.7500
v -9.2945 -2.3727 0.7500
v -9.2837 -2.3799 0.7500
v -9.2945 -2.3727 -0.7500
v -9.3058 -2.3663 -0.7500
v -9.3058 -2.3663 0.7500
v -9.2945 -2.3727 0.7500
v -9.3058 -2.3663 -0.7500
v -9.3178 -2.3607 -0.7500
v -9.3178 -2.3607 0.7500
v -9.3058 -2.3663 0.7500
v -9.3178 -2.3607 -0.7500
v -9.3298 -2.3555 -0.7500
v -9.3298 -2.3555 0.7500
v -9.3178 -2.3607 0.7500
v -9.3298 -2.3555 -0.7500
v -9.3427 -2.3511 -0.7500
v -9.3427 -2.3511 0.7500
v -9.3298 -2.3555 0.7500
v -9.3427 -2.3511 -0.7500
v -9.3559 -2.3470 -0.7500
v -9.3559 -2.3470 0.7500
v -9.3427 -2.3511 0.7500
v -9.3559 -2.3470 -0.7500
v -9.3695 -2.3442 -0.7500
v -9.3695 -2.3442 0.7500
v -9.3559 -2.3470 0.7500
v -9.3695 -2.3442 -0.7500
v -9.3840 -2.3418 -0.7500
v -9.3840 -2.3418 0.7500
v -9.3695 -2.3442 0.7500
v -9.3840 -2.3418 -0.7500
v -9.3988 -2.3398 -0.7500
v -9.3988 -2.3398 0.7500
v -9.3840 -2.3418 0.7500
v -9.3988 -2.3398 -0.7500
v -9.4140 -2.3390 -0.7500
v -9.4140 -2.3390 0.7500
v -9.3988 -2.3398 0.7500
v -9.4140 -2.3390 -0.7500
v -9.4297 -2.3386 -0.7500
v -9.4297 -2.3386 0.7500
v -9.4140 -2.3390 0.7500
v -9.8307 -2.3386 -0.7500
v -10.0000 -3.1408 -0.7500
v -10.0000 -3.1408 0.7500
v -9.8307 -2.3386 0.7500
v -9.7995 -3.1408 -0.7500
v -9.7461 -2.8869 -0.7500
v -9.7461 -2.8869 0.7500
v -9.7995 -3.1408 0.7500
v -9.3900 -2.8845 -0.7500
v -9.3916 -2.8809 -0.7500
v -9.3916 -2.8809 0.7500
v -9.3900 -2.8845 0.7500
v -9.4080 -2.8524 -0.7500
v -9.4108 -2.8496 -0.7500
v -9.4108 -2.8496 0.7500
v -9.4080 -2.8524 0.7500
v -9.4297 -2.3386 -0.7500
v -9.8307 -2.3386 -0.7500
v -9.8307 -2.3386 0.7500
v -9.4297 -2.3386 0.7500
v -9.6627 -2.4930 -0.7500
v -9.5055 -2.4930 -0.7500
v -9.5055 -2.4930 0.7500
v -9.6627 -2.4930 0.7500
v -9.5540 -2.7321 -0.7500
v -9.7136 -2.7321 -0.7500
v -9.7136 -2.7321 0.7500
v -9.5540 -2.7321 0.7500
v -9.5893 -2.9258 -0.7500
v -9.5877 -2.9310 -0.7500
v -9.5877 -2.9310 0.7500
v -9.5893 -2.9258 0.7500
v -9.5428 -2.7313 -0.7500
v -9.5540 -2.7321 -0.7500
v -9.5540 -2.7321 0.7500
v -9.5428 -2.7313 0.7500
v -9.5909 -2.9210 -0.7500
v -9.5893 -2.9258 -0.7500
v -9.5893 -2.9258 0.7500
v -9.5909 -2.9210 0.7500
v -9.5055 -2.4930 -0.7500
v -9.4918 -2.4934 -0.7500
v -9.4918 -2.4934 0.7500
v -9.5055 -2.4930 0.7500
v -9.5320 -2.7297 -0.7500
v -9.5428 -2.7313 -0.7500
v -9.5428 -2.7313 0.7500
v -9.5320 -2.7297 0.7500
v -9.5929 -2.9166 -0.7500
v -9.5909 -2.9210 -0.7500
v -9.5909 -2.9210 0.7500
v -9.5929 -2.9166 0.7500
v -9.4108 -2.8496 -0.7500
v -9.4132 -2.8468 -0.7500
v -9.4132 -2.8468 0.7500
v -9.4108 -2.8496 0.7500
v -9.5215 -2.7277 -0.7500
v -9.5320 -2.7297 -0.7500
v -9.5320 -2.7297 0.7500
v -9.5215 -2.7277 0.7500
v -9.5969 -2.9085 -0.7500
v -9.5929 -2.9166 -0.7500
v -9.5929 -2.9166 0.7500
v -9.5969 -2.9085 0.7500
v -9.4918 -2.4934 -0.7500
v -9.4790 -2.4942 -0.7500
v -9.4790 -2.4942 0.7500
v -9.4918 -2.4934 0.7500
v -9.5115 -2.7248 -0.7500
v -9.5215 -2.7277 -0.7500
v -9.5215 -2.7277 0.7500
v -9.5115 -2.7248 0.7500
v -9.6017 -2.9021 -0.7500
v -9.5969 -2.9085 -0.7500
v -9.5969 -2.9085 0.7500
v -9.6017 -2.9021 0.7500
v -9.4790 -2.4942 -0.7500
v -9.4674 -2.4958 -0.7500
v -9.4674 -2.4958 0.7500
v -9.4790 -2.4942 0.7500
v -9.5019 -2.7216 -0.7500
v -9.5115 -2.7248 -0.7500
v -9.5115 -2.7248 0.7500
v -9.5019 -2.7216 0.7500
v -9.6041 -2.8997 -0.7500
v -9.6017 -2.9021 -0.7500
v -9.6017 -2.9021 0.7500
v -9.6041 -2.8997 0.7500
v -9.4674 -2.4958 -0.7500
v -9.4570 -2.4978 -0.7500
v -9.4570 -2.4978 0.7500
v -9.4674 -2.4958 0.7500
v -9.4931 -2.7180 -0.7500
v -9.5019 -2.7216 -0.7500
v -9.5019 -2.7216 0.7500
v -9.4931 -2.7180 0.7500
v -9.6070 -2.8973 -0.7500
v -9.6041 -2.8997 -0.7500
v -9.6041 -2.8997 0.7500
v -9.6070 -2.8973 0.7500
v -9.4570 -2.4978 -0.7500
v -9.4473 -2.5007 -0.7500
v -9.4473 -2.5007 0.7500
v -9.4570 -2.4978 0.7500
v -9.4842 -2.7136 -0.7500
v -9.4931 -2.7180 -0.7500
v -9.4931 -2.7180 0.7500
v -9.4842 -2.7136 0.7500
v -9.6134 -2.8933 -0.7500
v -9.6070 -2.8973 -0.7500
v -9.6070 -2.8973 0.7500
v -9.6134 -2.8933 0.7500
v -9.4473 -2.5007 -0.7500
v -9.4393 -2.5043 -0.7500
v -9.4393 -2.5043 0.7500
v -9.4473 -2.5007 0.7500
v -9.4758 -2.7084 -0.7500
v -9.4842 -2.7136 -0.7500
v -9.4842 -2.7136 0.7500
v -9.4758 -2.7084 0.7500
v -9.6174 -2.8917 -0.7500
v -9.6134 -2.8933 -0.7500
v -9.6134 -2.8933 0.7500
v -9.6174 -2.8917 0.7500
v -9.4393 -2.5043 -0.7500
v -9.4321 -2.5079 -0.7500
v -9.4321 -2.5079 0.7500
v -9.4393 -2.5043 0.7500
v -9.7461 -2.8869 -0.7500
v -9.6475 -2.8869 -0.7500
v -9.6475 -2.8869 0.7500
v -9.7461 -2.8869 0.7500
v -9.6214 -2.8905 -0.7500
v -9.6174 -2.8917 -0.7500
v -9.6174 -2.8917 0.7500
v -9.6214 -2.8905 0.7500
v -9.4321 -2.5079 -0.7500
v -9.4261 -2.5127 -0.7500
v -9.4261 -2.5127 0.7500
v -9.4321 -2.5079 0.7500
v -9.4678 -2.7028 -0.7500
v -9.4758 -2.7084 -0.7500
v -9.4758 -2.7084 0.7500
v -9.4678 -2.7028 0.7500
v -9.6258 -2.8893 -0.7500
v -9.6214 -2.8905 -0.7500
v -9.6214 -2.8905 0.7500
v -9.6258 -2.8893 0.7500
v -9.4261 -2.5127 -0.7500
v -9.4213 -2.5179 -0.7500
v -9.4213 -2.5179 0.7500
v -9.4261 -2.5127 0.7500
v -9.4602 -2.6968 -0.7500
v -9.4678 -2.7028 -0.7500
v -9.4678 -2.7028 0.7500
v -9.4602 -2.6968 0.7500
v -9.6306 -2.8885 -0.7500
v -9.6258 -2.8893 -0.7500
v -9.6258 -2.8893 0.7500
v -9.6306 -2.8885 0.7500
v -9.4213 -2.5179 -0.7500
v -9.4177 -2.5235 -0.7500
v -9.4177 -2.5235 0.7500
v -9.4213 -2.5179 0.7500
v -9.4529 -2.6900 -0.7500
v -9.4602 -2.6968 -0.7500
v -9.4602 -2.6968 0.7500
v -9.4529 -2.6900 0.7500
v -9.6358 -2.8877 -0.7500
v -9.6306 -2.8885 -0.7500
v -9.6306 -2.8885 0.7500
v -9.6358 -2.8877 0.7500
v -9.4177 -2.5235 -0.7500
v -9.4148 -2.5299 -0.7500
v -9.4148 -2.5299 0.7500
v -9.4177 -2.5235 0.7500
v -9.6475 -2.8869 -0.7500
v -9.6414 -2.8873 -0.7500
v -9.6414 -2.8873 0.7500
v -9.6475 -2.8869 0.7500
v -9.4148 -2.5299 -0.7500
v -9.4128 -2.5371 -0.7500
v -9.4128 -2.5371 0.7500
v -9.4148 -2.5299 0.7500
v -9.6414 -2.8873 -0.7500
v -9.6358 -2.8877 -0.7500
v -9.6358 -2.8877 0.7500
v -9.6414 -2.8873 0.7500
v -9.4128 -2.5371 -0.7500
v -9.4112 -2.5444 -0.7500
v -9.4112 -2.5444 0.7500
v -9.4128 -2.5371 0.7500
v -9.4112 -2.5444 -0.7500
v -9.4100 -2.5528 -0.7500
v -9.4100 -2.5528 0.7500
v -9.4112 -2.5444 0.7500
v -9.4465 -2.6827 -0.7500
v -9.4529 -2.6900 -0.7500
v -9.4529 -2.6900 0.7500
v -9.4465 -2.6827 0.7500
v -9.4100 -2.5528 -0.7500
v -9.4096 -2.5616 -0.7500
v -9.4096 -2.5616 0.7500
v -9.4100 -2.5528 0.7500
v -9.4405 -2.6747 -0.7500
v -9.4465 -2.6827 -0.7500
v -9.4465 -2.6827 0.7500
v -9.4405 -2.6747 0.7500
v -9.4096 -2.5616 -0.7500
v -9.4096 -2.5708 -0.7500
v -9.4096 -2.5708 0.7500
v -9.4096 -2.5616 0.7500
v -9.4349 -2.6659 -0.7500
v -9.4405 -2.6747 -0.7500
v -9.4405 -2.6747 0.7500
v -9.4349 -2.6659 0.7500
v -9.4096 -2.5708 -0.7500
v -9.4104 -2.5809 -0.7500
v -9.4104 -2.5809 0.7500
v -9.4096 -2.5708 0.7500
v -9.4301 -2.6567 -0.7500
v -9.4349 -2.6659 -0.7500
v -9.4349 -2.6659 0.7500
v -9.4301 -2.6567 0.7500
v -9.4104 -2.5809 -0.7500
v -9.4116 -2.5913 -0.7500
v -9.4116 -2.5913 0.7500
v -9.4104 -2.5809 0.7500
v -9.4257 -2.6470 -0.7500
v -9.4301 -2.6567 -0.7500
v -9.4301 -2.6567 0.7500
v -9.4257 -2.6470 0.7500
v -9.4116 -2.5913 -0.7500
v -9.4136 -2.6021 -0.7500
v -9.4136 -2.6021 0.7500
v -9.4116 -2.5913 0.7500
v -9.4221 -2.6366 -0.7500
v -9.4257 -2.6470 -0.7500
v -9.4257 -2.6470 0.7500
v -9.4221 -2.6366 0.7500
v -9.4136 -2.6021 -0.7500
v -9.4160 -2.6138 -0.7500
v -9.4160 -2.6138 0.7500
v -9.4136 -2.6021 0.7500
v -9.4189 -2.6254 -0.7500
v -9.4221 -2.6366 -0.7500
v -9.4221 -2.6366 0.7500
v -9.4189 -2.6254 0.7500
v -9.4160 -2.6138 -0.7500
v -9.4189 -2.6254 -0.7500
v -9.4189 -2.6254 0.7500
v -9.4160 -2.6138 0.7500
f 6353 6440 6441
f 6440 6353 6354
f 6371 6372 6373
f 6373 6374 6375
f 6375 6376 6377
f 6377 6378 6379
f 6379 6380 6381
f 6382 6383 6384
f 6384 6385 6386
f 6386 6387 6388
f 6390 6391 6392
f 6392 6393 6394
f 6394 6395 6396
f 6396 6397 6398
f 6398 6399 6400
f 6400 6401 6402
f 6402 6403 6404
f 6404 6405 6406
f 6406 6407 6408
f 6408 6409 6410
f 6410 6411 6412
f 6412 6413 6414
f 6414 6415 6416
f 6416 6417 6418
f 6418 6419 6420
f 6420 6421 6422
f 6422 6423 6424
f 6424 6425 6426
f 6426 6427 6428
f 6428 6429 6430
f 6430 6431 6432
f 6432 6433 6434
f 6434 6435 6436
f 6436 6437 6349
f 6349 6350 6351
f 6352 6353 6441
f 6440 6354 6355
f 6371 6373 6375
f 6375 6377 6379
f 6379 6381 6382
f 6382 6384 6386
f 6386 6388 6389
f 6390 6392 6394
f 6394 6396 6398
f 6398 6400 6402
f 6402 6404 6406
f 6406 6408 6410
f 6410 6412 6414
f 6414 6416 6418
f 6418 6420 6422
f 6422 6424 6426
f 6426 6428 6430
f 6430 6432 6434
f 6434 6436 6349
f 6349 6351 6352
f 6352 6441 6442
f 6439 6440 6355
f 6370 6371 6375
f 6375 6379 6382
f 6382 6386 6389
f 6390 6394 6398
f 6398 6402 6406
f 6406 6410 6414
f 6414 6418 6422
f 6422 6426 6430
f 6430 6434 6349
f 6349 6352 6442
f 6438 6439 6355
f 6369 6370 6375
f 6375 6382 6389
f 6390 6398 6406
f 6406 6414 6422
f 6422 6430 6349
f 6349 6442 6443
f 6479 6438 6355
f 6368 6369 6375
f 6375 6389 6390
f 6390 6406 6422
f 6422 6349 6443
f 6478 6479 6355
f 6367 6368 6375
f 6422 6443 6444
f 6477 6478 6355
f 6366 6367 6375
f 6422 6444 6445
f 6476 6477 6355
f 6365 6366 6375
f 6422 6445 6446
f 6475 6476 6355
f 6364 6365 6375
f 6422 6446 6447
f 6474 6475 6355
f 6363 6364 6375
f 6422 6447 6448
f 6473 6474 6355
f 6362 6363 6375
f 6422 6448 6449
f 6473 6355 6356
f 6361 6362 6375
f 6422 6449 6450
f 6472 6473 6356
f 6360 6361 6375
f 6422 6450 6451
f 6471 6472 6356
f 6359 6360 6375
f 6422 6451 6452
f 6470 6471 6356
f 6358 6359 6375
f 6422 6452 6453
f 6470 6356 6357
f 6358 6375 6390
f 6422 6453 6454
f 6470 6357 6358
f 6358 6390 6422
f 6422 6454 6455
f 6470 6358 6422
f 6422 6455 6456
f 6469 6470 6422
f 6422 6456 6457
f 6468 6469 6422
f 6422 6457 6458
f 6467 6468 6422
f 6422 6458 6459
f 6466 6467 6422
f 6422 6459 6460
f 6465 6466 6422
f 6422 6460 6461
f 6464 6465 6422
f 6422 6461 6462
f 6463 6464 6422
f 6422 6462 6463
f 6484 6572 6571
f 6571 6485 6484
f 6502 6504 6503
f 6504 6506 6505
f 6506 6508 6507
f 6508 6510 6509
f 6510 6512 6511
f 6513 6515 6514
f 6515 6517 6516
f 6517 6519 6518
f 6521 6523 6522
f 6523 6525 6524
f 6525 6527 6526
f 6527 6529 6528
f 6529 6531 6530
f 6531 6533 6532
f 6533 6535 6534
f 6535 6537 6536
f 6537 6539 6538
f 6539 6541 6540
f 6541 6543 6542
f 6543 6545 6544
f 6545 6547 6546
f 6547 6549 6548
f 6549 6551 6550
f 6551 6553 6552
f 6553 6555 6554
f 6555 6557 6556
f 6557 6559 6558
f 6559 6561 6560
f 6561 6563 6562
f 6563 6565 6564
f 6565 6567 6566
f 6567 6480 6568
f 6480 6482 6481
f 6483 6572 6484
f 6571 6486 6485
f 6502 6506 6504
f 6506 6510 6508
f 6510 6513 6512
f 6513 6517 6515
f 6517 6520 6519
f 6521 6525 6523
f 6525 6529 6527
f 6529 6533 6531
f 6533 6537 6535
f 6537 6541 6539
f 6541 6545 6543
f 6545 6549 6547
f 6549 6553 6551
f 6553 6557 6555
f 6557 6561 6559
f 6561 6565 6563
f 6565 6480 6567
f 6480 6483 6482
f 6483 6573 6572
f 6570 6486 6571
f 6501 6506 6502
f 6506 6513 6510
f 6513 6520 6517
f 6521 6529 6525
f 6529 6537 6533
f 6537 6545 6541
f 6545 6553 6549
f 6553 6561 6557
f 6561 6480 6565
f 6480 6573 6483
f 6569 6486 6570
f 6500 6506 6501
f 6506 6520 6513
f 6521 6537 6529
f 6537 6553 6545
f 6553 6480 6561
f 6480 6574 6573
f 6610 6486 6569
f 6499 6506 6500
f 6506 6521 6520
f 6521 6553 6537
f 6553 6574 6480
f 6609 6486 6610
f 6498 6506 6499
f 6553 6575 6574
f 6608 6486 6609
f 6497 6506 6498
f 6553 6576 6575
f 6607 6486 6608
f 6496 6506 6497
f 6553 6577 6576
f 6606 6486 6607
f 6495 6506 6496
f 6553 6578 6577
f 6605 6486 6606
f 6494 6506 6495
f 6553 6579 6578
f 6604 6486 6605
f 6493 6506 6494
f 6553 6580 6579
f 6604 6487 6486
f 6492 6506 6493
f 6553 6581 6580
f 6603 6487 6604
f 6491 6506 6492
f 6553 6582 6581
f 6602 6487 6603
f 6490 6506 6491
f 6553 6583 6582
f 6601 6487 6602
f 6489 6506 6490
f 6553 6584 6583
f 6601 6488 6487
f 6489 6521 6506
f 6553 6585 6584
f 6601 6489 6488
f 6489 6553 6521
f 6553 6586 6585
f 6601 6553 6489
f 6553 6587 6586
f 6600 6553 6601
f 6553 6588 6587
f 6599 6553 6600
f 6553 6589 6588
f 6598 6553 6599
f 6553 6590 6589
f 6597 6553 6598
f 6553 6591 6590
f 6596 6553 6597
f 6553 6592 6591
f 6595 6553 6596
f 6553 6593 6592
f 6594 6553 6595
f 6553 6594 6593
f 6611 6612 6613
f 6611 6613 6614
f 6615 6616 6617
f 6615 6617 6618
f 6619 6620 6621
f 6619 6621 6622
f 6623 6624 6625
f 6623 6625 6626
f 6627 6628 6629
f 6627 6629 6630
f 6631 6632 6633
f 6631 6633 6634
f 6635 6636 6637
f 6635 6637 6638
f 6639 6640 6641
f 6639 6641 6642
f 6643 6644 6645
f 6643 6645 6646
f 6647 6648 6649
f 6647 6649 6650
f 6651 6652 6653
f 6651 6653 6654
f 6655 6656 6657
f 6655 6657 6658
f 6659 6660 6661
f 6659 6661 6662
f 6663 6664 6665
f 6663 6665 6666
f 6667 6668 6669
f 6667 6669 6670
f 6671 6672 6673
f 6671 6673 6674
f 6675 6676 6677
f 6675 6677 6678
f 6679 6680 6681
f 6679 6681 6682
f 6683 6684 6685
f 6683 6685 6686
f 6687 6688 6689
f 6687 6689 6690
f 6691 6692 6693
f 6691 6693 6694
f 6695 6696 6697
f 6695 6697 6698
f 6699 6700 6701
f 6699 6701 6702
f 6703 6704 6705
f 6703 6705 6706
f 6707 6708 6709
f 6707 6709 6710
f 6711 6712 6713
f 6711 6713 6714
f 6715 6716 6717
f 6715 6717 6718
f 6719 6720 6721
f 6719 6721 6722
f 6723 6724 6725
f 6723 6725 6726
f 6727 6728 6729
f 6727 6729 6730
f 6731 6732 6733
f 6731 6733 6734
f 6735 6736 6737
f 6735 6737 6738
f 6739 6740 6741
f 6739 6741 6742
f 6743 6744 6745
f 6743 6745 6746
f 6747 6748 6749
f 6747 6749 6750
f 6751 6752 6753
f 6751 6753 6754
f 6755 6756 6757
f 6755 6757 6758
f 6759 6760 6761
f 6759 6761 6762
f 6763 6764 6765
f 6763 6765 6766
f 6767 6768 6769
f 6767 6769 6770
f 6771 6772 6773
f 6771 6773 6774
f 6775 6776 6777
f 6775 6777 6778
f 6779 6780 6781
f 6779 6781 6782
f 6783 6784 6785
f 6783 6785 6786
f 6787 6788 6789
f 6787 6789 6790
f 6791 6792 6793
f 6791 6793 6794
f 6795 6796 6797
f 6795 6797 6798
f 6799 6800 6801
f 6799 6801 6802
f 6803 6804 6805
f 6803 6805 6806
f 6807 6808 6809
f 6807 6809 6810
f 6811 6812 6813
f 6811 6813 6814
f 6815 6816 6817
f 6815 6817 6818
f 6819 6820 6821
f 6819 6821 6822
f 6823 6824 6825
f 6823 6825 6826
f 6827 6828 6829
f 6827 6829 6830
f 6831 6832 6833
f 6831 6833 6834
f 6835 6836 6837
f 6835 6837 6838
f 6839 6840 6841
f 6839 6841 6842
f 6843 6844 6845
f 6843 6845 6846
f 6847 6848 6849
f 6847 6849 6850
f 6851 6852 6853
f 6851 6853 6854
f 6855 6856 6857
f 6855 6857 6858
f 6859 6860 6861
f 6859 6861 6862
f 6863 6864 6865
f 6863 6865 6866
f 6867 6868 6869
f 6867 6869 6870
f 6871 6872 6873
f 6871 6873 6874
f 6875 6876 6877
f 6875 6877 6878
f 6879 6880 6881
f 6879 6881 6882
f 6883 6884 6885
f 6883 6885 6886
f 6887 6888 6889
f 6887 6889 6890
f 6891 6892 6893
f 6891 6893 6894
f 6895 6896 6897
f 6895 6897 6898
f 6899 6900 6901
f 6899 6901 6902
f 6903 6904 6905
f 6903 6905 6906
f 6907 6908 6909
f 6907 6909 6910
f 6911 6912 6913
f 6911 6913 6914
f 6915 6916 6917
f 6915 6917 6918
f 6919 6920 6921
f 6919 6921 6922
f 6923 6924 6925
f 6923 6925 6926
f 6927 6928 6929
f 6927 6929 6930
f 6931 6932 6933
f 6931 6933 6934
f 6935 6936 6937
f 6935 6937 6938
f 6939 6940 6941
f 6939 6941 6942
f 6943 6944 6945
f 6943 6945 6946
f 6947 6948 6949
f 6947 6949 6950
f 6951 6952 6953
f 6951 6953 6954
f 6955 6956 6957
f 6955 6957 6958
f 6959 6960 6961
f 6959 6961 6962
f 6963 6964 6965
f 6963 6965 6966
f 6967 6968 6969
f 6967 6969 6970
f 6971 6972 6973
f 6971 6973 6974
f 6975 6976 6977
f 6975 6977 6978
f 6979 6980 6981
f 6979 6981 6982
f 6983 6984 6985
f 6983 6985 6986
f 6987 6988 6989
f 6987 6989 6990
f 6991 6992 6993
f 6991 6993 6994
f 6995 6996 6997
f 6995 6997 6998
f 6999 7000 7001
f 6999 7001 7002
f 7003 7004 7005
f 7003 7005 7006
f 7007 7008 7009
f 7007 7009 7010
f 7011 7012 7013
f 7011 7013 7014
f 7015 7016 7017
f 7015 7017 7018
f 7019 7020 7021
f 7019 7021 7022
f 7023 7024 7025
f 7023 7025 7026
f 7027 7028 7029
f 7027 7029 7030
f 7031 7032 7033
f 7031 7033 7034
f 7035 7036 7037
f 7035 7037 7038
f 7039 7040 7041
f 7039 7041 7042
f 7043 7044 7045
f 7043 7045 7046
f 7047 7048 7049
f 7047 7049 7050
f 7051 7052 7053
f 7051 7053 7054
f 7055 7056 7057
f 7055 7057 7058
f 7059 7060 7061
f 7059 7061 7062
f 7063 7064 7065
f 7063 7065 7066
f 7067 7068 7069
f 7067 7069 7070
f 7071 7072 7073
f 7071 7073 7074
f 7075 7076 7077
f 7075 7077 7078
f 7079 7080 7081
f 7079 7081 7082
f 7083 7084 7085
f 7083 7085 7086
f 7087 7088 7089
f 7087 7089 7090
f 7091 7092 7093
f 7091 7093 7094
f 7095 7096 7097
f 7095 7097 7098
f 7099 7100 7101
f 7099 7101 7102
f 7103 7104 7105
f 7103 7105 7106
f 7107 7108 7109
f 7107 7109 7110
f 7111 7112 7113
f 7111 7113 7114
f 7115 7116 7117
f 7115 7117 7118
f 7119 7120 7121
f 7119 7121 7122
f 7123 7124 7125
f 7123 7125 7126
f 7127 7128 7129
f 7127 7129 7130
f 7131 7132 7133
f 7131 7133 7134
v -0.6957 -2.9591 0.7500
v -0.6624 -3.1408 0.7500
v -0.4678 -3.1408 0.7500
v -0.6050 -2.3386 0.7500
v -0.8216 -2.3386 0.7500
v -1.2973 -3.1408 0.7500
v -1.0807 -3.1408 0.7500
v -0.9712 -2.9591 0.7500
v -0.7021 -2.8107 0.7500
v -0.9126 -2.8107 0.7500
v -0.7482 -2.5315 0.7500
v -0.6957 -2.9591 -0.7500
v -0.6624 -3.1408 -0.7500
v -0.4678 -3.1408 -0.7500
v -0.6050 -2.3386 -0.7500
v -0.8216 -2.3386 -0.7500
v -1.2973 -3.1408 -0.7500
v -1.0807 -3.1408 -0.7500
v -0.9712 -2.9591 -0.7500
v -0.7021 -2.8107 -0.7500
v -0.9126 -2.8107 -0.7500
v -0.7482 -2.5315 -0.7500
v -0.9126 -2.8107 -0.7500
v -0.7482 -2.5315 -0.7500
v -0.7482 -2.5315 0.7500
v -0.9126 -2.8107 0.7500
v -1.2973 -3.1408 -0.7500
v -1.0807 -3.1408 -0.7500
v -1.0807 -3.1408 0.7500
v -1.2973 -3.1408 0.7500
v -0.6957 -2.9591 -0.7500
v -0.6624 -3.1408 -0.7500
v -0.6624 -3.1408 0.7500
v -0.6957 -2.9591 0.7500
v -0.6624 -3.1408 -0.7500
v -0.4678 -3.1408 -0.7500
v -0.4678 -3.1408 0.7500
v -0.6624 -3.1408 0.7500
v -0.4678 -3.1408 -0.7500
v -0.6050 -2.3386 -0.7500
v -0.6050 -2.3386 0.7500
v -0.4678 -3.1408 0.7500
v -0.6050 -2.3386 -0.7500
v -0.8216 -2.3386 -0.7500
v -0.8216 -2.3386 0.7500
v -0.6050 -2.3386 0.7500
v -0.8216 -2.3386 -0.7500
v -1.2973 -3.1408 -0.7500
v -1.2973 -3.1408 0.7500
v -0.8216 -2.3386 0.7500
v -1.0807 -3.1408 -0.7500
v -0.9712 -2.9591 -0.7500
v -0.9712 -2.9591 0.7500
v -1.0807 -3.1408 0.7500
v -0.7021 -2.8107 -0.7500
v -0.9126 -2.8107 -0.7500
v -0.9126 -2.8107 0.7500
v -0.7021 -2.8107 0.7500
v -0.7482 -2.5315 -0.7500
v -0.7021 -2.8107 -0.7500
v -0.7021 -2.8107 0.7500
v -0.7482 -2.5315 0.7500
v -0.9712 -2.9591 -0.7500
v -0.6957 -2.9591 -0.7500
v -0.6957 -2.9591 0.7500
v -0.9712 -2.9591 0.7500
f 7140 7144 7145
f 7144 7140 7141
f 7135 7136 7137
f 7137 7138 7139
f 7139 7140 7145
f 7144 7141 7142
f 7137 7139 7145
f 7143 7144 7142
f 7137 7145 7143
f 7143 7142 7135
f 7135 7137 7143
f 7151 7156 7155
f 7155 7152 7151
f 7146 7148 7147
f 7148 7150 7149
f 7150 7156 7151
f 7155 7153 7152
f 7148 7156 7150
f 7154 7153 7155
f 7148 7154 7156
f 7154 7146 7153
f 7146 7154 7148
f 7157 7158 7159
f 7157 7159 7160
f 7161 7162 7163
f 7161 7163 7164
f 7165 7166 7167
f 7165 7167 7168
f 7169 7170 7171
f 7169 7171 7172
f 7173 7174 7175
f 7173 7175 7176
f 7177 7178 7179
f 7177 7179 7180
f 7181 7182 7183
f 7181 7183 7184
f 7185 7186 7187
f 7185 7187 7188
f 7189 7190 7191
f 7189 7191 7192
f 7193 7194 7195
f 7193 7195 7196
f 7197 7198 7199
f 7197 7199 7200
v -4.7552 -2.5777 0.7500
v -4.8708 -2.3386 0.7500
v -5.1102 -2.3386 0.7500
v -4.9109 -2.7373 0.7500
v -5.2883 -3.1408 0.7500
v -5.0464 -3.1408 0.7500
v -4.8234 -2.8977 0.7500
v -4.7015 -3.1408 0.7500
v -4.4601 -3.1408 0.7500
v -4.6678 -2.7373 0.7500
v -4.2992 -2.3386 0.7500
v -4.5383 -2.3386 0.7500
v -4.7552 -2.5777 -0.7500
v -4.8708 -2.3386 -0.7500
v -5.1102 -2.3386 -0.7500
v -4.9109 -2.7373 -0.7500
v -5.2883 -3.1408 -0.7500
v -5.0464 -3.1408 -0.7500
v -4.8234 -2.8977 -0.7500
v -4.7015 -3.1408 -0.7500
v -4.4601 -3.1408 -0.7500
v -4.6678 -2.7373 -0.7500
v -4.2992 -2.3386 -0.7500
v -4.5383 -2.3386 -0.7500
v -4.2992 -2.3386 -0.7500
v -4.5383 -2.3386 -0.7500
v -4.5383 -2.3386 0.7500
v -4.2992 -2.3386 0.7500
v -4.5383 -2.3386 -0.7500
v -4.7552 -2.5777 -0.7500
v -4.7552 -2.5777 0.7500
v -4.5383 -2.3386 0.7500
v -4.7552 -2.5777 -0.7500
v -4.8708 -2.3386 -0.7500
v -4.8708 -2.3386 0.7500
v -4.7552 -2.5777 0.7500
v -4.8708 -2.3386 -0.7500
v -5.1102 -2.3386 -0.7500
v -5.1102 -2.3386 0.7500
v -4.8708 -2.3386 0.7500
v -4.9109 -2.7373 -0.7500
v -5.2883 -3.1408 -0.7500
v -5.2883 -3.1408 0.7500
v -4.9109 -2.7373 0.7500
v -5.2883 -3.1408 -0.7500
v -5.0464 -3.1408 -0.7500
v -5.0464 -3.1408 0.7500
v -5.2883 -3.1408 0.7500
v -4.8234 -2.8977 -0.7500
v -4.7015 -3.1408 -0.7500
v -4.7015 -3.1408 0.7500
v -4.8234 -2.8977 0.7500
v -4.7015 -3.1408 -0.7500
v -4.4601 -3.1408 -0.7500
v -4.4601 -3.1408 0.7500
v -4.7015 -3.1408 0.7500
v -4.6678 -2.7373 -0.7500
v -4.2992 -2.3386 -0.7500
v -4.2992 -2.3386 0.7500
v -4.6678 -2.7373 0.7500
v -5.1102 -2.3386 -0.7500
v -4.9109 -2.7373 -0.7500
v -4.9109 -2.7373 0.7500
v -5.1102 -2.3386 0.7500
v -5.0464 -3.1408 -0.7500
v -4.8234 -2.8977 -0.7500
v -4.8234 -2.8977 0.7500
v -5.0464 -3.1408 0.7500
v -4.4601 -3.1408 -0.7500
v -4.6678 -2.7373 -0.7500
v -4.6678 -2.7373 0.7500
v -4.4601 -3.1408 0.7500
f 7211 7212 7201
f 7201 7202 7203
f 7204 7205 7206
f 7207 7208 7209
f 7210 7211 7201
f 7201 7203 7204
f 7204 7206 7207
f 7207 7209 7210
f 7210 7201 7204
f 7204 7207 7210
f 7223 7213 7224
f 7213 7215 7214
f 7216 7218 7217
f 7219 7221 7220
f 7222 7213 7223
f 7213 7216 7215
f 7216 7219 7218
f 7219 7222 7221
f 7222 7216 7213
f 7216 7222 7219
f 7225 7226 7227
f 7225 7227 7228
f 7229 7230 7231
f 7229 7231 7232
f 7233 7234 7235
f 7233 7235 7236
f 7237 7238 7239
f 7237 7239 7240
f 7241 7242 7243
f 7241 7243 7244
f 7245 7246 7247
f 7245 7247 7248
f 7249 7250 7251
f 7249 7251 7252
f 7253 7254 7255
f 7253 7255 7256
f 7257 7258 7259
f 7257 7259 7260
f 7261 7262 7263
f 7261 7263 7264
f 7265 7266 7267
f 7265 7267 7268
f 7269 7270 7271
f 7269 7271 7272
v -1.7721 -2.4930 0.7500
v -1.3807 -2.4930 0.7500
v -1.3486 -2.3386 0.7500
v -1.9402 -2.3386 0.7500
v -2.1094 -3.1408 0.7500
v -1.5178 -3.1408 0.7500
v -1.4854 -2.9863 0.7500
v -1.8768 -2.9863 0.7500
v -1.8403 -2.8183 0.7500
v -1.4954 -2.8183 0.7500
v -1.4629 -2.6611 0.7500
v -1.8082 -2.6611 0.7500
v -1.7721 -2.4930 -0.7500
v -1.3807 -2.4930 -0.7500
v -1.3486 -2.3386 -0.7500
v -1.9402 -2.3386 -0.7500
v -2.1094 -3.1408 -0.7500
v -1.5178 -3.1408 -0.7500
v -1.4854 -2.9863 -0.7500
v -1.8768 -2.9863 -0.7500
v -1.8403 -2.8183 -0.7500
v -1.4954 -2.8183 -0.7500
v -1.4629 -2.6611 -0.7500
v -1.8082 -2.6611 -0.7500
v -1.7721 -2.4930 -0.7500
v -1.3807 -2.4930 -0.7500
v -1.3807 -2.4930 0.7500
v -1.7721 -2.4930 0.7500
v -1.3807 -2.4930 -0.7500
v -1.3486 -2.3386 -0.7500
v -1.3486 -2.3386 0.7500
v -1.3807 -2.4930 0.7500
v -2.1094 -3.1408 -0.7500
v -1.5178 -3.1408 -0.7500
v -1.5178 -3.1408 0.7500
v -2.1094 -3.1408 0.7500
v -1.5178 -3.1408 -0.7500
v -1.4854 -2.9863 -0.7500
v -1.4854 -2.9863 0.7500
v -1.5178 -3.1408 0.7500
v -1.8403 -2.8183 -0.7500
v -1.4954 -2.8183 -0.7500
v -1.4954 -2.8183 0.7500
v -1.8403 -2.8183 0.7500
v -1.4954 -2.8183 -0.7500
v -1.4629 -2.6611 -0.7500
v -1.4629 -2.6611 0.7500
v -1.4954 -2.8183 0.7500
v -1.3486 -2.3386 -0.7500
v -1.9402 -2.3386 -0.7500
v -1.9402 -2.3386 0.7500
v -1.3486 -2.3386 0.7500
v -1.4854 -2.9863 -0.7500
v -1.8768 -2.9863 -0.7500
v -1.8768 -2.9863 0.7500
v -1.4854 -2.9863 0.7500
v -1.4629 -2.6611 -0.7500
v -1.8082 -2.6611 -0.7500
v -1.8082 -2.6611 0.7500
v -1.4629 -2.6611 0.7500
v -1.8082 -2.6611 -0.7500
v -1.7721 -2.4930 -0.7500
v -1.7721 -2.4930 0.7500
v -1.8082 -2.6611 0.7500
v -1.9402 -2.3386 -0.7500
v -2.1094 -3.1408 -0.7500
v -2.1094 -3.1408 0.7500
v -1.9402 -2.3386 0.7500
v -1.8768 -2.9863 -0.7500
v -1.8403 -2.8183 -0.7500
v -1.8403 -2.8183 0.7500
v -1.8768 -2.9863 0.7500
f 7273 7274 7275
f 7277 7278 7279
f 7281 7282 7283
f 7273 7275 7276
f 7277 7279 7280
f 7281 7283 7284
f 7284 7273 7276
f 7276 7277 7280
f 7280 7281 7284
f 7284 7276 7280
f 7285 7287 7286
f 7289 7291 7290
f 7293 7295 7294
f 7285 7288 7287
f 7289 7292 7291
f 7293 7296 7295
f 7296 7288 7285
f 7288 7292 7289
f 7292 7296 7293
f 7296 7292 7288
f 7297 7298 7299
f 7297 7299 7300
f 7301 7302 7303
f 7301 7303 7304
f 7305 7306 7307
f 7305 7307 7308
f 7309 7310 7311
f 7309 7311 7312
f 7313 7314 7315
f 7313 7315 7316
f 7317 7318 7319
f 7317 7319 7320
f 7321 7322 7323
f 7321 7323 7324
f 7325 7326 7327
f 7325 7327 7328
f 7329 7330 7331
f 7329 7331 7332
f 7333 7334 7335
f 7333 7335 7336
f 7337 7338 7339
f 7337 7339 7340
f 7341 7342 7343
f 7341 7343 7344
v -3.6126 -3.1488 0.7500
v -3.5885 -3.1512 0.7500
v -3.5637 -3.1528 0.7500
v -3.5380 -3.1532 0.7500
v -3.5236 -3.1532 0.7500
v -3.5091 -3.1528 0.7500
v -3.4951 -3.1524 0.7500
v -3.4678 -3.1508 0.7500
v -3.4414 -3.1484 0.7500
v -3.4285 -3.1468 0.7500
v -3.4161 -3.1452 0.7500
v -3.4037 -3.1432 0.7500
v -3.3796 -3.1392 0.7500
v -3.3676 -3.1367 0.7500
v -3.3555 -3.1339 0.7500
v -3.3439 -3.1315 0.7500
v -3.3323 -3.1287 0.7500
v -3.3206 -3.1255 0.7500
v -3.3090 -3.1227 0.7500
v -3.2978 -3.1191 0.7500
v -3.2865 -3.1159 0.7500
v -3.2492 -2.9390 0.7500
v -3.2609 -2.9434 0.7500
v -3.2725 -2.9474 0.7500
v -3.2845 -2.9515 0.7500
v -3.2962 -2.9551 0.7500
v -3.3082 -2.9583 0.7500
v -3.3198 -2.9615 0.7500
v -3.3319 -2.9647 0.7500
v -3.3435 -2.9675 0.7500
v -3.3555 -2.9699 0.7500
v -3.3796 -2.9739 0.7500
v -3.3912 -2.9759 0.7500
v -3.4033 -2.9775 0.7500
v -3.4153 -2.9787 0.7500
v -3.4269 -2.9799 0.7500
v -3.4389 -2.9807 0.7500
v -3.4622 -2.9823 0.7500
v -3.4742 -2.9823 0.7500
v -3.4859 -2.9827 0.7500
v -3.5119 -2.9819 0.7500
v -3.5360 -2.9803 0.7500
v -3.5581 -2.9775 0.7500
v -3.5785 -2.9739 0.7500
v -3.5974 -2.9691 0.7500
v -3.6142 -2.9631 0.7500
v -3.6291 -2.9559 0.7500
v -3.6423 -2.9478 0.7500
v -3.6535 -2.9386 0.7500
v -3.6627 -2.9286 0.7500
v -3.6704 -2.9170 0.7500
v -3.6768 -2.9037 0.7500
v -3.6820 -2.8893 0.7500
v -3.6856 -2.8732 0.7500
v -3.6876 -2.8556 0.7500
v -3.6884 -2.8367 0.7500
v -3.6880 -2.8163 0.7500
v -3.6860 -2.7942 0.7500
v -3.6824 -2.7710 0.7500
v -3.6776 -2.7461 0.7500
v -3.6716 -2.7208 0.7500
v -3.6647 -2.6972 0.7500
v -3.6571 -2.6751 0.7500
v -3.6483 -2.6543 0.7500
v -3.6391 -2.6346 0.7500
v -3.6283 -2.6166 0.7500
v -3.6170 -2.5997 0.7500
v -3.6046 -2.5845 0.7500
v -3.5914 -2.5704 0.7500
v -3.5773 -2.5580 0.7500
v -3.5625 -2.5464 0.7500
v -3.5464 -2.5363 0.7500
v -3.5296 -2.5275 0.7500
v -3.5115 -2.5195 0.7500
v -3.4927 -2.5131 0.7500
v -3.4730 -2.5075 0.7500
v -3.4526 -2.5035 0.7500
v -3.4309 -2.5007 0.7500
v -3.4085 -2.4986 0.7500
v -3.3848 -2.4982 0.7500
v -3.3611 -2.4986 0.7500
v -3.3375 -2.4998 0.7500
v -3.3146 -2.5023 0.7500
v -3.2918 -2.5051 0.7500
v -3.2697 -2.5095 0.7500
v -3.2480 -2.5143 0.7500
v -3.2268 -2.5199 0.7500
v -3.2059 -2.5267 0.7500
v -3.1855 -2.5343 0.7500
v -3.1658 -2.5428 0.7500
v -3.1297 -2.3671 0.7500
v -3.1394 -2.3635 0.7500
v -3.1494 -2.3603 0.7500
v -3.1594 -2.3567 0.7500
v -3.1694 -2.3535 0.7500
v -3.1799 -2.3507 0.7500
v -3.1903 -2.3474 0.7500
v -3.2011 -2.3446 0.7500
v -3.2115 -2.3422 0.7500
v -3.2228 -2.3398 0.7500
v -3.2336 -2.3374 0.7500
v -3.2448 -2.3354 0.7500
v -3.2565 -2.3334 0.7500
v -3.2685 -2.3318 0.7500
v -3.2809 -2.3302 0.7500
v -3.3066 -2.3278 0.7500
v -3.3202 -2.3274 0.7500
v -3.3339 -2.3266 0.7500
v -3.3479 -2.3262 0.7500
v -3.3623 -2.3262 0.7500
v -3.4065 -2.3274 0.7500
v -3.4486 -2.3306 0.7500
v -3.4887 -2.3362 0.7500
v -3.5268 -2.3438 0.7500
v -3.5629 -2.3535 0.7500
v -3.5970 -2.3655 0.7500
v -3.6291 -2.3799 0.7500
v -3.6591 -2.3964 0.7500
v -3.6872 -2.4148 0.7500
v -3.7133 -2.4357 0.7500
v -3.7373 -2.4585 0.7500
v -3.7598 -2.4834 0.7500
v -3.7811 -2.5099 0.7500
v -3.8003 -2.5380 0.7500
v -3.8180 -2.5680 0.7500
v -3.8340 -2.6001 0.7500
v -3.8484 -2.6338 0.7500
v -3.8613 -2.6695 0.7500
v -3.8725 -2.7068 0.7500
v -3.8821 -2.7461 0.7500
v -3.8869 -2.7710 0.7500
v -3.8905 -2.7954 0.7500
v -3.8930 -2.8191 0.7500
v -3.8942 -2.8420 0.7500
v -3.8942 -2.8640 0.7500
v -3.8930 -2.8857 0.7500
v -3.8905 -2.9065 0.7500
v -3.8865 -2.9266 0.7500
v -3.8817 -2.9458 0.7500
v -3.8757 -2.9647 0.7500
v -3.8685 -2.9823 0.7500
v -3.8601 -2.9996 0.7500
v -3.8508 -3.0156 0.7500
v -3.8404 -3.0309 0.7500
v -3.8288 -3.0453 0.7500
v -3.8164 -3.0589 0.7500
v -3.8027 -3.0718 0.7500
v -3.7879 -3.0834 0.7500
v -3.7722 -3.0946 0.7500
v -3.7554 -3.1047 0.7500
v -3.7377 -3.1139 0.7500
v -3.7193 -3.1223 0.7500
v -3.6996 -3.1295 0.7500
v -3.6792 -3.1359 0.7500
v -3.6579 -3.1412 0.7500
v -3.6359 -3.1456 0.7500
v -3.6126 -3.1488 -0.7500
v -3.5885 -3.1512 -0.7500
v -3.5637 -3.1528 -0.7500
v -3.5380 -3.1532 -0.7500
v -3.5236 -3.1532 -0.7500
v -3.5091 -3.1528 -0.7500
v -3.4951 -3.1524 -0.7500
v -3.4678 -3.1508 -0.7500
v -3.4414 -3.1484 -0.7500
v -3.4285 -3.1468 -0.7500
v -3.4161 -3.1452 -0.7500
v -3.4037 -3.1432 -0.7500
v -3.3796 -3.1392 -0.7500
v -3.3676 -3.1367 -0.7500
v -3.3555 -3.1339 -0.7500
v -3.3439 -3.1315 -0.7500
v -3.3323 -3.1287 -0.7500
v -3.3206 -3.1255 -0.7500
v -3.3090 -3.1227 -0.7500
v -3.2978 -3.1191 -0.7500
v -3.2865 -3.1159 -0.7500
v -3.2492 -2.9390 -0.7500
v -3.2609 -2.9434 -0.7500
v -3.2725 -2.9474 -0.7500
v -3.2845 -2.9515 -0.7500
v -3.2962 -2.9551 -0.7500
v -3.3082 -2.9583 -0.7500
v -3.3198 -2.9615 -0.7500
v -3.3319 -2.9647 -0.7500
v -3.3435 -2.9675 -0.7500
v -3.3555 -2.9699 -0.7500
v -3.3796 -2.9739 -0.7500
v -3.3912 -2.9759 -0.7500
v -3.4033 -2.9775 -0.7500
v -3.4153 -2.9787 -0.7500
v -3.4269 -2.9799 -0.7500
v -3.4389 -2.9807 -0.7500
v -3.4622 -2.9823 -0.7500
v -3.4742 -2.9823 -0.7500
v -3.4859 -2.9827 -0.7500
v -3.5119 -2.9819 -0.7500
v -3.5360 -2.9803 -0.7500
v -3.5581 -2.9775 -0.7500
v -3.5785 -2.9739 -0.7500
v -3.5974 -2.9691 -0.7500
v -3.6142 -2.9631 -0.7500
v -3.6291 -2.9559 -0.7500
v -3.6423 -2.9478 -0.7500
v -3.6535 -2.9386 -0.7500
v -3.6627 -2.9286 -0.7500
v -3.6704 -2.9170 -0.7500
v -3.6768 -2.9037 -0.7500
v -3.6820 -2.8893 -0.7500
v -3.6856 -2.8732 -0.7500
v -3.6876 -2.8556 -0.7500
v -3.6884 -2.8367 -0.7500
v -3.6880 -2.8163 -0.7500
v -3.6860 -2.7942 -0.7500
v -3.6824 -2.7710 -0.7500
v -3.6776 -2.7461 -0.7500
v -3.6716 -2.7208 -0.7500
v -3.6647 -2.6972 -0.7500
v -3.6571 -2.6751 -0.7500
v -3.6483 -2.6543 -0.7500
v -3.6391 -2.6346 -0.7500
v -3.6283 -2.6166 -0.7500
v -3.6170 -2.5997 -0.7500
v -3.6046 -2.5845 -0.7500
v -3.5914 -2.5704 -0.7500
v -3.5773 -2.5580 -0.7500
v -3.5625 -2.5464 -0.7500
v -3.5464 -2.5363 -0.7500
v -3.5296 -2.5275 -0.7500
v -3.5115 -2.5195 -0.7500
v -3.4927 -2.5131 -0.7500
v -3.4730 -2.5075 -0.7500
v -3.4526 -2.5035 -0.7500
v -3.4309 -2.5007 -0.7500
v -3.4085 -2.4986 -0.7500
v -3.3848 -2.4982 -0.7500
v -3.3611 -2.4986 -0.7500
v -3.3375 -2.4998 -0.7500
v -3.3146 -2.5023 -0.7500
v -3.2918 -2.5051 -0.7500
v -3.2697 -2.5095 -0.7500
v -3.2480 -2.5143 -0.7500
v -3.2268 -2.5199 -0.7500
v -3.2059 -2.5267 -0.7500
v -3.1855 -2.5343 -0.7500
v -3.1658 -2.5428 -0.7500
v -3.1297 -2.3671 -0.7500
v -3.1394 -2.3635 -0.7500
v -3.1494 -2.3603 -0.7500
v -3.1594 -2.3567 -0.7500
v -3.1694 -2.3535 -0.7500
v -3.1799 -2.3507 -0.7500
v -3.1903 -2.3474 -0.7500
v -3.2011 -2.3446 -0.7500
v -3.2115 -2.3422 -0.7500
v -3.2228 -2.3398 -0.7500
v -3.2336 -2.3374 -0.7500
v -3.2448 -2.3354 -0.7500
v -3.2565 -2.3334 -0.7500
v -3.2685 -2.3318 -0.7500
v -3.2809 -2.3302 -0.7500
v -3.3066 -2.3278 -0.7500
v -3.3202 -2.3274 -0.7500
v -3.3339 -2.3266 -0.7500
v -3.3479 -2.3262 -0.7500
v -3.3623 -2.3262 -0.7500
v -3.4065 -2.3274 -0.7500
v -3.4486 -2.3306 -0.7500
v -3.4887 -2.3362 -0.7500
v -3.5268 -2.3438 -0.7500
v -3.5629 -2.3535 -0.7500
v -3.5970 -2.3655 -0.7500
v -3.6291 -2.3799 -0.7500
v -3.6591 -2.3964 -0.7500
v -3.6872 -2.4148 -0.7500
v -3.7133 -2.4357 -0.7500
v -3.7373 -2.4585 -0.7500
v -3.7598 -2.4834 -0.7500
v -3.7811 -2.5099 -0.7500
v -3.8003 -2.5380 -0.7500
v -3.8180 -2.5680 -0.7500
v -3.8340 -2.6001 -0.7500
v -3.8484 -2.6338 -0.7500
v -3.8613 -2.6695 -0.7500
v -3.8725 -2.7068 -0.7500
v -3.8821 -2.7461 -0.7500
v -3.8869 -2.7710 -0.7500
v -3.8905 -2.7954 -0.7500
v -3.8930 -2.8191 -0.7500
v -3.8942 -2.8420 -0.7500
v -3.8942 -2.8640 -0.7500
v -3.8930 -2.8857 -0.7500
v -3.8905 -2.9065 -0.7500
v -3.8865 -2.9266 -0.7500
v -3.8817 -2.9458 -0.7500
v -3.8757 -2.9647 -0.7500
v -3.8685 -2.9823 -0.7500
v -3.8601 -2.9996 -0.7500
v -3.8508 -3.0156 -0.7500
v -3.8404 -3.0309 -0.7500
v -3.8288 -3.0453 -0.7500
v -3.8164 -3.0589 -0.7500
v -3.8027 -3.0718 -0.7500
v -3.7879 -3.0834 -0.7500
v -3.7722 -3.0946 -0.7500
v -3.7554 -3.1047 -0.7500
v -3.7377 -3.1139 -0.7500
v -3.7193 -3.1223 -0.7500
v -3.6996 -3.1295 -0.7500
v -3.6792 -3.1359 -0.7500
v -3.6579 -3.1412 -0.7500
v -3.6359 -3.1456 -0.7500
v -3.6579 -3.1412 -0.7500
v -3.6359 -3.1456 -0.7500
v -3.6359 -3.1456 0.7500
v -3.6579 -3.1412 0.7500
v -3.6359 -3.1456 -0.7500
v -3.6126 -3.1488 -0.7500
v -3.6126 -3.1488 0.7500
v -3.6359 -3.1456 0.7500
v -3.6126 -3.1488 -0.7500
v -3.5885 -3.1512 -0.7500
v -3.5885 -3.1512 0.7500
v -3.6126 -3.1488 0.7500
v -3.5885 -3.1512 -0.7500
v -3.5637 -3.1528 -0.7500
v -3.5637 -3.1528 0.7500
v -3.5885 -3.1512 0.7500
v -3.5637 -3.1528 -0.7500
v -3.5380 -3.1532 -0.7500
v -3.5380 -3.1532 0.7500
v -3.5637 -3.1528 0.7500
v -3.5380 -3.1532 -0.7500
v -3.5236 -3.1532 -0.7500
v -3.5236 -3.1532 0.7500
v -3.5380 -3.1532 0.7500
v -3.5236 -3.1532 -0.7500
v -3.5091 -3.1528 -0.7500
v -3.5091 -3.1528 0.7500
v -3.5236 -3.1532 0.7500
v -3.5091 -3.1528 -0.7500
v -3.4951 -3.1524 -0.7500
v -3.4951 -3.1524 0.7500
v -3.5091 -3.1528 0.7500
v -3.4951 -3.1524 -0.7500
v -3.4678 -3.1508 -0.7500
v -3.4678 -3.1508 0.7500
v -3.4951 -3.1524 0.7500
v -3.4678 -3.1508 -0.7500
v -3.4414 -3.1484 -0.7500
v -3.4414 -3.1484 0.7500
v -3.4678 -3.1508 0.7500
v -3.4414 -3.1484 -0.7500
v -3.4285 -3.1468 -0.7500
v -3.4285 -3.1468 0.7500
v -3.4414 -3.1484 0.7500
v -3.4285 -3.1468 -0.7500
v -3.4161 -3.1452 -0.7500
v -3.4161 -3.1452 0.7500
v -3.4285 -3.1468 0.7500
v -3.4161 -3.1452 -0.7500
v -3.4037 -3.1432 -0.7500
v -3.4037 -3.1432 0.7500
v -3.4161 -3.1452 0.7500
v -3.4037 -3.1432 -0.7500
v -3.3796 -3.1392 -0.7500
v -3.3796 -3.1392 0.7500
v -3.4037 -3.1432 0.7500
v -3.3796 -3.1392 -0.7500
v -3.3676 -3.1367 -0.7500
v -3.3676 -3.1367 0.7500
v -3.3796 -3.1392 0.7500
v -3.3676 -3.1367 -0.7500
v -3.3555 -3.1339 -0.7500
v -3.3555 -3.1339 0.7500
v -3.3676 -3.1367 0.7500
v -3.3555 -3.1339 -0.7500
v -3.3439 -3.1315 -0.7500
v -3.3439 -3.1315 0.7500
v -3.3555 -3.1339 0.7500
v -3.3439 -3.1315 -0.7500
v -3.3323 -3.1287 -0.7500
v -3.3323 -3.1287 0.7500
v -3.3439 -3.1315 0.7500
v -3.3206 -3.1255 -0.7500
v -3.3090 -3.1227 -0.7500
v -3.3090 -3.1227 0.7500
v -3.3206 -3.1255 0.7500
v -3.3090 -3.1227 -0.7500
v -3.2978 -3.1191 -0.7500
v -3.2978 -3.1191 0.7500
v -3.3090 -3.1227 0.7500
v -3.2978 -3.1191 -0.7500
v -3.2865 -3.1159 -0.7500
v -3.2865 -3.1159 0.7500
v -3.2978 -3.1191 0.7500
v -3.2865 -3.1159 -0.7500
v -3.2492 -2.9390 -0.7500
v -3.2492 -2.9390 0.7500
v -3.2865 -3.1159 0.7500
v -3.2962 -2.9551 -0.7500
v -3.3082 -2.9583 -0.7500
v -3.3082 -2.9583 0.7500
v -3.2962 -2.9551 0.7500
v -3.3082 -2.9583 -0.7500
v -3.3198 -2.9615 -0.7500
v -3.3198 -2.9615 0.7500
v -3.3082 -2.9583 0.7500
v -3.3555 -2.9699 -0.7500
v -3.3796 -2.9739 -0.7500
v -3.3796 -2.9739 0.7500
v -3.3555 -2.9699 0.7500
v -3.3796 -2.9739 -0.7500
v -3.3912 -2.9759 -0.7500
v -3.3912 -2.9759 0.7500
v -3.3796 -2.9739 0.7500
v -3.4033 -2.9775 -0.7500
v -3.4153 -2.9787 -0.7500
v -3.4153 -2.9787 0.7500
v -3.4033 -2.9775 0.7500
v -3.4153 -2.9787 -0.7500
v -3.4269 -2.9799 -0.7500
v -3.4269 -2.9799 0.7500
v -3.4153 -2.9787 0.7500
v -3.4269 -2.9799 -0.7500
v -3.4389 -2.9807 -0.7500
v -3.4389 -2.9807 0.7500
v -3.4269 -2.9799 0.7500
v -3.4389 -2.9807 -0.7500
v -3.4622 -2.9823 -0.7500
v -3.4622 -2.9823 0.7500
v -3.4389 -2.9807 0.7500
v -3.4622 -2.9823 -0.7500
v -3.4742 -2.9823 -0.7500
v -3.4742 -2.9823 0.7500
v -3.4622 -2.9823 0.7500
v -3.4742 -2.9823 -0.7500
v -3.4859 -2.9827 -0.7500
v -3.4859 -2.9827 0.7500
v -3.4742 -2.9823 0.7500
v -3.1855 -2.5343 -0.7500
v -3.1658 -2.5428 -0.7500
v -3.1658 -2.5428 0.7500
v -3.1855 -2.5343 0.7500
v -3.1658 -2.5428 -0.7500
v -3.1297 -2.3671 -0.7500
v -3.1297 -2.3671 0.7500
v -3.1658 -2.5428 0.7500
v -3.1297 -2.3671 -0.7500
v -3.1394 -2.3635 -0.7500
v -3.1394 -2.3635 0.7500
v -3.1297 -2.3671 0.7500
v -3.1394 -2.3635 -0.7500
v -3.1494 -2.3603 -0.7500
v -3.1494 -2.3603 0.7500
v -3.1394 -2.3635 0.7500
v -3.1494 -2.3603 -0.7500
v -3.1594 -2.3567 -0.7500
v -3.1594 -2.3567 0.7500
v -3.1494 -2.3603 0.7500
v -3.1594 -2.3567 -0.7500
v -3.1694 -2.3535 -0.7500
v -3.1694 -2.3535 0.7500
v -3.1594 -2.3567 0.7500
v -3.1799 -2.3507 -0.7500
v -3.1903 -2.3474 -0.7500
v -3.1903 -2.3474 0.7500
v -3.1799 -2.3507 0.7500
v -3.1903 -2.3474 -0.7500
v -3.2011 -2.3446 -0.7500
v -3.2011 -2.3446 0.7500
v -3.1903 -2.3474 0.7500
v -3.2011 -2.3446 -0.7500
v -3.2115 -2.3422 -0.7500
v -3.2115 -2.3422 0.7500
v -3.2011 -2.3446 0.7500
v -3.2115 -2.3422 -0.7500
v -3.2228 -2.3398 -0.7500
v -3.2228 -2.3398 0.7500
v -3.2115 -2.3422 0.7500
v -3.2228 -2.3398 -0.7500
v -3.2336 -2.3374 -0.7500
v -3.2336 -2.3374 0.7500
v -3.2228 -2.3398 0.7500
v -3.2336 -2.3374 -0.7500
v -3.2448 -2.3354 -0.7500
v -3.2448 -2.3354 0.7500
v -3.2336 -2.3374 0.7500
v -3.2448 -2.3354 -0.7500
v -3.2565 -2.3334 -0.7500
v -3.2565 -2.3334 0.7500
v -3.2448 -2.3354 0.7500
v -3.2565 -2.3334 -0.7500
v -3.2685 -2.3318 -0.7500
v -3.2685 -2.3318 0.7500
v -3.2565 -2.3334 0.7500
v -3.2685 -2.3318 -0.7500
v -3.2809 -2.3302 -0.7500
v -3.2809 -2.3302 0.7500
v -3.2685 -2.3318 0.7500
v -3.2809 -2.3302 -0.7500
v -3.3066 -2.3278 -0.7500
v -3.3066 -2.3278 0.7500
v -3.2809 -2.3302 0.7500
v -3.3202 -2.3274 -0.7500
v -3.3339 -2.3266 -0.7500
v -3.3339 -2.3266 0.7500
v -3.3202 -2.3274 0.7500
v -3.3339 -2.3266 -0.7500
v -3.3479 -2.3262 -0.7500
v -3.3479 -2.3262 0.7500
v -3.3339 -2.3266 0.7500
v -3.3479 -2.3262 -0.7500
v -3.3623 -2.3262 -0.7500
v -3.3623 -2.3262 0.7500
v -3.3479 -2.3262 0.7500
v -3.3623 -2.3262 -0.7500
v -3.4065 -2.3274 -0.7500
v -3.4065 -2.3274 0.7500
v -3.3623 -2.3262 0.7500
v -3.4065 -2.3274 -0.7500
v -3.4486 -2.3306 -0.7500
v -3.4486 -2.3306 0.7500
v -3.4065 -2.3274 0.7500
v -3.4486 -2.3306 -0.7500
v -3.4887 -2.3362 -0.7500
v -3.4887 -2.3362 0.7500
v -3.4486 -2.3306 0.7500
v -3.4887 -2.3362 -0.7500
v -3.5268 -2.3438 -0.7500
v -3.5268 -2.3438 0.7500
v -3.4887 -2.3362 0.7500
v -3.5268 -2.3438 -0.7500
v -3.5629 -2.3535 -0.7500
v -3.5629 -2.3535 0.7500
v -3.5268 -2.3438 0.7500
v -3.5629 -2.3535 -0.7500
v -3.5970 -2.3655 -0.7500
v -3.5970 -2.3655 0.7500
v -3.5629 -2.3535 0.7500
v -3.5970 -2.3655 -0.7500
v -3.6291 -2.3799 -0.7500
v -3.6291 -2.3799 0.7500
v -3.5970 -2.3655 0.7500
v -3.6291 -2.3799 -0.7500
v -3.6591 -2.3964 -0.7500
v -3.6591 -2.3964 0.7500
v -3.6291 -2.3799 0.7500
v -3.6591 -2.3964 -0.7500
v -3.6872 -2.4148 -0.7500
v -3.6872 -2.4148 0.7500
v -3.6591 -2.3964 0.7500
v -3.6872 -2.4148 -0.7500
v -3.7133 -2.4357 -0.7500
v -3.7133 -2.4357 0.7500
v -3.6872 -2.4148 0.7500
v -3.7133 -2.4357 -0.7500
v -3.7373 -2.4585 -0.7500
v -3.7373 -2.4585 0.7500
v -3.7133 -2.4357 0.7500
v -3.7373 -2.4585 -0.7500
v -3.7598 -2.4834 -0.7500
v -3.7598 -2.4834 0.7500
v -3.7373 -2.4585 0.7500
v -3.7598 -2.4834 -0.7500
v -3.7811 -2.5099 -0.7500
v -3.7811 -2.5099 0.7500
v -3.7598 -2.4834 0.7500
v -3.7811 -2.5099 -0.7500
v -3.8003 -2.5380 -0.7500
v -3.8003 -2.5380 0.7500
v -3.7811 -2.5099 0.7500
v -3.8003 -2.5380 -0.7500
v -3.8180 -2.5680 -0.7500
v -3.8180 -2.5680 0.7500
v -3.8003 -2.5380 0.7500
v -3.8180 -2.5680 -0.7500
v -3.8340 -2.6001 -0.7500
v -3.8340 -2.6001 0.7500
v -3.8180 -2.5680 0.7500
v -3.8340 -2.6001 -0.7500
v -3.8484 -2.6338 -0.7500
v -3.8484 -2.6338 0.7500
v -3.8340 -2.6001 0.7500
v -3.8484 -2.6338 -0.7500
v -3.8613 -2.6695 -0.7500
v -3.8613 -2.6695 0.7500
v -3.8484 -2.6338 0.7500
v -3.8613 -2.6695 -0.7500
v -3.8725 -2.7068 -0.7500
v -3.8725 -2.7068 0.7500
v -3.8613 -2.6695 0.7500
v -3.8725 -2.7068 -0.7500
v -3.8821 -2.7461 -0.7500
v -3.8821 -2.7461 0.7500
v -3.8725 -2.7068 0.7500
v -3.8821 -2.7461 -0.7500
v -3.8869 -2.7710 -0.7500
v -3.8869 -2.7710 0.7500
v -3.8821 -2.7461 0.7500
v -3.8869 -2.7710 -0.7500
v -3.8905 -2.7954 -0.7500
v -3.8905 -2.7954 0.7500
v -3.8869 -2.7710 0.7500
v -3.8905 -2.7954 -0.7500
v -3.8930 -2.8191 -0.7500
v -3.8930 -2.8191 0.7500
v -3.8905 -2.7954 0.7500
v -3.8930 -2.8191 -0.7500
v -3.8942 -2.8420 -0.7500
v -3.8942 -2.8420 0.7500
v -3.8930 -2.8191 0.7500
v -3.8942 -2.8420 -0.7500
v -3.8942 -2.8640 -0.7500
v -3.8942 -2.8640 0.7500
v -3.8942 -2.8420 0.7500
v -3.8942 -2.8640 -0.7500
v -3.8930 -2.8857 -0.7500
v -3.8930 -2.8857 0.7500
v -3.8942 -2.8640 0.7500
v -3.8930 -2.8857 -0.7500
v -3.8905 -2.9065 -0.7500
v -3.8905 -2.9065 0.7500
v -3.8930 -2.8857 0.7500
v -3.8905 -2.9065 -0.7500
v -3.8865 -2.9266 -0.7500
v -3.8865 -2.9266 0.7500
v -3.8905 -2.9065 0.7500
v -3.8865 -2.9266 -0.7500
v -3.8817 -2.9458 -0.7500
v -3.8817 -2.9458 0.7500
v -3.8865 -2.9266 0.7500
v -3.8817 -2.9458 -0.7500
v -3.8757 -2.9647 -0.7500
v -3.8757 -2.9647 0.7500
v -3.8817 -2.9458 0.7500
v -3.8757 -2.9647 -0.7500
v -3.8685 -2.9823 -0.7500
v -3.8685 -2.9823 0.7500
v -3.8757 -2.9647 0.7500
v -3.8685 -2.9823 -0.7500
v -3.8601 -2.9996 -0.7500
v -3.8601 -2.9996 0.7500
v -3.8685 -2.9823 0.7500
v -3.8601 -2.9996 -0.7500
v -3.8508 -3.0156 -0.7500
v -3.8508 -3.0156 0.7500
v -3.8601 -2.9996 0.7500
v -3.8508 -3.0156 -0.7500
v -3.8404 -3.0309 -0.7500
v -3.8404 -3.0309 0.7500
v -3.8508 -3.0156 0.7500
v -3.8404 -3.0309 -0.7500
v -3.8288 -3.0453 -0.7500
v -3.8288 -3.0453 0.7500
v -3.8404 -3.0309 0.7500
v -3.8288 -3.0453 -0.7500
v -3.8164 -3.0589 -0.7500
v -3.8164 -3.0589 0.7500
v -3.8288 -3.0453 0.7500
v -3.8164 -3.0589 -0.7500
v -3.8027 -3.0718 -0.7500
v -3.8027 -3.0718 0.7500
v -3.8164 -3.0589 0.7500
v -3.8027 -3.0718 -0.7500
v -3.7879 -3.0834 -0.7500
v -3.7879 -3.0834 0.7500
v -3.8027 -3.0718 0.7500
v -3.7879 -3.0834 -0.7500
v -3.7722 -3.0946 -0.7500
v -3.7722 -3.0946 0.7500
v -3.7879 -3.0834 0.7500
v -3.7722 -3.0946 -0.7500
v -3.7554 -3.1047 -0.7500
v -3.7554 -3.1047 0.7500
v -3.7722 -3.0946 0.7500
v -3.7554 -3.1047 -0.7500
v -3.7377 -3.1139 -0.7500
v -3.7377 -3.1139 0.7500
v -3.7554 -3.1047 0.7500
v -3.7377 -3.1139 -0.7500
v -3.7193 -3.1223 -0.7500
v -3.7193 -3.1223 0.7500
v -3.7377 -3.1139 0.7500
v -3.7193 -3.1223 -0.7500
v -3.6996 -3.1295 -0.7500
v -3.6996 -3.1295 0.7500
v -3.7193 -3.1223 0.7500
v -3.6996 -3.1295 -0.7500
v -3.6792 -3.1359 -0.7500
v -3.6792 -3.1359 0.7500
v -3.6996 -3.1295 0.7500
v -3.6792 -3.1359 -0.7500
v -3.6579 -3.1412 -0.7500
v -3.6579 -3.1412 0.7500
v -3.6792 -3.1359 0.7500
v -3.3323 -3.1287 -0.7500
v -3.3206 -3.1255 -0.7500
v -3.3206 -3.1255 0.7500
v -3.3323 -3.1287 0.7500
v -3.2059 -2.5267 -0.7500
v -3.1855 -2.5343 -0.7500
v -3.1855 -2.5343 0.7500
v -3.2059 -2.5267 0.7500
v -3.3066 -2.3278 -0.7500
v -3.3202 -2.3274 -0.7500
v -3.3202 -2.3274 0.7500
v -3.3066 -2.3278 0.7500
v -3.2268 -2.5199 -0.7500
v -3.2059 -2.5267 -0.7500
v -3.2059 -2.5267 0.7500
v -3.2268 -2.5199 0.7500
v -3.1694 -2.3535 -0.7500
v -3.1799 -2.3507 -0.7500
v -3.1799 -2.3507 0.7500
v -3.1694 -2.3535 0.7500
v -3.2480 -2.5143 -0.7500
v -3.2268 -2.5199 -0.7500
v -3.2268 -2.5199 0.7500
v -3.2480 -2.5143 0.7500
v -3.2492 -2.9390 -0.7500
v -3.2609 -2.9434 -0.7500
v -3.2609 -2.9434 0.7500
v -3.2492 -2.9390 0.7500
v -3.2697 -2.5095 -0.7500
v -3.2480 -2.5143 -0.7500
v -3.2480 -2.5143 0.7500
v -3.2697 -2.5095 0.7500
v -3.2918 -2.5051 -0.7500
v -3.2697 -2.5095 -0.7500
v -3.2697 -2.5095 0.7500
v -3.2918 -2.5051 0.7500
v -3.2609 -2.9434 -0.7500
v -3.2725 -2.9474 -0.7500
v -3.2725 -2.9474 0.7500
v -3.2609 -2.9434 0.7500
v -3.3146 -2.5023 -0.7500
v -3.2918 -2.5051 -0.7500
v -3.2918 -2.5051 0.7500
v -3.3146 -2.5023 0.7500
v -3.2725 -2.9474 -0.7500
v -3.2845 -2.9515 -0.7500
v -3.2845 -2.9515 0.7500
v -3.2725 -2.9474 0.7500
v -3.3375 -2.4998 -0.7500
v -3.3146 -2.5023 -0.7500
v -3.3146 -2.5023 0.7500
v -3.3375 -2.4998 0.7500
v -3.2845 -2.9515 -0.7500
v -3.2962 -2.9551 -0.7500
v -3.2962 -2.9551 0.7500
v -3.2845 -2.9515 0.7500
v -3.3611 -2.4986 -0.7500
v -3.3375 -2.4998 -0.7500
v -3.3375 -2.4998 0.7500
v -3.3611 -2.4986 0.7500
v -3.3848 -2.4982 -0.7500
v -3.3611 -2.4986 -0.7500
v -3.3611 -2.4986 0.7500
v -3.3848 -2.4982 0.7500
v -3.3198 -2.9615 -0.7500
v -3.3319 -2.9647 -0.7500
v -3.3319 -2.9647 0.7500
v -3.3198 -2.9615 0.7500
v -3.4085 -2.4986 -0.7500
v -3.3848 -2.4982 -0.7500
v -3.3848 -2.4982 0.7500
v -3.4085 -2.4986 0.7500
v -3.3319 -2.9647 -0.7500
v -3.3435 -2.9675 -0.7500
v -3.3435 -2.9675 0.7500
v -3.3319 -2.9647 0.7500
v -3.4309 -2.5007 -0.7500
v -3.4085 -2.4986 -0.7500
v -3.4085 -2.4986 0.7500
v -3.4309 -2.5007 0.7500
v -3.3435 -2.9675 -0.7500
v -3.3555 -2.9699 -0.7500
v -3.3555 -2.9699 0.7500
v -3.3435 -2.9675 0.7500
v -3.4526 -2.5035 -0.7500
v -3.4309 -2.5007 -0.7500
v -3.4309 -2.5007 0.7500
v -3.4526 -2.5035 0.7500
v -3.4730 -2.5075 -0.7500
v -3.4526 -2.5035 -0.7500
v -3.4526 -2.5035 0.7500
v -3.4730 -2.5075 0.7500
v -3.3912 -2.9759 -0.7500
v -3.4033 -2.9775 -0.7500
v -3.4033 -2.9775 0.7500
v -3.3912 -2.9759 0.7500
v -3.4927 -2.5131 -0.7500
v -3.4730 -2.5075 -0.7500
v -3.4730 -2.5075 0.7500
v -3.4927 -2.5131 0.7500
v -3.5115 -2.5195 -0.7500
v -3.4927 -2.5131 -0.7500
v -3.4927 -2.5131 0.7500
v -3.5115 -2.5195 0.7500
v -3.5296 -2.5275 -0.7500
v -3.5115 -2.5195 -0.7500
v -3.5115 -2.5195 0.7500
v -3.5296 -2.5275 0.7500
v -3.4859 -2.9827 -0.7500
v -3.5119 -2.9819 -0.7500
v -3.5119 -2.9819 0.7500
v -3.4859 -2.9827 0.7500
v -3.5464 -2.5363 -0.7500
v -3.5296 -2.5275 -0.7500
v -3.5296 -2.5275 0.7500
v -3.5464 -2.5363 0.7500
v -3.5119 -2.9819 -0.7500
v -3.5360 -2.9803 -0.7500
v -3.5360 -2.9803 0.7500
v -3.5119 -2.9819 0.7500
v -3.5625 -2.5464 -0.7500
v -3.5464 -2.5363 -0.7500
v -3.5464 -2.5363 0.7500
v -3.5625 -2.5464 0.7500
v -3.5360 -2.9803 -0.7500
v -3.5581 -2.9775 -0.7500
v -3.5581 -2.9775 0.7500
v -3.5360 -2.9803 0.7500
v -3.5773 -2.5580 -0.7500
v -3.5625 -2.5464 -0.7500
v -3.5625 -2.5464 0.7500
v -3.5773 -2.5580 0.7500
v -3.5581 -2.9775 -0.7500
v -3.5785 -2.9739 -0.7500
v -3.5785 -2.9739 0.7500
v -3.5581 -2.9775 0.7500
v -3.5914 -2.5704 -0.7500
v -3.5773 -2.5580 -0.7500
v -3.5773 -2.5580 0.7500
v -3.5914 -2.5704 0.7500
v -3.5785 -2.9739 -0.7500
v -3.5974 -2.9691 -0.7500
v -3.5974 -2.9691 0.7500
v -3.5785 -2.9739 0.7500
v -3.6046 -2.5845 -0.7500
v -3.5914 -2.5704 -0.7500
v -3.5914 -2.5704 0.7500
v -3.6046 -2.5845 0.7500
v -3.5974 -2.9691 -0.7500
v -3.6142 -2.9631 -0.7500
v -3.6142 -2.9631 0.7500
v -3.5974 -2.9691 0.7500
v -3.6170 -2.5997 -0.7500
v -3.6046 -2.5845 -0.7500
v -3.6046 -2.5845 0.7500
v -3.6170 -2.5997 0.7500
v -3.6142 -2.9631 -0.7500
v -3.6291 -2.9559 -0.7500
v -3.6291 -2.9559 0.7500
v -3.6142 -2.9631 0.7500
v -3.6283 -2.6166 -0.7500
v -3.6170 -2.5997 -0.7500
v -3.6170 -2.5997 0.7500
v -3.6283 -2.6166 0.7500
v -3.6291 -2.9559 -0.7500
v -3.6423 -2.9478 -0.7500
v -3.6423 -2.9478 0.7500
v -3.6291 -2.9559 0.7500
v -3.6391 -2.6346 -0.7500
v -3.6283 -2.6166 -0.7500
v -3.6283 -2.6166 0.7500
v -3.6391 -2.6346 0.7500
v -3.6423 -2.9478 -0.7500
v -3.6535 -2.9386 -0.7500
v -3.6535 -2.9386 0.7500
v -3.6423 -2.9478 0.7500
v -3.6483 -2.6543 -0.7500
v -3.6391 -2.6346 -0.7500
v -3.6391 -2.6346 0.7500
v -3.6483 -2.6543 0.7500
v -3.6535 -2.9386 -0.7500
v -3.6627 -2.9286 -0.7500
v -3.6627 -2.9286 0.7500
v -3.6535 -2.9386 0.7500
v -3.6571 -2.6751 -0.7500
v -3.6483 -2.6543 -0.7500
v -3.6483 -2.6543 0.7500
v -3.6571 -2.6751 0.7500
v -3.6627 -2.9286 -0.7500
v -3.6704 -2.9170 -0.7500
v -3.6704 -2.9170 0.7500
v -3.6627 -2.9286 0.7500
v -3.6647 -2.6972 -0.7500
v -3.6571 -2.6751 -0.7500
v -3.6571 -2.6751 0.7500
v -3.6647 -2.6972 0.7500
v -3.6704 -2.9170 -0.7500
v -3.6768 -2.9037 -0.7500
v -3.6768 -2.9037 0.7500
v -3.6704 -2.9170 0.7500
v -3.6716 -2.7208 -0.7500
v -3.6647 -2.6972 -0.7500
v -3.6647 -2.6972 0.7500
v -3.6716 -2.7208 0.7500
v -3.6768 -2.9037 -0.7500
v -3.6820 -2.8893 -0.7500
v -3.6820 -2.8893 0.7500
v -3.6768 -2.9037 0.7500
v -3.6776 -2.7461 -0.7500
v -3.6716 -2.7208 -0.7500
v -3.6716 -2.7208 0.7500
v -3.6776 -2.7461 0.7500
v -3.6820 -2.8893 -0.7500
v -3.6856 -2.8732 -0.7500
v -3.6856 -2.8732 0.7500
v -3.6820 -2.8893 0.7500
v -3.6824 -2.7710 -0.7500
v -3.6776 -2.7461 -0.7500
v -3.6776 -2.7461 0.7500
v -3.6824 -2.7710 0.7500
v -3.6856 -2.8732 -0.7500
v -3.6876 -2.8556 -0.7500
v -3.6876 -2.8556 0.7500
v -3.6856 -2.8732 0.7500
v -3.6860 -2.7942 -0.7500
v -3.6824 -2.7710 -0.7500
v -3.6824 -2.7710 0.7500
v -3.6860 -2.7942 0.7500
v -3.6876 -2.8556 -0.7500
v -3.6884 -2.8367 -0.7500
v -3.6884 -2.8367 0.7500
v -3.6876 -2.8556 0.7500
v -3.6880 -2.8163 -0.7500
v -3.6860 -2.7942 -0.7500
v -3.6860 -2.7942 0.7500
v -3.6880 -2.8163 0.7500
v -3.6884 -2.8367 -0.7500
v -3.6880 -2.8163 -0.7500
v -3.6880 -2.8163 0.7500
v -3.6884 -2.8367 0.7500
f 7499 7500 7345
f 7345 7346 7347
f 7347 7348 7349
f 7349 7350 7351
f 7351 7352 7353
f 7353 7354 7355
f 7355 7356 7357
f 7357 7358 7359
f 7359 7360 7361
f 7362 7363 7364
f 7364 7365 7366
f 7370 7371 7372
f 7375 7376 7377
f 7378 7379 7380
f 7380 7381 7382
f 7382 7383 7384
f 7433 7434 7435
f 7435 7436 7437
f 7437 7438 7439
f 7440 7441 7442
f 7442 7443 7444
f 7444 7445 7446
f 7446 7447 7448
f 7448 7449 7450
f 7451 7452 7453
f 7453 7454 7455
f 7455 7456 7457
f 7457 7458 7459
f 7459 7460 7461
f 7461 7462 7463
f 7463 7464 7465
f 7465 7466 7467
f 7467 7468 7469
f 7469 7470 7471
f 7471 7472 7473
f 7473 7474 7475
f 7475 7476 7477
f 7477 7478 7479
f 7479 7480 7481
f 7481 7482 7483
f 7483 7484 7485
f 7485 7486 7487
f 7487 7488 7489
f 7489 7490 7491
f 7491 7492 7493
f 7493 7494 7495
f 7495 7496 7497
f 7497 7498 7499
f 7499 7345 7347
f 7347 7349 7351
f 7351 7353 7355
f 7355 7357 7359
f 7359 7361 7362
f 7362 7364 7366
f 7432 7433 7435
f 7435 7437 7439
f 7440 7442 7444
f 7444 7446 7448
f 7448 7450 7451
f 7451 7453 7455
f 7455 7457 7459
f 7459 7461 7463
f 7463 7465 7467
f 7467 7469 7471
f 7471 7473 7475
f 7475 7477 7479
f 7479 7481 7483
f 7483 7485 7487
f 7487 7489 7491
f 7491 7493 7495
f 7495 7497 7499
f 7499 7347 7351
f 7351 7355 7359
f 7359 7362 7366
f 7431 7432 7435
f 7435 7439 7440
f 7440 7444 7448
f 7448 7451 7455
f 7455 7459 7463
f 7463 7467 7471
f 7471 7475 7479
f 7479 7483 7487
f 7487 7491 7495
f 7495 7499 7351
f 7351 7359 7366
f 7430 7431 7435
f 7435 7440 7448
f 7448 7455 7463
f 7463 7471 7479
f 7479 7487 7495
f 7351 7366 7367
f 7429 7430 7435
f 7435 7448 7463
f 7463 7479 7495
f 7495 7351 7367
f 7428 7429 7435
f 7495 7367 7368
f 7427 7428 7435
f 7495 7368 7369
f 7426 7427 7435
f 7495 7369 7370
f 7425 7426 7435
f 7495 7370 7372
f 7424 7425 7435
f 7495 7372 7373
f 7423 7424 7435
f 7495 7373 7374
f 7422 7423 7435
f 7495 7374 7375
f 7421 7422 7435
f 7495 7375 7377
f 7420 7421 7435
f 7495 7377 7378
f 7419 7420 7435
f 7495 7378 7380
f 7418 7419 7435
f 7495 7380 7382
f 7418 7435 7463
f 7495 7382 7384
f 7417 7418 7463
f 7495 7384 7385
f 7416 7417 7463
f 7495 7385 7386
f 7415 7416 7463
f 7495 7386 7387
f 7414 7415 7463
f 7495 7387 7388
f 7413 7414 7463
f 7495 7388 7389
f 7412 7413 7463
f 7495 7389 7390
f 7411 7412 7463
f 7495 7390 7391
f 7410 7411 7463
f 7495 7391 7392
f 7409 7410 7463
f 7495 7392 7393
f 7408 7409 7463
f 7495 7393 7394
f 7407 7408 7463
f 7495 7394 7395
f 7406 7407 7463
f 7495 7395 7396
f 7405 7406 7463
f 7495 7396 7397
f 7404 7405 7463
f 7495 7397 7398
f 7403 7404 7463
f 7495 7398 7399
f 7402 7403 7463
f 7495 7399 7400
f 7401 7402 7463
f 7463 7495 7400
f 7400 7401 7463
f 7655 7501 7656
f 7501 7503 7502
f 7503 7505 7504
f 7505 7507 7506
f 7507 7509 7508
f 7509 7511 7510
f 7511 7513 7512
f 7513 7515 7514
f 7515 7517 7516
f 7518 7520 7519
f 7520 7522 7521
f 7526 7528 7527
f 7531 7533 7532
f 7534 7536 7535
f 7536 7538 7537
f 7538 7540 7539
f 7589 7591 7590
f 7591 7593 7592
f 7593 7595 7594
f 7596 7598 7597
f 7598 7600 7599
f 7600 7602 7601
f 7602 7604 7603
f 7604 7606 7605
f 7607 7609 7608
f 7609 7611 7610
f 7611 7613 7612
f 7613 7615 7614
f 7615 7617 7616
f 7617 7619 7618
f 7619 7621 7620
f 7621 7623 7622
f 7623 7625 7624
f 7625 7627 7626
f 7627 7629 7628
f 7629 7631 7630
f 7631 7633 7632
f 7633 7635 7634
f 7635 7637 7636
f 7637 7639 7638
f 7639 7641 7640
f 7641 7643 7642
f 7643 7645 7644
f 7645 7647 7646
f 7647 7649 7648
f 7649 7651 7650
f 7651 7653 7652
f 7653 7655 7654
f 7655 7503 7501
f 7503 7507 7505
f 7507 7511 7509
f 7511 7515 7513
f 7515 7518 7517
f 7518 7522 7520
f 7588 7591 7589
f 7591 7595 7593
f 7596 7600 7598
f 7600 7604 7602
f 7604 7607 7606
f 7607 7611 7609
f 7611 7615 7613
f 7615 7619 7617
f 7619 7623 7621
f 7623 7627 7625
f 7627 7631 7629
f 7631 7635 7633
f 7635 7639 7637
f 7639 7643 7641
f 7643 7647 7645
f 7647 7651 7649
f 7651 7655 7653
f 7655 7507 7503
f 7507 7515 7511
f 7515 7522 7518
f 7587 7591 7588
f 7591 7596 7595
f 7596 7604 7600
f 7604 7611 7607
f 7611 7619 7615
f 7619 7627 7623
f 7627 7635 7631
f 7635 7643 7639
f 7643 7651 7647
f 7651 7507 7655
f 7507 7522 7515
f 7586 7591 7587
f 7591 7604 7596
f 7604 7619 7611
f 7619 7635 7627
f 7635 7651 7643
f 7507 7523 7522
f 7585 7591 7586
f 7591 7619 7604
f 7619 7651 7635
f 7651 7523 7507
f 7584 7591 7585
f 7651 7524 7523
f 7583 7591 7584
f 7651 7525 7524
f 7582 7591 7583
f 7651 7526 7525
f 7581 7591 7582
f 7651 7528 7526
f 7580 7591 7581
f 7651 7529 7528
f 7579 7591 7580
f 7651 7530 7529
f 7578 7591 7579
f 7651 7531 7530
f 7577 7591 7578
f 7651 7533 7531
f 7576 7591 7577
f 7651 7534 7533
f 7575 7591 7576
f 7651 7536 7534
f 7574 7591 7575
f 7651 7538 7536
f 7574 7619 7591
f 7651 7540 7538
f 7573 7619 7574
f 7651 7541 7540
f 7572 7619 7573
f 7651 7542 7541
f 7571 7619 7572
f 7651 7543 7542
f 7570 7619 7571
f 7651 7544 7543
f 7569 7619 7570
f 7651 7545 7544
f 7568 7619 7569
f 7651 7546 7545
f 7567 7619 7568
f 7651 7547 7546
f 7566 7619 7567
f 7651 7548 7547
f 7565 7619 7566
f 7651 7549 7548
f 7564 7619 7565
f 7651 7550 7549
f 7563 7619 7564
f 7651 7551 7550
f 7562 7619 7563
f 7651 7552 7551
f 7561 7619 7562
f 7651 7553 7552
f 7560 7619 7561
f 7651 7554 7553
f 7559 7619 7560
f 7651 7555 7554
f 7558 7619 7559
f 7651 7556 7555
f 7557 7619 7558
f 7619 7556 7651
f 7556 7619 7557
f 7657 7658 7659
f 7657 7659 7660
f 7661 7662 7663
f 7661 7663 7664
f 7665 7666 7667
f 7665 7667 7668
f 7669 7670 7671
f 7669 7671 7672
f 7673 7674 7675
f 7673 7675 7676
f 7677 7678 7679
f 7677 7679 7680
f 7681 7682 7683
f 7681 7683 7684
f 7685 7686 7687
f 7685 7687 7688
f 7689 7690 7691
f 7689 7691 7692
f 7693 7694 7695
f 7693 7695 7696
f 7697 7698 7699
f 7697 7699 7700
f 7701 7702 7703
f 7701 7703 7704
f 7705 7706 7707
f 7705 7707 7708
f 7709 7710 7711
f 7709 7711 7712
f 7713 7714 7715
f 7713 7715 7716
f 7717 7718 7719
f 7717 7719 7720
f 7721 7722 7723
f 7721 7723 7724
f 7725 7726 7727
f 7725 7727 7728
f 7729 7730 7731
f 7729 7731 7732
f 7733 7734 7735
f 7733 7735 7736
f 7737 7738 7739
f 7737 7739 7740
f 7741 7742 7743
f 7741 7743 7744
f 7745 7746 7747
f 7745 7747 7748
f 7749 7750 7751
f 7749 7751 7752
f 7753 7754 7755
f 7753 7755 7756
f 7757 7758 7759
f 7757 7759 7760
f 7761 7762 7763
f 7761 7763 7764
f 7765 7766 7767
f 7765 7767 7768
f 7769 7770 7771
f 7769 7771 7772
f 7773 7774 7775
f 7773 7775 7776
f 7777 7778 7779
f 7777 7779 7780
f 7781 7782 7783
f 7781 7783 7784
f 7785 7786 7787
f 7785 7787 7788
f 7789 7790 7791
f 7789 7791 7792
f 7793 7794 7795
f 7793 7795 7796
f 7797 7798 7799
f 7797 7799 7800
f 7801 7802 7803
f 7801 7803 7804
f 7805 7806 7807
f 7805 7807 7808
f 7809 7810 7811
f 7809 7811 7812
f 7813 7814 7815
f 7813 7815 7816
f 7817 7818 7819
f 7817 7819 7820
f 7821 7822 7823
f 7821 7823 7824
f 7825 7826 7827
f 7825 7827 7828
f 7829 7830 7831
f 7829 7831 7832
f 7833 7834 7835
f 7833 7835 7836
f 7837 7838 7839
f 7837 7839 7840
f 7841 7842 7843
f 7841 7843 7844
f 7845 7846 7847
f 7845 7847 7848
f 7849 7850 7851
f 7849 7851 7852
f 7853 7854 7855
f 7853 7855 7856
f 7857 7858 7859
f 7857 7859 7860
f 7861 7862 7863
f 7861 7863 7864
f 7865 7866 7867
f 7865 7867 7868
f 7869 7870 7871
f 7869 7871 7872
f 7873 7874 7875
f 7873 7875 7876
f 7877 7878 7879
f 7877 7879 7880
f 7881 7882 7883
f 7881 7883 7884
f 7885 7886 7887
f 7885 7887 7888
f 7889 7890 7891
f 7889 7891 7892
f 7893 7894 7895
f 7893 7895 7896
f 7897 7898 7899
f 7897 7899 7900
f 7901 7902 7903
f 7901 7903 7904
f 7905 7906 7907
f 7905 7907 7908
f 7909 7910 7911
f 7909 7911 7912
f 7913 7914 7915
f 7913 7915 7916
f 7917 7918 7919
f 7917 7919 7920
f 7921 7922 7923
f 7921 7923 7924
f 7925 7926 7927
f 7925 7927 7928
f 7929 7930 7931
f 7929 7931 7932
f 7933 7934 7935
f 7933 7935 7936
f 7937 7938 7939
f 7937 7939 7940
f 7941 7942 7943
f 7941 7943 7944
f 7945 7946 7947
f 7945 7947 7948
f 7949 7950 7951
f 7949 7951 7952
f 7953 7954 7955
f 7953 7955 7956
f 7957 7958 7959
f 7957 7959 7960
f 7961 7962 7963
f 7961 7963 7964
f 7965 7966 7967
f 7965 7967 7968
f 7969 7970 7971
f 7969 7971 7972
f 7973 7974 7975
f 7973 7975 7976
f 7977 7978 7979
f 7977 7979 7980
f 7981 7982 7983
f 7981 7983 7984
f 7985 7986 7987
f 7985 7987 7988
f 7989 7990 7991
f 7989 7991 7992
f 7993 7994 7995
f 7993 7995 7996
f 7997 7998 7999
f 7997 7999 8000
f 8001 8002 8003
f 8001 8003 8004
f 8005 8006 8007
f 8005 8007 8008
f 8009 8010 8011
f 8009 8011 8012
f 8013 8014 8015
f 8013 8015 8016
f 8017 8018 8019
f 8017 8019 8020
f 8021 8022 8023
f 8021 8023 8024
f 8025 8026 8027
f 8025 8027 8028
f 8029 8030 8031
f 8029 8031 8032
f 8033 8034 8035
f 8033 8035 8036
f 8037 8038 8039
f 8037 8039 8040
f 8041 8042 8043
f 8041 8043 8044
f 8045 8046 8047
f 8045 8047 8048
f 8049 8050 8051
f 8049 8051 8052
f 8053 8054 8055
f 8053 8055 8056
f 8057 8058 8059
f 8057 8059 8060
f 8061 8062 8063
f 8061 8063 8064
f 8065 8066 8067
f 8065 8067 8068
f 8069 8070 8071
f 8069 8071 8072
f 8073 8074 8075
f 8073 8075 8076
f 8077 8078 8079
f 8077 8079 8080
f 8081 8082 8083
f 8081 8083 8084
f 8085 8086 8087
f 8085 8087 8088
f 8089 8090 8091
f 8089 8091 8092
f 8093 8094 8095
f 8093 8095 8096
f 8097 8098 8099
f 8097 8099 8100
f 8101 8102 8103
f 8101 8103 8104
f 8105 8106 8107
f 8105 8107 8108
f 8109 8110 8111
f 8109 8111 8112
f 8113 8114 8115
f 8113 8115 8116
f 8117 8118 8119
f 8117 8119 8120
f 8121 8122 8123
f 8121 8123 8124
f 8125 8126 8127
f 8125 8127 8128
f 8129 8130 8131
f 8129 8131 8132
f 8133 8134 8135
f 8133 8135 8136
f 8137 8138 8139
f 8137 8139 8140
f 8141 8142 8143
f 8141 8143 8144
f 8145 8146 8147
f 8145 8147 8148
f 8149 8150 8151
f 8149 8151 8152
f 8153 8154 8155
f 8153 8155 8156
f 8157 8158 8159
f 8157 8159 8160
f 8161 8162 8163
f 8161 8163 8164
f 8165 8166 8167
f 8165 8167 8168
f 8169 8170 8171
f 8169 8171 8172
f 8173 8174 8175
f 8173 8175 8176
f 8177 8178 8179
f 8177 8179 8180
f 8181 8182 8183
f 8181 8183 8184
f 8185 8186 8187
f 8185 8187 8188
f 8189 8190 8191
f 8189 8191 8192
f 8193 8194 8195
f 8193 8195 8196
f 8197 8198 8199
f 8197 8199 8200
f 8201 8202 8203
f 8201 8203 8204
f 8205 8206 8207
f 8205 8207 8208
f 8209 8210 8211
f 8209 8211 8212
f 8213 8214 8215
f 8213 8215 8216
f 8217 8218 8219
f 8217 8219 8220
f 8221 8222 8223
f 8221 8223 8224
f 8225 8226 8227
f 8225 8227 8228
f 8229 8230 8231
f 8229 8231 8232
f 8233 8234 8235
f 8233 8235 8236
f 8237 8238 8239
f 8237 8239 8240
f 8241 8242 8243
f 8241 8243 8244
f 8245 8246 8247
f 8245 8247 8248
f 8249 8250 8251
f 8249 8251 8252
f 8253 8254 8255
f 8253 8255 8256
f 8257 8258 8259
f 8257 8259 8260
f 8261 8262 8263
f 8261 8263 8264
f 8265 8266 8267
f 8265 8267 8268
f 8269 8270 8271
f 8269 8271 8272
f 8273 8274 8275
f 8273 8275 8276
f 8277 8278 8279
f 8277 8279 8280
v 0.5757 -2.3386 0.7500
v -0.0957 -2.3386 0.7500
v -0.1277 -2.4930 0.7500
v 0.1077 -2.4930 0.7500
v -0.0295 -3.1408 0.7500
v 0.1711 -3.1408 0.7500
v 0.3082 -2.4930 0.7500
v 0.5436 -2.4930 0.7500
v 0.5757 -2.3386 -0.7500
v -0.0957 -2.3386 -0.7500
v -0.1277 -2.4930 -0.7500
v 0.1077 -2.4930 -0.7500
v -0.0295 -3.1408 -0.7500
v 0.1711 -3.1408 -0.7500
v 0.3082 -2.4930 -0.7500
v 0.5436 -2.4930 -0.7500
v 0.3082 -2.4930 -0.7500
v 0.5436 -2.4930 -0.7500
v 0.5436 -2.4930 0.7500
v 0.3082 -2.4930 0.7500
v 0.5436 -2.4930 -0.7500
v 0.5757 -2.3386 -0.7500
v 0.5757 -2.3386 0.7500
v 0.5436 -2.4930 0.7500
v 0.5757 -2.3386 -0.7500
v -0.0957 -2.3386 -0.7500
v -0.0957 -2.3386 0.7500
v 0.5757 -2.3386 0.7500
v -0.0957 -2.3386 -0.7500
v -0.1277 -2.4930 -0.7500
v -0.1277 -2.4930 0.7500
v -0.0957 -2.3386 0.7500
v 0.1077 -2.4930 -0.7500
v -0.0295 -3.1408 -0.7500
v -0.0295 -3.1408 0.7500
v 0.1077 -2.4930 0.7500
v -0.0295 -3.1408 -0.7500
v 0.1711 -3.1408 -0.7500
v 0.1711 -3.1408 0.7500
v -0.0295 -3.1408 0.7500
v -0.1277 -2.4930 -0.7500
v 0.1077 -2.4930 -0.7500
v 0.1077 -2.4930 0.7500
v -0.1277 -2.4930 0.7500
v 0.1711 -3.1408 -0.7500
v 0.3082 -2.4930 -0.7500
v 0.3082 -2.4930 0.7500
v 0.1711 -3.1408 0.7500
f 8287 8288 8281
f 8281 8282 8283
f 8284 8285 8286
f 8281 8283 8284
f 8284 8286 8287
f 8287 8281 8284
f 8295 8289 8296
f 8289 8291 8290
f 8292 8294 8293
f 8289 8292 8291
f 8292 8295 8294
f 8295 8292 8289
f 8297 8298 8299
f 8297 8299 8300
f 8301 8302 8303
f 8301 8303 8304
f 8305 8306 8307
f 8305 8307 8308
f 8309 8310 8311
f 8309 8311 8312
f 8313 8314 8315
f 8313 8315 8316
f 8317 8318 8319
f 8317 8319 8320
f 8321 8322 8323
f 8321 8323 8324
f 8325 8326 8327
f 8325 8327 8328
v -6.8625 -2.9863 0.7500
v -6.7257 -2.3386 0.7500
v -6.9262 -2.3386 0.7500
v -7.0955 -3.1408 0.7500
v -6.5163 -3.1408 0.7500
v -6.4838 -2.9863 0.7500
v -6.8625 -2.9863 -0.7500
v -6.7257 -2.3386 -0.7500
v -6.9262 -2.3386 -0.7500
v -7.0955 -3.1408 -0.7500
v -6.5163 -3.1408 -0.7500
v -6.4838 -2.9863 -0.7500
v -6.5163 -3.1408 -0.7500
v -6.4838 -2.9863 -0.7500
v -6.4838 -2.9863 0.7500
v -6.5163 -3.1408 0.7500
v -6.4838 -2.9863 -0.7500
v -6.8625 -2.9863 -0.7500
v -6.8625 -2.9863 0.7500
v -6.4838 -2.9863 0.7500
v -6.8625 -2.9863 -0.7500
v -6.7257 -2.3386 -0.7500
v -6.7257 -2.3386 0.7500
v -6.8625 -2.9863 0.7500
v -6.7257 -2.3386 -0.7500
v -6.9262 -2.3386 -0.7500
v -6.9262 -2.3386 0.7500
v -6.7257 -2.3386 0.7500
v -7.0955 -3.1408 -0.7500
v -6.5163 -3.1408 -0.7500
v -6.5163 -3.1408 0.7500
v -7.0955 -3.1408 0.7500
v -6.9262 -2.3386 -0.7500
v -7.0955 -3.1408 -0.7500
v -7.0955 -3.1408 0.7500
v -6.9262 -2.3386 0.7500
f 8333 8334 8329
f 8329 8330 8331
f 8332 8333 8329
f 8329 8331 8332
f 8339 8335 8340
f 8335 8337 8336
f 8338 8335 8339
f 8335 8338 8337
f 8341 8342 8343
f 8341 8343 8344
f 8345 8346 8347
f 8345 8347 8348
f 8349 8350 8351
f 8349 8351 8352
f 8353 8354 8355
f 8353 8355 8356
f 8357 8358 8359
f 8357 8359 8360
f 8361 8362 8363
f 8361 8363 8364
o Emas
usemtl Emas
v 3.7269 -1.9965 0.7500
v 3.2585 -3.1560 0.7500
v 8.5325 -2.4148 0.7500
v 7.7624 -1.4294 0.7500
v 4.9650 -1.8224 0.7500
v 3.7269 -1.9965 -0.7500
v 3.2585 -3.1560 -0.7500
v 8.5325 -2.4148 -0.7500
v 7.7624 -1.4294 -0.7500
v 4.9650 -1.8224 -0.7500
v 7.7624 -1.4294 -0.7500
v 4.9650 -1.8224 -0.7500
v 4.9650 -1.8224 0.7500
v 7.7624 -1.4294 0.7500
v 4.9650 -1.8224 -0.7500
v 3.7269 -1.9965 -0.7500
v 3.7269 -1.9965 0.7500
v 4.9650 -1.8224 0.7500
v 3.7269 -1.9965 -0.7500
v 3.2585 -3.1560 -0.7500
v 3.2585 -3.1560 0.7500
v 3.7269 -1.9965 0.7500
v 3.2585 -3.1560 -0.7500
v 8.5325 -2.4148 -0.7500
v 8.5325 -2.4148 0.7500
v 3.2585 -3.1560 0.7500
v 8.5325 -2.4148 -0.7500
v 7.7624 -1.4294 -0.7500
v 7.7624 -1.4294 0.7500
v 8.5325 -2.4148 0.7500
f 8368 8369 8365
f 8365 8366 8367
f 8367 8368 8365
f 8373 8370 8374
f 8370 8372 8371
f 8372 8370 8373
f 8375 8376 8377
f 8375 8377 8378
f 8379 8380 8381
f 8379 8381 8382
f 8383 8384 8385
f 8383 8385 8386
f 8387 8388 8389
f 8387 8389 8390
f 8391 8392 8393
f 8391 8393 8394
v 7.9919 -1.3973 0.7500
v 8.7615 -2.3827 0.7500
v 10.0000 -2.2087 0.7500
v 6.7209 1.9881 0.7500
v 6.2524 0.8290 0.7500
v 7.9919 -1.3973 -0.7500
v 8.7615 -2.3827 -0.7500
v 10.0000 -2.2087 -0.7500
v 6.7209 1.9881 -0.7500
v 6.2524 0.8290 -0.7500
v 6.7209 1.9881 -0.7500
v 6.2524 0.8290 -0.7500
v 6.2524 0.8290 0.7500
v 6.7209 1.9881 0.7500
v 6.2524 0.8290 -0.7500
v 7.9919 -1.3973 -0.7500
v 7.9919 -1.3973 0.7500
v 6.2524 0.8290 0.7500
v 7.9919 -1.3973 -0.7500
v 8.7615 -2.3827 -0.7500
v 8.7615 -2.3827 0.7500
v 7.9919 -1.3973 0.7500
v 8.7615 -2.3827 -0.7500
v 10.0000 -2.2087 -0.7500
v 10.0000 -2.2087 0.7500
v 8.7615 -2.3827 0.7500
v 10.0000 -2.2087 -0.7500
v 6.7209 1.9881 -0.7500
v 6.7209 1.9881 0.7500
v 10.0000 -2.2087 0.7500
f 8398 8399 8395
f 8395 8396 8397
f 8397 8398 8395
f 8403 8400 8404
f 8400 8402 8401
f 8402 8400 8403
f 8405 8406 8407
f 8405 8407 8408
f 8409 8410 8411
f 8409 8411 8412
f 8413 8414 8415
f 8413 8415 8416
f 8417 8418 8419
f 8417 8419 8420
f 8421 8422 8423
f 8421 8423 8424
v 5.8085 3.1560 0.7500
v 3.8135 -1.7819 0.7500
v 5.0516 -1.6079 0.7500
v 6.5785 2.1706 0.7500
v 5.8085 3.1560 -0.7500
v 3.8135 -1.7819 -0.7500
v 5.0516 -1.6079 -0.7500
v 6.5785 2.1706 -0.7500
v 5.0516 -1.6079 -0.7500
v 6.5785 2.1706 -0.7500
v 6.5785 2.1706 0.7500
v 5.0516 -1.6079 0.7500
v 6.5785 2.1706 -0.7500
v 5.8085 3.1560 -0.7500
v 5.8085 3.1560 0.7500
v 6.5785 2.1706 0.7500
v 5.8085 3.1560 -0.7500
v 3.8135 -1.7819 -0.7500
v 3.8135 -1.7819 0.7500
v 5.8085 3.1560 0.7500
v 3.8135 -1.7819 -0.7500
v 5.0516 -1.6079 -0.7500
v 5.0516 -1.6079 0.7500
v 3.8135 -1.7819 0.7500
f 8427 8428 8425
f 8425 8426 8427
f 8431 8429 8432
f 8429 8431 8430
f 8433 8434 8435
f 8433 8435 8436
f 8437 8438 8439
f 8437 8439 8440
f 8441 8442 8443
f 8441 8443 8444
f 8445 8446 8447
f 8445 8447 8448
