# LNZ.STD logo - dibuat dari lnz-B-LNZ.svg
mtllib lnz-B-LNZ.mtl
o Putih
usemtl Putih
v -4.2849 2.2584 0.7500
v -5.6036 2.2584 0.7500
v -6.4865 -1.9238 0.7500
v -4.9152 -1.9238 0.7500
v -4.5710 -0.2873 0.7500
v -3.7525 -1.9238 0.7500
v -2.4276 -1.9238 0.7500
v -1.5447 2.2584 0.7500
v -3.1160 2.2584 0.7500
v -3.4602 0.6219 0.7500
v -4.2849 2.2584 -0.7500
v -5.6036 2.2584 -0.7500
v -6.4865 -1.9238 -0.7500
v -4.9152 -1.9238 -0.7500
v -4.5710 -0.2873 -0.7500
v -3.7525 -1.9238 -0.7500
v -2.4276 -1.9238 -0.7500
v -1.5447 2.2584 -0.7500
v -3.1160 2.2584 -0.7500
v -3.4602 0.6219 -0.7500
v -3.4602 0.6219 -0.7500
v -4.2849 2.2584 -0.7500
v -4.2849 2.2584 0.7500
v -3.4602 0.6219 0.7500
v -4.2849 2.2584 -0.7500
v -5.6036 2.2584 -0.7500
v -5.6036 2.2584 0.7500
v -4.2849 2.2584 0.7500
v -5.6036 2.2584 -0.7500
v -6.4865 -1.9238 -0.7500
v -6.4865 -1.9238 0.7500
v -5.6036 2.2584 0.7500
v -6.4865 -1.9238 -0.7500
v -4.9152 -1.9238 -0.7500
v -4.9152 -1.9238 0.7500
v -6.4865 -1.9238 0.7500
v -4.5710 -0.2873 -0.7500
v -3.7525 -1.9238 -0.7500
v -3.7525 -1.9238 0.7500
v -4.5710 -0.2873 0.7500
v -3.7525 -1.9238 -0.7500
v -2.4276 -1.9238 -0.7500
v -2.4276 -1.9238 0.7500
v -3.7525 -1.9238 0.7500
v -2.4276 -1.9238 -0.7500
v -1.5447 2.2584 -0.7500
v -1.5447 2.2584 0.7500
v -2.4276 -1.9238 0.7500
v -1.5447 2.2584 -0.7500
v -3.1160 2.2584 -0.7500
v -3.1160 2.2584 0.7500
v -1.5447 2.2584 0.7500
v -4.9152 -1.9238 -0.7500
v -4.5710 -0.2873 -0.7500
v -4.5710 -0.2873 0.7500
v -4.9152 -1.9238 0.7500
v -3.1160 2.2584 -0.7500
v -3.4602 0.6219 -0.7500
v -3.4602 0.6219 0.7500
v -3.1160 2.2584 0.7500
f 10 1 2
f 2 3 4
f 5 6 7
f 7 8 9
f 2 4 5
f 7 9 10
f 10 2 5
f 5 7 10
f 20 12 11
f 12 14 13
f 15 17 16
f 17 19 18
f 12 15 14
f 17 20 19
f 20 15 12
f 15 20 17
f 21 22 23
f 21 23 24
f 25 26 27
f 25 27 28
f 29 30 31
f 29 31 32
f 33 34 35
f 33 35 36
f 37 38 39
f 37 39 40
f 41 42 43
f 41 43 44
f 45 46 47
f 45 47 48
f 49 50 51
f 49 51 52
f 53 54 55
f 53 55 56
f 57 58 59
f 57 59 60
v 0.0399 0.9724 0.7500
v -1.9408 -1.1510 0.7500
v -2.1031 -1.9238 0.7500
v 1.5401 -1.9238 0.7500
v 1.7936 -0.7290 0.7500
v 0.2411 -0.7290 0.7500
v 2.1959 1.3689 0.7500
v 2.3845 2.2584 0.7500
v -1.1290 2.2584 0.7500
v -1.4017 0.9724 0.7500
v 0.0399 0.9724 -0.7500
v -1.9408 -1.1510 -0.7500
v -2.1031 -1.9238 -0.7500
v 1.5401 -1.9238 -0.7500
v 1.7936 -0.7290 -0.7500
v 0.2411 -0.7290 -0.7500
v 2.1959 1.3689 -0.7500
v 2.3845 2.2584 -0.7500
v -1.1290 2.2584 -0.7500
v -1.4017 0.9724 -0.7500
v -1.1290 2.2584 -0.7500
v -1.4017 0.9724 -0.7500
v -1.4017 0.9724 0.7500
v -1.1290 2.2584 0.7500
v -1.4017 0.9724 -0.7500
v 0.0399 0.9724 -0.7500
v 0.0399 0.9724 0.7500
v -1.4017 0.9724 0.7500
v 0.0399 0.9724 -0.7500
v -1.9408 -1.1510 -0.7500
v -1.9408 -1.1510 0.7500
v 0.0399 0.9724 0.7500
v -1.9408 -1.1510 -0.7500
v -2.1031 -1.9238 -0.7500
v -2.1031 -1.9238 0.7500
v -1.9408 -1.1510 0.7500
v -2.1031 -1.9238 -0.7500
v 1.5401 -1.9238 -0.7500
v 1.5401 -1.9238 0.7500
v -2.1031 -1.9238 0.7500
v 1.5401 -1.9238 -0.7500
v 1.7936 -0.7290 -0.7500
v 1.7936 -0.7290 0.7500
v 1.5401 -1.9238 0.7500
v 0.2411 -0.7290 -0.7500
v 2.1959 1.3689 -0.7500
v 2.1959 1.3689 0.7500
v 0.2411 -0.7290 0.7500
v 2.1959 1.3689 -0.7500
v 2.3845 2.2584 -0.7500
v 2.3845 2.2584 0.7500
v 2.1959 1.3689 0.7500
v 2.3845 2.2584 -0.7500
v -1.1290 2.2584 -0.7500
v -1.1290 2.2584 0.7500
v 2.3845 2.2584 0.7500
v 1.7936 -0.7290 -0.7500
v 0.2411 -0.7290 -0.7500
v 0.2411 -0.7290 0.7500
v 1.7936 -0.7290 0.7500
f 69 70 61
f 61 62 63
f 63 64 65
f 66 67 68
f 68 69 61
f 63 65 66
f 66 68 61
f 61 63 66
f 79 71 80
f 71 73 72
f 73 75 74
f 76 78 77
f 78 71 79
f 73 76 75
f 76 71 78
f 71 76 73
f 81 82 83
f 81 83 84
f 85 86 87
f 85 87 88
f 89 90 91
f 89 91 92
f 93 94 95
f 93 95 96
f 97 98 99
f 97 99 100
f 101 102 103
f 101 103 104
f 105 106 107
f 105 107 108
f 109 110 111
f 109 111 112
f 113 114 115
f 113 115 116
f 117 118 119
f 117 119 120
v -9.1167 2.2584 0.7500
v -10.0000 -1.9238 0.7500
v -6.7203 -1.9238 0.7500
v -6.4672 -0.7290 0.7500
v -8.1753 -0.7290 0.7500
v -7.5454 2.2584 0.7500
v -9.1167 2.2584 -0.7500
v -10.0000 -1.9238 -0.7500
v -6.7203 -1.9238 -0.7500
v -6.4672 -0.7290 -0.7500
v -8.1753 -0.7290 -0.7500
v -7.5454 2.2584 -0.7500
v -8.1753 -0.7290 -0.7500
v -7.5454 2.2584 -0.7500
v -7.5454 2.2584 0.7500
v -8.1753 -0.7290 0.7500
v -7.5454 2.2584 -0.7500
v -9.1167 2.2584 -0.7500
v -9.1167 2.2584 0.7500
v -7.5454 2.2584 0.7500
v -10.0000 -1.9238 -0.7500
v -6.7203 -1.9238 -0.7500
v -6.7203 -1.9238 0.7500
v -10.0000 -1.9238 0.7500
v -6.7203 -1.9238 -0.7500
v -6.4672 -0.7290 -0.7500
v -6.4672 -0.7290 0.7500
v -6.7203 -1.9238 0.7500
v -9.1167 2.2584 -0.7500
v -10.0000 -1.9238 -0.7500
v -10.0000 -1.9238 0.7500
v -9.1167 2.2584 0.7500
v -6.4672 -0.7290 -0.7500
v -8.1753 -0.7290 -0.7500
v -8.1753 -0.7290 0.7500
v -6.4672 -0.7290 0.7500
f 125 126 121
f 122 123 124
f 125 121 122
f 122 124 125
f 131 127 132
f 128 130 129
f 131 128 127
f 128 131 130
f 133 134 135
f 133 135 136
f 137 138 139
f 137 139 140
f 141 142 143
f 141 143 144
f 145 146 147
f 145 147 148
f 149 150 151
f 149 151 152
f 153 154 155
f 153 155 156
v 1.4949 -3.2764 0.7500
v 1.5159 -3.2806 0.7500
v 1.5380 -3.2839 0.7500
v 1.5610 -3.2864 0.7500
v 1.5849 -3.2877 0.7500
v 1.6091 -3.2881 0.7500
v 1.6509 -3.2873 0.7500
v 1.6907 -3.2839 0.7500
v 1.7292 -3.2789 0.7500
v 1.7655 -3.2714 0.7500
v 1.7998 -3.2622 0.7500
v 1.8329 -3.2509 0.7500
v 1.8638 -3.2371 0.7500
v 1.8931 -3.2216 0.7500
v 1.9207 -3.2040 0.7500
v 1.9462 -3.1844 0.7500
v 1.9705 -3.1622 0.7500
v 1.9926 -3.1380 0.7500
v 2.0136 -3.1116 0.7500
v 2.0332 -3.0827 0.7500
v 2.0512 -3.0514 0.7500
v 2.0671 -3.0179 0.7500
v 2.0821 -2.9820 0.7500
v 2.0951 -2.9439 0.7500
v 2.1068 -2.9037 0.7500
v 2.1173 -2.8607 0.7500
v 2.1227 -2.8314 0.7500
v 2.1273 -2.8025 0.7500
v 2.1307 -2.7753 0.7500
v 2.1327 -2.7490 0.7500
v 2.1336 -2.7239 0.7500
v 2.1327 -2.6997 0.7500
v 2.1311 -2.6766 0.7500
v 2.1277 -2.6545 0.7500
v 2.1235 -2.6340 0.7500
v 2.1177 -2.6139 0.7500
v 2.1110 -2.5955 0.7500
v 2.1031 -2.5775 0.7500
v 2.0938 -2.5608 0.7500
v 2.0838 -2.5453 0.7500
v 2.0729 -2.5303 0.7500
v 2.0608 -2.5169 0.7500
v 2.0478 -2.5039 0.7500
v 2.0336 -2.4922 0.7500
v 2.0182 -2.4813 0.7500
v 2.0023 -2.4717 0.7500
v 1.9851 -2.4629 0.7500
v 1.9671 -2.4554 0.7500
v 1.9483 -2.4483 0.7500
v 1.9287 -2.4424 0.7500
v 1.9082 -2.4374 0.7500
v 1.8868 -2.4332 0.7500
v 1.8647 -2.4299 0.7500
v 1.8421 -2.4274 0.7500
v 1.8182 -2.4261 0.7500
v 1.7936 -2.4257 0.7500
v 1.7517 -2.4265 0.7500
v 1.7116 -2.4299 0.7500
v 1.6731 -2.4349 0.7500
v 1.6367 -2.4420 0.7500
v 1.6020 -2.4512 0.7500
v 1.5694 -2.4621 0.7500
v 1.5380 -2.4755 0.7500
v 1.5088 -2.4905 0.7500
v 1.4816 -2.5077 0.7500
v 1.4561 -2.5269 0.7500
v 1.4322 -2.5487 0.7500
v 1.4096 -2.5729 0.7500
v 1.3887 -2.5997 0.7500
v 1.3691 -2.6290 0.7500
v 1.3511 -2.6612 0.7500
v 1.3344 -2.6959 0.7500
v 1.3193 -2.7331 0.7500
v 1.3059 -2.7733 0.7500
v 1.2938 -2.8155 0.7500
v 1.2833 -2.8607 0.7500
v 1.2775 -2.8891 0.7500
v 1.2733 -2.9167 0.7500
v 1.2704 -2.9431 0.7500
v 1.2683 -2.9682 0.7500
v 1.2679 -2.9928 0.7500
v 1.2687 -3.0162 0.7500
v 1.2708 -3.0384 0.7500
v 1.2741 -3.0597 0.7500
v 1.2787 -3.0802 0.7500
v 1.2846 -3.0999 0.7500
v 1.2917 -3.1183 0.7500
v 1.2996 -3.1359 0.7500
v 1.3084 -3.1522 0.7500
v 1.3189 -3.1681 0.7500
v 1.3298 -3.1827 0.7500
v 1.3419 -3.1961 0.7500
v 1.3553 -3.2091 0.7500
v 1.3695 -3.2208 0.7500
v 1.3845 -3.2316 0.7500
v 1.4008 -3.2413 0.7500
v 1.4180 -3.2505 0.7500
v 1.4360 -3.2584 0.7500
v 1.4548 -3.2651 0.7500
v 1.4745 -3.2714 0.7500
v 1.7241 -3.1007 0.7500
v 1.7062 -3.1049 0.7500
v 1.6873 -3.1078 0.7500
v 1.6677 -3.1095 0.7500
v 1.6468 -3.1103 0.7500
v 1.6317 -3.1099 0.7500
v 1.6171 -3.1091 0.7500
v 1.6037 -3.1078 0.7500
v 1.5907 -3.1062 0.7500
v 1.5786 -3.1041 0.7500
v 1.5673 -3.1011 0.7500
v 1.5568 -3.0982 0.7500
v 1.5472 -3.0945 0.7500
v 1.5380 -3.0903 0.7500
v 1.5301 -3.0857 0.7500
v 1.5226 -3.0802 0.7500
v 1.5159 -3.0744 0.7500
v 1.5096 -3.0681 0.7500
v 1.5042 -3.0610 0.7500
v 1.4991 -3.0531 0.7500
v 1.4949 -3.0451 0.7500
v 1.4912 -3.0359 0.7500
v 1.4883 -3.0267 0.7500
v 1.4862 -3.0162 0.7500
v 1.4845 -3.0058 0.7500
v 1.4828 -2.9824 0.7500
v 1.4828 -2.9694 0.7500
v 1.4832 -2.9560 0.7500
v 1.4841 -2.9418 0.7500
v 1.4857 -2.9272 0.7500
v 1.4874 -2.9117 0.7500
v 1.4899 -2.8954 0.7500
v 1.4929 -2.8782 0.7500
v 1.4962 -2.8607 0.7500
v 1.5025 -2.8335 0.7500
v 1.5096 -2.8080 0.7500
v 1.5171 -2.7841 0.7500
v 1.5251 -2.7620 0.7500
v 1.5338 -2.7411 0.7500
v 1.5435 -2.7222 0.7500
v 1.5535 -2.7047 0.7500
v 1.5640 -2.6892 0.7500
v 1.5752 -2.6750 0.7500
v 1.5870 -2.6628 0.7500
v 1.5999 -2.6520 0.7500
v 1.6133 -2.6419 0.7500
v 1.6279 -2.6332 0.7500
v 1.6434 -2.6256 0.7500
v 1.6597 -2.6194 0.7500
v 1.6769 -2.6143 0.7500
v 1.6949 -2.6102 0.7500
v 1.7141 -2.6072 0.7500
v 1.7338 -2.6055 0.7500
v 1.7547 -2.6051 0.7500
v 1.7697 -2.6051 0.7500
v 1.7839 -2.6060 0.7500
v 1.7973 -2.6072 0.7500
v 1.8099 -2.6089 0.7500
v 1.8220 -2.6110 0.7500
v 1.8333 -2.6135 0.7500
v 1.8438 -2.6164 0.7500
v 1.8538 -2.6198 0.7500
v 1.8626 -2.6240 0.7500
v 1.8709 -2.6281 0.7500
v 1.8785 -2.6332 0.7500
v 1.8856 -2.6390 0.7500
v 1.8918 -2.6453 0.7500
v 1.8973 -2.6524 0.7500
v 1.9023 -2.6599 0.7500
v 1.9065 -2.6683 0.7500
v 1.9102 -2.6771 0.7500
v 1.9132 -2.6867 0.7500
v 1.9153 -2.6967 0.7500
v 1.9169 -2.7076 0.7500
v 1.9182 -2.7193 0.7500
v 1.9186 -2.7314 0.7500
v 1.9186 -2.7448 0.7500
v 1.9178 -2.7590 0.7500
v 1.9165 -2.7737 0.7500
v 1.9148 -2.7896 0.7500
v 1.9128 -2.8063 0.7500
v 1.9098 -2.8234 0.7500
v 1.9065 -2.8418 0.7500
v 1.9027 -2.8607 0.7500
v 1.8969 -2.8858 0.7500
v 1.8906 -2.9096 0.7500
v 1.8835 -2.9318 0.7500
v 1.8755 -2.9527 0.7500
v 1.8668 -2.9723 0.7500
v 1.8576 -2.9907 0.7500
v 1.8475 -3.0075 0.7500
v 1.8371 -3.0229 0.7500
v 1.8258 -3.0372 0.7500
v 1.8136 -3.0497 0.7500
v 1.8011 -3.0614 0.7500
v 1.7873 -3.0715 0.7500
v 1.7727 -3.0807 0.7500
v 1.7576 -3.0886 0.7500
v 1.7413 -3.0953 0.7500
v 1.4949 -3.2764 -0.7500
v 1.5159 -3.2806 -0.7500
v 1.5380 -3.2839 -0.7500
v 1.5610 -3.2864 -0.7500
v 1.5849 -3.2877 -0.7500
v 1.6091 -3.2881 -0.7500
v 1.6509 -3.2873 -0.7500
v 1.6907 -3.2839 -0.7500
v 1.7292 -3.2789 -0.7500
v 1.7655 -3.2714 -0.7500
v 1.7998 -3.2622 -0.7500
v 1.8329 -3.2509 -0.7500
v 1.8638 -3.2371 -0.7500
v 1.8931 -3.2216 -0.7500
v 1.9207 -3.2040 -0.7500
v 1.9462 -3.1844 -0.7500
v 1.9705 -3.1622 -0.7500
v 1.9926 -3.1380 -0.7500
v 2.0136 -3.1116 -0.7500
v 2.0332 -3.0827 -0.7500
v 2.0512 -3.0514 -0.7500
v 2.0671 -3.0179 -0.7500
v 2.0821 -2.9820 -0.7500
v 2.0951 -2.9439 -0.7500
v 2.1068 -2.9037 -0.7500
v 2.1173 -2.8607 -0.7500
v 2.1227 -2.8314 -0.7500
v 2.1273 -2.8025 -0.7500
v 2.1307 -2.7753 -0.7500
v 2.1327 -2.7490 -0.7500
v 2.1336 -2.7239 -0.7500
v 2.1327 -2.6997 -0.7500
v 2.1311 -2.6766 -0.7500
v 2.1277 -2.6545 -0.7500
v 2.1235 -2.6340 -0.7500
v 2.1177 -2.6139 -0.7500
v 2.1110 -2.5955 -0.7500
v 2.1031 -2.5775 -0.7500
v 2.0938 -2.5608 -0.7500
v 2.0838 -2.5453 -0.7500
v 2.0729 -2.5303 -0.7500
v 2.0608 -2.5169 -0.7500
v 2.0478 -2.5039 -0.7500
v 2.0336 -2.4922 -0.7500
v 2.0182 -2.4813 -0.7500
v 2.0023 -2.4717 -0.7500
v 1.9851 -2.4629 -0.7500
v 1.9671 -2.4554 -0.7500
v 1.9483 -2.4483 -0.7500
v 1.9287 -2.4424 -0.7500
v 1.9082 -2.4374 -0.7500
v 1.8868 -2.4332 -0.7500
v 1.8647 -2.4299 -0.7500
v 1.8421 -2.4274 -0.7500
v 1.8182 -2.4261 -0.7500
v 1.7936 -2.4257 -0.7500
v 1.7517 -2.4265 -0.7500
v 1.7116 -2.4299 -0.7500
v 1.6731 -2.4349 -0.7500
v 1.6367 -2.4420 -0.7500
v 1.6020 -2.4512 -0.7500
v 1.5694 -2.4621 -0.7500
v 1.5380 -2.4755 -0.7500
v 1.5088 -2.4905 -0.7500
v 1.4816 -2.5077 -0.7500
v 1.4561 -2.5269 -0.7500
v 1.4322 -2.5487 -0.7500
v 1.4096 -2.5729 -0.7500
v 1.3887 -2.5997 -0.7500
v 1.3691 -2.6290 -0.7500
v 1.3511 -2.6612 -0.7500
v 1.3344 -2.6959 -0.7500
v 1.3193 -2.7331 -0.7500
v 1.3059 -2.7733 -0.7500
v 1.2938 -2.8155 -0.7500
v 1.2833 -2.8607 -0.7500
v 1.2775 -2.8891 -0.7500
v 1.2733 -2.9167 -0.7500
v 1.2704 -2.9431 -0.7500
v 1.2683 -2.9682 -0.7500
v 1.2679 -2.9928 -0.7500
v 1.2687 -3.0162 -0.7500
v 1.2708 -3.0384 -0.7500
v 1.2741 -3.0597 -0.7500
v 1.2787 -3.0802 -0.7500
v 1.2846 -3.0999 -0.7500
v 1.2917 -3.1183 -0.7500
v 1.2996 -3.1359 -0.7500
v 1.3084 -3.1522 -0.7500
v 1.3189 -3.1681 -0.7500
v 1.3298 -3.1827 -0.7500
v 1.3419 -3.1961 -0.7500
v 1.3553 -3.2091 -0.7500
v 1.3695 -3.2208 -0.7500
v 1.3845 -3.2316 -0.7500
v 1.4008 -3.2413 -0.7500
v 1.4180 -3.2505 -0.7500
v 1.4360 -3.2584 -0.7500
v 1.4548 -3.2651 -0.7500
v 1.4745 -3.2714 -0.7500
v 1.7241 -3.1007 -0.7500
v 1.7062 -3.1049 -0.7500
v 1.6873 -3.1078 -0.7500
v 1.6677 -3.1095 -0.7500
v 1.6468 -3.1103 -0.7500
v 1.6317 -3.1099 -0.7500
v 1.6171 -3.1091 -0.7500
v 1.6037 -3.1078 -0.7500
v 1.5907 -3.1062 -0.7500
v 1.5786 -3.1041 -0.7500
v 1.5673 -3.1011 -0.7500
v 1.5568 -3.0982 -0.7500
v 1.5472 -3.0945 -0.7500
v 1.5380 -3.0903 -0.7500
v 1.5301 -3.0857 -0.7500
v 1.5226 -3.0802 -0.7500
v 1.5159 -3.0744 -0.7500
v 1.5096 -3.0681 -0.7500
v 1.5042 -3.0610 -0.7500
v 1.4991 -3.0531 -0.7500
v 1.4949 -3.0451 -0.7500
v 1.4912 -3.0359 -0.7500
v 1.4883 -3.0267 -0.7500
v 1.4862 -3.0162 -0.7500
v 1.4845 -3.0058 -0.7500
v 1.4828 -2.9824 -0.7500
v 1.4828 -2.9694 -0.7500
v 1.4832 -2.9560 -0.7500
v 1.4841 -2.9418 -0.7500
v 1.4857 -2.9272 -0.7500
v 1.4874 -2.9117 -0.7500
v 1.4899 -2.8954 -0.7500
v 1.4929 -2.8782 -0.7500
v 1.4962 -2.8607 -0.7500
v 1.5025 -2.8335 -0.7500
v 1.5096 -2.8080 -0.7500
v 1.5171 -2.7841 -0.7500
v 1.5251 -2.7620 -0.7500
v 1.5338 -2.7411 -0.7500
v 1.5435 -2.7222 -0.7500
v 1.5535 -2.7047 -0.7500
v 1.5640 -2.6892 -0.7500
v 1.5752 -2.6750 -0.7500
v 1.5870 -2.6628 -0.7500
v 1.5999 -2.6520 -0.7500
v 1.6133 -2.6419 -0.7500
v 1.6279 -2.6332 -0.7500
v 1.6434 -2.6256 -0.7500
v 1.6597 -2.6194 -0.7500
v 1.6769 -2.6143 -0.7500
v 1.6949 -2.6102 -0.7500
v 1.7141 -2.6072 -0.7500
v 1.7338 -2.6055 -0.7500
v 1.7547 -2.6051 -0.7500
v 1.7697 -2.6051 -0.7500
v 1.7839 -2.6060 -0.7500
v 1.7973 -2.6072 -0.7500
v 1.8099 -2.6089 -0.7500
v 1.8220 -2.6110 -0.7500
v 1.8333 -2.6135 -0.7500
v 1.8438 -2.6164 -0.7500
v 1.8538 -2.6198 -0.7500
v 1.8626 -2.6240 -0.7500
v 1.8709 -2.6281 -0.7500
v 1.8785 -2.6332 -0.7500
v 1.8856 -2.6390 -0.7500
v 1.8918 -2.6453 -0.7500
v 1.8973 -2.6524 -0.7500
v 1.9023 -2.6599 -0.7500
v 1.9065 -2.6683 -0.7500
v 1.9102 -2.6771 -0.7500
v 1.9132 -2.6867 -0.7500
v 1.9153 -2.6967 -0.7500
v 1.9169 -2.7076 -0.7500
v 1.9182 -2.7193 -0.7500
v 1.9186 -2.7314 -0.7500
v 1.9186 -2.7448 -0.7500
v 1.9178 -2.7590 -0.7500
v 1.9165 -2.7737 -0.7500
v 1.9148 -2.7896 -0.7500
v 1.9128 -2.8063 -0.7500
v 1.9098 -2.8234 -0.7500
v 1.9065 -2.8418 -0.7500
v 1.9027 -2.8607 -0.7500
v 1.8969 -2.8858 -0.7500
v 1.8906 -2.9096 -0.7500
v 1.8835 -2.9318 -0.7500
v 1.8755 -2.9527 -0.7500
v 1.8668 -2.9723 -0.7500
v 1.8576 -2.9907 -0.7500
v 1.8475 -3.0075 -0.7500
v 1.8371 -3.0229 -0.7500
v 1.8258 -3.0372 -0.7500
v 1.8136 -3.0497 -0.7500
v 1.8011 -3.0614 -0.7500
v 1.7873 -3.0715 -0.7500
v 1.7727 -3.0807 -0.7500
v 1.7576 -3.0886 -0.7500
v 1.7413 -3.0953 -0.7500
v 1.4828 -2.9824 -0.7500
v 1.4828 -2.9694 -0.7500
v 1.4828 -2.9694 0.7500
v 1.4828 -2.9824 0.7500
v 1.4841 -2.9418 -0.7500
v 1.4857 -2.9272 -0.7500
v 1.4857 -2.9272 0.7500
v 1.4841 -2.9418 0.7500
v 1.4857 -2.9272 -0.7500
v 1.4874 -2.9117 -0.7500
v 1.4874 -2.9117 0.7500
v 1.4857 -2.9272 0.7500
v 1.4845 -3.0058 -0.7500
v 1.4828 -2.9824 -0.7500
v 1.4828 -2.9824 0.7500
v 1.4845 -3.0058 0.7500
v 1.2679 -2.9928 -0.7500
v 1.2687 -3.0162 -0.7500
v 1.2687 -3.0162 0.7500
v 1.2679 -2.9928 0.7500
v 1.2687 -3.0162 -0.7500
v 1.2708 -3.0384 -0.7500
v 1.2708 -3.0384 0.7500
v 1.2687 -3.0162 0.7500
v 1.2708 -3.0384 -0.7500
v 1.2741 -3.0597 -0.7500
v 1.2741 -3.0597 0.7500
v 1.2708 -3.0384 0.7500
v 1.2741 -3.0597 -0.7500
v 1.2787 -3.0802 -0.7500
v 1.2787 -3.0802 0.7500
v 1.2741 -3.0597 0.7500
v 1.2787 -3.0802 -0.7500
v 1.2846 -3.0999 -0.7500
v 1.2846 -3.0999 0.7500
v 1.2787 -3.0802 0.7500
v 1.2846 -3.0999 -0.7500
v 1.2917 -3.1183 -0.7500
v 1.2917 -3.1183 0.7500
v 1.2846 -3.0999 0.7500
v 1.2917 -3.1183 -0.7500
v 1.2996 -3.1359 -0.7500
v 1.2996 -3.1359 0.7500
v 1.2917 -3.1183 0.7500
v 1.2996 -3.1359 -0.7500
v 1.3084 -3.1522 -0.7500
v 1.3084 -3.1522 0.7500
v 1.2996 -3.1359 0.7500
v 1.3084 -3.1522 -0.7500
v 1.3189 -3.1681 -0.7500
v 1.3189 -3.1681 0.7500
v 1.3084 -3.1522 0.7500
v 1.3189 -3.1681 -0.7500
v 1.3298 -3.1827 -0.7500
v 1.3298 -3.1827 0.7500
v 1.3189 -3.1681 0.7500
v 1.3298 -3.1827 -0.7500
v 1.3419 -3.1961 -0.7500
v 1.3419 -3.1961 0.7500
v 1.3298 -3.1827 0.7500
v 1.3419 -3.1961 -0.7500
v 1.3553 -3.2091 -0.7500
v 1.3553 -3.2091 0.7500
v 1.3419 -3.1961 0.7500
v 1.3553 -3.2091 -0.7500
v 1.3695 -3.2208 -0.7500
v 1.3695 -3.2208 0.7500
v 1.3553 -3.2091 0.7500
v 1.3695 -3.2208 -0.7500
v 1.3845 -3.2316 -0.7500
v 1.3845 -3.2316 0.7500
v 1.3695 -3.2208 0.7500
v 1.3845 -3.2316 -0.7500
v 1.4008 -3.2413 -0.7500
v 1.4008 -3.2413 0.7500
v 1.3845 -3.2316 0.7500
v 1.4008 -3.2413 -0.7500
v 1.4180 -3.2505 -0.7500
v 1.4180 -3.2505 0.7500
v 1.4008 -3.2413 0.7500
v 1.4180 -3.2505 -0.7500
v 1.4360 -3.2584 -0.7500
v 1.4360 -3.2584 0.7500
v 1.4180 -3.2505 0.7500
v 1.4360 -3.2584 -0.7500
v 1.4548 -3.2651 -0.7500
v 1.4548 -3.2651 0.7500
v 1.4360 -3.2584 0.7500
v 1.4548 -3.2651 -0.7500
v 1.4745 -3.2714 -0.7500
v 1.4745 -3.2714 0.7500
v 1.4548 -3.2651 0.7500
v 1.4745 -3.2714 -0.7500
v 1.4949 -3.2764 -0.7500
v 1.4949 -3.2764 0.7500
v 1.4745 -3.2714 0.7500
v 1.4949 -3.2764 -0.7500
v 1.5159 -3.2806 -0.7500
v 1.5159 -3.2806 0.7500
v 1.4949 -3.2764 0.7500
v 1.5159 -3.2806 -0.7500
v 1.5380 -3.2839 -0.7500
v 1.5380 -3.2839 0.7500
v 1.5159 -3.2806 0.7500
v 1.5380 -3.2839 -0.7500
v 1.5610 -3.2864 -0.7500
v 1.5610 -3.2864 0.7500
v 1.5380 -3.2839 0.7500
v 1.5610 -3.2864 -0.7500
v 1.5849 -3.2877 -0.7500
v 1.5849 -3.2877 0.7500
v 1.5610 -3.2864 0.7500
v 1.5849 -3.2877 -0.7500
v 1.6091 -3.2881 -0.7500
v 1.6091 -3.2881 0.7500
v 1.5849 -3.2877 0.7500
v 1.6091 -3.2881 -0.7500
v 1.6509 -3.2873 -0.7500
v 1.6509 -3.2873 0.7500
v 1.6091 -3.2881 0.7500
v 1.6509 -3.2873 -0.7500
v 1.6907 -3.2839 -0.7500
v 1.6907 -3.2839 0.7500
v 1.6509 -3.2873 0.7500
v 1.6907 -3.2839 -0.7500
v 1.7292 -3.2789 -0.7500
v 1.7292 -3.2789 0.7500
v 1.6907 -3.2839 0.7500
v 1.7292 -3.2789 -0.7500
v 1.7655 -3.2714 -0.7500
v 1.7655 -3.2714 0.7500
v 1.7292 -3.2789 0.7500
v 1.7655 -3.2714 -0.7500
v 1.7998 -3.2622 -0.7500
v 1.7998 -3.2622 0.7500
v 1.7655 -3.2714 0.7500
v 1.7998 -3.2622 -0.7500
v 1.8329 -3.2509 -0.7500
v 1.8329 -3.2509 0.7500
v 1.7998 -3.2622 0.7500
v 1.8329 -3.2509 -0.7500
v 1.8638 -3.2371 -0.7500
v 1.8638 -3.2371 0.7500
v 1.8329 -3.2509 0.7500
v 1.8638 -3.2371 -0.7500
v 1.8931 -3.2216 -0.7500
v 1.8931 -3.2216 0.7500
v 1.8638 -3.2371 0.7500
v 1.8931 -3.2216 -0.7500
v 1.9207 -3.2040 -0.7500
v 1.9207 -3.2040 0.7500
v 1.8931 -3.2216 0.7500
v 1.9207 -3.2040 -0.7500
v 1.9462 -3.1844 -0.7500
v 1.9462 -3.1844 0.7500
v 1.9207 -3.2040 0.7500
v 1.9462 -3.1844 -0.7500
v 1.9705 -3.1622 -0.7500
v 1.9705 -3.1622 0.7500
v 1.9462 -3.1844 0.7500
v 1.9705 -3.1622 -0.7500
v 1.9926 -3.1380 -0.7500
v 1.9926 -3.1380 0.7500
v 1.9705 -3.1622 0.7500
v 1.9926 -3.1380 -0.7500
v 2.0136 -3.1116 -0.7500
v 2.0136 -3.1116 0.7500
v 1.9926 -3.1380 0.7500
v 2.0136 -3.1116 -0.7500
v 2.0332 -3.0827 -0.7500
v 2.0332 -3.0827 0.7500
v 2.0136 -3.1116 0.7500
v 2.0332 -3.0827 -0.7500
v 2.0512 -3.0514 -0.7500
v 2.0512 -3.0514 0.7500
v 2.0332 -3.0827 0.7500
v 2.0512 -3.0514 -0.7500
v 2.0671 -3.0179 -0.7500
v 2.0671 -3.0179 0.7500
v 2.0512 -3.0514 0.7500
v 2.0671 -3.0179 -0.7500
v 2.0821 -2.9820 -0.7500
v 2.0821 -2.9820 0.7500
v 2.0671 -3.0179 0.7500
v 2.0821 -2.9820 -0.7500
v 2.0951 -2.9439 -0.7500
v 2.0951 -2.9439 0.7500
v 2.0821 -2.9820 0.7500
v 2.0951 -2.9439 -0.7500
v 2.1068 -2.9037 -0.7500
v 2.1068 -2.9037 0.7500
v 2.0951 -2.9439 0.7500
v 2.1068 -2.9037 -0.7500
v 2.1173 -2.8607 -0.7500
v 2.1173 -2.8607 0.7500
v 2.1068 -2.9037 0.7500
v 2.1173 -2.8607 -0.7500
v 2.1227 -2.8314 -0.7500
v 2.1227 -2.8314 0.7500
v 2.1173 -2.8607 0.7500
v 2.1227 -2.8314 -0.7500
v 2.1273 -2.8025 -0.7500
v 2.1273 -2.8025 0.7500
v 2.1227 -2.8314 0.7500
v 2.1273 -2.8025 -0.7500
v 2.1307 -2.7753 -0.7500
v 2.1307 -2.7753 0.7500
v 2.1273 -2.8025 0.7500
v 2.1307 -2.7753 -0.7500
v 2.1327 -2.7490 -0.7500
v 2.1327 -2.7490 0.7500
v 2.1307 -2.7753 0.7500
v 2.1327 -2.7490 -0.7500
v 2.1336 -2.7239 -0.7500
v 2.1336 -2.7239 0.7500
v 2.1327 -2.7490 0.7500
v 2.1336 -2.7239 -0.7500
v 2.1327 -2.6997 -0.7500
v 2.1327 -2.6997 0.7500
v 2.1336 -2.7239 0.7500
v 2.1327 -2.6997 -0.7500
v 2.1311 -2.6766 -0.7500
v 2.1311 -2.6766 0.7500
v 2.1327 -2.6997 0.7500
v 2.1311 -2.6766 -0.7500
v 2.1277 -2.6545 -0.7500
v 2.1277 -2.6545 0.7500
v 2.1311 -2.6766 0.7500
v 2.1277 -2.6545 -0.7500
v 2.1235 -2.6340 -0.7500
v 2.1235 -2.6340 0.7500
v 2.1277 -2.6545 0.7500
v 2.1235 -2.6340 -0.7500
v 2.1177 -2.6139 -0.7500
v 2.1177 -2.6139 0.7500
v 2.1235 -2.6340 0.7500
v 2.1177 -2.6139 -0.7500
v 2.1110 -2.5955 -0.7500
v 2.1110 -2.5955 0.7500
v 2.1177 -2.6139 0.7500
v 2.1110 -2.5955 -0.7500
v 2.1031 -2.5775 -0.7500
v 2.1031 -2.5775 0.7500
v 2.1110 -2.5955 0.7500
v 2.1031 -2.5775 -0.7500
v 2.0938 -2.5608 -0.7500
v 2.0938 -2.5608 0.7500
v 2.1031 -2.5775 0.7500
v 2.0938 -2.5608 -0.7500
v 2.0838 -2.5453 -0.7500
v 2.0838 -2.5453 0.7500
v 2.0938 -2.5608 0.7500
v 2.0838 -2.5453 -0.7500
v 2.0729 -2.5303 -0.7500
v 2.0729 -2.5303 0.7500
v 2.0838 -2.5453 0.7500
v 2.0729 -2.5303 -0.7500
v 2.0608 -2.5169 -0.7500
v 2.0608 -2.5169 0.7500
v 2.0729 -2.5303 0.7500
v 2.0608 -2.5169 -0.7500
v 2.0478 -2.5039 -0.7500
v 2.0478 -2.5039 0.7500
v 2.0608 -2.5169 0.7500
v 2.0478 -2.5039 -0.7500
v 2.0336 -2.4922 -0.7500
v 2.0336 -2.4922 0.7500
v 2.0478 -2.5039 0.7500
v 2.0336 -2.4922 -0.7500
v 2.0182 -2.4813 -0.7500
v 2.0182 -2.4813 0.7500
v 2.0336 -2.4922 0.7500
v 2.0182 -2.4813 -0.7500
v 2.0023 -2.4717 -0.7500
v 2.0023 -2.4717 0.7500
v 2.0182 -2.4813 0.7500
v 2.0023 -2.4717 -0.7500
v 1.9851 -2.4629 -0.7500
v 1.9851 -2.4629 0.7500
v 2.0023 -2.4717 0.7500
v 1.9851 -2.4629 -0.7500
v 1.9671 -2.4554 -0.7500
v 1.9671 -2.4554 0.7500
v 1.9851 -2.4629 0.7500
v 1.9671 -2.4554 -0.7500
v 1.9483 -2.4483 -0.7500
v 1.9483 -2.4483 0.7500
v 1.9671 -2.4554 0.7500
v 1.9483 -2.4483 -0.7500
v 1.9287 -2.4424 -0.7500
v 1.9287 -2.4424 0.7500
v 1.9483 -2.4483 0.7500
v 1.9287 -2.4424 -0.7500
v 1.9082 -2.4374 -0.7500
v 1.9082 -2.4374 0.7500
v 1.9287 -2.4424 0.7500
v 1.9082 -2.4374 -0.7500
v 1.8868 -2.4332 -0.7500
v 1.8868 -2.4332 0.7500
v 1.9082 -2.4374 0.7500
v 1.8868 -2.4332 -0.7500
v 1.8647 -2.4299 -0.7500
v 1.8647 -2.4299 0.7500
v 1.8868 -2.4332 0.7500
v 1.8647 -2.4299 -0.7500
v 1.8421 -2.4274 -0.7500
v 1.8421 -2.4274 0.7500
v 1.8647 -2.4299 0.7500
v 1.8421 -2.4274 -0.7500
v 1.8182 -2.4261 -0.7500
v 1.8182 -2.4261 0.7500
v 1.8421 -2.4274 0.7500
v 1.8182 -2.4261 -0.7500
v 1.7936 -2.4257 -0.7500
v 1.7936 -2.4257 0.7500
v 1.8182 -2.4261 0.7500
v 1.7936 -2.4257 -0.7500
v 1.7517 -2.4265 -0.7500
v 1.7517 -2.4265 0.7500
v 1.7936 -2.4257 0.7500
v 1.7517 -2.4265 -0.7500
v 1.7116 -2.4299 -0.7500
v 1.7116 -2.4299 0.7500
v 1.7517 -2.4265 0.7500
v 1.7116 -2.4299 -0.7500
v 1.6731 -2.4349 -0.7500
v 1.6731 -2.4349 0.7500
v 1.7116 -2.4299 0.7500
v 1.6731 -2.4349 -0.7500
v 1.6367 -2.4420 -0.7500
v 1.6367 -2.4420 0.7500
v 1.6731 -2.4349 0.7500
v 1.6367 -2.4420 -0.7500
v 1.6020 -2.4512 -0.7500
v 1.6020 -2.4512 0.7500
v 1.6367 -2.4420 0.7500
v 1.6020 -2.4512 -0.7500
v 1.5694 -2.4621 -0.7500
v 1.5694 -2.4621 0.7500
v 1.6020 -2.4512 0.7500
v 1.5694 -2.4621 -0.7500
v 1.5380 -2.4755 -0.7500
v 1.5380 -2.4755 0.7500
v 1.5694 -2.4621 0.7500
v 1.5380 -2.4755 -0.7500
v 1.5088 -2.4905 -0.7500
v 1.5088 -2.4905 0.7500
v 1.5380 -2.4755 0.7500
v 1.5088 -2.4905 -0.7500
v 1.4816 -2.5077 -0.7500
v 1.4816 -2.5077 0.7500
v 1.5088 -2.4905 0.7500
v 1.4816 -2.5077 -0.7500
v 1.4561 -2.5269 -0.7500
v 1.4561 -2.5269 0.7500
v 1.4816 -2.5077 0.7500
v 1.4561 -2.5269 -0.7500
v 1.4322 -2.5487 -0.7500
v 1.4322 -2.5487 0.7500
v 1.4561 -2.5269 0.7500
v 1.4322 -2.5487 -0.7500
v 1.4096 -2.5729 -0.7500
v 1.4096 -2.5729 0.7500
v 1.4322 -2.5487 0.7500
v 1.4096 -2.5729 -0.7500
v 1.3887 -2.5997 -0.7500
v 1.3887 -2.5997 0.7500
v 1.4096 -2.5729 0.7500
v 1.3887 -2.5997 -0.7500
v 1.3691 -2.6290 -0.7500
v 1.3691 -2.6290 0.7500
v 1.3887 -2.5997 0.7500
v 1.3691 -2.6290 -0.7500
v 1.3511 -2.6612 -0.7500
v 1.3511 -2.6612 0.7500
v 1.3691 -2.6290 0.7500
v 1.3511 -2.6612 -0.7500
v 1.3344 -2.6959 -0.7500
v 1.3344 -2.6959 0.7500
v 1.3511 -2.6612 0.7500
v 1.3344 -2.6959 -0.7500
v 1.3193 -2.7331 -0.7500
v 1.3193 -2.7331 0.7500
v 1.3344 -2.6959 0.7500
v 1.3193 -2.7331 -0.7500
v 1.3059 -2.7733 -0.7500
v 1.3059 -2.7733 0.7500
v 1.3193 -2.7331 0.7500
v 1.3059 -2.7733 -0.7500
v 1.2938 -2.8155 -0.7500
v 1.2938 -2.8155 0.7500
v 1.3059 -2.7733 0.7500
v 1.2938 -2.8155 -0.7500
v 1.2833 -2.8607 -0.7500
v 1.2833 -2.8607 0.7500
v 1.2938 -2.8155 0.7500
v 1.2833 -2.8607 -0.7500
v 1.2775 -2.8891 -0.7500
v 1.2775 -2.8891 0.7500
v 1.2833 -2.8607 0.7500
v 1.2775 -2.8891 -0.7500
v 1.2733 -2.9167 -0.7500
v 1.2733 -2.9167 0.7500
v 1.2775 -2.8891 0.7500
v 1.2733 -2.9167 -0.7500
v 1.2704 -2.9431 -0.7500
v 1.2704 -2.9431 0.7500
v 1.2733 -2.9167 0.7500
v 1.2704 -2.9431 -0.7500
v 1.2683 -2.9682 -0.7500
v 1.2683 -2.9682 0.7500
v 1.2704 -2.9431 0.7500
v 1.2683 -2.9682 -0.7500
v 1.2679 -2.9928 -0.7500
v 1.2679 -2.9928 0.7500
v 1.2683 -2.9682 0.7500
v 1.4828 -2.9694 -0.7500
v 1.4832 -2.9560 -0.7500
v 1.4832 -2.9560 0.7500
v 1.4828 -2.9694 0.7500
v 1.4862 -3.0162 -0.7500
v 1.4845 -3.0058 -0.7500
v 1.4845 -3.0058 0.7500
v 1.4862 -3.0162 0.7500
v 1.4832 -2.9560 -0.7500
v 1.4841 -2.9418 -0.7500
v 1.4841 -2.9418 0.7500
v 1.4832 -2.9560 0.7500
v 1.4883 -3.0267 -0.7500
v 1.4862 -3.0162 -0.7500
v 1.4862 -3.0162 0.7500
v 1.4883 -3.0267 0.7500
v 1.4912 -3.0359 -0.7500
v 1.4883 -3.0267 -0.7500
v 1.4883 -3.0267 0.7500
v 1.4912 -3.0359 0.7500
v 1.4949 -3.0451 -0.7500
v 1.4912 -3.0359 -0.7500
v 1.4912 -3.0359 0.7500
v 1.4949 -3.0451 0.7500
v 1.4874 -2.9117 -0.7500
v 1.4899 -2.8954 -0.7500
v 1.4899 -2.8954 0.7500
v 1.4874 -2.9117 0.7500
v 1.4991 -3.0531 -0.7500
v 1.4949 -3.0451 -0.7500
v 1.4949 -3.0451 0.7500
v 1.4991 -3.0531 0.7500
v 1.4899 -2.8954 -0.7500
v 1.4929 -2.8782 -0.7500
v 1.4929 -2.8782 0.7500
v 1.4899 -2.8954 0.7500
v 1.5042 -3.0610 -0.7500
v 1.4991 -3.0531 -0.7500
v 1.4991 -3.0531 0.7500
v 1.5042 -3.0610 0.7500
v 1.4929 -2.8782 -0.7500
v 1.4962 -2.8607 -0.7500
v 1.4962 -2.8607 0.7500
v 1.4929 -2.8782 0.7500
v 1.5096 -3.0681 -0.7500
v 1.5042 -3.0610 -0.7500
v 1.5042 -3.0610 0.7500
v 1.5096 -3.0681 0.7500
v 1.4962 -2.8607 -0.7500
v 1.5025 -2.8335 -0.7500
v 1.5025 -2.8335 0.7500
v 1.4962 -2.8607 0.7500
v 1.5159 -3.0744 -0.7500
v 1.5096 -3.0681 -0.7500
v 1.5096 -3.0681 0.7500
v 1.5159 -3.0744 0.7500
v 1.5226 -3.0802 -0.7500
v 1.5159 -3.0744 -0.7500
v 1.5159 -3.0744 0.7500
v 1.5226 -3.0802 0.7500
v 1.5025 -2.8335 -0.7500
v 1.5096 -2.8080 -0.7500
v 1.5096 -2.8080 0.7500
v 1.5025 -2.8335 0.7500
v 1.5301 -3.0857 -0.7500
v 1.5226 -3.0802 -0.7500
v 1.5226 -3.0802 0.7500
v 1.5301 -3.0857 0.7500
v 1.5096 -2.8080 -0.7500
v 1.5171 -2.7841 -0.7500
v 1.5171 -2.7841 0.7500
v 1.5096 -2.8080 0.7500
v 1.5380 -3.0903 -0.7500
v 1.5301 -3.0857 -0.7500
v 1.5301 -3.0857 0.7500
v 1.5380 -3.0903 0.7500
v 1.5171 -2.7841 -0.7500
v 1.5251 -2.7620 -0.7500
v 1.5251 -2.7620 0.7500
v 1.5171 -2.7841 0.7500
v 1.5472 -3.0945 -0.7500
v 1.5380 -3.0903 -0.7500
v 1.5380 -3.0903 0.7500
v 1.5472 -3.0945 0.7500
v 1.5251 -2.7620 -0.7500
v 1.5338 -2.7411 -0.7500
v 1.5338 -2.7411 0.7500
v 1.5251 -2.7620 0.7500
v 1.5568 -3.0982 -0.7500
v 1.5472 -3.0945 -0.7500
v 1.5472 -3.0945 0.7500
v 1.5568 -3.0982 0.7500
v 1.5338 -2.7411 -0.7500
v 1.5435 -2.7222 -0.7500
v 1.5435 -2.7222 0.7500
v 1.5338 -2.7411 0.7500
v 1.5435 -2.7222 -0.7500
v 1.5535 -2.7047 -0.7500
v 1.5535 -2.7047 0.7500
v 1.5435 -2.7222 0.7500
v 1.5673 -3.1011 -0.7500
v 1.5568 -3.0982 -0.7500
v 1.5568 -3.0982 0.7500
v 1.5673 -3.1011 0.7500
v 1.5535 -2.7047 -0.7500
v 1.5640 -2.6892 -0.7500
v 1.5640 -2.6892 0.7500
v 1.5535 -2.7047 0.7500
v 1.5786 -3.1041 -0.7500
v 1.5673 -3.1011 -0.7500
v 1.5673 -3.1011 0.7500
v 1.5786 -3.1041 0.7500
v 1.5640 -2.6892 -0.7500
v 1.5752 -2.6750 -0.7500
v 1.5752 -2.6750 0.7500
v 1.5640 -2.6892 0.7500
v 1.5907 -3.1062 -0.7500
v 1.5786 -3.1041 -0.7500
v 1.5786 -3.1041 0.7500
v 1.5907 -3.1062 0.7500
v 1.5752 -2.6750 -0.7500
v 1.5870 -2.6628 -0.7500
v 1.5870 -2.6628 0.7500
v 1.5752 -2.6750 0.7500
v 1.6037 -3.1078 -0.7500
v 1.5907 -3.1062 -0.7500
v 1.5907 -3.1062 0.7500
v 1.6037 -3.1078 0.7500
v 1.5870 -2.6628 -0.7500
v 1.5999 -2.6520 -0.7500
v 1.5999 -2.6520 0.7500
v 1.5870 -2.6628 0.7500
v 1.6171 -3.1091 -0.7500
v 1.6037 -3.1078 -0.7500
v 1.6037 -3.1078 0.7500
v 1.6171 -3.1091 0.7500
v 1.5999 -2.6520 -0.7500
v 1.6133 -2.6419 -0.7500
v 1.6133 -2.6419 0.7500
v 1.5999 -2.6520 0.7500
v 1.6317 -3.1099 -0.7500
v 1.6171 -3.1091 -0.7500
v 1.6171 -3.1091 0.7500
v 1.6317 -3.1099 0.7500
v 1.6133 -2.6419 -0.7500
v 1.6279 -2.6332 -0.7500
v 1.6279 -2.6332 0.7500
v 1.6133 -2.6419 0.7500
v 1.6468 -3.1103 -0.7500
v 1.6317 -3.1099 -0.7500
v 1.6317 -3.1099 0.7500
v 1.6468 -3.1103 0.7500
v 1.6279 -2.6332 -0.7500
v 1.6434 -2.6256 -0.7500
v 1.6434 -2.6256 0.7500
v 1.6279 -2.6332 0.7500
v 1.6677 -3.1095 -0.7500
v 1.6468 -3.1103 -0.7500
v 1.6468 -3.1103 0.7500
v 1.6677 -3.1095 0.7500
v 1.6873 -3.1078 -0.7500
v 1.6677 -3.1095 -0.7500
v 1.6677 -3.1095 0.7500
v 1.6873 -3.1078 0.7500
v 1.6434 -2.6256 -0.7500
v 1.6597 -2.6194 -0.7500
v 1.6597 -2.6194 0.7500
v 1.6434 -2.6256 0.7500
v 1.7062 -3.1049 -0.7500
v 1.6873 -3.1078 -0.7500
v 1.6873 -3.1078 0.7500
v 1.7062 -3.1049 0.7500
v 1.6597 -2.6194 -0.7500
v 1.6769 -2.6143 -0.7500
v 1.6769 -2.6143 0.7500
v 1.6597 -2.6194 0.7500
v 1.7241 -3.1007 -0.7500
v 1.7062 -3.1049 -0.7500
v 1.7062 -3.1049 0.7500
v 1.7241 -3.1007 0.7500
v 1.6769 -2.6143 -0.7500
v 1.6949 -2.6102 -0.7500
v 1.6949 -2.6102 0.7500
v 1.6769 -2.6143 0.7500
v 1.7413 -3.0953 -0.7500
v 1.7241 -3.1007 -0.7500
v 1.7241 -3.1007 0.7500
v 1.7413 -3.0953 0.7500
v 1.6949 -2.6102 -0.7500
v 1.7141 -2.6072 -0.7500
v 1.7141 -2.6072 0.7500
v 1.6949 -2.6102 0.7500
v 1.7576 -3.0886 -0.7500
v 1.7413 -3.0953 -0.7500
v 1.7413 -3.0953 0.7500
v 1.7576 -3.0886 0.7500
v 1.7141 -2.6072 -0.7500
v 1.7338 -2.6055 -0.7500
v 1.7338 -2.6055 0.7500
v 1.7141 -2.6072 0.7500
v 1.7727 -3.0807 -0.7500
v 1.7576 -3.0886 -0.7500
v 1.7576 -3.0886 0.7500
v 1.7727 -3.0807 0.7500
v 1.7338 -2.6055 -0.7500
v 1.7547 -2.6051 -0.7500
v 1.7547 -2.6051 0.7500
v 1.7338 -2.6055 0.7500
v 1.7873 -3.0715 -0.7500
v 1.7727 -3.0807 -0.7500
v 1.7727 -3.0807 0.7500
v 1.7873 -3.0715 0.7500
v 1.7547 -2.6051 -0.7500
v 1.7697 -2.6051 -0.7500
v 1.7697 -2.6051 0.7500
v 1.7547 -2.6051 0.7500
v 1.8011 -3.0614 -0.7500
v 1.7873 -3.0715 -0.7500
v 1.7873 -3.0715 0.7500
v 1.8011 -3.0614 0.7500
v 1.7697 -2.6051 -0.7500
v 1.7839 -2.6060 -0.7500
v 1.7839 -2.6060 0.7500
v 1.7697 -2.6051 0.7500
v 1.8136 -3.0497 -0.7500
v 1.8011 -3.0614 -0.7500
v 1.8011 -3.0614 0.7500
v 1.8136 -3.0497 0.7500
v 1.7839 -2.6060 -0.7500
v 1.7973 -2.6072 -0.7500
v 1.7973 -2.6072 0.7500
v 1.7839 -2.6060 0.7500
v 1.8258 -3.0372 -0.7500
v 1.8136 -3.0497 -0.7500
v 1.8136 -3.0497 0.7500
v 1.8258 -3.0372 0.7500
v 1.7973 -2.6072 -0.7500
v 1.8099 -2.6089 -0.7500
v 1.8099 -2.6089 0.7500
v 1.7973 -2.6072 0.7500
v 1.8371 -3.0229 -0.7500
v 1.8258 -3.0372 -0.7500
v 1.8258 -3.0372 0.7500
v 1.8371 -3.0229 0.7500
v 1.8099 -2.6089 -0.7500
v 1.8220 -2.6110 -0.7500
v 1.8220 -2.6110 0.7500
v 1.8099 -2.6089 0.7500
v 1.8475 -3.0075 -0.7500
v 1.8371 -3.0229 -0.7500
v 1.8371 -3.0229 0.7500
v 1.8475 -3.0075 0.7500
v 1.8220 -2.6110 -0.7500
v 1.8333 -2.6135 -0.7500
v 1.8333 -2.6135 0.7500
v 1.8220 -2.6110 0.7500
v 1.8576 -2.9907 -0.7500
v 1.8475 -3.0075 -0.7500
v 1.8475 -3.0075 0.7500
v 1.8576 -2.9907 0.7500
v 1.8333 -2.6135 -0.7500
v 1.8438 -2.6164 -0.7500
v 1.8438 -2.6164 0.7500
v 1.8333 -2.6135 0.7500
v 1.8668 -2.9723 -0.7500
v 1.8576 -2.9907 -0.7500
v 1.8576 -2.9907 0.7500
v 1.8668 -2.9723 0.7500
v 1.8438 -2.6164 -0.7500
v 1.8538 -2.6198 -0.7500
v 1.8538 -2.6198 0.7500
v 1.8438 -2.6164 0.7500
v 1.8755 -2.9527 -0.7500
v 1.8668 -2.9723 -0.7500
v 1.8668 -2.9723 0.7500
v 1.8755 -2.9527 0.7500
v 1.8538 -2.6198 -0.7500
v 1.8626 -2.6240 -0.7500
v 1.8626 -2.6240 0.7500
v 1.8538 -2.6198 0.7500
v 1.8835 -2.9318 -0.7500
v 1.8755 -2.9527 -0.7500
v 1.8755 -2.9527 0.7500
v 1.8835 -2.9318 0.7500
v 1.8626 -2.6240 -0.7500
v 1.8709 -2.6281 -0.7500
v 1.8709 -2.6281 0.7500
v 1.8626 -2.6240 0.7500
v 1.8906 -2.9096 -0.7500
v 1.8835 -2.9318 -0.7500
v 1.8835 -2.9318 0.7500
v 1.8906 -2.9096 0.7500
v 1.8709 -2.6281 -0.7500
v 1.8785 -2.6332 -0.7500
v 1.8785 -2.6332 0.7500
v 1.8709 -2.6281 0.7500
v 1.8969 -2.8858 -0.7500
v 1.8906 -2.9096 -0.7500
v 1.8906 -2.9096 0.7500
v 1.8969 -2.8858 0.7500
v 1.8785 -2.6332 -0.7500
v 1.8856 -2.6390 -0.7500
v 1.8856 -2.6390 0.7500
v 1.8785 -2.6332 0.7500
v 1.9027 -2.8607 -0.7500
v 1.8969 -2.8858 -0.7500
v 1.8969 -2.8858 0.7500
v 1.9027 -2.8607 0.7500
v 1.8856 -2.6390 -0.7500
v 1.8918 -2.6453 -0.7500
v 1.8918 -2.6453 0.7500
v 1.8856 -2.6390 0.7500
v 1.9065 -2.8418 -0.7500
v 1.9027 -2.8607 -0.7500
v 1.9027 -2.8607 0.7500
v 1.9065 -2.8418 0.7500
v 1.8918 -2.6453 -0.7500
v 1.8973 -2.6524 -0.7500
v 1.8973 -2.6524 0.7500
v 1.8918 -2.6453 0.7500
v 1.9098 -2.8234 -0.7500
v 1.9065 -2.8418 -0.7500
v 1.9065 -2.8418 0.7500
v 1.9098 -2.8234 0.7500
v 1.8973 -2.6524 -0.7500
v 1.9023 -2.6599 -0.7500
v 1.9023 -2.6599 0.7500
v 1.8973 -2.6524 0.7500
v 1.9128 -2.8063 -0.7500
v 1.9098 -2.8234 -0.7500
v 1.9098 -2.8234 0.7500
v 1.9128 -2.8063 0.7500
v 1.9023 -2.6599 -0.7500
v 1.9065 -2.6683 -0.7500
v 1.9065 -2.6683 0.7500
v 1.9023 -2.6599 0.7500
v 1.9148 -2.7896 -0.7500
v 1.9128 -2.8063 -0.7500
v 1.9128 -2.8063 0.7500
v 1.9148 -2.7896 0.7500
v 1.9065 -2.6683 -0.7500
v 1.9102 -2.6771 -0.7500
v 1.9102 -2.6771 0.7500
v 1.9065 -2.6683 0.7500
v 1.9102 -2.6771 -0.7500
v 1.9132 -2.6867 -0.7500
v 1.9132 -2.6867 0.7500
v 1.9102 -2.6771 0.7500
v 1.9165 -2.7737 -0.7500
v 1.9148 -2.7896 -0.7500
v 1.9148 -2.7896 0.7500
v 1.9165 -2.7737 0.7500
v 1.9132 -2.6867 -0.7500
v 1.9153 -2.6967 -0.7500
v 1.9153 -2.6967 0.7500
v 1.9132 -2.6867 0.7500
v 1.9178 -2.7590 -0.7500
v 1.9165 -2.7737 -0.7500
v 1.9165 -2.7737 0.7500
v 1.9178 -2.7590 0.7500
v 1.9153 -2.6967 -0.7500
v 1.9169 -2.7076 -0.7500
v 1.9169 -2.7076 0.7500
v 1.9153 -2.6967 0.7500
v 1.9186 -2.7448 -0.7500
v 1.9178 -2.7590 -0.7500
v 1.9178 -2.7590 0.7500
v 1.9186 -2.7448 0.7500
v 1.9169 -2.7076 -0.7500
v 1.9182 -2.7193 -0.7500
v 1.9182 -2.7193 0.7500
v 1.9169 -2.7076 0.7500
v 1.9186 -2.7314 -0.7500
v 1.9186 -2.7448 -0.7500
v 1.9186 -2.7448 0.7500
v 1.9186 -2.7314 0.7500
v 1.9182 -2.7193 -0.7500
v 1.9186 -2.7314 -0.7500
v 1.9186 -2.7314 0.7500
v 1.9182 -2.7193 0.7500
f 237 282 283
f 285 286 287
f 281 282 237
f 237 238 239
f 239 240 241
f 241 242 243
f 243 244 245
f 245 246 247
f 247 248 249
f 249 250 251
f 251 252 253
f 253 254 255
f 255 256 157
f 157 158 159
f 159 160 161
f 161 162 163
f 163 164 165
f 165 166 167
f 167 168 169
f 169 170 171
f 171 172 173
f 173 174 175
f 175 176 177
f 177 178 179
f 179 180 181
f 181 182 183
f 183 184 185
f 185 186 187
f 187 188 189
f 189 190 191
f 191 192 193
f 193 194 195
f 195 196 197
f 197 198 199
f 199 200 201
f 201 202 203
f 203 204 205
f 205 206 207
f 207 208 209
f 209 210 211
f 211 212 213
f 213 214 215
f 215 216 217
f 217 218 219
f 219 220 221
f 221 222 223
f 223 224 225
f 225 226 227
f 227 228 229
f 229 230 231
f 231 232 233
f 233 234 235
f 235 236 237
f 237 283 284
f 280 281 237
f 237 239 241
f 241 243 245
f 245 247 249
f 249 251 253
f 253 255 157
f 157 159 161
f 161 163 165
f 165 167 169
f 169 171 173
f 173 175 177
f 177 179 181
f 181 183 185
f 185 187 189
f 189 191 193
f 193 195 197
f 197 199 201
f 201 203 205
f 205 207 209
f 209 211 213
f 213 215 217
f 217 219 221
f 221 223 225
f 225 227 229
f 229 231 233
f 233 235 237
f 237 284 285
f 279 280 237
f 237 241 245
f 245 249 253
f 253 157 161
f 161 165 169
f 169 173 177
f 177 181 185
f 185 189 193
f 193 197 201
f 201 205 209
f 209 213 217
f 217 221 225
f 225 229 233
f 233 237 285
f 278 279 237
f 237 245 253
f 253 161 169
f 169 177 185
f 185 193 201
f 201 209 217
f 217 225 233
f 233 285 287
f 277 278 237
f 237 253 169
f 169 185 201
f 233 287 288
f 276 277 237
f 233 288 289
f 275 276 237
f 233 289 290
f 274 275 237
f 233 290 291
f 273 274 237
f 217 233 291
f 272 273 237
f 217 291 292
f 271 272 237
f 217 292 293
f 270 271 237
f 217 293 294
f 269 270 237
f 217 294 295
f 268 269 237
f 217 295 296
f 268 237 169
f 217 296 297
f 267 268 169
f 217 297 298
f 266 267 169
f 217 298 299
f 265 266 169
f 217 299 300
f 264 265 169
f 217 300 301
f 263 264 169
f 217 301 302
f 262 263 169
f 217 302 303
f 261 262 169
f 217 303 304
f 260 261 169
f 201 217 304
f 259 260 169
f 201 304 305
f 258 259 169
f 201 305 306
f 257 258 169
f 201 306 307
f 355 257 169
f 201 307 308
f 354 355 169
f 201 308 309
f 353 354 169
f 201 309 310
f 352 353 169
f 201 310 311
f 351 352 169
f 201 311 312
f 350 351 169
f 201 312 313
f 349 350 169
f 201 313 314
f 348 349 169
f 201 314 315
f 347 348 169
f 201 315 316
f 346 347 169
f 201 316 317
f 345 346 169
f 201 317 318
f 344 345 169
f 201 318 319
f 343 344 169
f 201 319 320
f 342 343 169
f 201 320 321
f 341 342 169
f 201 321 322
f 340 341 169
f 201 322 323
f 339 340 169
f 201 323 324
f 338 339 169
f 201 324 325
f 337 338 169
f 201 325 326
f 336 337 169
f 201 326 327
f 336 169 201
f 201 327 328
f 335 336 201
f 201 328 329
f 334 335 201
f 201 329 330
f 333 334 201
f 201 330 331
f 332 333 201
f 201 331 332
f 436 482 481
f 484 486 485
f 480 436 481
f 436 438 437
f 438 440 439
f 440 442 441
f 442 444 443
f 444 446 445
f 446 448 447
f 448 450 449
f 450 452 451
f 452 454 453
f 454 356 455
f 356 358 357
f 358 360 359
f 360 362 361
f 362 364 363
f 364 366 365
f 366 368 367
f 368 370 369
f 370 372 371
f 372 374 373
f 374 376 375
f 376 378 377
f 378 380 379
f 380 382 381
f 382 384 383
f 384 386 385
f 386 388 387
f 388 390 389
f 390 392 391
f 392 394 393
f 394 396 395
f 396 398 397
f 398 400 399
f 400 402 401
f 402 404 403
f 404 406 405
f 406 408 407
f 408 410 409
f 410 412 411
f 412 414 413
f 414 416 415
f 416 418 417
f 418 420 419
f 420 422 421
f 422 424 423
f 424 426 425
f 426 428 427
f 428 430 429
f 430 432 431
f 432 434 433
f 434 436 435
f 436 483 482
f 479 436 480
f 436 440 438
f 440 444 442
f 444 448 446
f 448 452 450
f 452 356 454
f 356 360 358
f 360 364 362
f 364 368 366
f 368 372 370
f 372 376 374
f 376 380 378
f 380 384 382
f 384 388 386
f 388 392 390
f 392 396 394
f 396 400 398
f 400 404 402
f 404 408 406
f 408 412 410
f 412 416 414
f 416 420 418
f 420 424 422
f 424 428 426
f 428 432 430
f 432 436 434
f 436 484 483
f 478 436 479
f 436 444 440
f 444 452 448
f 452 360 356
f 360 368 364
f 368 376 372
f 376 384 380
f 384 392 388
f 392 400 396
f 400 408 404
f 408 416 412
f 416 424 420
f 424 432 428
f 432 484 436
f 477 436 478
f 436 452 444
f 452 368 360
f 368 384 376
f 384 400 392
f 400 416 408
f 416 432 424
f 432 486 484
f 476 436 477
f 436 368 452
f 368 400 384
f 432 487 486
f 475 436 476
f 432 488 487
f 474 436 475
f 432 489 488
f 473 436 474
f 432 490 489
f 472 436 473
f 416 490 432
f 471 436 472
f 416 491 490
f 470 436 471
f 416 492 491
f 469 436 470
f 416 493 492
f 468 436 469
f 416 494 493
f 467 436 468
f 416 495 494
f 467 368 436
f 416 496 495
f 466 368 467
f 416 497 496
f 465 368 466
f 416 498 497
f 464 368 465
f 416 499 498
f 463 368 464
f 416 500 499
f 462 368 463
f 416 501 500
f 461 368 462
f 416 502 501
f 460 368 461
f 416 503 502
f 459 368 460
f 400 503 416
f 458 368 459
f 400 504 503
f 457 368 458
f 400 505 504
f 456 368 457
f 400 506 505
f 554 368 456
f 400 507 506
f 553 368 554
f 400 508 507
f 552 368 553
f 400 509 508
f 551 368 552
f 400 510 509
f 550 368 551
f 400 511 510
f 549 368 550
f 400 512 511
f 548 368 549
f 400 513 512
f 547 368 548
f 400 514 513
f 546 368 547
f 400 515 514
f 545 368 546
f 400 516 515
f 544 368 545
f 400 517 516
f 543 368 544
f 400 518 517
f 542 368 543
f 400 519 518
f 541 368 542
f 400 520 519
f 540 368 541
f 400 521 520
f 539 368 540
f 400 522 521
f 538 368 539
f 400 523 522
f 537 368 538
f 400 524 523
f 536 368 537
f 400 525 524
f 535 368 536
f 400 526 525
f 535 400 368
f 400 527 526
f 534 400 535
f 400 528 527
f 533 400 534
f 400 529 528
f 532 400 533
f 400 530 529
f 531 400 532
f 400 531 530
f 555 556 557
f 555 557 558
f 559 560 561
f 559 561 562
f 563 564 565
f 563 565 566
f 567 568 569
f 567 569 570
f 571 572 573
f 571 573 574
f 575 576 577
f 575 577 578
f 579 580 581
f 579 581 582
f 583 584 585
f 583 585 586
f 587 588 589
f 587 589 590
f 591 592 593
f 591 593 594
f 595 596 597
f 595 597 598
f 599 600 601
f 599 601 602
f 603 604 605
f 603 605 606
f 607 608 609
f 607 609 610
f 611 612 613
f 611 613 614
f 615 616 617
f 615 617 618
f 619 620 621
f 619 621 622
f 623 624 625
f 623 625 626
f 627 628 629
f 627 629 630
f 631 632 633
f 631 633 634
f 635 636 637
f 635 637 638
f 639 640 641
f 639 641 642
f 643 644 645
f 643 645 646
f 647 648 649
f 647 649 650
f 651 652 653
f 651 653 654
f 655 656 657
f 655 657 658
f 659 660 661
f 659 661 662
f 663 664 665
f 663 665 666
f 667 668 669
f 667 669 670
f 671 672 673
f 671 673 674
f 675 676 677
f 675 677 678
f 679 680 681
f 679 681 682
f 683 684 685
f 683 685 686
f 687 688 689
f 687 689 690
f 691 692 693
f 691 693 694
f 695 696 697
f 695 697 698
f 699 700 701
f 699 701 702
f 703 704 705
f 703 705 706
f 707 708 709
f 707 709 710
f 711 712 713
f 711 713 714
f 715 716 717
f 715 717 718
f 719 720 721
f 719 721 722
f 723 724 725
f 723 725 726
f 727 728 729
f 727 729 730
f 731 732 733
f 731 733 734
f 735 736 737
f 735 737 738
f 739 740 741
f 739 741 742
f 743 744 745
f 743 745 746
f 747 748 749
f 747 749 750
f 751 752 753
f 751 753 754
f 755 756 757
f 755 757 758
f 759 760 761
f 759 761 762
f 763 764 765
f 763 765 766
f 767 768 769
f 767 769 770
f 771 772 773
f 771 773 774
f 775 776 777
f 775 777 778
f 779 780 781
f 779 781 782
f 783 784 785
f 783 785 786
f 787 788 789
f 787 789 790
f 791 792 793
f 791 793 794
f 795 796 797
f 795 797 798
f 799 800 801
f 799 801 802
f 803 804 805
f 803 805 806
f 807 808 809
f 807 809 810
f 811 812 813
f 811 813 814
f 815 816 817
f 815 817 818
f 819 820 821
f 819 821 822
f 823 824 825
f 823 825 826
f 827 828 829
f 827 829 830
f 831 832 833
f 831 833 834
f 835 836 837
f 835 837 838
f 839 840 841
f 839 841 842
f 843 844 845
f 843 845 846
f 847 848 849
f 847 849 850
f 851 852 853
f 851 853 854
f 855 856 857
f 855 857 858
f 859 860 861
f 859 861 862
f 863 864 865
f 863 865 866
f 867 868 869
f 867 869 870
f 871 872 873
f 871 873 874
f 875 876 877
f 875 877 878
f 879 880 881
f 879 881 882
f 883 884 885
f 883 885 886
f 887 888 889
f 887 889 890
f 891 892 893
f 891 893 894
f 895 896 897
f 895 897 898
f 899 900 901
f 899 901 902
f 903 904 905
f 903 905 906
f 907 908 909
f 907 909 910
f 911 912 913
f 911 913 914
f 915 916 917
f 915 917 918
f 919 920 921
f 919 921 922
f 923 924 925
f 923 925 926
f 927 928 929
f 927 929 930
f 931 932 933
f 931 933 934
f 935 936 937
f 935 937 938
f 939 940 941
f 939 941 942
f 943 944 945
f 943 945 946
f 947 948 949
f 947 949 950
f 951 952 953
f 951 953 954
f 955 956 957
f 955 957 958
f 959 960 961
f 959 961 962
f 963 964 965
f 963 965 966
f 967 968 969
f 967 969 970
f 971 972 973
f 971 973 974
f 975 976 977
f 975 977 978
f 979 980 981
f 979 981 982
f 983 984 985
f 983 985 986
f 987 988 989
f 987 989 990
f 991 992 993
f 991 993 994
f 995 996 997
f 995 997 998
f 999 1000 1001
f 999 1001 1002
f 1003 1004 1005
f 1003 1005 1006
f 1007 1008 1009
f 1007 1009 1010
f 1011 1012 1013
f 1011 1013 1014
f 1015 1016 1017
f 1015 1017 1018
f 1019 1020 1021
f 1019 1021 1022
f 1023 1024 1025
f 1023 1025 1026
f 1027 1028 1029
f 1027 1029 1030
f 1031 1032 1033
f 1031 1033 1034
f 1035 1036 1037
f 1035 1037 1038
f 1039 1040 1041
f 1039 1041 1042
f 1043 1044 1045
f 1043 1045 1046
f 1047 1048 1049
f 1047 1049 1050
f 1051 1052 1053
f 1051 1053 1054
f 1055 1056 1057
f 1055 1057 1058
f 1059 1060 1061
f 1059 1061 1062
f 1063 1064 1065
f 1063 1065 1066
f 1067 1068 1069
f 1067 1069 1070
f 1071 1072 1073
f 1071 1073 1074
f 1075 1076 1077
f 1075 1077 1078
f 1079 1080 1081
f 1079 1081 1082
f 1083 1084 1085
f 1083 1085 1086
f 1087 1088 1089
f 1087 1089 1090
f 1091 1092 1093
f 1091 1093 1094
f 1095 1096 1097
f 1095 1097 1098
f 1099 1100 1101
f 1099 1101 1102
f 1103 1104 1105
f 1103 1105 1106
f 1107 1108 1109
f 1107 1109 1110
f 1111 1112 1113
f 1111 1113 1114
f 1115 1116 1117
f 1115 1117 1118
f 1119 1120 1121
f 1119 1121 1122
f 1123 1124 1125
f 1123 1125 1126
f 1127 1128 1129
f 1127 1129 1130
f 1131 1132 1133
f 1131 1133 1134
f 1135 1136 1137
f 1135 1137 1138
f 1139 1140 1141
f 1139 1141 1142
f 1143 1144 1145
f 1143 1145 1146
f 1147 1148 1149
f 1147 1149 1150
f 1151 1152 1153
f 1151 1153 1154
f 1155 1156 1157
f 1155 1157 1158
f 1159 1160 1161
f 1159 1161 1162
f 1163 1164 1165
f 1163 1165 1166
f 1167 1168 1169
f 1167 1169 1170
f 1171 1172 1173
f 1171 1173 1174
f 1175 1176 1177
f 1175 1177 1178
f 1179 1180 1181
f 1179 1181 1182
f 1183 1184 1185
f 1183 1185 1186
f 1187 1188 1189
f 1187 1189 1190
f 1191 1192 1193
f 1191 1193 1194
f 1195 1196 1197
f 1195 1197 1198
f 1199 1200 1201
f 1199 1201 1202
f 1203 1204 1205
f 1203 1205 1206
f 1207 1208 1209
f 1207 1209 1210
f 1211 1212 1213
f 1211 1213 1214
f 1215 1216 1217
f 1215 1217 1218
f 1219 1220 1221
f 1219 1221 1222
f 1223 1224 1225
f 1223 1225 1226
f 1227 1228 1229
f 1227 1229 1230
f 1231 1232 1233
f 1231 1233 1234
f 1235 1236 1237
f 1235 1237 1238
f 1239 1240 1241
f 1239 1241 1242
f 1243 1244 1245
f 1243 1245 1246
f 1247 1248 1249
f 1247 1249 1250
f 1251 1252 1253
f 1251 1253 1254
f 1255 1256 1257
f 1255 1257 1258
f 1259 1260 1261
f 1259 1261 1262
f 1263 1264 1265
f 1263 1265 1266
f 1267 1268 1269
f 1267 1269 1270
f 1271 1272 1273
f 1271 1273 1274
f 1275 1276 1277
f 1275 1277 1278
f 1279 1280 1281
f 1279 1281 1282
f 1283 1284 1285
f 1283 1285 1286
f 1287 1288 1289
f 1287 1289 1290
f 1291 1292 1293
f 1291 1293 1294
f 1295 1296 1297
f 1295 1297 1298
f 1299 1300 1301
f 1299 1301 1302
f 1303 1304 1305
f 1303 1305 1306
f 1307 1308 1309
f 1307 1309 1310
f 1311 1312 1313
f 1311 1313 1314
f 1315 1316 1317
f 1315 1317 1318
f 1319 1320 1321
f 1319 1321 1322
f 1323 1324 1325
f 1323 1325 1326
f 1327 1328 1329
f 1327 1329 1330
f 1331 1332 1333
f 1331 1333 1334
f 1335 1336 1337
f 1335 1337 1338
f 1339 1340 1341
f 1339 1341 1342
f 1343 1344 1345
f 1343 1345 1346
f 1347 1348 1349
f 1347 1349 1350
v 0.2900 -2.4404 0.7500
v 0.2683 -2.4391 0.7500
v 0.2453 -2.4387 0.7500
v -0.1169 -2.4387 0.7500
v -0.2934 -3.2751 0.7500
v 0.0855 -3.2751 0.7500
v 0.1127 -3.2747 0.7500
v 0.1391 -3.2735 0.7500
v 0.1642 -3.2714 0.7500
v 0.1884 -3.2680 0.7500
v 0.2118 -3.2643 0.7500
v 0.2344 -3.2597 0.7500
v 0.2557 -3.2538 0.7500
v 0.2767 -3.2471 0.7500
v 0.2963 -3.2400 0.7500
v 0.3147 -3.2316 0.7500
v 0.3327 -3.2224 0.7500
v 0.3503 -3.2124 0.7500
v 0.3666 -3.2011 0.7500
v 0.3825 -3.1890 0.7500
v 0.3975 -3.1760 0.7500
v 0.4117 -3.1622 0.7500
v 0.4255 -3.1472 0.7500
v 0.4385 -3.1313 0.7500
v 0.4506 -3.1145 0.7500
v 0.4623 -3.0965 0.7500
v 0.4732 -3.0777 0.7500
v 0.4837 -3.0581 0.7500
v 0.4937 -3.0372 0.7500
v 0.5029 -3.0150 0.7500
v 0.5117 -2.9920 0.7500
v 0.5201 -2.9682 0.7500
v 0.5280 -2.9431 0.7500
v 0.5351 -2.9171 0.7500
v 0.5418 -2.8904 0.7500
v 0.5481 -2.8619 0.7500
v 0.5535 -2.8326 0.7500
v 0.5581 -2.8042 0.7500
v 0.5615 -2.7770 0.7500
v 0.5631 -2.7507 0.7500
v 0.5640 -2.7256 0.7500
v 0.5636 -2.7017 0.7500
v 0.5619 -2.6792 0.7500
v 0.5590 -2.6578 0.7500
v 0.5548 -2.6373 0.7500
v 0.5493 -2.6181 0.7500
v 0.5431 -2.5997 0.7500
v 0.5355 -2.5825 0.7500
v 0.5272 -2.5662 0.7500
v 0.5176 -2.5512 0.7500
v 0.5071 -2.5370 0.7500
v 0.4958 -2.5240 0.7500
v 0.4833 -2.5119 0.7500
v 0.4699 -2.5006 0.7500
v 0.4557 -2.4905 0.7500
v 0.4402 -2.4818 0.7500
v 0.4239 -2.4734 0.7500
v 0.4071 -2.4663 0.7500
v 0.3896 -2.4596 0.7500
v 0.3712 -2.4542 0.7500
v 0.3519 -2.4496 0.7500
v 0.3323 -2.4454 0.7500
v 0.3114 -2.4424 0.7500
v 0.1035 -3.1133 0.7500
v 0.0889 -3.1137 0.7500
v 0.0738 -3.1141 0.7500
v -0.0508 -3.1141 0.7500
v 0.0583 -2.5997 0.7500
v 0.1830 -2.5997 0.7500
v 0.2001 -2.6001 0.7500
v 0.2160 -2.6005 0.7500
v 0.2311 -2.6018 0.7500
v 0.2453 -2.6035 0.7500
v 0.2583 -2.6055 0.7500
v 0.2704 -2.6081 0.7500
v 0.2817 -2.6110 0.7500
v 0.2921 -2.6143 0.7500
v 0.3013 -2.6181 0.7500
v 0.3097 -2.6223 0.7500
v 0.3172 -2.6273 0.7500
v 0.3243 -2.6327 0.7500
v 0.3302 -2.6390 0.7500
v 0.3356 -2.6461 0.7500
v 0.3402 -2.6536 0.7500
v 0.3444 -2.6620 0.7500
v 0.3478 -2.6708 0.7500
v 0.3503 -2.6804 0.7500
v 0.3519 -2.6909 0.7500
v 0.3532 -2.7017 0.7500
v 0.3536 -2.7135 0.7500
v 0.3536 -2.7264 0.7500
v 0.3532 -2.7398 0.7500
v 0.3524 -2.7544 0.7500
v 0.3507 -2.7699 0.7500
v 0.3486 -2.7866 0.7500
v 0.3461 -2.8042 0.7500
v 0.3427 -2.8226 0.7500
v 0.3394 -2.8418 0.7500
v 0.3352 -2.8619 0.7500
v 0.3306 -2.8820 0.7500
v 0.3260 -2.9012 0.7500
v 0.3210 -2.9192 0.7500
v 0.3160 -2.9364 0.7500
v 0.3105 -2.9527 0.7500
v 0.3051 -2.9682 0.7500
v 0.2992 -2.9824 0.7500
v 0.2934 -2.9953 0.7500
v 0.2875 -3.0079 0.7500
v 0.2813 -3.0192 0.7500
v 0.2746 -3.0300 0.7500
v 0.2679 -3.0397 0.7500
v 0.2603 -3.0489 0.7500
v 0.2528 -3.0572 0.7500
v 0.2449 -3.0652 0.7500
v 0.2365 -3.0723 0.7500
v 0.2281 -3.0790 0.7500
v 0.2189 -3.0844 0.7500
v 0.2097 -3.0894 0.7500
v 0.2001 -3.0940 0.7500
v 0.1897 -3.0978 0.7500
v 0.1792 -3.1011 0.7500
v 0.1679 -3.1041 0.7500
v 0.1562 -3.1070 0.7500
v 0.1437 -3.1091 0.7500
v 0.1311 -3.1108 0.7500
v 0.1173 -3.1124 0.7500
v 0.2900 -2.4404 -0.7500
v 0.2683 -2.4391 -0.7500
v 0.2453 -2.4387 -0.7500
v -0.1169 -2.4387 -0.7500
v -0.2934 -3.2751 -0.7500
v 0.0855 -3.2751 -0.7500
v 0.1127 -3.2747 -0.7500
v 0.1391 -3.2735 -0.7500
v 0.1642 -3.2714 -0.7500
v 0.1884 -3.2680 -0.7500
v 0.2118 -3.2643 -0.7500
v 0.2344 -3.2597 -0.7500
v 0.2557 -3.2538 -0.7500
v 0.2767 -3.2471 -0.7500
v 0.2963 -3.2400 -0.7500
v 0.3147 -3.2316 -0.7500
v 0.3327 -3.2224 -0.7500
v 0.3503 -3.2124 -0.7500
v 0.3666 -3.2011 -0.7500
v 0.3825 -3.1890 -0.7500
v 0.3975 -3.1760 -0.7500
v 0.4117 -3.1622 -0.7500
v 0.4255 -3.1472 -0.7500
v 0.4385 -3.1313 -0.7500
v 0.4506 -3.1145 -0.7500
v 0.4623 -3.0965 -0.7500
v 0.4732 -3.0777 -0.7500
v 0.4837 -3.0581 -0.7500
v 0.4937 -3.0372 -0.7500
v 0.5029 -3.0150 -0.7500
v 0.5117 -2.9920 -0.7500
v 0.5201 -2.9682 -0.7500
v 0.5280 -2.9431 -0.7500
v 0.5351 -2.9171 -0.7500
v 0.5418 -2.8904 -0.7500
v 0.5481 -2.8619 -0.7500
v 0.5535 -2.8326 -0.7500
v 0.5581 -2.8042 -0.7500
v 0.5615 -2.7770 -0.7500
v 0.5631 -2.7507 -0.7500
v 0.5640 -2.7256 -0.7500
v 0.5636 -2.7017 -0.7500
v 0.5619 -2.6792 -0.7500
v 0.5590 -2.6578 -0.7500
v 0.5548 -2.6373 -0.7500
v 0.5493 -2.6181 -0.7500
v 0.5431 -2.5997 -0.7500
v 0.5355 -2.5825 -0.7500
v 0.5272 -2.5662 -0.7500
v 0.5176 -2.5512 -0.7500
v 0.5071 -2.5370 -0.7500
v 0.4958 -2.5240 -0.7500
v 0.4833 -2.5119 -0.7500
v 0.4699 -2.5006 -0.7500
v 0.4557 -2.4905 -0.7500
v 0.4402 -2.4818 -0.7500
v 0.4239 -2.4734 -0.7500
v 0.4071 -2.4663 -0.7500
v 0.3896 -2.4596 -0.7500
v 0.3712 -2.4542 -0.7500
v 0.3519 -2.4496 -0.7500
v 0.3323 -2.4454 -0.7500
v 0.3114 -2.4424 -0.7500
v 0.1035 -3.1133 -0.7500
v 0.0889 -3.1137 -0.7500
v 0.0738 -3.1141 -0.7500
v -0.0508 -3.1141 -0.7500
v 0.0583 -2.5997 -0.7500
v 0.1830 -2.5997 -0.7500
v 0.2001 -2.6001 -0.7500
v 0.2160 -2.6005 -0.7500
v 0.2311 -2.6018 -0.7500
v 0.2453 -2.6035 -0.7500
v 0.2583 -2.6055 -0.7500
v 0.2704 -2.6081 -0.7500
v 0.2817 -2.6110 -0.7500
v 0.2921 -2.6143 -0.7500
v 0.3013 -2.6181 -0.7500
v 0.3097 -2.6223 -0.7500
v 0.3172 -2.6273 -0.7500
v 0.3243 -2.6327 -0.7500
v 0.3302 -2.6390 -0.7500
v 0.3356 -2.6461 -0.7500
v 0.3402 -2.6536 -0.7500
v 0.3444 -2.6620 -0.7500
v 0.3478 -2.6708 -0.7500
v 0.3503 -2.6804 -0.7500
v 0.3519 -2.6909 -0.7500
v 0.3532 -2.7017 -0.7500
v 0.3536 -2.7135 -0.7500
v 0.3536 -2.7264 -0.7500
v 0.3532 -2.7398 -0.7500
v 0.3524 -2.7544 -0.7500
v 0.3507 -2.7699 -0.7500
v 0.3486 -2.7866 -0.7500
v 0.3461 -2.8042 -0.7500
v 0.3427 -2.8226 -0.7500
v 0.3394 -2.8418 -0.7500
v 0.3352 -2.8619 -0.7500
v 0.3306 -2.8820 -0.7500
v 0.3260 -2.9012 -0.7500
v 0.3210 -2.9192 -0.7500
v 0.3160 -2.9364 -0.7500
v 0.3105 -2.9527 -0.7500
v 0.3051 -2.9682 -0.7500
v 0.2992 -2.9824 -0.7500
v 0.2934 -2.9953 -0.7500
v 0.2875 -3.0079 -0.7500
v 0.2813 -3.0192 -0.7500
v 0.2746 -3.0300 -0.7500
v 0.2679 -3.0397 -0.7500
v 0.2603 -3.0489 -0.7500
v 0.2528 -3.0572 -0.7500
v 0.2449 -3.0652 -0.7500
v 0.2365 -3.0723 -0.7500
v 0.2281 -3.0790 -0.7500
v 0.2189 -3.0844 -0.7500
v 0.2097 -3.0894 -0.7500
v 0.2001 -3.0940 -0.7500
v 0.1897 -3.0978 -0.7500
v 0.1792 -3.1011 -0.7500
v 0.1679 -3.1041 -0.7500
v 0.1562 -3.1070 -0.7500
v 0.1437 -3.1091 -0.7500
v 0.1311 -3.1108 -0.7500
v 0.1173 -3.1124 -0.7500
v -0.0508 -3.1141 -0.7500
v 0.0583 -2.5997 -0.7500
v 0.0583 -2.5997 0.7500
v -0.0508 -3.1141 0.7500
v 0.3461 -2.8042 -0.7500
v 0.3427 -2.8226 -0.7500
v 0.3427 -2.8226 0.7500
v 0.3461 -2.8042 0.7500
v 0.3427 -2.8226 -0.7500
v 0.3394 -2.8418 -0.7500
v 0.3394 -2.8418 0.7500
v 0.3427 -2.8226 0.7500
v 0.0738 -3.1141 -0.7500
v -0.0508 -3.1141 -0.7500
v -0.0508 -3.1141 0.7500
v 0.0738 -3.1141 0.7500
v -0.2934 -3.2751 -0.7500
v 0.0855 -3.2751 -0.7500
v 0.0855 -3.2751 0.7500
v -0.2934 -3.2751 0.7500
v 0.0855 -3.2751 -0.7500
v 0.1127 -3.2747 -0.7500
v 0.1127 -3.2747 0.7500
v 0.0855 -3.2751 0.7500
v 0.1127 -3.2747 -0.7500
v 0.1391 -3.2735 -0.7500
v 0.1391 -3.2735 0.7500
v 0.1127 -3.2747 0.7500
v 0.1391 -3.2735 -0.7500
v 0.1642 -3.2714 -0.7500
v 0.1642 -3.2714 0.7500
v 0.1391 -3.2735 0.7500
v 0.1642 -3.2714 -0.7500
v 0.1884 -3.2680 -0.7500
v 0.1884 -3.2680 0.7500
v 0.1642 -3.2714 0.7500
v 0.1884 -3.2680 -0.7500
v 0.2118 -3.2643 -0.7500
v 0.2118 -3.2643 0.7500
v 0.1884 -3.2680 0.7500
v 0.2118 -3.2643 -0.7500
v 0.2344 -3.2597 -0.7500
v 0.2344 -3.2597 0.7500
v 0.2118 -3.2643 0.7500
v 0.2344 -3.2597 -0.7500
v 0.2557 -3.2538 -0.7500
v 0.2557 -3.2538 0.7500
v 0.2344 -3.2597 0.7500
v 0.2557 -3.2538 -0.7500
v 0.2767 -3.2471 -0.7500
v 0.2767 -3.2471 0.7500
v 0.2557 -3.2538 0.7500
v 0.2767 -3.2471 -0.7500
v 0.2963 -3.2400 -0.7500
v 0.2963 -3.2400 0.7500
v 0.2767 -3.2471 0.7500
v 0.2963 -3.2400 -0.7500
v 0.3147 -3.2316 -0.7500
v 0.3147 -3.2316 0.7500
v 0.2963 -3.2400 0.7500
v 0.3147 -3.2316 -0.7500
v 0.3327 -3.2224 -0.7500
v 0.3327 -3.2224 0.7500
v 0.3147 -3.2316 0.7500
v 0.3327 -3.2224 -0.7500
v 0.3503 -3.2124 -0.7500
v 0.3503 -3.2124 0.7500
v 0.3327 -3.2224 0.7500
v 0.3503 -3.2124 -0.7500
v 0.3666 -3.2011 -0.7500
v 0.3666 -3.2011 0.7500
v 0.3503 -3.2124 0.7500
v 0.3666 -3.2011 -0.7500
v 0.3825 -3.1890 -0.7500
v 0.3825 -3.1890 0.7500
v 0.3666 -3.2011 0.7500
v 0.3825 -3.1890 -0.7500
v 0.3975 -3.1760 -0.7500
v 0.3975 -3.1760 0.7500
v 0.3825 -3.1890 0.7500
v 0.3975 -3.1760 -0.7500
v 0.4117 -3.1622 -0.7500
v 0.4117 -3.1622 0.7500
v 0.3975 -3.1760 0.7500
v 0.4117 -3.1622 -0.7500
v 0.4255 -3.1472 -0.7500
v 0.4255 -3.1472 0.7500
v 0.4117 -3.1622 0.7500
v 0.4255 -3.1472 -0.7500
v 0.4385 -3.1313 -0.7500
v 0.4385 -3.1313 0.7500
v 0.4255 -3.1472 0.7500
v 0.4385 -3.1313 -0.7500
v 0.4506 -3.1145 -0.7500
v 0.4506 -3.1145 0.7500
v 0.4385 -3.1313 0.7500
v 0.4506 -3.1145 -0.7500
v 0.4623 -3.0965 -0.7500
v 0.4623 -3.0965 0.7500
v 0.4506 -3.1145 0.7500
v 0.4623 -3.0965 -0.7500
v 0.4732 -3.0777 -0.7500
v 0.4732 -3.0777 0.7500
v 0.4623 -3.0965 0.7500
v 0.4732 -3.0777 -0.7500
v 0.4837 -3.0581 -0.7500
v 0.4837 -3.0581 0.7500
v 0.4732 -3.0777 0.7500
v 0.4837 -3.0581 -0.7500
v 0.4937 -3.0372 -0.7500
v 0.4937 -3.0372 0.7500
v 0.4837 -3.0581 0.7500
v 0.4937 -3.0372 -0.7500
v 0.5029 -3.0150 -0.7500
v 0.5029 -3.0150 0.7500
v 0.4937 -3.0372 0.7500
v 0.5029 -3.0150 -0.7500
v 0.5117 -2.9920 -0.7500
v 0.5117 -2.9920 0.7500
v 0.5029 -3.0150 0.7500
v 0.5117 -2.9920 -0.7500
v 0.5201 -2.9682 -0.7500
v 0.5201 -2.9682 0.7500
v 0.5117 -2.9920 0.7500
v 0.5201 -2.9682 -0.7500
v 0.5280 -2.9431 -0.7500
v 0.5280 -2.9431 0.7500
v 0.5201 -2.9682 0.7500
v 0.5280 -2.9431 -0.7500
v 0.5351 -2.9171 -0.7500
v 0.5351 -2.9171 0.7500
v 0.5280 -2.9431 0.7500
v 0.5351 -2.9171 -0.7500
v 0.5418 -2.8904 -0.7500
v 0.5418 -2.8904 0.7500
v 0.5351 -2.9171 0.7500
v 0.5418 -2.8904 -0.7500
v 0.5481 -2.8619 -0.7500
v 0.5481 -2.8619 0.7500
v 0.5418 -2.8904 0.7500
v 0.5481 -2.8619 -0.7500
v 0.5535 -2.8326 -0.7500
v 0.5535 -2.8326 0.7500
v 0.5481 -2.8619 0.7500
v 0.5535 -2.8326 -0.7500
v 0.5581 -2.8042 -0.7500
v 0.5581 -2.8042 0.7500
v 0.5535 -2.8326 0.7500
v 0.5581 -2.8042 -0.7500
v 0.5615 -2.7770 -0.7500
v 0.5615 -2.7770 0.7500
v 0.5581 -2.8042 0.7500
v 0.5615 -2.7770 -0.7500
v 0.5631 -2.7507 -0.7500
v 0.5631 -2.7507 0.7500
v 0.5615 -2.7770 0.7500
v 0.5631 -2.7507 -0.7500
v 0.5640 -2.7256 -0.7500
v 0.5640 -2.7256 0.7500
v 0.5631 -2.7507 0.7500
v 0.5640 -2.7256 -0.7500
v 0.5636 -2.7017 -0.7500
v 0.5636 -2.7017 0.7500
v 0.5640 -2.7256 0.7500
v 0.5636 -2.7017 -0.7500
v 0.5619 -2.6792 -0.7500
v 0.5619 -2.6792 0.7500
v 0.5636 -2.7017 0.7500
v 0.5619 -2.6792 -0.7500
v 0.5590 -2.6578 -0.7500
v 0.5590 -2.6578 0.7500
v 0.5619 -2.6792 0.7500
v 0.5590 -2.6578 -0.7500
v 0.5548 -2.6373 -0.7500
v 0.5548 -2.6373 0.7500
v 0.5590 -2.6578 0.7500
v 0.5548 -2.6373 -0.7500
v 0.5493 -2.6181 -0.7500
v 0.5493 -2.6181 0.7500
v 0.5548 -2.6373 0.7500
v 0.5493 -2.6181 -0.7500
v 0.5431 -2.5997 -0.7500
v 0.5431 -2.5997 0.7500
v 0.5493 -2.6181 0.7500
v 0.5431 -2.5997 -0.7500
v 0.5355 -2.5825 -0.7500
v 0.5355 -2.5825 0.7500
v 0.5431 -2.5997 0.7500
v 0.5355 -2.5825 -0.7500
v 0.5272 -2.5662 -0.7500
v 0.5272 -2.5662 0.7500
v 0.5355 -2.5825 0.7500
v 0.5272 -2.5662 -0.7500
v 0.5176 -2.5512 -0.7500
v 0.5176 -2.5512 0.7500
v 0.5272 -2.5662 0.7500
v 0.5176 -2.5512 -0.7500
v 0.5071 -2.5370 -0.7500
v 0.5071 -2.5370 0.7500
v 0.5176 -2.5512 0.7500
v 0.5071 -2.5370 -0.7500
v 0.4958 -2.5240 -0.7500
v 0.4958 -2.5240 0.7500
v 0.5071 -2.5370 0.7500
v 0.4958 -2.5240 -0.7500
v 0.4833 -2.5119 -0.7500
v 0.4833 -2.5119 0.7500
v 0.4958 -2.5240 0.7500
v 0.4833 -2.5119 -0.7500
v 0.4699 -2.5006 -0.7500
v 0.4699 -2.5006 0.7500
v 0.4833 -2.5119 0.7500
v 0.4699 -2.5006 -0.7500
v 0.4557 -2.4905 -0.7500
v 0.4557 -2.4905 0.7500
v 0.4699 -2.5006 0.7500
v 0.4557 -2.4905 -0.7500
v 0.4402 -2.4818 -0.7500
v 0.4402 -2.4818 0.7500
v 0.4557 -2.4905 0.7500
v 0.4402 -2.4818 -0.7500
v 0.4239 -2.4734 -0.7500
v 0.4239 -2.4734 0.7500
v 0.4402 -2.4818 0.7500
v 0.4239 -2.4734 -0.7500
v 0.4071 -2.4663 -0.7500
v 0.4071 -2.4663 0.7500
v 0.4239 -2.4734 0.7500
v 0.4071 -2.4663 -0.7500
v 0.3896 -2.4596 -0.7500
v 0.3896 -2.4596 0.7500
v 0.4071 -2.4663 0.7500
v 0.3896 -2.4596 -0.7500
v 0.3712 -2.4542 -0.7500
v 0.3712 -2.4542 0.7500
v 0.3896 -2.4596 0.7500
v 0.3712 -2.4542 -0.7500
v 0.3519 -2.4496 -0.7500
v 0.3519 -2.4496 0.7500
v 0.3712 -2.4542 0.7500
v 0.3519 -2.4496 -0.7500
v 0.3323 -2.4454 -0.7500
v 0.3323 -2.4454 0.7500
v 0.3519 -2.4496 0.7500
v 0.3323 -2.4454 -0.7500
v 0.3114 -2.4424 -0.7500
v 0.3114 -2.4424 0.7500
v 0.3323 -2.4454 0.7500
v 0.3114 -2.4424 -0.7500
v 0.2900 -2.4404 -0.7500
v 0.2900 -2.4404 0.7500
v 0.3114 -2.4424 0.7500
v 0.2900 -2.4404 -0.7500
v 0.2683 -2.4391 -0.7500
v 0.2683 -2.4391 0.7500
v 0.2900 -2.4404 0.7500
v 0.2683 -2.4391 -0.7500
v 0.2453 -2.4387 -0.7500
v 0.2453 -2.4387 0.7500
v 0.2683 -2.4391 0.7500
v 0.2453 -2.4387 -0.7500
v -0.1169 -2.4387 -0.7500
v -0.1169 -2.4387 0.7500
v 0.2453 -2.4387 0.7500
v -0.1169 -2.4387 -0.7500
v -0.2934 -3.2751 -0.7500
v -0.2934 -3.2751 0.7500
v -0.1169 -2.4387 0.7500
v 0.0889 -3.1137 -0.7500
v 0.0738 -3.1141 -0.7500
v 0.0738 -3.1141 0.7500
v 0.0889 -3.1137 0.7500
v 0.1035 -3.1133 -0.7500
v 0.0889 -3.1137 -0.7500
v 0.0889 -3.1137 0.7500
v 0.1035 -3.1133 0.7500
v 0.1173 -3.1124 -0.7500
v 0.1035 -3.1133 -0.7500
v 0.1035 -3.1133 0.7500
v 0.1173 -3.1124 0.7500
v 0.1311 -3.1108 -0.7500
v 0.1173 -3.1124 -0.7500
v 0.1173 -3.1124 0.7500
v 0.1311 -3.1108 0.7500
v 0.0583 -2.5997 -0.7500
v 0.1830 -2.5997 -0.7500
v 0.1830 -2.5997 0.7500
v 0.0583 -2.5997 0.7500
v 0.1437 -3.1091 -0.7500
v 0.1311 -3.1108 -0.7500
v 0.1311 -3.1108 0.7500
v 0.1437 -3.1091 0.7500
v 0.1830 -2.5997 -0.7500
v 0.2001 -2.6001 -0.7500
v 0.2001 -2.6001 0.7500
v 0.1830 -2.5997 0.7500
v 0.1562 -3.1070 -0.7500
v 0.1437 -3.1091 -0.7500
v 0.1437 -3.1091 0.7500
v 0.1562 -3.1070 0.7500
v 0.2001 -2.6001 -0.7500
v 0.2160 -2.6005 -0.7500
v 0.2160 -2.6005 0.7500
v 0.2001 -2.6001 0.7500
v 0.1679 -3.1041 -0.7500
v 0.1562 -3.1070 -0.7500
v 0.1562 -3.1070 0.7500
v 0.1679 -3.1041 0.7500
v 0.2160 -2.6005 -0.7500
v 0.2311 -2.6018 -0.7500
v 0.2311 -2.6018 0.7500
v 0.2160 -2.6005 0.7500
v 0.1792 -3.1011 -0.7500
v 0.1679 -3.1041 -0.7500
v 0.1679 -3.1041 0.7500
v 0.1792 -3.1011 0.7500
v 0.2311 -2.6018 -0.7500
v 0.2453 -2.6035 -0.7500
v 0.2453 -2.6035 0.7500
v 0.2311 -2.6018 0.7500
v 0.1897 -3.0978 -0.7500
v 0.1792 -3.1011 -0.7500
v 0.1792 -3.1011 0.7500
v 0.1897 -3.0978 0.7500
v 0.2453 -2.6035 -0.7500
v 0.2583 -2.6055 -0.7500
v 0.2583 -2.6055 0.7500
v 0.2453 -2.6035 0.7500
v 0.2001 -3.0940 -0.7500
v 0.1897 -3.0978 -0.7500
v 0.1897 -3.0978 0.7500
v 0.2001 -3.0940 0.7500
v 0.2583 -2.6055 -0.7500
v 0.2704 -2.6081 -0.7500
v 0.2704 -2.6081 0.7500
v 0.2583 -2.6055 0.7500
v 0.2704 -2.6081 -0.7500
v 0.2817 -2.6110 -0.7500
v 0.2817 -2.6110 0.7500
v 0.2704 -2.6081 0.7500
v 0.2097 -3.0894 -0.7500
v 0.2001 -3.0940 -0.7500
v 0.2001 -3.0940 0.7500
v 0.2097 -3.0894 0.7500
v 0.2817 -2.6110 -0.7500
v 0.2921 -2.6143 -0.7500
v 0.2921 -2.6143 0.7500
v 0.2817 -2.6110 0.7500
v 0.2189 -3.0844 -0.7500
v 0.2097 -3.0894 -0.7500
v 0.2097 -3.0894 0.7500
v 0.2189 -3.0844 0.7500
v 0.2921 -2.6143 -0.7500
v 0.3013 -2.6181 -0.7500
v 0.3013 -2.6181 0.7500
v 0.2921 -2.6143 0.7500
v 0.2281 -3.0790 -0.7500
v 0.2189 -3.0844 -0.7500
v 0.2189 -3.0844 0.7500
v 0.2281 -3.0790 0.7500
v 0.3013 -2.6181 -0.7500
v 0.3097 -2.6223 -0.7500
v 0.3097 -2.6223 0.7500
v 0.3013 -2.6181 0.7500
v 0.2365 -3.0723 -0.7500
v 0.2281 -3.0790 -0.7500
v 0.2281 -3.0790 0.7500
v 0.2365 -3.0723 0.7500
v 0.3097 -2.6223 -0.7500
v 0.3172 -2.6273 -0.7500
v 0.3172 -2.6273 0.7500
v 0.3097 -2.6223 0.7500
v 0.2449 -3.0652 -0.7500
v 0.2365 -3.0723 -0.7500
v 0.2365 -3.0723 0.7500
v 0.2449 -3.0652 0.7500
v 0.3172 -2.6273 -0.7500
v 0.3243 -2.6327 -0.7500
v 0.3243 -2.6327 0.7500
v 0.3172 -2.6273 0.7500
v 0.2528 -3.0572 -0.7500
v 0.2449 -3.0652 -0.7500
v 0.2449 -3.0652 0.7500
v 0.2528 -3.0572 0.7500
v 0.3243 -2.6327 -0.7500
v 0.3302 -2.6390 -0.7500
v 0.3302 -2.6390 0.7500
v 0.3243 -2.6327 0.7500
v 0.2603 -3.0489 -0.7500
v 0.2528 -3.0572 -0.7500
v 0.2528 -3.0572 0.7500
v 0.2603 -3.0489 0.7500
v 0.3302 -2.6390 -0.7500
v 0.3356 -2.6461 -0.7500
v 0.3356 -2.6461 0.7500
v 0.3302 -2.6390 0.7500
v 0.2679 -3.0397 -0.7500
v 0.2603 -3.0489 -0.7500
v 0.2603 -3.0489 0.7500
v 0.2679 -3.0397 0.7500
v 0.3356 -2.6461 -0.7500
v 0.3402 -2.6536 -0.7500
v 0.3402 -2.6536 0.7500
v 0.3356 -2.6461 0.7500
v 0.2746 -3.0300 -0.7500
v 0.2679 -3.0397 -0.7500
v 0.2679 -3.0397 0.7500
v 0.2746 -3.0300 0.7500
v 0.3402 -2.6536 -0.7500
v 0.3444 -2.6620 -0.7500
v 0.3444 -2.6620 0.7500
v 0.3402 -2.6536 0.7500
v 0.2813 -3.0192 -0.7500
v 0.2746 -3.0300 -0.7500
v 0.2746 -3.0300 0.7500
v 0.2813 -3.0192 0.7500
v 0.3444 -2.6620 -0.7500
v 0.3478 -2.6708 -0.7500
v 0.3478 -2.6708 0.7500
v 0.3444 -2.6620 0.7500
v 0.2875 -3.0079 -0.7500
v 0.2813 -3.0192 -0.7500
v 0.2813 -3.0192 0.7500
v 0.2875 -3.0079 0.7500
v 0.3478 -2.6708 -0.7500
v 0.3503 -2.6804 -0.7500
v 0.3503 -2.6804 0.7500
v 0.3478 -2.6708 0.7500
v 0.2934 -2.9953 -0.7500
v 0.2875 -3.0079 -0.7500
v 0.2875 -3.0079 0.7500
v 0.2934 -2.9953 0.7500
v 0.3503 -2.6804 -0.7500
v 0.3519 -2.6909 -0.7500
v 0.3519 -2.6909 0.7500
v 0.3503 -2.6804 0.7500
v 0.2992 -2.9824 -0.7500
v 0.2934 -2.9953 -0.7500
v 0.2934 -2.9953 0.7500
v 0.2992 -2.9824 0.7500
v 0.3519 -2.6909 -0.7500
v 0.3532 -2.7017 -0.7500
v 0.3532 -2.7017 0.7500
v 0.3519 -2.6909 0.7500
v 0.3051 -2.9682 -0.7500
v 0.2992 -2.9824 -0.7500
v 0.2992 -2.9824 0.7500
v 0.3051 -2.9682 0.7500
v 0.3105 -2.9527 -0.7500
v 0.3051 -2.9682 -0.7500
v 0.3051 -2.9682 0.7500
v 0.3105 -2.9527 0.7500
v 0.3532 -2.7017 -0.7500
v 0.3536 -2.7135 -0.7500
v 0.3536 -2.7135 0.7500
v 0.3532 -2.7017 0.7500
v 0.3160 -2.9364 -0.7500
v 0.3105 -2.9527 -0.7500
v 0.3105 -2.9527 0.7500
v 0.3160 -2.9364 0.7500
v 0.3536 -2.7135 -0.7500
v 0.3536 -2.7264 -0.7500
v 0.3536 -2.7264 0.7500
v 0.3536 -2.7135 0.7500
v 0.3210 -2.9192 -0.7500
v 0.3160 -2.9364 -0.7500
v 0.3160 -2.9364 0.7500
v 0.3210 -2.9192 0.7500
v 0.3536 -2.7264 -0.7500
v 0.3532 -2.7398 -0.7500
v 0.3532 -2.7398 0.7500
v 0.3536 -2.7264 0.7500
v 0.3260 -2.9012 -0.7500
v 0.3210 -2.9192 -0.7500
v 0.3210 -2.9192 0.7500
v 0.3260 -2.9012 0.7500
v 0.3532 -2.7398 -0.7500
v 0.3524 -2.7544 -0.7500
v 0.3524 -2.7544 0.7500
v 0.3532 -2.7398 0.7500
v 0.3306 -2.8820 -0.7500
v 0.3260 -2.9012 -0.7500
v 0.3260 -2.9012 0.7500
v 0.3306 -2.8820 0.7500
v 0.3524 -2.7544 -0.7500
v 0.3507 -2.7699 -0.7500
v 0.3507 -2.7699 0.7500
v 0.3524 -2.7544 0.7500
v 0.3352 -2.8619 -0.7500
v 0.3306 -2.8820 -0.7500
v 0.3306 -2.8820 0.7500
v 0.3352 -2.8619 0.7500
v 0.3507 -2.7699 -0.7500
v 0.3486 -2.7866 -0.7500
v 0.3486 -2.7866 0.7500
v 0.3507 -2.7699 0.7500
v 0.3394 -2.8418 -0.7500
v 0.3352 -2.8619 -0.7500
v 0.3352 -2.8619 0.7500
v 0.3394 -2.8418 0.7500
v 0.3486 -2.7866 -0.7500
v 0.3461 -2.8042 -0.7500
v 0.3461 -2.8042 0.7500
v 0.3486 -2.7866 0.7500
f 1355 1417 1418
f 1446 1447 1448
f 1416 1417 1355
f 1355 1356 1357
f 1357 1358 1359
f 1359 1360 1361
f 1361 1362 1363
f 1363 1364 1365
f 1365 1366 1367
f 1367 1368 1369
f 1369 1370 1371
f 1371 1372 1373
f 1373 1374 1375
f 1375 1376 1377
f 1377 1378 1379
f 1379 1380 1381
f 1381 1382 1383
f 1383 1384 1385
f 1385 1386 1387
f 1387 1388 1389
f 1389 1390 1391
f 1391 1392 1393
f 1393 1394 1395
f 1395 1396 1397
f 1397 1398 1399
f 1399 1400 1401
f 1401 1402 1403
f 1403 1404 1405
f 1405 1406 1407
f 1407 1408 1409
f 1409 1410 1411
f 1411 1412 1413
f 1413 1351 1352
f 1352 1353 1354
f 1354 1355 1418
f 1415 1416 1355
f 1355 1357 1359
f 1359 1361 1363
f 1363 1365 1367
f 1367 1369 1371
f 1371 1373 1375
f 1375 1377 1379
f 1379 1381 1383
f 1383 1385 1387
f 1387 1389 1391
f 1391 1393 1395
f 1395 1397 1399
f 1399 1401 1403
f 1403 1405 1407
f 1407 1409 1411
f 1411 1413 1352
f 1352 1354 1418
f 1414 1415 1355
f 1355 1359 1363
f 1363 1367 1371
f 1371 1375 1379
f 1379 1383 1387
f 1387 1391 1395
f 1395 1399 1403
f 1403 1407 1411
f 1411 1352 1418
f 1476 1414 1355
f 1355 1363 1371
f 1371 1379 1387
f 1387 1395 1403
f 1403 1411 1418
f 1475 1476 1355
f 1371 1387 1403
f 1403 1418 1419
f 1474 1475 1355
f 1403 1419 1420
f 1473 1474 1355
f 1403 1420 1421
f 1472 1473 1355
f 1403 1421 1422
f 1471 1472 1355
f 1403 1422 1423
f 1470 1471 1355
f 1403 1423 1424
f 1469 1470 1355
f 1403 1424 1425
f 1469 1355 1371
f 1403 1425 1426
f 1468 1469 1371
f 1403 1426 1427
f 1467 1468 1371
f 1403 1427 1428
f 1466 1467 1371
f 1403 1428 1429
f 1465 1466 1371
f 1403 1429 1430
f 1464 1465 1371
f 1403 1430 1431
f 1463 1464 1371
f 1403 1431 1432
f 1462 1463 1371
f 1403 1432 1433
f 1461 1462 1371
f 1403 1433 1434
f 1460 1461 1371
f 1403 1434 1435
f 1459 1460 1371
f 1403 1435 1436
f 1458 1459 1371
f 1403 1436 1437
f 1457 1458 1371
f 1403 1437 1438
f 1456 1457 1371
f 1403 1438 1439
f 1455 1456 1371
f 1371 1403 1439
f 1454 1455 1371
f 1371 1439 1440
f 1453 1454 1371
f 1371 1440 1441
f 1452 1453 1371
f 1371 1441 1442
f 1451 1452 1371
f 1371 1442 1443
f 1450 1451 1371
f 1371 1443 1444
f 1449 1450 1371
f 1371 1444 1445
f 1448 1449 1371
f 1371 1445 1446
f 1446 1448 1371
f 1481 1544 1543
f 1572 1574 1573
f 1542 1481 1543
f 1481 1483 1482
f 1483 1485 1484
f 1485 1487 1486
f 1487 1489 1488
f 1489 1491 1490
f 1491 1493 1492
f 1493 1495 1494
f 1495 1497 1496
f 1497 1499 1498
f 1499 1501 1500
f 1501 1503 1502
f 1503 1505 1504
f 1505 1507 1506
f 1507 1509 1508
f 1509 1511 1510
f 1511 1513 1512
f 1513 1515 1514
f 1515 1517 1516
f 1517 1519 1518
f 1519 1521 1520
f 1521 1523 1522
f 1523 1525 1524
f 1525 1527 1526
f 1527 1529 1528
f 1529 1531 1530
f 1531 1533 1532
f 1533 1535 1534
f 1535 1537 1536
f 1537 1539 1538
f 1539 1478 1477
f 1478 1480 1479
f 1480 1544 1481
f 1541 1481 1542
f 1481 1485 1483
f 1485 1489 1487
f 1489 1493 1491
f 1493 1497 1495
f 1497 1501 1499
f 1501 1505 1503
f 1505 1509 1507
f 1509 1513 1511
f 1513 1517 1515
f 1517 1521 1519
f 1521 1525 1523
f 1525 1529 1527
f 1529 1533 1531
f 1533 1537 1535
f 1537 1478 1539
f 1478 1544 1480
f 1540 1481 1541
f 1481 1489 1485
f 1489 1497 1493
f 1497 1505 1501
f 1505 1513 1509
f 1513 1521 1517
f 1521 1529 1525
f 1529 1537 1533
f 1537 1544 1478
f 1602 1481 1540
f 1481 1497 1489
f 1497 1513 1505
f 1513 1529 1521
f 1529 1544 1537
f 1601 1481 1602
f 1497 1529 1513
f 1529 1545 1544
f 1600 1481 1601
f 1529 1546 1545
f 1599 1481 1600
f 1529 1547 1546
f 1598 1481 1599
f 1529 1548 1547
f 1597 1481 1598
f 1529 1549 1548
f 1596 1481 1597
f 1529 1550 1549
f 1595 1481 1596
f 1529 1551 1550
f 1595 1497 1481
f 1529 1552 1551
f 1594 1497 1595
f 1529 1553 1552
f 1593 1497 1594
f 1529 1554 1553
f 1592 1497 1593
f 1529 1555 1554
f 1591 1497 1592
f 1529 1556 1555
f 1590 1497 1591
f 1529 1557 1556
f 1589 1497 1590
f 1529 1558 1557
f 1588 1497 1589
f 1529 1559 1558
f 1587 1497 1588
f 1529 1560 1559
f 1586 1497 1587
f 1529 1561 1560
f 1585 1497 1586
f 1529 1562 1561
f 1584 1497 1585
f 1529 1563 1562
f 1583 1497 1584
f 1529 1564 1563
f 1582 1497 1583
f 1529 1565 1564
f 1581 1497 1582
f 1497 1565 1529
f 1580 1497 1581
f 1497 1566 1565
f 1579 1497 1580
f 1497 1567 1566
f 1578 1497 1579
f 1497 1568 1567
f 1577 1497 1578
f 1497 1569 1568
f 1576 1497 1577
f 1497 1570 1569
f 1575 1497 1576
f 1497 1571 1570
f 1574 1497 1575
f 1497 1572 1571
f 1572 1497 1574
f 1603 1604 1605
f 1603 1605 1606
f 1607 1608 1609
f 1607 1609 1610
f 1611 1612 1613
f 1611 1613 1614
f 1615 1616 1617
f 1615 1617 1618
f 1619 1620 1621
f 1619 1621 1622
f 1623 1624 1625
f 1623 1625 1626
f 1627 1628 1629
f 1627 1629 1630
f 1631 1632 1633
f 1631 1633 1634
f 1635 1636 1637
f 1635 1637 1638
f 1639 1640 1641
f 1639 1641 1642
f 1643 1644 1645
f 1643 1645 1646
f 1647 1648 1649
f 1647 1649 1650
f 1651 1652 1653
f 1651 1653 1654
f 1655 1656 1657
f 1655 1657 1658
f 1659 1660 1661
f 1659 1661 1662
f 1663 1664 1665
f 1663 1665 1666
f 1667 1668 1669
f 1667 1669 1670
f 1671 1672 1673
f 1671 1673 1674
f 1675 1676 1677
f 1675 1677 1678
f 1679 1680 1681
f 1679 1681 1682
f 1683 1684 1685
f 1683 1685 1686
f 1687 1688 1689
f 1687 1689 1690
f 1691 1692 1693
f 1691 1693 1694
f 1695 1696 1697
f 1695 1697 1698
f 1699 1700 1701
f 1699 1701 1702
f 1703 1704 1705
f 1703 1705 1706
f 1707 1708 1709
f 1707 1709 1710
f 1711 1712 1713
f 1711 1713 1714
f 1715 1716 1717
f 1715 1717 1718
f 1719 1720 1721
f 1719 1721 1722
f 1723 1724 1725
f 1723 1725 1726
f 1727 1728 1729
f 1727 1729 1730
f 1731 1732 1733
f 1731 1733 1734
f 1735 1736 1737
f 1735 1737 1738
f 1739 1740 1741
f 1739 1741 1742
f 1743 1744 1745
f 1743 1745 1746
f 1747 1748 1749
f 1747 1749 1750
f 1751 1752 1753
f 1751 1753 1754
f 1755 1756 1757
f 1755 1757 1758
f 1759 1760 1761
f 1759 1761 1762
f 1763 1764 1765
f 1763 1765 1766
f 1767 1768 1769
f 1767 1769 1770
f 1771 1772 1773
f 1771 1773 1774
f 1775 1776 1777
f 1775 1777 1778
f 1779 1780 1781
f 1779 1781 1782
f 1783 1784 1785
f 1783 1785 1786
f 1787 1788 1789
f 1787 1789 1790
f 1791 1792 1793
f 1791 1793 1794
f 1795 1796 1797
f 1795 1797 1798
f 1799 1800 1801
f 1799 1801 1802
f 1803 1804 1805
f 1803 1805 1806
f 1807 1808 1809
f 1807 1809 1810
f 1811 1812 1813
f 1811 1813 1814
f 1815 1816 1817
f 1815 1817 1818
f 1819 1820 1821
f 1819 1821 1822
f 1823 1824 1825
f 1823 1825 1826
f 1827 1828 1829
f 1827 1829 1830
f 1831 1832 1833
f 1831 1833 1834
f 1835 1836 1837
f 1835 1837 1838
f 1839 1840 1841
f 1839 1841 1842
f 1843 1844 1845
f 1843 1845 1846
f 1847 1848 1849
f 1847 1849 1850
f 1851 1852 1853
f 1851 1853 1854
f 1855 1856 1857
f 1855 1857 1858
f 1859 1860 1861
f 1859 1861 1862
f 1863 1864 1865
f 1863 1865 1866
f 1867 1868 1869
f 1867 1869 1870
f 1871 1872 1873
f 1871 1873 1874
f 1875 1876 1877
f 1875 1877 1878
f 1879 1880 1881
f 1879 1881 1882
f 1883 1884 1885
f 1883 1885 1886
f 1887 1888 1889
f 1887 1889 1890
f 1891 1892 1893
f 1891 1893 1894
f 1895 1896 1897
f 1895 1897 1898
f 1899 1900 1901
f 1899 1901 1902
f 1903 1904 1905
f 1903 1905 1906
f 1907 1908 1909
f 1907 1909 1910
f 1911 1912 1913
f 1911 1913 1914
f 1915 1916 1917
f 1915 1917 1918
f 1919 1920 1921
f 1919 1921 1922
f 1923 1924 1925
f 1923 1925 1926
f 1927 1928 1929
f 1927 1929 1930
f 1931 1932 1933
f 1931 1933 1934
f 1935 1936 1937
f 1935 1937 1938
f 1939 1940 1941
f 1939 1941 1942
f 1943 1944 1945
f 1943 1945 1946
f 1947 1948 1949
f 1947 1949 1950
f 1951 1952 1953
f 1951 1953 1954
f 1955 1956 1957
f 1955 1957 1958
f 1959 1960 1961
f 1959 1961 1962
f 1963 1964 1965
f 1963 1965 1966
f 1967 1968 1969
f 1967 1969 1970
f 1971 1972 1973
f 1971 1973 1974
f 1975 1976 1977
f 1975 1977 1978
f 1979 1980 1981
f 1979 1981 1982
f 1983 1984 1985
f 1983 1985 1986
f 1987 1988 1989
f 1987 1989 1990
f 1991 1992 1993
f 1991 1993 1994
f 1995 1996 1997
f 1995 1997 1998
f 1999 2000 2001
f 1999 2001 2002
f 2003 2004 2005
f 2003 2005 2006
f 2007 2008 2009
f 2007 2009 2010
f 2011 2012 2013
f 2011 2013 2014
f 2015 2016 2017
f 2015 2017 2018
f 2019 2020 2021
f 2019 2021 2022
f 2023 2024 2025
f 2023 2025 2026
f 2027 2028 2029
f 2027 2029 2030
f 2031 2032 2033
f 2031 2033 2034
f 2035 2036 2037
f 2035 2037 2038
f 2039 2040 2041
f 2039 2041 2042
f 2043 2044 2045
f 2043 2045 2046
f 2047 2048 2049
f 2047 2049 2050
f 2051 2052 2053
f 2051 2053 2054
f 2055 2056 2057
f 2055 2057 2058
f 2059 2060 2061
f 2059 2061 2062
f 2063 2064 2065
f 2063 2065 2066
f 2067 2068 2069
f 2067 2069 2070
f 2071 2072 2073
f 2071 2073 2074
f 2075 2076 2077
f 2075 2077 2078
f 2079 2080 2081
f 2079 2081 2082
f 2083 2084 2085
f 2083 2085 2086
f 2087 2088 2089
f 2087 2089 2090
f 2091 2092 2093
f 2091 2093 2094
f 2095 2096 2097
f 2095 2097 2098
f 2099 2100 2101
f 2099 2101 2102
f 2103 2104 2105
f 2103 2105 2106
v -5.5902 -2.9389 0.7500
v -5.8407 -2.4387 0.7500
v -6.0202 -2.4387 0.7500
v -6.1967 -3.2751 0.7500
v -5.9875 -3.2751 0.7500
v -5.8826 -2.7766 0.7500
v -5.6316 -3.2751 0.7500
v -5.4514 -3.2751 0.7500
v -5.2745 -2.4387 0.7500
v -5.4852 -2.4387 0.7500
v -5.5902 -2.9389 -0.7500
v -5.8407 -2.4387 -0.7500
v -6.0202 -2.4387 -0.7500
v -6.1967 -3.2751 -0.7500
v -5.9875 -3.2751 -0.7500
v -5.8826 -2.7766 -0.7500
v -5.6316 -3.2751 -0.7500
v -5.4514 -3.2751 -0.7500
v -5.2745 -2.4387 -0.7500
v -5.4852 -2.4387 -0.7500
v -5.2745 -2.4387 -0.7500
v -5.4852 -2.4387 -0.7500
v -5.4852 -2.4387 0.7500
v -5.2745 -2.4387 0.7500
v -5.4852 -2.4387 -0.7500
v -5.5902 -2.9389 -0.7500
v -5.5902 -2.9389 0.7500
v -5.4852 -2.4387 0.7500
v -5.5902 -2.9389 -0.7500
v -5.8407 -2.4387 -0.7500
v -5.8407 -2.4387 0.7500
v -5.5902 -2.9389 0.7500
v -5.8407 -2.4387 -0.7500
v -6.0202 -2.4387 -0.7500
v -6.0202 -2.4387 0.7500
v -5.8407 -2.4387 0.7500
v -6.0202 -2.4387 -0.7500
v -6.1967 -3.2751 -0.7500
v -6.1967 -3.2751 0.7500
v -6.0202 -2.4387 0.7500
v -6.1967 -3.2751 -0.7500
v -5.9875 -3.2751 -0.7500
v -5.9875 -3.2751 0.7500
v -6.1967 -3.2751 0.7500
v -5.8826 -2.7766 -0.7500
v -5.6316 -3.2751 -0.7500
v -5.6316 -3.2751 0.7500
v -5.8826 -2.7766 0.7500
v -5.6316 -3.2751 -0.7500
v -5.4514 -3.2751 -0.7500
v -5.4514 -3.2751 0.7500
v -5.6316 -3.2751 0.7500
v -5.4514 -3.2751 -0.7500
v -5.2745 -2.4387 -0.7500
v -5.2745 -2.4387 0.7500
v -5.4514 -3.2751 0.7500
v -5.9875 -3.2751 -0.7500
v -5.8826 -2.7766 -0.7500
v -5.8826 -2.7766 0.7500
v -5.9875 -3.2751 0.7500
f 2115 2116 2107
f 2107 2108 2109
f 2109 2110 2111
f 2112 2113 2114
f 2114 2115 2107
f 2109 2111 2112
f 2112 2114 2107
f 2107 2109 2112
f 2125 2117 2126
f 2117 2119 2118
f 2119 2121 2120
f 2122 2124 2123
f 2124 2117 2125
f 2119 2122 2121
f 2122 2117 2124
f 2117 2122 2119
f 2127 2128 2129
f 2127 2129 2130
f 2131 2132 2133
f 2131 2133 2134
f 2135 2136 2137
f 2135 2137 2138
f 2139 2140 2141
f 2139 2141 2142
f 2143 2144 2145
f 2143 2145 2146
f 2147 2148 2149
f 2147 2149 2150
f 2151 2152 2153
f 2151 2153 2154
f 2155 2156 2157
f 2155 2157 2158
f 2159 2160 2161
f 2159 2161 2162
f 2163 2164 2165
f 2163 2165 2166
v -1.0265 -3.2843 0.7500
v -1.0065 -3.2864 0.7500
v -0.9860 -3.2877 0.7500
v -0.9651 -3.2881 0.7500
v -0.9287 -3.2873 0.7500
v -0.8935 -3.2847 0.7500
v -0.8597 -3.2810 0.7500
v -0.8275 -3.2751 0.7500
v -0.7965 -3.2680 0.7500
v -0.7668 -3.2588 0.7500
v -0.7388 -3.2484 0.7500
v -0.7120 -3.2362 0.7500
v -0.6865 -3.2224 0.7500
v -0.6623 -3.2070 0.7500
v -0.6397 -3.1898 0.7500
v -0.6188 -3.1710 0.7500
v -0.5995 -3.1505 0.7500
v -0.5820 -3.1279 0.7500
v -0.5657 -3.1041 0.7500
v -0.5510 -3.0781 0.7500
v -0.5385 -3.0505 0.7500
v -0.5268 -3.0208 0.7500
v -0.5171 -2.9899 0.7500
v -0.5092 -2.9569 0.7500
v -0.4000 -2.4387 0.7500
v -0.6091 -2.4387 0.7500
v -0.7145 -2.9376 0.7500
v -0.7183 -2.9544 0.7500
v -0.7229 -2.9707 0.7500
v -0.7279 -2.9857 0.7500
v -0.7338 -2.9999 0.7500
v -0.7405 -3.0133 0.7500
v -0.7476 -3.0259 0.7500
v -0.7551 -3.0376 0.7500
v -0.7635 -3.0485 0.7500
v -0.7723 -3.0585 0.7500
v -0.7819 -3.0673 0.7500
v -0.7923 -3.0756 0.7500
v -0.8036 -3.0827 0.7500
v -0.8158 -3.0890 0.7500
v -0.8287 -3.0949 0.7500
v -0.8429 -3.0995 0.7500
v -0.8580 -3.1032 0.7500
v -0.8739 -3.1062 0.7500
v -0.8910 -3.1087 0.7500
v -0.9086 -3.1099 0.7500
v -0.9274 -3.1103 0.7500
v -0.9458 -3.1099 0.7500
v -0.9630 -3.1087 0.7500
v -0.9784 -3.1062 0.7500
v -0.9931 -3.1032 0.7500
v -1.0060 -3.0995 0.7500
v -1.0182 -3.0949 0.7500
v -1.0286 -3.0890 0.7500
v -1.0378 -3.0827 0.7500
v -1.0462 -3.0756 0.7500
v -1.0529 -3.0673 0.7500
v -1.0583 -3.0585 0.7500
v -1.0629 -3.0485 0.7500
v -1.0667 -3.0376 0.7500
v -1.0692 -3.0259 0.7500
v -1.0713 -3.0133 0.7500
v -1.0717 -2.9999 0.7500
v -1.0717 -2.9857 0.7500
v -1.0705 -2.9707 0.7500
v -1.0684 -2.9544 0.7500
v -1.0650 -2.9376 0.7500
v -0.9600 -2.4387 0.7500
v -1.1692 -2.4387 0.7500
v -1.2783 -2.9569 0.7500
v -1.2817 -2.9765 0.7500
v -1.2842 -2.9958 0.7500
v -1.2854 -3.0146 0.7500
v -1.2858 -3.0330 0.7500
v -1.2850 -3.0505 0.7500
v -1.2829 -3.0677 0.7500
v -1.2800 -3.0844 0.7500
v -1.2758 -3.1007 0.7500
v -1.2704 -3.1166 0.7500
v -1.2637 -3.1317 0.7500
v -1.2566 -3.1463 0.7500
v -1.2482 -3.1601 0.7500
v -1.2390 -3.1735 0.7500
v -1.2290 -3.1860 0.7500
v -1.2177 -3.1978 0.7500
v -1.2060 -3.2091 0.7500
v -1.1934 -3.2195 0.7500
v -1.1800 -3.2295 0.7500
v -1.1654 -3.2387 0.7500
v -1.1503 -3.2471 0.7500
v -1.1340 -3.2551 0.7500
v -1.1177 -3.2622 0.7500
v -1.1006 -3.2680 0.7500
v -1.0830 -3.2735 0.7500
v -1.0646 -3.2781 0.7500
v -1.0458 -3.2814 0.7500
v -1.0265 -3.2843 -0.7500
v -1.0065 -3.2864 -0.7500
v -0.9860 -3.2877 -0.7500
v -0.9651 -3.2881 -0.7500
v -0.9287 -3.2873 -0.7500
v -0.8935 -3.2847 -0.7500
v -0.8597 -3.2810 -0.7500
v -0.8275 -3.2751 -0.7500
v -0.7965 -3.2680 -0.7500
v -0.7668 -3.2588 -0.7500
v -0.7388 -3.2484 -0.7500
v -0.7120 -3.2362 -0.7500
v -0.6865 -3.2224 -0.7500
v -0.6623 -3.2070 -0.7500
v -0.6397 -3.1898 -0.7500
v -0.6188 -3.1710 -0.7500
v -0.5995 -3.1505 -0.7500
v -0.5820 -3.1279 -0.7500
v -0.5657 -3.1041 -0.7500
v -0.5510 -3.0781 -0.7500
v -0.5385 -3.0505 -0.7500
v -0.5268 -3.0208 -0.7500
v -0.5171 -2.9899 -0.7500
v -0.5092 -2.9569 -0.7500
v -0.4000 -2.4387 -0.7500
v -0.6091 -2.4387 -0.7500
v -0.7145 -2.9376 -0.7500
v -0.7183 -2.9544 -0.7500
v -0.7229 -2.9707 -0.7500
v -0.7279 -2.9857 -0.7500
v -0.7338 -2.9999 -0.7500
v -0.7405 -3.0133 -0.7500
v -0.7476 -3.0259 -0.7500
v -0.7551 -3.0376 -0.7500
v -0.7635 -3.0485 -0.7500
v -0.7723 -3.0585 -0.7500
v -0.7819 -3.0673 -0.7500
v -0.7923 -3.0756 -0.7500
v -0.8036 -3.0827 -0.7500
v -0.8158 -3.0890 -0.7500
v -0.8287 -3.0949 -0.7500
v -0.8429 -3.0995 -0.7500
v -0.8580 -3.1032 -0.7500
v -0.8739 -3.1062 -0.7500
v -0.8910 -3.1087 -0.7500
v -0.9086 -3.1099 -0.7500
v -0.9274 -3.1103 -0.7500
v -0.9458 -3.1099 -0.7500
v -0.9630 -3.1087 -0.7500
v -0.9784 -3.1062 -0.7500
v -0.9931 -3.1032 -0.7500
v -1.0060 -3.0995 -0.7500
v -1.0182 -3.0949 -0.7500
v -1.0286 -3.0890 -0.7500
v -1.0378 -3.0827 -0.7500
v -1.0462 -3.0756 -0.7500
v -1.0529 -3.0673 -0.7500
v -1.0583 -3.0585 -0.7500
v -1.0629 -3.0485 -0.7500
v -1.0667 -3.0376 -0.7500
v -1.0692 -3.0259 -0.7500
v -1.0713 -3.0133 -0.7500
v -1.0717 -2.9999 -0.7500
v -1.0717 -2.9857 -0.7500
v -1.0705 -2.9707 -0.7500
v -1.0684 -2.9544 -0.7500
v -1.0650 -2.9376 -0.7500
v -0.9600 -2.4387 -0.7500
v -1.1692 -2.4387 -0.7500
v -1.2783 -2.9569 -0.7500
v -1.2817 -2.9765 -0.7500
v -1.2842 -2.9958 -0.7500
v -1.2854 -3.0146 -0.7500
v -1.2858 -3.0330 -0.7500
v -1.2850 -3.0505 -0.7500
v -1.2829 -3.0677 -0.7500
v -1.2800 -3.0844 -0.7500
v -1.2758 -3.1007 -0.7500
v -1.2704 -3.1166 -0.7500
v -1.2637 -3.1317 -0.7500
v -1.2566 -3.1463 -0.7500
v -1.2482 -3.1601 -0.7500
v -1.2390 -3.1735 -0.7500
v -1.2290 -3.1860 -0.7500
v -1.2177 -3.1978 -0.7500
v -1.2060 -3.2091 -0.7500
v -1.1934 -3.2195 -0.7500
v -1.1800 -3.2295 -0.7500
v -1.1654 -3.2387 -0.7500
v -1.1503 -3.2471 -0.7500
v -1.1340 -3.2551 -0.7500
v -1.1177 -3.2622 -0.7500
v -1.1006 -3.2680 -0.7500
v -1.0830 -3.2735 -0.7500
v -1.0646 -3.2781 -0.7500
v -1.0458 -3.2814 -0.7500
v -1.0646 -3.2781 -0.7500
v -1.0458 -3.2814 -0.7500
v -1.0458 -3.2814 0.7500
v -1.0646 -3.2781 0.7500
v -1.0458 -3.2814 -0.7500
v -1.0265 -3.2843 -0.7500
v -1.0265 -3.2843 0.7500
v -1.0458 -3.2814 0.7500
v -1.0265 -3.2843 -0.7500
v -1.0065 -3.2864 -0.7500
v -1.0065 -3.2864 0.7500
v -1.0265 -3.2843 0.7500
v -1.0065 -3.2864 -0.7500
v -0.9860 -3.2877 -0.7500
v -0.9860 -3.2877 0.7500
v -1.0065 -3.2864 0.7500
v -0.9860 -3.2877 -0.7500
v -0.9651 -3.2881 -0.7500
v -0.9651 -3.2881 0.7500
v -0.9860 -3.2877 0.7500
v -0.9651 -3.2881 -0.7500
v -0.9287 -3.2873 -0.7500
v -0.9287 -3.2873 0.7500
v -0.9651 -3.2881 0.7500
v -0.9287 -3.2873 -0.7500
v -0.8935 -3.2847 -0.7500
v -0.8935 -3.2847 0.7500
v -0.9287 -3.2873 0.7500
v -0.8935 -3.2847 -0.7500
v -0.8597 -3.2810 -0.7500
v -0.8597 -3.2810 0.7500
v -0.8935 -3.2847 0.7500
v -0.8597 -3.2810 -0.7500
v -0.8275 -3.2751 -0.7500
v -0.8275 -3.2751 0.7500
v -0.8597 -3.2810 0.7500
v -0.8275 -3.2751 -0.7500
v -0.7965 -3.2680 -0.7500
v -0.7965 -3.2680 0.7500
v -0.8275 -3.2751 0.7500
v -0.7965 -3.2680 -0.7500
v -0.7668 -3.2588 -0.7500
v -0.7668 -3.2588 0.7500
v -0.7965 -3.2680 0.7500
v -0.7668 -3.2588 -0.7500
v -0.7388 -3.2484 -0.7500
v -0.7388 -3.2484 0.7500
v -0.7668 -3.2588 0.7500
v -0.7388 -3.2484 -0.7500
v -0.7120 -3.2362 -0.7500
v -0.7120 -3.2362 0.7500
v -0.7388 -3.2484 0.7500
v -0.7120 -3.2362 -0.7500
v -0.6865 -3.2224 -0.7500
v -0.6865 -3.2224 0.7500
v -0.7120 -3.2362 0.7500
v -0.6865 -3.2224 -0.7500
v -0.6623 -3.2070 -0.7500
v -0.6623 -3.2070 0.7500
v -0.6865 -3.2224 0.7500
v -0.6623 -3.2070 -0.7500
v -0.6397 -3.1898 -0.7500
v -0.6397 -3.1898 0.7500
v -0.6623 -3.2070 0.7500
v -0.6397 -3.1898 -0.7500
v -0.6188 -3.1710 -0.7500
v -0.6188 -3.1710 0.7500
v -0.6397 -3.1898 0.7500
v -0.6188 -3.1710 -0.7500
v -0.5995 -3.1505 -0.7500
v -0.5995 -3.1505 0.7500
v -0.6188 -3.1710 0.7500
v -0.5995 -3.1505 -0.7500
v -0.5820 -3.1279 -0.7500
v -0.5820 -3.1279 0.7500
v -0.5995 -3.1505 0.7500
v -0.5820 -3.1279 -0.7500
v -0.5657 -3.1041 -0.7500
v -0.5657 -3.1041 0.7500
v -0.5820 -3.1279 0.7500
v -0.5657 -3.1041 -0.7500
v -0.5510 -3.0781 -0.7500
v -0.5510 -3.0781 0.7500
v -0.5657 -3.1041 0.7500
v -0.5510 -3.0781 -0.7500
v -0.5385 -3.0505 -0.7500
v -0.5385 -3.0505 0.7500
v -0.5510 -3.0781 0.7500
v -0.5385 -3.0505 -0.7500
v -0.5268 -3.0208 -0.7500
v -0.5268 -3.0208 0.7500
v -0.5385 -3.0505 0.7500
v -0.5268 -3.0208 -0.7500
v -0.5171 -2.9899 -0.7500
v -0.5171 -2.9899 0.7500
v -0.5268 -3.0208 0.7500
v -0.5171 -2.9899 -0.7500
v -0.5092 -2.9569 -0.7500
v -0.5092 -2.9569 0.7500
v -0.5171 -2.9899 0.7500
v -0.5092 -2.9569 -0.7500
v -0.4000 -2.4387 -0.7500
v -0.4000 -2.4387 0.7500
v -0.5092 -2.9569 0.7500
v -0.4000 -2.4387 -0.7500
v -0.6091 -2.4387 -0.7500
v -0.6091 -2.4387 0.7500
v -0.4000 -2.4387 0.7500
v -0.6091 -2.4387 -0.7500
v -0.7145 -2.9376 -0.7500
v -0.7145 -2.9376 0.7500
v -0.6091 -2.4387 0.7500
v -1.0650 -2.9376 -0.7500
v -0.9600 -2.4387 -0.7500
v -0.9600 -2.4387 0.7500
v -1.0650 -2.9376 0.7500
v -0.9600 -2.4387 -0.7500
v -1.1692 -2.4387 -0.7500
v -1.1692 -2.4387 0.7500
v -0.9600 -2.4387 0.7500
v -1.1692 -2.4387 -0.7500
v -1.2783 -2.9569 -0.7500
v -1.2783 -2.9569 0.7500
v -1.1692 -2.4387 0.7500
v -1.2783 -2.9569 -0.7500
v -1.2817 -2.9765 -0.7500
v -1.2817 -2.9765 0.7500
v -1.2783 -2.9569 0.7500
v -1.2817 -2.9765 -0.7500
v -1.2842 -2.9958 -0.7500
v -1.2842 -2.9958 0.7500
v -1.2817 -2.9765 0.7500
v -1.2842 -2.9958 -0.7500
v -1.2854 -3.0146 -0.7500
v -1.2854 -3.0146 0.7500
v -1.2842 -2.9958 0.7500
v -1.2854 -3.0146 -0.7500
v -1.2858 -3.0330 -0.7500
v -1.2858 -3.0330 0.7500
v -1.2854 -3.0146 0.7500
v -1.2858 -3.0330 -0.7500
v -1.2850 -3.0505 -0.7500
v -1.2850 -3.0505 0.7500
v -1.2858 -3.0330 0.7500
v -1.2850 -3.0505 -0.7500
v -1.2829 -3.0677 -0.7500
v -1.2829 -3.0677 0.7500
v -1.2850 -3.0505 0.7500
v -1.2829 -3.0677 -0.7500
v -1.2800 -3.0844 -0.7500
v -1.2800 -3.0844 0.7500
v -1.2829 -3.0677 0.7500
v -1.2800 -3.0844 -0.7500
v -1.2758 -3.1007 -0.7500
v -1.2758 -3.1007 0.7500
v -1.2800 -3.0844 0.7500
v -1.2758 -3.1007 -0.7500
v -1.2704 -3.1166 -0.7500
v -1.2704 -3.1166 0.7500
v -1.2758 -3.1007 0.7500
v -1.2704 -3.1166 -0.7500
v -1.2637 -3.1317 -0.7500
v -1.2637 -3.1317 0.7500
v -1.2704 -3.1166 0.7500
v -1.2637 -3.1317 -0.7500
v -1.2566 -3.1463 -0.7500
v -1.2566 -3.1463 0.7500
v -1.2637 -3.1317 0.7500
v -1.2566 -3.1463 -0.7500
v -1.2482 -3.1601 -0.7500
v -1.2482 -3.1601 0.7500
v -1.2566 -3.1463 0.7500
v -1.2482 -3.1601 -0.7500
v -1.2390 -3.1735 -0.7500
v -1.2390 -3.1735 0.7500
v -1.2482 -3.1601 0.7500
v -1.2390 -3.1735 -0.7500
v -1.2290 -3.1860 -0.7500
v -1.2290 -3.1860 0.7500
v -1.2390 -3.1735 0.7500
v -1.2290 -3.1860 -0.7500
v -1.2177 -3.1978 -0.7500
v -1.2177 -3.1978 0.7500
v -1.2290 -3.1860 0.7500
v -1.2177 -3.1978 -0.7500
v -1.2060 -3.2091 -0.7500
v -1.2060 -3.2091 0.7500
v -1.2177 -3.1978 0.7500
v -1.2060 -3.2091 -0.7500
v -1.1934 -3.2195 -0.7500
v -1.1934 -3.2195 0.7500
v -1.2060 -3.2091 0.7500
v -1.1934 -3.2195 -0.7500
v -1.1800 -3.2295 -0.7500
v -1.1800 -3.2295 0.7500
v -1.1934 -3.2195 0.7500
v -1.1800 -3.2295 -0.7500
v -1.1654 -3.2387 -0.7500
v -1.1654 -3.2387 0.7500
v -1.1800 -3.2295 0.7500
v -1.1654 -3.2387 -0.7500
v -1.1503 -3.2471 -0.7500
v -1.1503 -3.2471 0.7500
v -1.1654 -3.2387 0.7500
v -1.1503 -3.2471 -0.7500
v -1.1340 -3.2551 -0.7500
v -1.1340 -3.2551 0.7500
v -1.1503 -3.2471 0.7500
v -1.1340 -3.2551 -0.7500
v -1.1177 -3.2622 -0.7500
v -1.1177 -3.2622 0.7500
v -1.1340 -3.2551 0.7500
v -1.1177 -3.2622 -0.7500
v -1.1006 -3.2680 -0.7500
v -1.1006 -3.2680 0.7500
v -1.1177 -3.2622 0.7500
v -1.1006 -3.2680 -0.7500
v -1.0830 -3.2735 -0.7500
v -1.0830 -3.2735 0.7500
v -1.1006 -3.2680 0.7500
v -1.0830 -3.2735 -0.7500
v -1.0646 -3.2781 -0.7500
v -1.0646 -3.2781 0.7500
v -1.0830 -3.2735 0.7500
v -1.0684 -2.9544 -0.7500
v -1.0650 -2.9376 -0.7500
v -1.0650 -2.9376 0.7500
v -1.0684 -2.9544 0.7500
v -1.0705 -2.9707 -0.7500
v -1.0684 -2.9544 -0.7500
v -1.0684 -2.9544 0.7500
v -1.0705 -2.9707 0.7500
v -1.0717 -2.9857 -0.7500
v -1.0705 -2.9707 -0.7500
v -1.0705 -2.9707 0.7500
v -1.0717 -2.9857 0.7500
v -0.7145 -2.9376 -0.7500
v -0.7183 -2.9544 -0.7500
v -0.7183 -2.9544 0.7500
v -0.7145 -2.9376 0.7500
v -1.0717 -2.9999 -0.7500
v -1.0717 -2.9857 -0.7500
v -1.0717 -2.9857 0.7500
v -1.0717 -2.9999 0.7500
v -0.7183 -2.9544 -0.7500
v -0.7229 -2.9707 -0.7500
v -0.7229 -2.9707 0.7500
v -0.7183 -2.9544 0.7500
v -1.0713 -3.0133 -0.7500
v -1.0717 -2.9999 -0.7500
v -1.0717 -2.9999 0.7500
v -1.0713 -3.0133 0.7500
v -0.7229 -2.9707 -0.7500
v -0.7279 -2.9857 -0.7500
v -0.7279 -2.9857 0.7500
v -0.7229 -2.9707 0.7500
v -1.0692 -3.0259 -0.7500
v -1.0713 -3.0133 -0.7500
v -1.0713 -3.0133 0.7500
v -1.0692 -3.0259 0.7500
v -0.7279 -2.9857 -0.7500
v -0.7338 -2.9999 -0.7500
v -0.7338 -2.9999 0.7500
v -0.7279 -2.9857 0.7500
v -0.7338 -2.9999 -0.7500
v -0.7405 -3.0133 -0.7500
v -0.7405 -3.0133 0.7500
v -0.7338 -2.9999 0.7500
v -1.0667 -3.0376 -0.7500
v -1.0692 -3.0259 -0.7500
v -1.0692 -3.0259 0.7500
v -1.0667 -3.0376 0.7500
v -0.7405 -3.0133 -0.7500
v -0.7476 -3.0259 -0.7500
v -0.7476 -3.0259 0.7500
v -0.7405 -3.0133 0.7500
v -1.0629 -3.0485 -0.7500
v -1.0667 -3.0376 -0.7500
v -1.0667 -3.0376 0.7500
v -1.0629 -3.0485 0.7500
v -0.7476 -3.0259 -0.7500
v -0.7551 -3.0376 -0.7500
v -0.7551 -3.0376 0.7500
v -0.7476 -3.0259 0.7500
v -1.0583 -3.0585 -0.7500
v -1.0629 -3.0485 -0.7500
v -1.0629 -3.0485 0.7500
v -1.0583 -3.0585 0.7500
v -0.7551 -3.0376 -0.7500
v -0.7635 -3.0485 -0.7500
v -0.7635 -3.0485 0.7500
v -0.7551 -3.0376 0.7500
v -1.0529 -3.0673 -0.7500
v -1.0583 -3.0585 -0.7500
v -1.0583 -3.0585 0.7500
v -1.0529 -3.0673 0.7500
v -0.7635 -3.0485 -0.7500
v -0.7723 -3.0585 -0.7500
v -0.7723 -3.0585 0.7500
v -0.7635 -3.0485 0.7500
v -1.0462 -3.0756 -0.7500
v -1.0529 -3.0673 -0.7500
v -1.0529 -3.0673 0.7500
v -1.0462 -3.0756 0.7500
v -0.7723 -3.0585 -0.7500
v -0.7819 -3.0673 -0.7500
v -0.7819 -3.0673 0.7500
v -0.7723 -3.0585 0.7500
v -1.0378 -3.0827 -0.7500
v -1.0462 -3.0756 -0.7500
v -1.0462 -3.0756 0.7500
v -1.0378 -3.0827 0.7500
v -0.7819 -3.0673 -0.7500
v -0.7923 -3.0756 -0.7500
v -0.7923 -3.0756 0.7500
v -0.7819 -3.0673 0.7500
v -1.0286 -3.0890 -0.7500
v -1.0378 -3.0827 -0.7500
v -1.0378 -3.0827 0.7500
v -1.0286 -3.0890 0.7500
v -0.7923 -3.0756 -0.7500
v -0.8036 -3.0827 -0.7500
v -0.8036 -3.0827 0.7500
v -0.7923 -3.0756 0.7500
v -1.0182 -3.0949 -0.7500
v -1.0286 -3.0890 -0.7500
v -1.0286 -3.0890 0.7500
v -1.0182 -3.0949 0.7500
v -0.8036 -3.0827 -0.7500
v -0.8158 -3.0890 -0.7500
v -0.8158 -3.0890 0.7500
v -0.8036 -3.0827 0.7500
v -1.0060 -3.0995 -0.7500
v -1.0182 -3.0949 -0.7500
v -1.0182 -3.0949 0.7500
v -1.0060 -3.0995 0.7500
v -0.8158 -3.0890 -0.7500
v -0.8287 -3.0949 -0.7500
v -0.8287 -3.0949 0.7500
v -0.8158 -3.0890 0.7500
v -0.9931 -3.1032 -0.7500
v -1.0060 -3.0995 -0.7500
v -1.0060 -3.0995 0.7500
v -0.9931 -3.1032 0.7500
v -0.8287 -3.0949 -0.7500
v -0.8429 -3.0995 -0.7500
v -0.8429 -3.0995 0.7500
v -0.8287 -3.0949 0.7500
v -0.9784 -3.1062 -0.7500
v -0.9931 -3.1032 -0.7500
v -0.9931 -3.1032 0.7500
v -0.9784 -3.1062 0.7500
v -0.9630 -3.1087 -0.7500
v -0.9784 -3.1062 -0.7500
v -0.9784 -3.1062 0.7500
v -0.9630 -3.1087 0.7500
v -0.8429 -3.0995 -0.7500
v -0.8580 -3.1032 -0.7500
v -0.8580 -3.1032 0.7500
v -0.8429 -3.0995 0.7500
v -0.9458 -3.1099 -0.7500
v -0.9630 -3.1087 -0.7500
v -0.9630 -3.1087 0.7500
v -0.9458 -3.1099 0.7500
v -0.8580 -3.1032 -0.7500
v -0.8739 -3.1062 -0.7500
v -0.8739 -3.1062 0.7500
v -0.8580 -3.1032 0.7500
v -0.9274 -3.1103 -0.7500
v -0.9458 -3.1099 -0.7500
v -0.9458 -3.1099 0.7500
v -0.9274 -3.1103 0.7500
v -0.8739 -3.1062 -0.7500
v -0.8910 -3.1087 -0.7500
v -0.8910 -3.1087 0.7500
v -0.8739 -3.1062 0.7500
v -0.9086 -3.1099 -0.7500
v -0.9274 -3.1103 -0.7500
v -0.9274 -3.1103 0.7500
v -0.9086 -3.1099 0.7500
v -0.8910 -3.1087 -0.7500
v -0.9086 -3.1099 -0.7500
v -0.9086 -3.1099 0.7500
v -0.8910 -3.1087 0.7500
f 2261 2262 2167
f 2167 2168 2169
f 2169 2170 2171
f 2171 2172 2173
f 2173 2174 2175
f 2175 2176 2177
f 2177 2178 2179
f 2179 2180 2181
f 2181 2182 2183
f 2183 2184 2185
f 2185 2186 2187
f 2187 2188 2189
f 2189 2190 2191
f 2191 2192 2193
f 2233 2234 2235
f 2235 2236 2237
f 2237 2238 2239
f 2239 2240 2241
f 2241 2242 2243
f 2243 2244 2245
f 2245 2246 2247
f 2247 2248 2249
f 2249 2250 2251
f 2251 2252 2253
f 2253 2254 2255
f 2255 2256 2257
f 2257 2258 2259
f 2259 2260 2261
f 2261 2167 2169
f 2169 2171 2173
f 2173 2175 2177
f 2177 2179 2181
f 2181 2183 2185
f 2185 2187 2189
f 2189 2191 2193
f 2232 2233 2235
f 2235 2237 2239
f 2239 2241 2243
f 2243 2245 2247
f 2247 2249 2251
f 2251 2253 2255
f 2255 2257 2259
f 2259 2261 2169
f 2169 2173 2177
f 2177 2181 2185
f 2185 2189 2193
f 2231 2232 2235
f 2235 2239 2243
f 2243 2247 2251
f 2251 2255 2259
f 2259 2169 2177
f 2177 2185 2193
f 2230 2231 2235
f 2235 2243 2251
f 2251 2259 2177
f 2177 2193 2194
f 2229 2230 2235
f 2177 2194 2195
f 2228 2229 2235
f 2177 2195 2196
f 2227 2228 2235
f 2177 2196 2197
f 2227 2235 2251
f 2177 2197 2198
f 2226 2227 2251
f 2177 2198 2199
f 2225 2226 2251
f 2177 2199 2200
f 2224 2225 2251
f 2177 2200 2201
f 2223 2224 2251
f 2177 2201 2202
f 2222 2223 2251
f 2177 2202 2203
f 2221 2222 2251
f 2177 2203 2204
f 2220 2221 2251
f 2177 2204 2205
f 2219 2220 2251
f 2177 2205 2206
f 2218 2219 2251
f 2177 2206 2207
f 2217 2218 2251
f 2177 2207 2208
f 2216 2217 2251
f 2251 2177 2208
f 2215 2216 2251
f 2251 2208 2209
f 2214 2215 2251
f 2251 2209 2210
f 2213 2214 2251
f 2251 2210 2211
f 2212 2213 2251
f 2251 2211 2212
f 2357 2263 2358
f 2263 2265 2264
f 2265 2267 2266
f 2267 2269 2268
f 2269 2271 2270
f 2271 2273 2272
f 2273 2275 2274
f 2275 2277 2276
f 2277 2279 2278
f 2279 2281 2280
f 2281 2283 2282
f 2283 2285 2284
f 2285 2287 2286
f 2287 2289 2288
f 2329 2331 2330
f 2331 2333 2332
f 2333 2335 2334
f 2335 2337 2336
f 2337 2339 2338
f 2339 2341 2340
f 2341 2343 2342
f 2343 2345 2344
f 2345 2347 2346
f 2347 2349 2348
f 2349 2351 2350
f 2351 2353 2352
f 2353 2355 2354
f 2355 2357 2356
f 2357 2265 2263
f 2265 2269 2267
f 2269 2273 2271
f 2273 2277 2275
f 2277 2281 2279
f 2281 2285 2283
f 2285 2289 2287
f 2328 2331 2329
f 2331 2335 2333
f 2335 2339 2337
f 2339 2343 2341
f 2343 2347 2345
f 2347 2351 2349
f 2351 2355 2353
f 2355 2265 2357
f 2265 2273 2269
f 2273 2281 2277
f 2281 2289 2285
f 2327 2331 2328
f 2331 2339 2335
f 2339 2347 2343
f 2347 2355 2351
f 2355 2273 2265
f 2273 2289 2281
f 2326 2331 2327
f 2331 2347 2339
f 2347 2273 2355
f 2273 2290 2289
f 2325 2331 2326
f 2273 2291 2290
f 2324 2331 2325
f 2273 2292 2291
f 2323 2331 2324
f 2273 2293 2292
f 2323 2347 2331
f 2273 2294 2293
f 2322 2347 2323
f 2273 2295 2294
f 2321 2347 2322
f 2273 2296 2295
f 2320 2347 2321
f 2273 2297 2296
f 2319 2347 2320
f 2273 2298 2297
f 2318 2347 2319
f 2273 2299 2298
f 2317 2347 2318
f 2273 2300 2299
f 2316 2347 2317
f 2273 2301 2300
f 2315 2347 2316
f 2273 2302 2301
f 2314 2347 2315
f 2273 2303 2302
f 2313 2347 2314
f 2273 2304 2303
f 2312 2347 2313
f 2347 2304 2273
f 2311 2347 2312
f 2347 2305 2304
f 2310 2347 2311
f 2347 2306 2305
f 2309 2347 2310
f 2347 2307 2306
f 2308 2347 2309
f 2347 2308 2307
f 2359 2360 2361
f 2359 2361 2362
f 2363 2364 2365
f 2363 2365 2366
f 2367 2368 2369
f 2367 2369 2370
f 2371 2372 2373
f 2371 2373 2374
f 2375 2376 2377
f 2375 2377 2378
f 2379 2380 2381
f 2379 2381 2382
f 2383 2384 2385
f 2383 2385 2386
f 2387 2388 2389
f 2387 2389 2390
f 2391 2392 2393
f 2391 2393 2394
f 2395 2396 2397
f 2395 2397 2398
f 2399 2400 2401
f 2399 2401 2402
f 2403 2404 2405
f 2403 2405 2406
f 2407 2408 2409
f 2407 2409 2410
f 2411 2412 2413
f 2411 2413 2414
f 2415 2416 2417
f 2415 2417 2418
f 2419 2420 2421
f 2419 2421 2422
f 2423 2424 2425
f 2423 2425 2426
f 2427 2428 2429
f 2427 2429 2430
f 2431 2432 2433
f 2431 2433 2434
f 2435 2436 2437
f 2435 2437 2438
f 2439 2440 2441
f 2439 2441 2442
f 2443 2444 2445
f 2443 2445 2446
f 2447 2448 2449
f 2447 2449 2450
f 2451 2452 2453
f 2451 2453 2454
f 2455 2456 2457
f 2455 2457 2458
f 2459 2460 2461
f 2459 2461 2462
f 2463 2464 2465
f 2463 2465 2466
f 2467 2468 2469
f 2467 2469 2470
f 2471 2472 2473
f 2471 2473 2474
f 2475 2476 2477
f 2475 2477 2478
f 2479 2480 2481
f 2479 2481 2482
f 2483 2484 2485
f 2483 2485 2486
f 2487 2488 2489
f 2487 2489 2490
f 2491 2492 2493
f 2491 2493 2494
f 2495 2496 2497
f 2495 2497 2498
f 2499 2500 2501
f 2499 2501 2502
f 2503 2504 2505
f 2503 2505 2506
f 2507 2508 2509
f 2507 2509 2510
f 2511 2512 2513
f 2511 2513 2514
f 2515 2516 2517
f 2515 2517 2518
f 2519 2520 2521
f 2519 2521 2522
f 2523 2524 2525
f 2523 2525 2526
f 2527 2528 2529
f 2527 2529 2530
f 2531 2532 2533
f 2531 2533 2534
f 2535 2536 2537
f 2535 2537 2538
f 2539 2540 2541
f 2539 2541 2542
f 2543 2544 2545
f 2543 2545 2546
f 2547 2548 2549
f 2547 2549 2550
f 2551 2552 2553
f 2551 2553 2554
f 2555 2556 2557
f 2555 2557 2558
f 2559 2560 2561
f 2559 2561 2562
f 2563 2564 2565
f 2563 2565 2566
f 2567 2568 2569
f 2567 2569 2570
f 2571 2572 2573
f 2571 2573 2574
f 2575 2576 2577
f 2575 2577 2578
f 2579 2580 2581
f 2579 2581 2582
f 2583 2584 2585
f 2583 2585 2586
f 2587 2588 2589
f 2587 2589 2590
f 2591 2592 2593
f 2591 2593 2594
f 2595 2596 2597
f 2595 2597 2598
f 2599 2600 2601
f 2599 2601 2602
f 2603 2604 2605
f 2603 2605 2606
f 2607 2608 2609
f 2607 2609 2610
f 2611 2612 2613
f 2611 2613 2614
f 2615 2616 2617
f 2615 2617 2618
f 2619 2620 2621
f 2619 2621 2622
f 2623 2624 2625
f 2623 2625 2626
f 2627 2628 2629
f 2627 2629 2630
f 2631 2632 2633
f 2631 2633 2634
f 2635 2636 2637
f 2635 2637 2638
f 2639 2640 2641
f 2639 2641 2642
f 2643 2644 2645
f 2643 2645 2646
f 2647 2648 2649
f 2647 2649 2650
f 2651 2652 2653
f 2651 2653 2654
f 2655 2656 2657
f 2655 2657 2658
f 2659 2660 2661
f 2659 2661 2662
f 2663 2664 2665
f 2663 2665 2666
f 2667 2668 2669
f 2667 2669 2670
f 2671 2672 2673
f 2671 2673 2674
f 2675 2676 2677
f 2675 2677 2678
f 2679 2680 2681
f 2679 2681 2682
f 2683 2684 2685
f 2683 2685 2686
f 2687 2688 2689
f 2687 2689 2690
f 2691 2692 2693
f 2691 2693 2694
f 2695 2696 2697
f 2695 2697 2698
f 2699 2700 2701
f 2699 2701 2702
f 2703 2704 2705
f 2703 2705 2706
f 2707 2708 2709
f 2707 2709 2710
f 2711 2712 2713
f 2711 2713 2714
f 2715 2716 2717
f 2715 2717 2718
f 2719 2720 2721
f 2719 2721 2722
f 2723 2724 2725
f 2723 2725 2726
f 2727 2728 2729
f 2727 2729 2730
f 2731 2732 2733
f 2731 2733 2734
f 2735 2736 2737
f 2735 2737 2738
f 2739 2740 2741
f 2739 2741 2742
v -7.2175 -2.5997 0.7500
v -6.8098 -2.5997 0.7500
v -6.7759 -2.4387 0.7500
v -7.3932 -2.4387 0.7500
v -7.5697 -3.2751 0.7500
v -6.9528 -3.2751 0.7500
v -6.9189 -3.1141 0.7500
v -7.3267 -3.1141 0.7500
v -7.2891 -2.9389 0.7500
v -6.9294 -2.9389 0.7500
v -6.8955 -2.7749 0.7500
v -7.2552 -2.7749 0.7500
v -7.2175 -2.5997 -0.7500
v -6.8098 -2.5997 -0.7500
v -6.7759 -2.4387 -0.7500
v -7.3932 -2.4387 -0.7500
v -7.5697 -3.2751 -0.7500
v -6.9528 -3.2751 -0.7500
v -6.9189 -3.1141 -0.7500
v -7.3267 -3.1141 -0.7500
v -7.2891 -2.9389 -0.7500
v -6.9294 -2.9389 -0.7500
v -6.8955 -2.7749 -0.7500
v -7.2552 -2.7749 -0.7500
v -7.2175 -2.5997 -0.7500
v -6.8098 -2.5997 -0.7500
v -6.8098 -2.5997 0.7500
v -7.2175 -2.5997 0.7500
v -6.8098 -2.5997 -0.7500
v -6.7759 -2.4387 -0.7500
v -6.7759 -2.4387 0.7500
v -6.8098 -2.5997 0.7500
v -7.5697 -3.2751 -0.7500
v -6.9528 -3.2751 -0.7500
v -6.9528 -3.2751 0.7500
v -7.5697 -3.2751 0.7500
v -6.9528 -3.2751 -0.7500
v -6.9189 -3.1141 -0.7500
v -6.9189 -3.1141 0.7500
v -6.9528 -3.2751 0.7500
v -7.2891 -2.9389 -0.7500
v -6.9294 -2.9389 -0.7500
v -6.9294 -2.9389 0.7500
v -7.2891 -2.9389 0.7500
v -6.9294 -2.9389 -0.7500
v -6.8955 -2.7749 -0.7500
v -6.8955 -2.7749 0.7500
v -6.9294 -2.9389 0.7500
v -6.7759 -2.4387 -0.7500
v -7.3932 -2.4387 -0.7500
v -7.3932 -2.4387 0.7500
v -6.7759 -2.4387 0.7500
v -6.9189 -3.1141 -0.7500
v -7.3267 -3.1141 -0.7500
v -7.3267 -3.1141 0.7500
v -6.9189 -3.1141 0.7500
v -6.8955 -2.7749 -0.7500
v -7.2552 -2.7749 -0.7500
v -7.2552 -2.7749 0.7500
v -6.8955 -2.7749 0.7500
v -7.2552 -2.7749 -0.7500
v -7.2175 -2.5997 -0.7500
v -7.2175 -2.5997 0.7500
v -7.2552 -2.7749 0.7500
v -7.3932 -2.4387 -0.7500
v -7.5697 -3.2751 -0.7500
v -7.5697 -3.2751 0.7500
v -7.3932 -2.4387 0.7500
v -7.3267 -3.1141 -0.7500
v -7.2891 -2.9389 -0.7500
v -7.2891 -2.9389 0.7500
v -7.3267 -3.1141 0.7500
f 2743 2744 2745
f 2747 2748 2749
f 2751 2752 2753
f 2743 2745 2746
f 2747 2749 2750
f 2751 2753 2754
f 2754 2743 2746
f 2746 2747 2750
f 2750 2751 2754
f 2754 2746 2750
f 2755 2757 2756
f 2759 2761 2760
f 2763 2765 2764
f 2755 2758 2757
f 2759 2762 2761
f 2763 2766 2765
f 2766 2758 2755
f 2758 2762 2759
f 2762 2766 2763
f 2766 2762 2758
f 2767 2768 2769
f 2767 2769 2770
f 2771 2772 2773
f 2771 2773 2774
f 2775 2776 2777
f 2775 2777 2778
f 2779 2780 2781
f 2779 2781 2782
f 2783 2784 2785
f 2783 2785 2786
f 2787 2788 2789
f 2787 2789 2790
f 2791 2792 2793
f 2791 2793 2794
f 2795 2796 2797
f 2795 2797 2798
f 2799 2800 2801
f 2799 2801 2802
f 2803 2804 2805
f 2803 2805 2806
f 2807 2808 2809
f 2807 2809 2810
f 2811 2812 2813
f 2811 2813 2814
v -3.9031 -2.5997 0.7500
v -3.4953 -2.5997 0.7500
v -3.4614 -2.4387 0.7500
v -4.0783 -2.4387 0.7500
v -4.2552 -3.2751 0.7500
v -3.6379 -3.2751 0.7500
v -3.6045 -3.1141 0.7500
v -4.0123 -3.1141 0.7500
v -3.9746 -2.9389 0.7500
v -3.6145 -2.9389 0.7500
v -3.5811 -2.7749 0.7500
v -3.9407 -2.7749 0.7500
v -3.9031 -2.5997 -0.7500
v -3.4953 -2.5997 -0.7500
v -3.4614 -2.4387 -0.7500
v -4.0783 -2.4387 -0.7500
v -4.2552 -3.2751 -0.7500
v -3.6379 -3.2751 -0.7500
v -3.6045 -3.1141 -0.7500
v -4.0123 -3.1141 -0.7500
v -3.9746 -2.9389 -0.7500
v -3.6145 -2.9389 -0.7500
v -3.5811 -2.7749 -0.7500
v -3.9407 -2.7749 -0.7500
v -3.9031 -2.5997 -0.7500
v -3.4953 -2.5997 -0.7500
v -3.4953 -2.5997 0.7500
v -3.9031 -2.5997 0.7500
v -3.4953 -2.5997 -0.7500
v -3.4614 -2.4387 -0.7500
v -3.4614 -2.4387 0.7500
v -3.4953 -2.5997 0.7500
v -4.2552 -3.2751 -0.7500
v -3.6379 -3.2751 -0.7500
v -3.6379 -3.2751 0.7500
v -4.2552 -3.2751 0.7500
v -3.6379 -3.2751 -0.7500
v -3.6045 -3.1141 -0.7500
v -3.6045 -3.1141 0.7500
v -3.6379 -3.2751 0.7500
v -3.9746 -2.9389 -0.7500
v -3.6145 -2.9389 -0.7500
v -3.6145 -2.9389 0.7500
v -3.9746 -2.9389 0.7500
v -3.6145 -2.9389 -0.7500
v -3.5811 -2.7749 -0.7500
v -3.5811 -2.7749 0.7500
v -3.6145 -2.9389 0.7500
v -3.4614 -2.4387 -0.7500
v -4.0783 -2.4387 -0.7500
v -4.0783 -2.4387 0.7500
v -3.4614 -2.4387 0.7500
v -3.6045 -3.1141 -0.7500
v -4.0123 -3.1141 -0.7500
v -4.0123 -3.1141 0.7500
v -3.6045 -3.1141 0.7500
v -3.5811 -2.7749 -0.7500
v -3.9407 -2.7749 -0.7500
v -3.9407 -2.7749 0.7500
v -3.5811 -2.7749 0.7500
v -3.9407 -2.7749 -0.7500
v -3.9031 -2.5997 -0.7500
v -3.9031 -2.5997 0.7500
v -3.9407 -2.7749 0.7500
v -4.0783 -2.4387 -0.7500
v -4.2552 -3.2751 -0.7500
v -4.2552 -3.2751 0.7500
v -4.0783 -2.4387 0.7500
v -4.0123 -3.1141 -0.7500
v -3.9746 -2.9389 -0.7500
v -3.9746 -2.9389 0.7500
v -4.0123 -3.1141 0.7500
f 2815 2816 2817
f 2819 2820 2821
f 2823 2824 2825
f 2815 2817 2818
f 2819 2821 2822
f 2823 2825 2826
f 2826 2815 2818
f 2818 2819 2822
f 2822 2823 2826
f 2826 2818 2822
f 2827 2829 2828
f 2831 2833 2832
f 2835 2837 2836
f 2827 2830 2829
f 2831 2834 2833
f 2835 2838 2837
f 2838 2830 2827
f 2830 2834 2831
f 2834 2838 2835
f 2838 2834 2830
f 2839 2840 2841
f 2839 2841 2842
f 2843 2844 2845
f 2843 2845 2846
f 2847 2848 2849
f 2847 2849 2850
f 2851 2852 2853
f 2851 2853 2854
f 2855 2856 2857
f 2855 2857 2858
f 2859 2860 2861
f 2859 2861 2862
f 2863 2864 2865
f 2863 2865 2866
f 2867 2868 2869
f 2867 2869 2870
f 2871 2872 2873
f 2871 2873 2874
f 2875 2876 2877
f 2875 2877 2878
f 2879 2880 2881
f 2879 2881 2882
f 2883 2884 2885
f 2883 2885 2886
v -2.8881 -3.2868 0.7500
v -2.8722 -3.2877 0.7500
v -2.8559 -3.2881 0.7500
v -2.8391 -3.2881 0.7500
v -2.8048 -3.2873 0.7500
v -2.7718 -3.2856 0.7500
v -2.7400 -3.2818 0.7500
v -2.7103 -3.2772 0.7500
v -2.6815 -3.2709 0.7500
v -2.6547 -3.2634 0.7500
v -2.6292 -3.2546 0.7500
v -2.6053 -3.2446 0.7500
v -2.5828 -3.2329 0.7500
v -2.5618 -3.2199 0.7500
v -2.5426 -3.2057 0.7500
v -2.5250 -3.1911 0.7500
v -2.5087 -3.1752 0.7500
v -2.4937 -3.1584 0.7500
v -2.4807 -3.1413 0.7500
v -2.4690 -3.1229 0.7500
v -2.4590 -3.1037 0.7500
v -2.4506 -3.0840 0.7500
v -2.4435 -3.0631 0.7500
v -2.4381 -3.0413 0.7500
v -2.4355 -3.0292 0.7500
v -2.4322 -3.0050 0.7500
v -2.4314 -2.9937 0.7500
v -2.4309 -2.9820 0.7500
v -2.4309 -2.9711 0.7500
v -2.4314 -2.9602 0.7500
v -2.4322 -2.9493 0.7500
v -2.4334 -2.9393 0.7500
v -2.4355 -2.9288 0.7500
v -2.4376 -2.9192 0.7500
v -2.4410 -2.9096 0.7500
v -2.4447 -2.9000 0.7500
v -2.4493 -2.8908 0.7500
v -2.4548 -2.8820 0.7500
v -2.4606 -2.8732 0.7500
v -2.4673 -2.8649 0.7500
v -2.4749 -2.8565 0.7500
v -2.4828 -2.8485 0.7500
v -2.4920 -2.8406 0.7500
v -2.5016 -2.8331 0.7500
v -2.5125 -2.8260 0.7500
v -2.5242 -2.8188 0.7500
v -2.5372 -2.8117 0.7500
v -2.5510 -2.8050 0.7500
v -2.5656 -2.7988 0.7500
v -2.5815 -2.7925 0.7500
v -2.5986 -2.7866 0.7500
v -2.6162 -2.7808 0.7500
v -2.6355 -2.7749 0.7500
v -2.6476 -2.7716 0.7500
v -2.6593 -2.7682 0.7500
v -2.6706 -2.7645 0.7500
v -2.6810 -2.7615 0.7500
v -2.6911 -2.7582 0.7500
v -2.7007 -2.7553 0.7500
v -2.7183 -2.7494 0.7500
v -2.7262 -2.7465 0.7500
v -2.7404 -2.7415 0.7500
v -2.7467 -2.7385 0.7500
v -2.7526 -2.7360 0.7500
v -2.7580 -2.7331 0.7500
v -2.7630 -2.7302 0.7500
v -2.7676 -2.7273 0.7500
v -2.7718 -2.7243 0.7500
v -2.7751 -2.7210 0.7500
v -2.7785 -2.7181 0.7500
v -2.7810 -2.7147 0.7500
v -2.7831 -2.7114 0.7500
v -2.7864 -2.7038 0.7500
v -2.7877 -2.7001 0.7500
v -2.7885 -2.6959 0.7500
v -2.7889 -2.6913 0.7500
v -2.7889 -2.6817 0.7500
v -2.7881 -2.6766 0.7500
v -2.7873 -2.6712 0.7500
v -2.7848 -2.6620 0.7500
v -2.7818 -2.6536 0.7500
v -2.7781 -2.6461 0.7500
v -2.7735 -2.6390 0.7500
v -2.7680 -2.6327 0.7500
v -2.7622 -2.6273 0.7500
v -2.7555 -2.6223 0.7500
v -2.7480 -2.6181 0.7500
v -2.7396 -2.6143 0.7500
v -2.7308 -2.6114 0.7500
v -2.7212 -2.6089 0.7500
v -2.7116 -2.6068 0.7500
v -2.7011 -2.6047 0.7500
v -2.6902 -2.6030 0.7500
v -2.6668 -2.6005 0.7500
v -2.6547 -2.5997 0.7500
v -2.6417 -2.5989 0.7500
v -2.6283 -2.5984 0.7500
v -2.6041 -2.5984 0.7500
v -2.5932 -2.5989 0.7500
v -2.5828 -2.5993 0.7500
v -2.5610 -2.6009 0.7500
v -2.5506 -2.6022 0.7500
v -2.5397 -2.6035 0.7500
v -2.5288 -2.6051 0.7500
v -2.5183 -2.6068 0.7500
v -2.4966 -2.6110 0.7500
v -2.4861 -2.6135 0.7500
v -2.4753 -2.6160 0.7500
v -2.4648 -2.6189 0.7500
v -2.4539 -2.6223 0.7500
v -2.4330 -2.6290 0.7500
v -2.4226 -2.6332 0.7500
v -2.4121 -2.6369 0.7500
v -2.4017 -2.6415 0.7500
v -2.3628 -2.4621 0.7500
v -2.3711 -2.4592 0.7500
v -2.3799 -2.4567 0.7500
v -2.3891 -2.4537 0.7500
v -2.4092 -2.4487 0.7500
v -2.4318 -2.4437 0.7500
v -2.4435 -2.4412 0.7500
v -2.4560 -2.4391 0.7500
v -2.4690 -2.4366 0.7500
v -2.4824 -2.4345 0.7500
v -2.4958 -2.4328 0.7500
v -2.5096 -2.4311 0.7500
v -2.5510 -2.4274 0.7500
v -2.5652 -2.4265 0.7500
v -2.5936 -2.4257 0.7500
v -2.6083 -2.4257 0.7500
v -2.6409 -2.4265 0.7500
v -2.6723 -2.4282 0.7500
v -2.7024 -2.4316 0.7500
v -2.7312 -2.4357 0.7500
v -2.7584 -2.4416 0.7500
v -2.7848 -2.4487 0.7500
v -2.8094 -2.4571 0.7500
v -2.8324 -2.4663 0.7500
v -2.8546 -2.4772 0.7500
v -2.8751 -2.4893 0.7500
v -2.8943 -2.5027 0.7500
v -2.9119 -2.5169 0.7500
v -2.9282 -2.5324 0.7500
v -2.9428 -2.5491 0.7500
v -2.9562 -2.5671 0.7500
v -2.9679 -2.5859 0.7500
v -2.9780 -2.6060 0.7500
v -2.9872 -2.6269 0.7500
v -2.9943 -2.6490 0.7500
v -3.0006 -2.6725 0.7500
v -3.0039 -2.6917 0.7500
v -3.0064 -2.7101 0.7500
v -3.0073 -2.7277 0.7500
v -3.0073 -2.7444 0.7500
v -3.0060 -2.7603 0.7500
v -3.0035 -2.7753 0.7500
v -2.9997 -2.7896 0.7500
v -2.9951 -2.8025 0.7500
v -2.9889 -2.8151 0.7500
v -2.9813 -2.8264 0.7500
v -2.9730 -2.8372 0.7500
v -2.9625 -2.8477 0.7500
v -2.9504 -2.8577 0.7500
v -2.9370 -2.8678 0.7500
v -2.9215 -2.8774 0.7500
v -2.9048 -2.8862 0.7500
v -2.8864 -2.8950 0.7500
v -2.8663 -2.9033 0.7500
v -2.8446 -2.9117 0.7500
v -2.8211 -2.9192 0.7500
v -2.8078 -2.9234 0.7500
v -2.7952 -2.9272 0.7500
v -2.7831 -2.9313 0.7500
v -2.7714 -2.9351 0.7500
v -2.7605 -2.9385 0.7500
v -2.7500 -2.9422 0.7500
v -2.7308 -2.9489 0.7500
v -2.7220 -2.9518 0.7500
v -2.7141 -2.9552 0.7500
v -2.7061 -2.9581 0.7500
v -2.6990 -2.9610 0.7500
v -2.6923 -2.9644 0.7500
v -2.6806 -2.9711 0.7500
v -2.6756 -2.9744 0.7500
v -2.6710 -2.9782 0.7500
v -2.6668 -2.9820 0.7500
v -2.6631 -2.9857 0.7500
v -2.6601 -2.9895 0.7500
v -2.6576 -2.9932 0.7500
v -2.6551 -2.9978 0.7500
v -2.6518 -3.0070 0.7500
v -2.6509 -3.0121 0.7500
v -2.6501 -3.0229 0.7500
v -2.6505 -3.0288 0.7500
v -2.6522 -3.0413 0.7500
v -2.6547 -3.0505 0.7500
v -2.6576 -3.0593 0.7500
v -2.6614 -3.0673 0.7500
v -2.6656 -3.0744 0.7500
v -2.6706 -3.0811 0.7500
v -2.6760 -3.0869 0.7500
v -2.6823 -3.0919 0.7500
v -2.6890 -3.0965 0.7500
v -2.6961 -3.1003 0.7500
v -2.7040 -3.1037 0.7500
v -2.7128 -3.1066 0.7500
v -2.7224 -3.1087 0.7500
v -2.7325 -3.1112 0.7500
v -2.7434 -3.1129 0.7500
v -2.7551 -3.1145 0.7500
v -2.7672 -3.1158 0.7500
v -2.7802 -3.1166 0.7500
v -2.7940 -3.1175 0.7500
v -2.8086 -3.1179 0.7500
v -2.8362 -3.1179 0.7500
v -2.8487 -3.1175 0.7500
v -2.8613 -3.1166 0.7500
v -2.8743 -3.1154 0.7500
v -2.8868 -3.1141 0.7500
v -2.8998 -3.1124 0.7500
v -2.9127 -3.1103 0.7500
v -2.9387 -3.1053 0.7500
v -2.9516 -3.1024 0.7500
v -2.9776 -3.0957 0.7500
v -2.9901 -3.0924 0.7500
v -3.0022 -3.0886 0.7500
v -3.0144 -3.0844 0.7500
v -3.0261 -3.0802 0.7500
v -3.0374 -3.0761 0.7500
v -3.0487 -3.0715 0.7500
v -3.0704 -3.0623 0.7500
v -3.1080 -3.2400 0.7500
v -3.0984 -3.2446 0.7500
v -3.0884 -3.2492 0.7500
v -3.0779 -3.2530 0.7500
v -3.0671 -3.2571 0.7500
v -3.0558 -3.2609 0.7500
v -3.0441 -3.2643 0.7500
v -3.0315 -3.2676 0.7500
v -3.0190 -3.2705 0.7500
v -3.0056 -3.2730 0.7500
v -2.9918 -3.2760 0.7500
v -2.9780 -3.2781 0.7500
v -2.9638 -3.2801 0.7500
v -2.9491 -3.2822 0.7500
v -2.9341 -3.2835 0.7500
v -2.9190 -3.2852 0.7500
v -2.8881 -3.2868 -0.7500
v -2.8722 -3.2877 -0.7500
v -2.8559 -3.2881 -0.7500
v -2.8391 -3.2881 -0.7500
v -2.8048 -3.2873 -0.7500
v -2.7718 -3.2856 -0.7500
v -2.7400 -3.2818 -0.7500
v -2.7103 -3.2772 -0.7500
v -2.6815 -3.2709 -0.7500
v -2.6547 -3.2634 -0.7500
v -2.6292 -3.2546 -0.7500
v -2.6053 -3.2446 -0.7500
v -2.5828 -3.2329 -0.7500
v -2.5618 -3.2199 -0.7500
v -2.5426 -3.2057 -0.7500
v -2.5250 -3.1911 -0.7500
v -2.5087 -3.1752 -0.7500
v -2.4937 -3.1584 -0.7500
v -2.4807 -3.1413 -0.7500
v -2.4690 -3.1229 -0.7500
v -2.4590 -3.1037 -0.7500
v -2.4506 -3.0840 -0.7500
v -2.4435 -3.0631 -0.7500
v -2.4381 -3.0413 -0.7500
v -2.4355 -3.0292 -0.7500
v -2.4322 -3.0050 -0.7500
v -2.4314 -2.9937 -0.7500
v -2.4309 -2.9820 -0.7500
v -2.4309 -2.9711 -0.7500
v -2.4314 -2.9602 -0.7500
v -2.4322 -2.9493 -0.7500
v -2.4334 -2.9393 -0.7500
v -2.4355 -2.9288 -0.7500
v -2.4376 -2.9192 -0.7500
v -2.4410 -2.9096 -0.7500
v -2.4447 -2.9000 -0.7500
v -2.4493 -2.8908 -0.7500
v -2.4548 -2.8820 -0.7500
v -2.4606 -2.8732 -0.7500
v -2.4673 -2.8649 -0.7500
v -2.4749 -2.8565 -0.7500
v -2.4828 -2.8485 -0.7500
v -2.4920 -2.8406 -0.7500
v -2.5016 -2.8331 -0.7500
v -2.5125 -2.8260 -0.7500
v -2.5242 -2.8188 -0.7500
v -2.5372 -2.8117 -0.7500
v -2.5510 -2.8050 -0.7500
v -2.5656 -2.7988 -0.7500
v -2.5815 -2.7925 -0.7500
v -2.5986 -2.7866 -0.7500
v -2.6162 -2.7808 -0.7500
v -2.6355 -2.7749 -0.7500
v -2.6476 -2.7716 -0.7500
v -2.6593 -2.7682 -0.7500
v -2.6706 -2.7645 -0.7500
v -2.6810 -2.7615 -0.7500
v -2.6911 -2.7582 -0.7500
v -2.7007 -2.7553 -0.7500
v -2.7183 -2.7494 -0.7500
v -2.7262 -2.7465 -0.7500
v -2.7404 -2.7415 -0.7500
v -2.7467 -2.7385 -0.7500
v -2.7526 -2.7360 -0.7500
v -2.7580 -2.7331 -0.7500
v -2.7630 -2.7302 -0.7500
v -2.7676 -2.7273 -0.7500
v -2.7718 -2.7243 -0.7500
v -2.7751 -2.7210 -0.7500
v -2.7785 -2.7181 -0.7500
v -2.7810 -2.7147 -0.7500
v -2.7831 -2.7114 -0.7500
v -2.7864 -2.7038 -0.7500
v -2.7877 -2.7001 -0.7500
v -2.7885 -2.6959 -0.7500
v -2.7889 -2.6913 -0.7500
v -2.7889 -2.6817 -0.7500
v -2.7881 -2.6766 -0.7500
v -2.7873 -2.6712 -0.7500
v -2.7848 -2.6620 -0.7500
v -2.7818 -2.6536 -0.7500
v -2.7781 -2.6461 -0.7500
v -2.7735 -2.6390 -0.7500
v -2.7680 -2.6327 -0.7500
v -2.7622 -2.6273 -0.7500
v -2.7555 -2.6223 -0.7500
v -2.7480 -2.6181 -0.7500
v -2.7396 -2.6143 -0.7500
v -2.7308 -2.6114 -0.7500
v -2.7212 -2.6089 -0.7500
v -2.7116 -2.6068 -0.7500
v -2.7011 -2.6047 -0.7500
v -2.6902 -2.6030 -0.7500
v -2.6668 -2.6005 -0.7500
v -2.6547 -2.5997 -0.7500
v -2.6417 -2.5989 -0.7500
v -2.6283 -2.5984 -0.7500
v -2.6041 -2.5984 -0.7500
v -2.5932 -2.5989 -0.7500
v -2.5828 -2.5993 -0.7500
v -2.5610 -2.6009 -0.7500
v -2.5506 -2.6022 -0.7500
v -2.5397 -2.6035 -0.7500
v -2.5288 -2.6051 -0.7500
v -2.5183 -2.6068 -0.7500
v -2.4966 -2.6110 -0.7500
v -2.4861 -2.6135 -0.7500
v -2.4753 -2.6160 -0.7500
v -2.4648 -2.6189 -0.7500
v -2.4539 -2.6223 -0.7500
v -2.4330 -2.6290 -0.7500
v -2.4226 -2.6332 -0.7500
v -2.4121 -2.6369 -0.7500
v -2.4017 -2.6415 -0.7500
v -2.3628 -2.4621 -0.7500
v -2.3711 -2.4592 -0.7500
v -2.3799 -2.4567 -0.7500
v -2.3891 -2.4537 -0.7500
v -2.4092 -2.4487 -0.7500
v -2.4318 -2.4437 -0.7500
v -2.4435 -2.4412 -0.7500
v -2.4560 -2.4391 -0.7500
v -2.4690 -2.4366 -0.7500
v -2.4824 -2.4345 -0.7500
v -2.4958 -2.4328 -0.7500
v -2.5096 -2.4311 -0.7500
v -2.5510 -2.4274 -0.7500
v -2.5652 -2.4265 -0.7500
v -2.5936 -2.4257 -0.7500
v -2.6083 -2.4257 -0.7500
v -2.6409 -2.4265 -0.7500
v -2.6723 -2.4282 -0.7500
v -2.7024 -2.4316 -0.7500
v -2.7312 -2.4357 -0.7500
v -2.7584 -2.4416 -0.7500
v -2.7848 -2.4487 -0.7500
v -2.8094 -2.4571 -0.7500
v -2.8324 -2.4663 -0.7500
v -2.8546 -2.4772 -0.7500
v -2.8751 -2.4893 -0.7500
v -2.8943 -2.5027 -0.7500
v -2.9119 -2.5169 -0.7500
v -2.9282 -2.5324 -0.7500
v -2.9428 -2.5491 -0.7500
v -2.9562 -2.5671 -0.7500
v -2.9679 -2.5859 -0.7500
v -2.9780 -2.6060 -0.7500
v -2.9872 -2.6269 -0.7500
v -2.9943 -2.6490 -0.7500
v -3.0006 -2.6725 -0.7500
v -3.0039 -2.6917 -0.7500
v -3.0064 -2.7101 -0.7500
v -3.0073 -2.7277 -0.7500
v -3.0073 -2.7444 -0.7500
v -3.0060 -2.7603 -0.7500
v -3.0035 -2.7753 -0.7500
v -2.9997 -2.7896 -0.7500
v -2.9951 -2.8025 -0.7500
v -2.9889 -2.8151 -0.7500
v -2.9813 -2.8264 -0.7500
v -2.9730 -2.8372 -0.7500
v -2.9625 -2.8477 -0.7500
v -2.9504 -2.8577 -0.7500
v -2.9370 -2.8678 -0.7500
v -2.9215 -2.8774 -0.7500
v -2.9048 -2.8862 -0.7500
v -2.8864 -2.8950 -0.7500
v -2.8663 -2.9033 -0.7500
v -2.8446 -2.9117 -0.7500
v -2.8211 -2.9192 -0.7500
v -2.8078 -2.9234 -0.7500
v -2.7952 -2.9272 -0.7500
v -2.7831 -2.9313 -0.7500
v -2.7714 -2.9351 -0.7500
v -2.7605 -2.9385 -0.7500
v -2.7500 -2.9422 -0.7500
v -2.7308 -2.9489 -0.7500
v -2.7220 -2.9518 -0.7500
v -2.7141 -2.9552 -0.7500
v -2.7061 -2.9581 -0.7500
v -2.6990 -2.9610 -0.7500
v -2.6923 -2.9644 -0.7500
v -2.6806 -2.9711 -0.7500
v -2.6756 -2.9744 -0.7500
v -2.6710 -2.9782 -0.7500
v -2.6668 -2.9820 -0.7500
v -2.6631 -2.9857 -0.7500
v -2.6601 -2.9895 -0.7500
v -2.6576 -2.9932 -0.7500
v -2.6551 -2.9978 -0.7500
v -2.6518 -3.0070 -0.7500
v -2.6509 -3.0121 -0.7500
v -2.6501 -3.0229 -0.7500
v -2.6505 -3.0288 -0.7500
v -2.6522 -3.0413 -0.7500
v -2.6547 -3.0505 -0.7500
v -2.6576 -3.0593 -0.7500
v -2.6614 -3.0673 -0.7500
v -2.6656 -3.0744 -0.7500
v -2.6706 -3.0811 -0.7500
v -2.6760 -3.0869 -0.7500
v -2.6823 -3.0919 -0.7500
v -2.6890 -3.0965 -0.7500
v -2.6961 -3.1003 -0.7500
v -2.7040 -3.1037 -0.7500
v -2.7128 -3.1066 -0.7500
v -2.7224 -3.1087 -0.7500
v -2.7325 -3.1112 -0.7500
v -2.7434 -3.1129 -0.7500
v -2.7551 -3.1145 -0.7500
v -2.7672 -3.1158 -0.7500
v -2.7802 -3.1166 -0.7500
v -2.7940 -3.1175 -0.7500
v -2.8086 -3.1179 -0.7500
v -2.8362 -3.1179 -0.7500
v -2.8487 -3.1175 -0.7500
v -2.8613 -3.1166 -0.7500
v -2.8743 -3.1154 -0.7500
v -2.8868 -3.1141 -0.7500
v -2.8998 -3.1124 -0.7500
v -2.9127 -3.1103 -0.7500
v -2.9387 -3.1053 -0.7500
v -2.9516 -3.1024 -0.7500
v -2.9776 -3.0957 -0.7500
v -2.9901 -3.0924 -0.7500
v -3.0022 -3.0886 -0.7500
v -3.0144 -3.0844 -0.7500
v -3.0261 -3.0802 -0.7500
v -3.0374 -3.0761 -0.7500
v -3.0487 -3.0715 -0.7500
v -3.0704 -3.0623 -0.7500
v -3.1080 -3.2400 -0.7500
v -3.0984 -3.2446 -0.7500
v -3.0884 -3.2492 -0.7500
v -3.0779 -3.2530 -0.7500
v -3.0671 -3.2571 -0.7500
v -3.0558 -3.2609 -0.7500
v -3.0441 -3.2643 -0.7500
v -3.0315 -3.2676 -0.7500
v -3.0190 -3.2705 -0.7500
v -3.0056 -3.2730 -0.7500
v -2.9918 -3.2760 -0.7500
v -2.9780 -3.2781 -0.7500
v -2.9638 -3.2801 -0.7500
v -2.9491 -3.2822 -0.7500
v -2.9341 -3.2835 -0.7500
v -2.9190 -3.2852 -0.7500
v -2.9341 -3.2835 -0.7500
v -2.9190 -3.2852 -0.7500
v -2.9190 -3.2852 0.7500
v -2.9341 -3.2835 0.7500
v -2.9190 -3.2852 -0.7500
v -2.8881 -3.2868 -0.7500
v -2.8881 -3.2868 0.7500
v -2.9190 -3.2852 0.7500
v -2.8881 -3.2868 -0.7500
v -2.8722 -3.2877 -0.7500
v -2.8722 -3.2877 0.7500
v -2.8881 -3.2868 0.7500
v -2.8722 -3.2877 -0.7500
v -2.8559 -3.2881 -0.7500
v -2.8559 -3.2881 0.7500
v -2.8722 -3.2877 0.7500
v -2.8559 -3.2881 -0.7500
v -2.8391 -3.2881 -0.7500
v -2.8391 -3.2881 0.7500
v -2.8559 -3.2881 0.7500
v -2.8391 -3.2881 -0.7500
v -2.8048 -3.2873 -0.7500
v -2.8048 -3.2873 0.7500
v -2.8391 -3.2881 0.7500
v -2.8048 -3.2873 -0.7500
v -2.7718 -3.2856 -0.7500
v -2.7718 -3.2856 0.7500
v -2.8048 -3.2873 0.7500
v -2.7718 -3.2856 -0.7500
v -2.7400 -3.2818 -0.7500
v -2.7400 -3.2818 0.7500
v -2.7718 -3.2856 0.7500
v -2.7400 -3.2818 -0.7500
v -2.7103 -3.2772 -0.7500
v -2.7103 -3.2772 0.7500
v -2.7400 -3.2818 0.7500
v -2.7103 -3.2772 -0.7500
v -2.6815 -3.2709 -0.7500
v -2.6815 -3.2709 0.7500
v -2.7103 -3.2772 0.7500
v -2.6815 -3.2709 -0.7500
v -2.6547 -3.2634 -0.7500
v -2.6547 -3.2634 0.7500
v -2.6815 -3.2709 0.7500
v -2.6547 -3.2634 -0.7500
v -2.6292 -3.2546 -0.7500
v -2.6292 -3.2546 0.7500
v -2.6547 -3.2634 0.7500
v -2.6292 -3.2546 -0.7500
v -2.6053 -3.2446 -0.7500
v -2.6053 -3.2446 0.7500
v -2.6292 -3.2546 0.7500
v -2.6053 -3.2446 -0.7500
v -2.5828 -3.2329 -0.7500
v -2.5828 -3.2329 0.7500
v -2.6053 -3.2446 0.7500
v -2.5828 -3.2329 -0.7500
v -2.5618 -3.2199 -0.7500
v -2.5618 -3.2199 0.7500
v -2.5828 -3.2329 0.7500
v -2.5618 -3.2199 -0.7500
v -2.5426 -3.2057 -0.7500
v -2.5426 -3.2057 0.7500
v -2.5618 -3.2199 0.7500
v -2.5426 -3.2057 -0.7500
v -2.5250 -3.1911 -0.7500
v -2.5250 -3.1911 0.7500
v -2.5426 -3.2057 0.7500
v -2.5250 -3.1911 -0.7500
v -2.5087 -3.1752 -0.7500
v -2.5087 -3.1752 0.7500
v -2.5250 -3.1911 0.7500
v -2.5087 -3.1752 -0.7500
v -2.4937 -3.1584 -0.7500
v -2.4937 -3.1584 0.7500
v -2.5087 -3.1752 0.7500
v -2.4937 -3.1584 -0.7500
v -2.4807 -3.1413 -0.7500
v -2.4807 -3.1413 0.7500
v -2.4937 -3.1584 0.7500
v -2.4807 -3.1413 -0.7500
v -2.4690 -3.1229 -0.7500
v -2.4690 -3.1229 0.7500
v -2.4807 -3.1413 0.7500
v -2.4690 -3.1229 -0.7500
v -2.4590 -3.1037 -0.7500
v -2.4590 -3.1037 0.7500
v -2.4690 -3.1229 0.7500
v -2.4590 -3.1037 -0.7500
v -2.4506 -3.0840 -0.7500
v -2.4506 -3.0840 0.7500
v -2.4590 -3.1037 0.7500
v -2.4506 -3.0840 -0.7500
v -2.4435 -3.0631 -0.7500
v -2.4435 -3.0631 0.7500
v -2.4506 -3.0840 0.7500
v -2.4435 -3.0631 -0.7500
v -2.4381 -3.0413 -0.7500
v -2.4381 -3.0413 0.7500
v -2.4435 -3.0631 0.7500
v -2.4381 -3.0413 -0.7500
v -2.4355 -3.0292 -0.7500
v -2.4355 -3.0292 0.7500
v -2.4381 -3.0413 0.7500
v -2.4355 -3.0292 -0.7500
v -2.4322 -3.0050 -0.7500
v -2.4322 -3.0050 0.7500
v -2.4355 -3.0292 0.7500
v -2.4322 -3.0050 -0.7500
v -2.4314 -2.9937 -0.7500
v -2.4314 -2.9937 0.7500
v -2.4322 -3.0050 0.7500
v -2.4314 -2.9937 -0.7500
v -2.4309 -2.9820 -0.7500
v -2.4309 -2.9820 0.7500
v -2.4314 -2.9937 0.7500
v -2.4309 -2.9820 -0.7500
v -2.4309 -2.9711 -0.7500
v -2.4309 -2.9711 0.7500
v -2.4309 -2.9820 0.7500
v -2.4309 -2.9711 -0.7500
v -2.4314 -2.9602 -0.7500
v -2.4314 -2.9602 0.7500
v -2.4309 -2.9711 0.7500
v -2.4314 -2.9602 -0.7500
v -2.4322 -2.9493 -0.7500
v -2.4322 -2.9493 0.7500
v -2.4314 -2.9602 0.7500
v -2.4322 -2.9493 -0.7500
v -2.4334 -2.9393 -0.7500
v -2.4334 -2.9393 0.7500
v -2.4322 -2.9493 0.7500
v -2.4334 -2.9393 -0.7500
v -2.4355 -2.9288 -0.7500
v -2.4355 -2.9288 0.7500
v -2.4334 -2.9393 0.7500
v -2.4355 -2.9288 -0.7500
v -2.4376 -2.9192 -0.7500
v -2.4376 -2.9192 0.7500
v -2.4355 -2.9288 0.7500
v -2.4376 -2.9192 -0.7500
v -2.4410 -2.9096 -0.7500
v -2.4410 -2.9096 0.7500
v -2.4376 -2.9192 0.7500
v -2.4410 -2.9096 -0.7500
v -2.4447 -2.9000 -0.7500
v -2.4447 -2.9000 0.7500
v -2.4410 -2.9096 0.7500
v -2.4447 -2.9000 -0.7500
v -2.4493 -2.8908 -0.7500
v -2.4493 -2.8908 0.7500
v -2.4447 -2.9000 0.7500
v -2.4493 -2.8908 -0.7500
v -2.4548 -2.8820 -0.7500
v -2.4548 -2.8820 0.7500
v -2.4493 -2.8908 0.7500
v -2.4548 -2.8820 -0.7500
v -2.4606 -2.8732 -0.7500
v -2.4606 -2.8732 0.7500
v -2.4548 -2.8820 0.7500
v -2.4606 -2.8732 -0.7500
v -2.4673 -2.8649 -0.7500
v -2.4673 -2.8649 0.7500
v -2.4606 -2.8732 0.7500
v -2.4673 -2.8649 -0.7500
v -2.4749 -2.8565 -0.7500
v -2.4749 -2.8565 0.7500
v -2.4673 -2.8649 0.7500
v -2.4749 -2.8565 -0.7500
v -2.4828 -2.8485 -0.7500
v -2.4828 -2.8485 0.7500
v -2.4749 -2.8565 0.7500
v -2.4828 -2.8485 -0.7500
v -2.4920 -2.8406 -0.7500
v -2.4920 -2.8406 0.7500
v -2.4828 -2.8485 0.7500
v -2.4920 -2.8406 -0.7500
v -2.5016 -2.8331 -0.7500
v -2.5016 -2.8331 0.7500
v -2.4920 -2.8406 0.7500
v -2.5016 -2.8331 -0.7500
v -2.5125 -2.8260 -0.7500
v -2.5125 -2.8260 0.7500
v -2.5016 -2.8331 0.7500
v -2.5125 -2.8260 -0.7500
v -2.5242 -2.8188 -0.7500
v -2.5242 -2.8188 0.7500
v -2.5125 -2.8260 0.7500
v -2.5242 -2.8188 -0.7500
v -2.5372 -2.8117 -0.7500
v -2.5372 -2.8117 0.7500
v -2.5242 -2.8188 0.7500
v -2.5372 -2.8117 -0.7500
v -2.5510 -2.8050 -0.7500
v -2.5510 -2.8050 0.7500
v -2.5372 -2.8117 0.7500
v -2.5510 -2.8050 -0.7500
v -2.5656 -2.7988 -0.7500
v -2.5656 -2.7988 0.7500
v -2.5510 -2.8050 0.7500
v -2.5656 -2.7988 -0.7500
v -2.5815 -2.7925 -0.7500
v -2.5815 -2.7925 0.7500
v -2.5656 -2.7988 0.7500
v -2.5815 -2.7925 -0.7500
v -2.5986 -2.7866 -0.7500
v -2.5986 -2.7866 0.7500
v -2.5815 -2.7925 0.7500
v -2.5986 -2.7866 -0.7500
v -2.6162 -2.7808 -0.7500
v -2.6162 -2.7808 0.7500
v -2.5986 -2.7866 0.7500
v -2.6162 -2.7808 -0.7500
v -2.6355 -2.7749 -0.7500
v -2.6355 -2.7749 0.7500
v -2.6162 -2.7808 0.7500
v -2.6593 -2.7682 -0.7500
v -2.6706 -2.7645 -0.7500
v -2.6706 -2.7645 0.7500
v -2.6593 -2.7682 0.7500
v -2.6706 -2.7645 -0.7500
v -2.6810 -2.7615 -0.7500
v -2.6810 -2.7615 0.7500
v -2.6706 -2.7645 0.7500
v -2.6810 -2.7615 -0.7500
v -2.6911 -2.7582 -0.7500
v -2.6911 -2.7582 0.7500
v -2.6810 -2.7615 0.7500
v -2.6911 -2.7582 -0.7500
v -2.7007 -2.7553 -0.7500
v -2.7007 -2.7553 0.7500
v -2.6911 -2.7582 0.7500
v -2.7183 -2.7494 -0.7500
v -2.7262 -2.7465 -0.7500
v -2.7262 -2.7465 0.7500
v -2.7183 -2.7494 0.7500
v -2.7262 -2.7465 -0.7500
v -2.7404 -2.7415 -0.7500
v -2.7404 -2.7415 0.7500
v -2.7262 -2.7465 0.7500
v -2.7404 -2.7415 -0.7500
v -2.7467 -2.7385 -0.7500
v -2.7467 -2.7385 0.7500
v -2.7404 -2.7415 0.7500
v -2.7467 -2.7385 -0.7500
v -2.7526 -2.7360 -0.7500
v -2.7526 -2.7360 0.7500
v -2.7467 -2.7385 0.7500
v -2.7718 -2.7243 -0.7500
v -2.7751 -2.7210 -0.7500
v -2.7751 -2.7210 0.7500
v -2.7718 -2.7243 0.7500
v -2.7751 -2.7210 -0.7500
v -2.7785 -2.7181 -0.7500
v -2.7785 -2.7181 0.7500
v -2.7751 -2.7210 0.7500
v -2.7889 -2.6817 -0.7500
v -2.7881 -2.6766 -0.7500
v -2.7881 -2.6766 0.7500
v -2.7889 -2.6817 0.7500
v -2.7881 -2.6766 -0.7500
v -2.7873 -2.6712 -0.7500
v -2.7873 -2.6712 0.7500
v -2.7881 -2.6766 0.7500
v -2.5610 -2.6009 -0.7500
v -2.5506 -2.6022 -0.7500
v -2.5506 -2.6022 0.7500
v -2.5610 -2.6009 0.7500
v -2.5506 -2.6022 -0.7500
v -2.5397 -2.6035 -0.7500
v -2.5397 -2.6035 0.7500
v -2.5506 -2.6022 0.7500
v -2.4966 -2.6110 -0.7500
v -2.4861 -2.6135 -0.7500
v -2.4861 -2.6135 0.7500
v -2.4966 -2.6110 0.7500
v -2.4861 -2.6135 -0.7500
v -2.4753 -2.6160 -0.7500
v -2.4753 -2.6160 0.7500
v -2.4861 -2.6135 0.7500
v -2.4330 -2.6290 -0.7500
v -2.4226 -2.6332 -0.7500
v -2.4226 -2.6332 0.7500
v -2.4330 -2.6290 0.7500
v -2.4226 -2.6332 -0.7500
v -2.4121 -2.6369 -0.7500
v -2.4121 -2.6369 0.7500
v -2.4226 -2.6332 0.7500
v -2.4121 -2.6369 -0.7500
v -2.4017 -2.6415 -0.7500
v -2.4017 -2.6415 0.7500
v -2.4121 -2.6369 0.7500
v -2.4017 -2.6415 -0.7500
v -2.3628 -2.4621 -0.7500
v -2.3628 -2.4621 0.7500
v -2.4017 -2.6415 0.7500
v -2.3628 -2.4621 -0.7500
v -2.3711 -2.4592 -0.7500
v -2.3711 -2.4592 0.7500
v -2.3628 -2.4621 0.7500
v -2.3711 -2.4592 -0.7500
v -2.3799 -2.4567 -0.7500
v -2.3799 -2.4567 0.7500
v -2.3711 -2.4592 0.7500
v -2.3799 -2.4567 -0.7500
v -2.3891 -2.4537 -0.7500
v -2.3891 -2.4537 0.7500
v -2.3799 -2.4567 0.7500
v -2.3891 -2.4537 -0.7500
v -2.4092 -2.4487 -0.7500
v -2.4092 -2.4487 0.7500
v -2.3891 -2.4537 0.7500
v -2.4092 -2.4487 -0.7500
v -2.4318 -2.4437 -0.7500
v -2.4318 -2.4437 0.7500
v -2.4092 -2.4487 0.7500
v -2.4318 -2.4437 -0.7500
v -2.4435 -2.4412 -0.7500
v -2.4435 -2.4412 0.7500
v -2.4318 -2.4437 0.7500
v -2.4560 -2.4391 -0.7500
v -2.4690 -2.4366 -0.7500
v -2.4690 -2.4366 0.7500
v -2.4560 -2.4391 0.7500
v -2.4690 -2.4366 -0.7500
v -2.4824 -2.4345 -0.7500
v -2.4824 -2.4345 0.7500
v -2.4690 -2.4366 0.7500
v -2.4824 -2.4345 -0.7500
v -2.4958 -2.4328 -0.7500
v -2.4958 -2.4328 0.7500
v -2.4824 -2.4345 0.7500
v -2.4958 -2.4328 -0.7500
v -2.5096 -2.4311 -0.7500
v -2.5096 -2.4311 0.7500
v -2.4958 -2.4328 0.7500
v -2.5096 -2.4311 -0.7500
v -2.5510 -2.4274 -0.7500
v -2.5510 -2.4274 0.7500
v -2.5096 -2.4311 0.7500
v -2.5510 -2.4274 -0.7500
v -2.5652 -2.4265 -0.7500
v -2.5652 -2.4265 0.7500
v -2.5510 -2.4274 0.7500
v -2.5652 -2.4265 -0.7500
v -2.5936 -2.4257 -0.7500
v -2.5936 -2.4257 0.7500
v -2.5652 -2.4265 0.7500
v -2.5936 -2.4257 -0.7500
v -2.6083 -2.4257 -0.7500
v -2.6083 -2.4257 0.7500
v -2.5936 -2.4257 0.7500
v -2.6083 -2.4257 -0.7500
v -2.6409 -2.4265 -0.7500
v -2.6409 -2.4265 0.7500
v -2.6083 -2.4257 0.7500
v -2.6409 -2.4265 -0.7500
v -2.6723 -2.4282 -0.7500
v -2.6723 -2.4282 0.7500
v -2.6409 -2.4265 0.7500
v -2.6723 -2.4282 -0.7500
v -2.7024 -2.4316 -0.7500
v -2.7024 -2.4316 0.7500
v -2.6723 -2.4282 0.7500
v -2.7024 -2.4316 -0.7500
v -2.7312 -2.4357 -0.7500
v -2.7312 -2.4357 0.7500
v -2.7024 -2.4316 0.7500
v -2.7312 -2.4357 -0.7500
v -2.7584 -2.4416 -0.7500
v -2.7584 -2.4416 0.7500
v -2.7312 -2.4357 0.7500
v -2.7584 -2.4416 -0.7500
v -2.7848 -2.4487 -0.7500
v -2.7848 -2.4487 0.7500
v -2.7584 -2.4416 0.7500
v -2.7848 -2.4487 -0.7500
v -2.8094 -2.4571 -0.7500
v -2.8094 -2.4571 0.7500
v -2.7848 -2.4487 0.7500
v -2.8094 -2.4571 -0.7500
v -2.8324 -2.4663 -0.7500
v -2.8324 -2.4663 0.7500
v -2.8094 -2.4571 0.7500
v -2.8324 -2.4663 -0.7500
v -2.8546 -2.4772 -0.7500
v -2.8546 -2.4772 0.7500
v -2.8324 -2.4663 0.7500
v -2.8546 -2.4772 -0.7500
v -2.8751 -2.4893 -0.7500
v -2.8751 -2.4893 0.7500
v -2.8546 -2.4772 0.7500
v -2.8751 -2.4893 -0.7500
v -2.8943 -2.5027 -0.7500
v -2.8943 -2.5027 0.7500
v -2.8751 -2.4893 0.7500
v -2.8943 -2.5027 -0.7500
v -2.9119 -2.5169 -0.7500
v -2.9119 -2.5169 0.7500
v -2.8943 -2.5027 0.7500
v -2.9119 -2.5169 -0.7500
v -2.9282 -2.5324 -0.7500
v -2.9282 -2.5324 0.7500
v -2.9119 -2.5169 0.7500
v -2.9282 -2.5324 -0.7500
v -2.9428 -2.5491 -0.7500
v -2.9428 -2.5491 0.7500
v -2.9282 -2.5324 0.7500
v -2.9428 -2.5491 -0.7500
v -2.9562 -2.5671 -0.7500
v -2.9562 -2.5671 0.7500
v -2.9428 -2.5491 0.7500
v -2.9562 -2.5671 -0.7500
v -2.9679 -2.5859 -0.7500
v -2.9679 -2.5859 0.7500
v -2.9562 -2.5671 0.7500
v -2.9679 -2.5859 -0.7500
v -2.9780 -2.6060 -0.7500
v -2.9780 -2.6060 0.7500
v -2.9679 -2.5859 0.7500
v -2.9780 -2.6060 -0.7500
v -2.9872 -2.6269 -0.7500
v -2.9872 -2.6269 0.7500
v -2.9780 -2.6060 0.7500
v -2.9872 -2.6269 -0.7500
v -2.9943 -2.6490 -0.7500
v -2.9943 -2.6490 0.7500
v -2.9872 -2.6269 0.7500
v -2.9943 -2.6490 -0.7500
v -3.0006 -2.6725 -0.7500
v -3.0006 -2.6725 0.7500
v -2.9943 -2.6490 0.7500
v -3.0006 -2.6725 -0.7500
v -3.0039 -2.6917 -0.7500
v -3.0039 -2.6917 0.7500
v -3.0006 -2.6725 0.7500
v -3.0039 -2.6917 -0.7500
v -3.0064 -2.7101 -0.7500
v -3.0064 -2.7101 0.7500
v -3.0039 -2.6917 0.7500
v -3.0064 -2.7101 -0.7500
v -3.0073 -2.7277 -0.7500
v -3.0073 -2.7277 0.7500
v -3.0064 -2.7101 0.7500
v -3.0073 -2.7277 -0.7500
v -3.0073 -2.7444 -0.7500
v -3.0073 -2.7444 0.7500
v -3.0073 -2.7277 0.7500
v -3.0073 -2.7444 -0.7500
v -3.0060 -2.7603 -0.7500
v -3.0060 -2.7603 0.7500
v -3.0073 -2.7444 0.7500
v -3.0060 -2.7603 -0.7500
v -3.0035 -2.7753 -0.7500
v -3.0035 -2.7753 0.7500
v -3.0060 -2.7603 0.7500
v -3.0035 -2.7753 -0.7500
v -2.9997 -2.7896 -0.7500
v -2.9997 -2.7896 0.7500
v -3.0035 -2.7753 0.7500
v -2.9997 -2.7896 -0.7500
v -2.9951 -2.8025 -0.7500
v -2.9951 -2.8025 0.7500
v -2.9997 -2.7896 0.7500
v -2.9951 -2.8025 -0.7500
v -2.9889 -2.8151 -0.7500
v -2.9889 -2.8151 0.7500
v -2.9951 -2.8025 0.7500
v -2.9889 -2.8151 -0.7500
v -2.9813 -2.8264 -0.7500
v -2.9813 -2.8264 0.7500
v -2.9889 -2.8151 0.7500
v -2.9813 -2.8264 -0.7500
v -2.9730 -2.8372 -0.7500
v -2.9730 -2.8372 0.7500
v -2.9813 -2.8264 0.7500
v -2.9730 -2.8372 -0.7500
v -2.9625 -2.8477 -0.7500
v -2.9625 -2.8477 0.7500
v -2.9730 -2.8372 0.7500
v -2.9625 -2.8477 -0.7500
v -2.9504 -2.8577 -0.7500
v -2.9504 -2.8577 0.7500
v -2.9625 -2.8477 0.7500
v -2.9504 -2.8577 -0.7500
v -2.9370 -2.8678 -0.7500
v -2.9370 -2.8678 0.7500
v -2.9504 -2.8577 0.7500
v -2.9370 -2.8678 -0.7500
v -2.9215 -2.8774 -0.7500
v -2.9215 -2.8774 0.7500
v -2.9370 -2.8678 0.7500
v -2.9215 -2.8774 -0.7500
v -2.9048 -2.8862 -0.7500
v -2.9048 -2.8862 0.7500
v -2.9215 -2.8774 0.7500
v -2.9048 -2.8862 -0.7500
v -2.8864 -2.8950 -0.7500
v -2.8864 -2.8950 0.7500
v -2.9048 -2.8862 0.7500
v -2.8864 -2.8950 -0.7500
v -2.8663 -2.9033 -0.7500
v -2.8663 -2.9033 0.7500
v -2.8864 -2.8950 0.7500
v -2.8663 -2.9033 -0.7500
v -2.8446 -2.9117 -0.7500
v -2.8446 -2.9117 0.7500
v -2.8663 -2.9033 0.7500
v -2.8446 -2.9117 -0.7500
v -2.8211 -2.9192 -0.7500
v -2.8211 -2.9192 0.7500
v -2.8446 -2.9117 0.7500
v -2.8211 -2.9192 -0.7500
v -2.8078 -2.9234 -0.7500
v -2.8078 -2.9234 0.7500
v -2.8211 -2.9192 0.7500
v -2.8078 -2.9234 -0.7500
v -2.7952 -2.9272 -0.7500
v -2.7952 -2.9272 0.7500
v -2.8078 -2.9234 0.7500
v -2.7952 -2.9272 -0.7500
v -2.7831 -2.9313 -0.7500
v -2.7831 -2.9313 0.7500
v -2.7952 -2.9272 0.7500
v -2.7831 -2.9313 -0.7500
v -2.7714 -2.9351 -0.7500
v -2.7714 -2.9351 0.7500
v -2.7831 -2.9313 0.7500
v -2.7605 -2.9385 -0.7500
v -2.7500 -2.9422 -0.7500
v -2.7500 -2.9422 0.7500
v -2.7605 -2.9385 0.7500
v -2.7500 -2.9422 -0.7500
v -2.7308 -2.9489 -0.7500
v -2.7308 -2.9489 0.7500
v -2.7500 -2.9422 0.7500
v -2.7220 -2.9518 -0.7500
v -2.7141 -2.9552 -0.7500
v -2.7141 -2.9552 0.7500
v -2.7220 -2.9518 0.7500
v -2.7141 -2.9552 -0.7500
v -2.7061 -2.9581 -0.7500
v -2.7061 -2.9581 0.7500
v -2.7141 -2.9552 0.7500
v -2.7128 -3.1066 -0.7500
v -2.7224 -3.1087 -0.7500
v -2.7224 -3.1087 0.7500
v -2.7128 -3.1066 0.7500
v -2.7224 -3.1087 -0.7500
v -2.7325 -3.1112 -0.7500
v -2.7325 -3.1112 0.7500
v -2.7224 -3.1087 0.7500
v -3.0487 -3.0715 -0.7500
v -3.0704 -3.0623 -0.7500
v -3.0704 -3.0623 0.7500
v -3.0487 -3.0715 0.7500
v -3.0704 -3.0623 -0.7500
v -3.1080 -3.2400 -0.7500
v -3.1080 -3.2400 0.7500
v -3.0704 -3.0623 0.7500
v -3.1080 -3.2400 -0.7500
v -3.0984 -3.2446 -0.7500
v -3.0984 -3.2446 0.7500
v -3.1080 -3.2400 0.7500
v -3.0984 -3.2446 -0.7500
v -3.0884 -3.2492 -0.7500
v -3.0884 -3.2492 0.7500
v -3.0984 -3.2446 0.7500
v -3.0779 -3.2530 -0.7500
v -3.0671 -3.2571 -0.7500
v -3.0671 -3.2571 0.7500
v -3.0779 -3.2530 0.7500
v -3.0671 -3.2571 -0.7500
v -3.0558 -3.2609 -0.7500
v -3.0558 -3.2609 0.7500
v -3.0671 -3.2571 0.7500
v -3.0558 -3.2609 -0.7500
v -3.0441 -3.2643 -0.7500
v -3.0441 -3.2643 0.7500
v -3.0558 -3.2609 0.7500
v -3.0441 -3.2643 -0.7500
v -3.0315 -3.2676 -0.7500
v -3.0315 -3.2676 0.7500
v -3.0441 -3.2643 0.7500
v -3.0315 -3.2676 -0.7500
v -3.0190 -3.2705 -0.7500
v -3.0190 -3.2705 0.7500
v -3.0315 -3.2676 0.7500
v -3.0190 -3.2705 -0.7500
v -3.0056 -3.2730 -0.7500
v -3.0056 -3.2730 0.7500
v -3.0190 -3.2705 0.7500
v -3.0056 -3.2730 -0.7500
v -2.9918 -3.2760 -0.7500
v -2.9918 -3.2760 0.7500
v -3.0056 -3.2730 0.7500
v -2.9918 -3.2760 -0.7500
v -2.9780 -3.2781 -0.7500
v -2.9780 -3.2781 0.7500
v -2.9918 -3.2760 0.7500
v -2.9780 -3.2781 -0.7500
v -2.9638 -3.2801 -0.7500
v -2.9638 -3.2801 0.7500
v -2.9780 -3.2781 0.7500
v -2.9638 -3.2801 -0.7500
v -2.9491 -3.2822 -0.7500
v -2.9491 -3.2822 0.7500
v -2.9638 -3.2801 0.7500
v -2.9491 -3.2822 -0.7500
v -2.9341 -3.2835 -0.7500
v -2.9341 -3.2835 0.7500
v -2.9491 -3.2822 0.7500
v -2.4435 -2.4412 -0.7500
v -2.4560 -2.4391 -0.7500
v -2.4560 -2.4391 0.7500
v -2.4435 -2.4412 0.7500
v -2.7714 -2.9351 -0.7500
v -2.7605 -2.9385 -0.7500
v -2.7605 -2.9385 0.7500
v -2.7714 -2.9351 0.7500
v -2.7308 -2.9489 -0.7500
v -2.7220 -2.9518 -0.7500
v -2.7220 -2.9518 0.7500
v -2.7308 -2.9489 0.7500
v -3.0374 -3.0761 -0.7500
v -3.0487 -3.0715 -0.7500
v -3.0487 -3.0715 0.7500
v -3.0374 -3.0761 0.7500
v -3.0884 -3.2492 -0.7500
v -3.0779 -3.2530 -0.7500
v -3.0779 -3.2530 0.7500
v -3.0884 -3.2492 0.7500
v -2.6355 -2.7749 -0.7500
v -2.6476 -2.7716 -0.7500
v -2.6476 -2.7716 0.7500
v -2.6355 -2.7749 0.7500
v -2.4539 -2.6223 -0.7500
v -2.4330 -2.6290 -0.7500
v -2.4330 -2.6290 0.7500
v -2.4539 -2.6223 0.7500
v -3.0261 -3.0802 -0.7500
v -3.0374 -3.0761 -0.7500
v -3.0374 -3.0761 0.7500
v -3.0261 -3.0802 0.7500
v -2.6476 -2.7716 -0.7500
v -2.6593 -2.7682 -0.7500
v -2.6593 -2.7682 0.7500
v -2.6476 -2.7716 0.7500
v -2.4648 -2.6189 -0.7500
v -2.4539 -2.6223 -0.7500
v -2.4539 -2.6223 0.7500
v -2.4648 -2.6189 0.7500
v -3.0144 -3.0844 -0.7500
v -3.0261 -3.0802 -0.7500
v -3.0261 -3.0802 0.7500
v -3.0144 -3.0844 0.7500
v -2.4753 -2.6160 -0.7500
v -2.4648 -2.6189 -0.7500
v -2.4648 -2.6189 0.7500
v -2.4753 -2.6160 0.7500
v -3.0022 -3.0886 -0.7500
v -3.0144 -3.0844 -0.7500
v -3.0144 -3.0844 0.7500
v -3.0022 -3.0886 0.7500
v -2.9901 -3.0924 -0.7500
v -3.0022 -3.0886 -0.7500
v -3.0022 -3.0886 0.7500
v -2.9901 -3.0924 0.7500
v -2.5183 -2.6068 -0.7500
v -2.4966 -2.6110 -0.7500
v -2.4966 -2.6110 0.7500
v -2.5183 -2.6068 0.7500
v -2.9776 -3.0957 -0.7500
v -2.9901 -3.0924 -0.7500
v -2.9901 -3.0924 0.7500
v -2.9776 -3.0957 0.7500
v -2.7007 -2.7553 -0.7500
v -2.7183 -2.7494 -0.7500
v -2.7183 -2.7494 0.7500
v -2.7007 -2.7553 0.7500
v -2.5288 -2.6051 -0.7500
v -2.5183 -2.6068 -0.7500
v -2.5183 -2.6068 0.7500
v -2.5288 -2.6051 0.7500
v -2.9516 -3.1024 -0.7500
v -2.9776 -3.0957 -0.7500
v -2.9776 -3.0957 0.7500
v -2.9516 -3.1024 0.7500
v -2.5397 -2.6035 -0.7500
v -2.5288 -2.6051 -0.7500
v -2.5288 -2.6051 0.7500
v -2.5397 -2.6035 0.7500
v -2.7061 -2.9581 -0.7500
v -2.6990 -2.9610 -0.7500
v -2.6990 -2.9610 0.7500
v -2.7061 -2.9581 0.7500
v -2.9387 -3.1053 -0.7500
v -2.9516 -3.1024 -0.7500
v -2.9516 -3.1024 0.7500
v -2.9387 -3.1053 0.7500
v -2.6990 -2.9610 -0.7500
v -2.6923 -2.9644 -0.7500
v -2.6923 -2.9644 0.7500
v -2.6990 -2.9610 0.7500
v -2.9127 -3.1103 -0.7500
v -2.9387 -3.1053 -0.7500
v -2.9387 -3.1053 0.7500
v -2.9127 -3.1103 0.7500
v -2.7526 -2.7360 -0.7500
v -2.7580 -2.7331 -0.7500
v -2.7580 -2.7331 0.7500
v -2.7526 -2.7360 0.7500
v -2.5828 -2.5993 -0.7500
v -2.5610 -2.6009 -0.7500
v -2.5610 -2.6009 0.7500
v -2.5828 -2.5993 0.7500
v -2.6923 -2.9644 -0.7500
v -2.6806 -2.9711 -0.7500
v -2.6806 -2.9711 0.7500
v -2.6923 -2.9644 0.7500
v -2.8998 -3.1124 -0.7500
v -2.9127 -3.1103 -0.7500
v -2.9127 -3.1103 0.7500
v -2.8998 -3.1124 0.7500
v -2.7580 -2.7331 -0.7500
v -2.7630 -2.7302 -0.7500
v -2.7630 -2.7302 0.7500
v -2.7580 -2.7331 0.7500
v -2.5932 -2.5989 -0.7500
v -2.5828 -2.5993 -0.7500
v -2.5828 -2.5993 0.7500
v -2.5932 -2.5989 0.7500
v -2.6806 -2.9711 -0.7500
v -2.6756 -2.9744 -0.7500
v -2.6756 -2.9744 0.7500
v -2.6806 -2.9711 0.7500
v -2.8868 -3.1141 -0.7500
v -2.8998 -3.1124 -0.7500
v -2.8998 -3.1124 0.7500
v -2.8868 -3.1141 0.7500
v -2.6041 -2.5984 -0.7500
v -2.5932 -2.5989 -0.7500
v -2.5932 -2.5989 0.7500
v -2.6041 -2.5984 0.7500
v -2.6756 -2.9744 -0.7500
v -2.6710 -2.9782 -0.7500
v -2.6710 -2.9782 0.7500
v -2.6756 -2.9744 0.7500
v -2.8743 -3.1154 -0.7500
v -2.8868 -3.1141 -0.7500
v -2.8868 -3.1141 0.7500
v -2.8743 -3.1154 0.7500
v -2.6283 -2.5984 -0.7500
v -2.6041 -2.5984 -0.7500
v -2.6041 -2.5984 0.7500
v -2.6283 -2.5984 0.7500
v -2.6710 -2.9782 -0.7500
v -2.6668 -2.9820 -0.7500
v -2.6668 -2.9820 0.7500
v -2.6710 -2.9782 0.7500
v -2.8613 -3.1166 -0.7500
v -2.8743 -3.1154 -0.7500
v -2.8743 -3.1154 0.7500
v -2.8613 -3.1166 0.7500
v -2.6417 -2.5989 -0.7500
v -2.6283 -2.5984 -0.7500
v -2.6283 -2.5984 0.7500
v -2.6417 -2.5989 0.7500
v -2.6668 -2.9820 -0.7500
v -2.6631 -2.9857 -0.7500
v -2.6631 -2.9857 0.7500
v -2.6668 -2.9820 0.7500
v -2.8487 -3.1175 -0.7500
v -2.8613 -3.1166 -0.7500
v -2.8613 -3.1166 0.7500
v -2.8487 -3.1175 0.7500
v -2.6547 -2.5997 -0.7500
v -2.6417 -2.5989 -0.7500
v -2.6417 -2.5989 0.7500
v -2.6547 -2.5997 0.7500
v -2.6631 -2.9857 -0.7500
v -2.6601 -2.9895 -0.7500
v -2.6601 -2.9895 0.7500
v -2.6631 -2.9857 0.7500
v -2.8362 -3.1179 -0.7500
v -2.8487 -3.1175 -0.7500
v -2.8487 -3.1175 0.7500
v -2.8362 -3.1179 0.7500
v -2.6668 -2.6005 -0.7500
v -2.6547 -2.5997 -0.7500
v -2.6547 -2.5997 0.7500
v -2.6668 -2.6005 0.7500
v -2.8086 -3.1179 -0.7500
v -2.8362 -3.1179 -0.7500
v -2.8362 -3.1179 0.7500
v -2.8086 -3.1179 0.7500
v -2.6902 -2.6030 -0.7500
v -2.6668 -2.6005 -0.7500
v -2.6668 -2.6005 0.7500
v -2.6902 -2.6030 0.7500
v -2.7940 -3.1175 -0.7500
v -2.8086 -3.1179 -0.7500
v -2.8086 -3.1179 0.7500
v -2.7940 -3.1175 0.7500
v -2.7011 -2.6047 -0.7500
v -2.6902 -2.6030 -0.7500
v -2.6902 -2.6030 0.7500
v -2.7011 -2.6047 0.7500
v -2.7802 -3.1166 -0.7500
v -2.7940 -3.1175 -0.7500
v -2.7940 -3.1175 0.7500
v -2.7802 -3.1166 0.7500
v -2.7116 -2.6068 -0.7500
v -2.7011 -2.6047 -0.7500
v -2.7011 -2.6047 0.7500
v -2.7116 -2.6068 0.7500
v -2.7672 -3.1158 -0.7500
v -2.7802 -3.1166 -0.7500
v -2.7802 -3.1166 0.7500
v -2.7672 -3.1158 0.7500
v -2.7212 -2.6089 -0.7500
v -2.7116 -2.6068 -0.7500
v -2.7116 -2.6068 0.7500
v -2.7212 -2.6089 0.7500
v -2.7551 -3.1145 -0.7500
v -2.7672 -3.1158 -0.7500
v -2.7672 -3.1158 0.7500
v -2.7551 -3.1145 0.7500
v -2.7308 -2.6114 -0.7500
v -2.7212 -2.6089 -0.7500
v -2.7212 -2.6089 0.7500
v -2.7308 -2.6114 0.7500
v -2.7434 -3.1129 -0.7500
v -2.7551 -3.1145 -0.7500
v -2.7551 -3.1145 0.7500
v -2.7434 -3.1129 0.7500
v -2.7396 -2.6143 -0.7500
v -2.7308 -2.6114 -0.7500
v -2.7308 -2.6114 0.7500
v -2.7396 -2.6143 0.7500
v -2.7325 -3.1112 -0.7500
v -2.7434 -3.1129 -0.7500
v -2.7434 -3.1129 0.7500
v -2.7325 -3.1112 0.7500
v -2.7480 -2.6181 -0.7500
v -2.7396 -2.6143 -0.7500
v -2.7396 -2.6143 0.7500
v -2.7480 -2.6181 0.7500
v -2.7040 -3.1037 -0.7500
v -2.7128 -3.1066 -0.7500
v -2.7128 -3.1066 0.7500
v -2.7040 -3.1037 0.7500
v -2.7555 -2.6223 -0.7500
v -2.7480 -2.6181 -0.7500
v -2.7480 -2.6181 0.7500
v -2.7555 -2.6223 0.7500
v -2.7622 -2.6273 -0.7500
v -2.7555 -2.6223 -0.7500
v -2.7555 -2.6223 0.7500
v -2.7622 -2.6273 0.7500
v -2.6961 -3.1003 -0.7500
v -2.7040 -3.1037 -0.7500
v -2.7040 -3.1037 0.7500
v -2.6961 -3.1003 0.7500
v -2.7680 -2.6327 -0.7500
v -2.7622 -2.6273 -0.7500
v -2.7622 -2.6273 0.7500
v -2.7680 -2.6327 0.7500
v -2.6890 -3.0965 -0.7500
v -2.6961 -3.1003 -0.7500
v -2.6961 -3.1003 0.7500
v -2.6890 -3.0965 0.7500
v -2.7735 -2.6390 -0.7500
v -2.7680 -2.6327 -0.7500
v -2.7680 -2.6327 0.7500
v -2.7735 -2.6390 0.7500
v -2.6823 -3.0919 -0.7500
v -2.6890 -3.0965 -0.7500
v -2.6890 -3.0965 0.7500
v -2.6823 -3.0919 0.7500
v -2.7781 -2.6461 -0.7500
v -2.7735 -2.6390 -0.7500
v -2.7735 -2.6390 0.7500
v -2.7781 -2.6461 0.7500
v -2.6760 -3.0869 -0.7500
v -2.6823 -3.0919 -0.7500
v -2.6823 -3.0919 0.7500
v -2.6760 -3.0869 0.7500
v -2.7818 -2.6536 -0.7500
v -2.7781 -2.6461 -0.7500
v -2.7781 -2.6461 0.7500
v -2.7818 -2.6536 0.7500
v -2.7848 -2.6620 -0.7500
v -2.7818 -2.6536 -0.7500
v -2.7818 -2.6536 0.7500
v -2.7848 -2.6620 0.7500
v -2.6706 -3.0811 -0.7500
v -2.6760 -3.0869 -0.7500
v -2.6760 -3.0869 0.7500
v -2.6706 -3.0811 0.7500
v -2.7873 -2.6712 -0.7500
v -2.7848 -2.6620 -0.7500
v -2.7848 -2.6620 0.7500
v -2.7873 -2.6712 0.7500
v -2.6656 -3.0744 -0.7500
v -2.6706 -3.0811 -0.7500
v -2.6706 -3.0811 0.7500
v -2.6656 -3.0744 0.7500
v -2.6614 -3.0673 -0.7500
v -2.6656 -3.0744 -0.7500
v -2.6656 -3.0744 0.7500
v -2.6614 -3.0673 0.7500
v -2.7889 -2.6913 -0.7500
v -2.7889 -2.6817 -0.7500
v -2.7889 -2.6817 0.7500
v -2.7889 -2.6913 0.7500
v -2.6576 -3.0593 -0.7500
v -2.6614 -3.0673 -0.7500
v -2.6614 -3.0673 0.7500
v -2.6576 -3.0593 0.7500
v -2.7885 -2.6959 -0.7500
v -2.7889 -2.6913 -0.7500
v -2.7889 -2.6913 0.7500
v -2.7885 -2.6959 0.7500
v -2.6547 -3.0505 -0.7500
v -2.6576 -3.0593 -0.7500
v -2.6576 -3.0593 0.7500
v -2.6547 -3.0505 0.7500
v -2.7877 -2.7001 -0.7500
v -2.7885 -2.6959 -0.7500
v -2.7885 -2.6959 0.7500
v -2.7877 -2.7001 0.7500
v -2.6522 -3.0413 -0.7500
v -2.6547 -3.0505 -0.7500
v -2.6547 -3.0505 0.7500
v -2.6522 -3.0413 0.7500
v -2.7864 -2.7038 -0.7500
v -2.7877 -2.7001 -0.7500
v -2.7877 -2.7001 0.7500
v -2.7864 -2.7038 0.7500
v -2.6505 -3.0288 -0.7500
v -2.6522 -3.0413 -0.7500
v -2.6522 -3.0413 0.7500
v -2.6505 -3.0288 0.7500
v -2.7831 -2.7114 -0.7500
v -2.7864 -2.7038 -0.7500
v -2.7864 -2.7038 0.7500
v -2.7831 -2.7114 0.7500
v -2.6501 -3.0229 -0.7500
v -2.6505 -3.0288 -0.7500
v -2.6505 -3.0288 0.7500
v -2.6501 -3.0229 0.7500
v -2.7810 -2.7147 -0.7500
v -2.7831 -2.7114 -0.7500
v -2.7831 -2.7114 0.7500
v -2.7810 -2.7147 0.7500
v -2.6509 -3.0121 -0.7500
v -2.6501 -3.0229 -0.7500
v -2.6501 -3.0229 0.7500
v -2.6509 -3.0121 0.7500
v -2.7785 -2.7181 -0.7500
v -2.7810 -2.7147 -0.7500
v -2.7810 -2.7147 0.7500
v -2.7785 -2.7181 0.7500
v -2.6518 -3.0070 -0.7500
v -2.6509 -3.0121 -0.7500
v -2.6509 -3.0121 0.7500
v -2.6518 -3.0070 0.7500
v -2.6551 -2.9978 -0.7500
v -2.6518 -3.0070 -0.7500
v -2.6518 -3.0070 0.7500
v -2.6551 -2.9978 0.7500
v -2.6576 -2.9932 -0.7500
v -2.6551 -2.9978 -0.7500
v -2.6551 -2.9978 0.7500
v -2.6576 -2.9932 0.7500
v -2.7676 -2.7273 -0.7500
v -2.7718 -2.7243 -0.7500
v -2.7718 -2.7243 0.7500
v -2.7676 -2.7273 0.7500
v -2.6601 -2.9895 -0.7500
v -2.6576 -2.9932 -0.7500
v -2.6576 -2.9932 0.7500
v -2.6601 -2.9895 0.7500
v -2.7630 -2.7302 -0.7500
v -2.7676 -2.7273 -0.7500
v -2.7676 -2.7273 0.7500
v -2.7630 -2.7302 0.7500
f 3132 3133 2887
f 2887 2888 2889
f 2889 2890 2891
f 2891 2892 2893
f 2893 2894 2895
f 2895 2896 2897
f 2897 2898 2899
f 2899 2900 2901
f 2901 2902 2903
f 2903 2904 2905
f 2905 2906 2907
f 2907 2908 2909
f 2909 2910 2911
f 2911 2912 2913
f 2913 2914 2915
f 2915 2916 2917
f 2917 2918 2919
f 2919 2920 2921
f 2921 2922 2923
f 2923 2924 2925
f 2925 2926 2927
f 2927 2928 2929
f 2929 2930 2931
f 2931 2932 2933
f 2933 2934 2935
f 2935 2936 2937
f 2937 2938 2939
f 2941 2942 2943
f 2943 2944 2945
f 2946 2947 2948
f 2948 2949 2950
f 2954 2955 2956
f 2963 2964 2965
f 2987 2988 2989
f 2992 2993 2994
f 2997 2998 2999
f 2999 3000 3001
f 3001 3002 3003
f 3003 3004 3005
f 3005 3006 3007
f 3008 3009 3010
f 3010 3011 3012
f 3012 3013 3014
f 3014 3015 3016
f 3016 3017 3018
f 3018 3019 3020
f 3020 3021 3022
f 3022 3023 3024
f 3024 3025 3026
f 3026 3027 3028
f 3028 3029 3030
f 3030 3031 3032
f 3032 3033 3034
f 3034 3035 3036
f 3036 3037 3038
f 3038 3039 3040
f 3040 3041 3042
f 3042 3043 3044
f 3044 3045 3046
f 3046 3047 3048
f 3048 3049 3050
f 3050 3051 3052
f 3052 3053 3054
f 3054 3055 3056
f 3056 3057 3058
f 3058 3059 3060
f 3061 3062 3063
f 3064 3065 3066
f 3092 3093 3094
f 3116 3117 3118
f 3118 3119 3120
f 3121 3122 3123
f 3123 3124 3125
f 3125 3126 3127
f 3127 3128 3129
f 3129 3130 3131
f 3131 3132 2887
f 2887 2889 2891
f 2891 2893 2895
f 2895 2897 2899
f 2899 2901 2903
f 2903 2905 2907
f 2907 2909 2911
f 2911 2913 2915
f 2915 2917 2919
f 2919 2921 2923
f 2923 2925 2927
f 2927 2929 2931
f 2931 2933 2935
f 2935 2937 2939
f 2997 2999 3001
f 3001 3003 3005
f 3005 3007 3008
f 3008 3010 3012
f 3012 3014 3016
f 3016 3018 3020
f 3020 3022 3024
f 3024 3026 3028
f 3028 3030 3032
f 3032 3034 3036
f 3036 3038 3040
f 3040 3042 3044
f 3044 3046 3048
f 3048 3050 3052
f 3052 3054 3056
f 3058 3060 3061
f 3061 3063 3064
f 3115 3116 3118
f 3118 3120 3121
f 3121 3123 3125
f 3125 3127 3129
f 3129 3131 2887
f 2887 2891 2895
f 2895 2899 2903
f 2903 2907 2911
f 2911 2915 2919
f 2919 2923 2927
f 2927 2931 2935
f 2935 2939 2940
f 2996 2997 3001
f 3001 3005 3008
f 3008 3012 3016
f 3016 3020 3024
f 3024 3028 3032
f 3032 3036 3040
f 3040 3044 3048
f 3048 3052 3056
f 3114 3115 3118
f 3118 3121 3125
f 3125 3129 2887
f 2887 2895 2903
f 2903 2911 2919
f 2919 2927 2935
f 2935 2940 2941
f 2995 2996 3001
f 3001 3008 3016
f 3016 3024 3032
f 3032 3040 3048
f 3048 3056 3058
f 3113 3114 3118
f 3118 3125 2887
f 2887 2903 2919
f 2919 2935 2941
f 2994 2995 3001
f 3001 3016 3032
f 3032 3048 3058
f 3112 3113 3118
f 2919 2941 2943
f 2992 2994 3001
f 3032 3058 3061
f 3111 3112 3118
f 2919 2943 2945
f 2991 2992 3001
f 3032 3061 3064
f 3110 3111 3118
f 2919 2945 2946
f 2990 2991 3001
f 3032 3064 3066
f 3109 3110 3118
f 2919 2946 2948
f 2989 2990 3001
f 3032 3066 3067
f 3108 3109 3118
f 2919 2948 2950
f 2987 2989 3001
f 3032 3067 3068
f 3107 3108 3118
f 2919 2950 2951
f 2986 2987 3001
f 3032 3068 3069
f 3106 3107 3118
f 2919 2951 2952
f 2985 2986 3001
f 3032 3069 3070
f 3105 3106 3118
f 2984 2985 3001
f 3032 3070 3071
f 3104 3105 3118
f 2983 2984 3001
f 3032 3071 3072
f 3103 3104 3118
f 2982 2983 3001
f 3032 3072 3073
f 3102 3103 3118
f 2981 2982 3001
f 3032 3073 3074
f 3101 3102 3118
f 2980 2981 3001
f 3100 3101 3118
f 2979 2980 3001
f 3099 3100 3118
f 2978 2979 3001
f 3098 3099 3118
f 2977 2978 3001
f 3097 3098 3118
f 2976 2977 3001
f 3096 3097 3118
f 2975 2976 3001
f 3095 3096 3118
f 2974 2975 3001
f 3094 3095 3118
f 2974 3001 3032
f 3092 3094 3118
f 2973 2974 3032
f 3091 3092 3118
f 2972 2973 3032
f 3091 3118 2887
f 2971 2972 3032
f 3090 3091 2887
f 2970 2971 3032
f 3089 3090 2887
f 2969 2970 3032
f 3088 3089 2887
f 2968 2969 3032
f 3087 3088 2887
f 2967 2968 3032
f 3087 2887 2919
f 2966 2967 3032
f 3086 3087 2919
f 2965 2966 3032
f 3085 3086 2919
f 2963 2965 3032
f 3084 3085 2919
f 2962 2963 3032
f 3083 3084 2919
f 2961 2962 3032
f 3082 3083 2919
f 2960 2961 3032
f 3081 3082 2919
f 2959 2960 3032
f 3080 3081 2919
f 2958 2959 3032
f 3079 3080 2919
f 2957 2958 3032
f 3078 3079 2919
f 2956 2957 3032
f 3077 3078 2919
f 2954 2956 3032
f 3076 3077 2919
f 2954 3032 3074
f 3075 3076 2919
f 2953 2954 3074
f 3074 3075 2919
f 2952 2953 3074
f 3074 2919 2952
f 3379 3134 3380
f 3134 3136 3135
f 3136 3138 3137
f 3138 3140 3139
f 3140 3142 3141
f 3142 3144 3143
f 3144 3146 3145
f 3146 3148 3147
f 3148 3150 3149
f 3150 3152 3151
f 3152 3154 3153
f 3154 3156 3155
f 3156 3158 3157
f 3158 3160 3159
f 3160 3162 3161
f 3162 3164 3163
f 3164 3166 3165
f 3166 3168 3167
f 3168 3170 3169
f 3170 3172 3171
f 3172 3174 3173
f 3174 3176 3175
f 3176 3178 3177
f 3178 3180 3179
f 3180 3182 3181
f 3182 3184 3183
f 3184 3186 3185
f 3188 3190 3189
f 3190 3192 3191
f 3193 3195 3194
f 3195 3197 3196
f 3201 3203 3202
f 3210 3212 3211
f 3234 3236 3235
f 3239 3241 3240
f 3244 3246 3245
f 3246 3248 3247
f 3248 3250 3249
f 3250 3252 3251
f 3252 3254 3253
f 3255 3257 3256
f 3257 3259 3258
f 3259 3261 3260
f 3261 3263 3262
f 3263 3265 3264
f 3265 3267 3266
f 3267 3269 3268
f 3269 3271 3270
f 3271 3273 3272
f 3273 3275 3274
f 3275 3277 3276
f 3277 3279 3278
f 3279 3281 3280
f 3281 3283 3282
f 3283 3285 3284
f 3285 3287 3286
f 3287 3289 3288
f 3289 3291 3290
f 3291 3293 3292
f 3293 3295 3294
f 3295 3297 3296
f 3297 3299 3298
f 3299 3301 3300
f 3301 3303 3302
f 3303 3305 3304
f 3305 3307 3306
f 3308 3310 3309
f 3311 3313 3312
f 3339 3341 3340
f 3363 3365 3364
f 3365 3367 3366
f 3368 3370 3369
f 3370 3372 3371
f 3372 3374 3373
f 3374 3376 3375
f 3376 3378 3377
f 3378 3134 3379
f 3134 3138 3136
f 3138 3142 3140
f 3142 3146 3144
f 3146 3150 3148
f 3150 3154 3152
f 3154 3158 3156
f 3158 3162 3160
f 3162 3166 3164
f 3166 3170 3168
f 3170 3174 3172
f 3174 3178 3176
f 3178 3182 3180
f 3182 3186 3184
f 3244 3248 3246
f 3248 3252 3250
f 3252 3255 3254
f 3255 3259 3257
f 3259 3263 3261
f 3263 3267 3265
f 3267 3271 3269
f 3271 3275 3273
f 3275 3279 3277
f 3279 3283 3281
f 3283 3287 3285
f 3287 3291 3289
f 3291 3295 3293
f 3295 3299 3297
f 3299 3303 3301
f 3305 3308 3307
f 3308 3311 3310
f 3362 3365 3363
f 3365 3368 3367
f 3368 3372 3370
f 3372 3376 3374
f 3376 3134 3378
f 3134 3142 3138
f 3142 3150 3146
f 3150 3158 3154
f 3158 3166 3162
f 3166 3174 3170
f 3174 3182 3178
f 3182 3187 3186
f 3243 3248 3244
f 3248 3255 3252
f 3255 3263 3259
f 3263 3271 3267
f 3271 3279 3275
f 3279 3287 3283
f 3287 3295 3291
f 3295 3303 3299
f 3361 3365 3362
f 3365 3372 3368
f 3372 3134 3376
f 3134 3150 3142
f 3150 3166 3158
f 3166 3182 3174
f 3182 3188 3187
f 3242 3248 3243
f 3248 3263 3255
f 3263 3279 3271
f 3279 3295 3287
f 3295 3305 3303
f 3360 3365 3361
f 3365 3134 3372
f 3134 3166 3150
f 3166 3188 3182
f 3241 3248 3242
f 3248 3279 3263
f 3279 3305 3295
f 3359 3365 3360
f 3166 3190 3188
f 3239 3248 3241
f 3279 3308 3305
f 3358 3365 3359
f 3166 3192 3190
f 3238 3248 3239
f 3279 3311 3308
f 3357 3365 3358
f 3166 3193 3192
f 3237 3248 3238
f 3279 3313 3311
f 3356 3365 3357
f 3166 3195 3193
f 3236 3248 3237
f 3279 3314 3313
f 3355 3365 3356
f 3166 3197 3195
f 3234 3248 3236
f 3279 3315 3314
f 3354 3365 3355
f 3166 3198 3197
f 3233 3248 3234
f 3279 3316 3315
f 3353 3365 3354
f 3166 3199 3198
f 3232 3248 3233
f 3279 3317 3316
f 3352 3365 3353
f 3231 3248 3232
f 3279 3318 3317
f 3351 3365 3352
f 3230 3248 3231
f 3279 3319 3318
f 3350 3365 3351
f 3229 3248 3230
f 3279 3320 3319
f 3349 3365 3350
f 3228 3248 3229
f 3279 3321 3320
f 3348 3365 3349
f 3227 3248 3228
f 3347 3365 3348
f 3226 3248 3227
f 3346 3365 3347
f 3225 3248 3226
f 3345 3365 3346
f 3224 3248 3225
f 3344 3365 3345
f 3223 3248 3224
f 3343 3365 3344
f 3222 3248 3223
f 3342 3365 3343
f 3221 3248 3222
f 3341 3365 3342
f 3221 3279 3248
f 3339 3365 3341
f 3220 3279 3221
f 3338 3365 3339
f 3219 3279 3220
f 3338 3134 3365
f 3218 3279 3219
f 3337 3134 3338
f 3217 3279 3218
f 3336 3134 3337
f 3216 3279 3217
f 3335 3134 3336
f 3215 3279 3216
f 3334 3134 3335
f 3214 3279 3215
f 3334 3166 3134
f 3213 3279 3214
f 3333 3166 3334
f 3212 3279 3213
f 3332 3166 3333
f 3210 3279 3212
f 3331 3166 3332
f 3209 3279 3210
f 3330 3166 3331
f 3208 3279 3209
f 3329 3166 3330
f 3207 3279 3208
f 3328 3166 3329
f 3206 3279 3207
f 3327 3166 3328
f 3205 3279 3206
f 3326 3166 3327
f 3204 3279 3205
f 3325 3166 3326
f 3203 3279 3204
f 3324 3166 3325
f 3201 3279 3203
f 3323 3166 3324
f 3201 3321 3279
f 3322 3166 3323
f 3200 3321 3201
f 3321 3166 3322
f 3199 3321 3200
f 3321 3199 3166
f 3381 3382 3383
f 3381 3383 3384
f 3385 3386 3387
f 3385 3387 3388
f 3389 3390 3391
f 3389 3391 3392
f 3393 3394 3395
f 3393 3395 3396
f 3397 3398 3399
f 3397 3399 3400
f 3401 3402 3403
f 3401 3403 3404
f 3405 3406 3407
f 3405 3407 3408
f 3409 3410 3411
f 3409 3411 3412
f 3413 3414 3415
f 3413 3415 3416
f 3417 3418 3419
f 3417 3419 3420
f 3421 3422 3423
f 3421 3423 3424
f 3425 3426 3427
f 3425 3427 3428
f 3429 3430 3431
f 3429 3431 3432
f 3433 3434 3435
f 3433 3435 3436
f 3437 3438 3439
f 3437 3439 3440
f 3441 3442 3443
f 3441 3443 3444
f 3445 3446 3447
f 3445 3447 3448
f 3449 3450 3451
f 3449 3451 3452
f 3453 3454 3455
f 3453 3455 3456
f 3457 3458 3459
f 3457 3459 3460
f 3461 3462 3463
f 3461 3463 3464
f 3465 3466 3467
f 3465 3467 3468
f 3469 3470 3471
f 3469 3471 3472
f 3473 3474 3475
f 3473 3475 3476
f 3477 3478 3479
f 3477 3479 3480
f 3481 3482 3483
f 3481 3483 3484
f 3485 3486 3487
f 3485 3487 3488
f 3489 3490 3491
f 3489 3491 3492
f 3493 3494 3495
f 3493 3495 3496
f 3497 3498 3499
f 3497 3499 3500
f 3501 3502 3503
f 3501 3503 3504
f 3505 3506 3507
f 3505 3507 3508
f 3509 3510 3511
f 3509 3511 3512
f 3513 3514 3515
f 3513 3515 3516
f 3517 3518 3519
f 3517 3519 3520
f 3521 3522 3523
f 3521 3523 3524
f 3525 3526 3527
f 3525 3527 3528
f 3529 3530 3531
f 3529 3531 3532
f 3533 3534 3535
f 3533 3535 3536
f 3537 3538 3539
f 3537 3539 3540
f 3541 3542 3543
f 3541 3543 3544
f 3545 3546 3547
f 3545 3547 3548
f 3549 3550 3551
f 3549 3551 3552
f 3553 3554 3555
f 3553 3555 3556
f 3557 3558 3559
f 3557 3559 3560
f 3561 3562 3563
f 3561 3563 3564
f 3565 3566 3567
f 3565 3567 3568
f 3569 3570 3571
f 3569 3571 3572
f 3573 3574 3575
f 3573 3575 3576
f 3577 3578 3579
f 3577 3579 3580
f 3581 3582 3583
f 3581 3583 3584
f 3585 3586 3587
f 3585 3587 3588
f 3589 3590 3591
f 3589 3591 3592
f 3593 3594 3595
f 3593 3595 3596
f 3597 3598 3599
f 3597 3599 3600
f 3601 3602 3603
f 3601 3603 3604
f 3605 3606 3607
f 3605 3607 3608
f 3609 3610 3611
f 3609 3611 3612
f 3613 3614 3615
f 3613 3615 3616
f 3617 3618 3619
f 3617 3619 3620
f 3621 3622 3623
f 3621 3623 3624
f 3625 3626 3627
f 3625 3627 3628
f 3629 3630 3631
f 3629 3631 3632
f 3633 3634 3635
f 3633 3635 3636
f 3637 3638 3639
f 3637 3639 3640
f 3641 3642 3643
f 3641 3643 3644
f 3645 3646 3647
f 3645 3647 3648
f 3649 3650 3651
f 3649 3651 3652
f 3653 3654 3655
f 3653 3655 3656
f 3657 3658 3659
f 3657 3659 3660
f 3661 3662 3663
f 3661 3663 3664
f 3665 3666 3667
f 3665 3667 3668
f 3669 3670 3671
f 3669 3671 3672
f 3673 3674 3675
f 3673 3675 3676
f 3677 3678 3679
f 3677 3679 3680
f 3681 3682 3683
f 3681 3683 3684
f 3685 3686 3687
f 3685 3687 3688
f 3689 3690 3691
f 3689 3691 3692
f 3693 3694 3695
f 3693 3695 3696
f 3697 3698 3699
f 3697 3699 3700
f 3701 3702 3703
f 3701 3703 3704
f 3705 3706 3707
f 3705 3707 3708
f 3709 3710 3711
f 3709 3711 3712
f 3713 3714 3715
f 3713 3715 3716
f 3717 3718 3719
f 3717 3719 3720
f 3721 3722 3723
f 3721 3723 3724
f 3725 3726 3727
f 3725 3727 3728
f 3729 3730 3731
f 3729 3731 3732
f 3733 3734 3735
f 3733 3735 3736
f 3737 3738 3739
f 3737 3739 3740
f 3741 3742 3743
f 3741 3743 3744
f 3745 3746 3747
f 3745 3747 3748
f 3749 3750 3751
f 3749 3751 3752
f 3753 3754 3755
f 3753 3755 3756
f 3757 3758 3759
f 3757 3759 3760
f 3761 3762 3763
f 3761 3763 3764
f 3765 3766 3767
f 3765 3767 3768
f 3769 3770 3771
f 3769 3771 3772
f 3773 3774 3775
f 3773 3775 3776
f 3777 3778 3779
f 3777 3779 3780
f 3781 3782 3783
f 3781 3783 3784
f 3785 3786 3787
f 3785 3787 3788
f 3789 3790 3791
f 3789 3791 3792
f 3793 3794 3795
f 3793 3795 3796
f 3797 3798 3799
f 3797 3799 3800
f 3801 3802 3803
f 3801 3803 3804
f 3805 3806 3807
f 3805 3807 3808
f 3809 3810 3811
f 3809 3811 3812
f 3813 3814 3815
f 3813 3815 3816
f 3817 3818 3819
f 3817 3819 3820
f 3821 3822 3823
f 3821 3823 3824
f 3825 3826 3827
f 3825 3827 3828
f 3829 3830 3831
f 3829 3831 3832
f 3833 3834 3835
f 3833 3835 3836
f 3837 3838 3839
f 3837 3839 3840
f 3841 3842 3843
f 3841 3843 3844
f 3845 3846 3847
f 3845 3847 3848
f 3849 3850 3851
f 3849 3851 3852
f 3853 3854 3855
f 3853 3855 3856
f 3857 3858 3859
f 3857 3859 3860
f 3861 3862 3863
f 3861 3863 3864
f 3865 3866 3867
f 3865 3867 3868
f 3869 3870 3871
f 3869 3871 3872
f 3873 3874 3875
f 3873 3875 3876
f 3877 3878 3879
f 3877 3879 3880
f 3881 3882 3883
f 3881 3883 3884
f 3885 3886 3887
f 3885 3887 3888
f 3889 3890 3891
f 3889 3891 3892
f 3893 3894 3895
f 3893 3895 3896
f 3897 3898 3899
f 3897 3899 3900
f 3901 3902 3903
f 3901 3903 3904
f 3905 3906 3907
f 3905 3907 3908
f 3909 3910 3911
f 3909 3911 3912
f 3913 3914 3915
f 3913 3915 3916
f 3917 3918 3919
f 3917 3919 3920
f 3921 3922 3923
f 3921 3923 3924
f 3925 3926 3927
f 3925 3927 3928
f 3929 3930 3931
f 3929 3931 3932
f 3933 3934 3935
f 3933 3935 3936
f 3937 3938 3939
f 3937 3939 3940
f 3941 3942 3943
f 3941 3943 3944
f 3945 3946 3947
f 3945 3947 3948
f 3949 3950 3951
f 3949 3951 3952
f 3953 3954 3955
f 3953 3955 3956
f 3957 3958 3959
f 3957 3959 3960
f 3961 3962 3963
f 3961 3963 3964
f 3965 3966 3967
f 3965 3967 3968
f 3969 3970 3971
f 3969 3971 3972
f 3973 3974 3975
f 3973 3975 3976
f 3977 3978 3979
f 3977 3979 3980
f 3981 3982 3983
f 3981 3983 3984
f 3985 3986 3987
f 3985 3987 3988
f 3989 3990 3991
f 3989 3991 3992
f 3993 3994 3995
f 3993 3995 3996
f 3997 3998 3999
f 3997 3999 4000
f 4001 4002 4003
f 4001 4003 4004
f 4005 4006 4007
f 4005 4007 4008
f 4009 4010 4011
f 4009 4011 4012
f 4013 4014 4015
f 4013 4015 4016
f 4017 4018 4019
f 4017 4019 4020
f 4021 4022 4023
f 4021 4023 4024
f 4025 4026 4027
f 4025 4027 4028
f 4029 4030 4031
f 4029 4031 4032
f 4033 4034 4035
f 4033 4035 4036
f 4037 4038 4039
f 4037 4039 4040
f 4041 4042 4043
f 4041 4043 4044
f 4045 4046 4047
f 4045 4047 4048
f 4049 4050 4051
f 4049 4051 4052
f 4053 4054 4055
f 4053 4055 4056
f 4057 4058 4059
f 4057 4059 4060
f 4061 4062 4063
f 4061 4063 4064
f 4065 4066 4067
f 4065 4067 4068
f 4069 4070 4071
f 4069 4071 4072
f 4073 4074 4075
f 4073 4075 4076
f 4077 4078 4079
f 4077 4079 4080
f 4081 4082 4083
f 4081 4083 4084
f 4085 4086 4087
f 4085 4087 4088
f 4089 4090 4091
f 4089 4091 4092
f 4093 4094 4095
f 4093 4095 4096
f 4097 4098 4099
f 4097 4099 4100
f 4101 4102 4103
f 4101 4103 4104
f 4105 4106 4107
f 4105 4107 4108
f 4109 4110 4111
f 4109 4111 4112
f 4113 4114 4115
f 4113 4115 4116
f 4117 4118 4119
f 4117 4119 4120
f 4121 4122 4123
f 4121 4123 4124
f 4125 4126 4127
f 4125 4127 4128
f 4129 4130 4131
f 4129 4131 4132
f 4133 4134 4135
f 4133 4135 4136
f 4137 4138 4139
f 4137 4139 4140
f 4141 4142 4143
f 4141 4143 4144
f 4145 4146 4147
f 4145 4147 4148
f 4149 4150 4151
f 4149 4151 4152
f 4153 4154 4155
f 4153 4155 4156
f 4157 4158 4159
f 4157 4159 4160
f 4161 4162 4163
f 4161 4163 4164
f 4165 4166 4167
f 4165 4167 4168
f 4169 4170 4171
f 4169 4171 4172
f 4173 4174 4175
f 4173 4175 4176
f 4177 4178 4179
f 4177 4179 4180
f 4181 4182 4183
f 4181 4183 4184
f 4185 4186 4187
f 4185 4187 4188
f 4189 4190 4191
f 4189 4191 4192
f 4193 4194 4195
f 4193 4195 4196
f 4197 4198 4199
f 4197 4199 4200
f 4201 4202 4203
f 4201 4203 4204
f 4205 4206 4207
f 4205 4207 4208
f 4209 4210 4211
f 4209 4211 4212
f 4213 4214 4215
f 4213 4215 4216
f 4217 4218 4219
f 4217 4219 4220
f 4221 4222 4223
f 4221 4223 4224
f 4225 4226 4227
f 4225 4227 4228
f 4229 4230 4231
f 4229 4231 4232
f 4233 4234 4235
f 4233 4235 4236
f 4237 4238 4239
f 4237 4239 4240
f 4241 4242 4243
f 4241 4243 4244
f 4245 4246 4247
f 4245 4247 4248
f 4249 4250 4251
f 4249 4251 4252
f 4253 4254 4255
f 4253 4255 4256
f 4257 4258 4259
f 4257 4259 4260
f 4261 4262 4263
f 4261 4263 4264
f 4265 4266 4267
f 4265 4267 4268
f 4269 4270 4271
f 4269 4271 4272
f 4273 4274 4275
f 4273 4275 4276
f 4277 4278 4279
f 4277 4279 4280
f 4281 4282 4283
f 4281 4283 4284
f 4285 4286 4287
f 4285 4287 4288
f 4289 4290 4291
f 4289 4291 4292
f 4293 4294 4295
f 4293 4295 4296
f 4297 4298 4299
f 4297 4299 4300
f 4301 4302 4303
f 4301 4303 4304
f 4305 4306 4307
f 4305 4307 4308
f 4309 4310 4311
f 4309 4311 4312
f 4313 4314 4315
f 4313 4315 4316
f 4317 4318 4319
f 4317 4319 4320
f 4321 4322 4323
f 4321 4323 4324
f 4325 4326 4327
f 4325 4327 4328
f 4329 4330 4331
f 4329 4331 4332
f 4333 4334 4335
f 4333 4335 4336
f 4337 4338 4339
f 4337 4339 4340
f 4341 4342 4343
f 4341 4343 4344
f 4345 4346 4347
f 4345 4347 4348
f 4349 4350 4351
f 4349 4351 4352
f 4353 4354 4355
f 4353 4355 4356
f 4357 4358 4359
f 4357 4359 4360
f 4361 4362 4363
f 4361 4363 4364
f 4365 4366 4367
f 4365 4367 4368
v -4.9926 -2.4387 0.7500
v -5.0277 -2.6051 0.7500
v -4.6551 -2.6051 0.7500
v -5.1670 -3.1685 0.7500
v -5.1887 -3.2751 0.7500
v -4.5150 -3.2751 0.7500
v -4.4811 -3.1141 0.7500
v -4.8771 -3.1141 0.7500
v -4.3707 -2.5558 0.7500
v -4.3460 -2.4387 0.7500
v -4.9926 -2.4387 -0.7500
v -5.0277 -2.6051 -0.7500
v -4.6551 -2.6051 -0.7500
v -5.1670 -3.1685 -0.7500
v -5.1887 -3.2751 -0.7500
v -4.5150 -3.2751 -0.7500
v -4.4811 -3.1141 -0.7500
v -4.8771 -3.1141 -0.7500
v -4.3707 -2.5558 -0.7500
v -4.3460 -2.4387 -0.7500
v -4.3707 -2.5558 -0.7500
v -4.3460 -2.4387 -0.7500
v -4.3460 -2.4387 0.7500
v -4.3707 -2.5558 0.7500
v -4.3460 -2.4387 -0.7500
v -4.9926 -2.4387 -0.7500
v -4.9926 -2.4387 0.7500
v -4.3460 -2.4387 0.7500
v -4.9926 -2.4387 -0.7500
v -5.0277 -2.6051 -0.7500
v -5.0277 -2.6051 0.7500
v -4.9926 -2.4387 0.7500
v -5.0277 -2.6051 -0.7500
v -4.6551 -2.6051 -0.7500
v -4.6551 -2.6051 0.7500
v -5.0277 -2.6051 0.7500
v -4.6551 -2.6051 -0.7500
v -5.1670 -3.1685 -0.7500
v -5.1670 -3.1685 0.7500
v -4.6551 -2.6051 0.7500
v -5.1670 -3.1685 -0.7500
v -5.1887 -3.2751 -0.7500
v -5.1887 -3.2751 0.7500
v -5.1670 -3.1685 0.7500
v -5.1887 -3.2751 -0.7500
v -4.5150 -3.2751 -0.7500
v -4.5150 -3.2751 0.7500
v -5.1887 -3.2751 0.7500
v -4.5150 -3.2751 -0.7500
v -4.4811 -3.1141 -0.7500
v -4.4811 -3.1141 0.7500
v -4.5150 -3.2751 0.7500
v -4.4811 -3.1141 -0.7500
v -4.8771 -3.1141 -0.7500
v -4.8771 -3.1141 0.7500
v -4.4811 -3.1141 0.7500
v -4.8771 -3.1141 -0.7500
v -4.3707 -2.5558 -0.7500
v -4.3707 -2.5558 0.7500
v -4.8771 -3.1141 0.7500
f 4377 4378 4369
f 4369 4370 4371
f 4371 4372 4373
f 4373 4374 4375
f 4377 4369 4371
f 4373 4375 4376
f 4376 4377 4371
f 4371 4373 4376
f 4387 4379 4388
f 4379 4381 4380
f 4381 4383 4382
f 4383 4385 4384
f 4387 4381 4379
f 4383 4386 4385
f 4386 4381 4387
f 4381 4386 4383
f 4389 4390 4391
f 4389 4391 4392
f 4393 4394 4395
f 4393 4395 4396
f 4397 4398 4399
f 4397 4399 4400
f 4401 4402 4403
f 4401 4403 4404
f 4405 4406 4407
f 4405 4407 4408
f 4409 4410 4411
f 4409 4411 4412
f 4413 4414 4415
f 4413 4415 4416
f 4417 4418 4419
f 4417 4419 4420
f 4421 4422 4423
f 4421 4423 4424
f 4425 4426 4427
f 4425 4427 4428
v -1.3988 -2.4387 0.7500
v -2.0989 -2.4387 0.7500
v -2.1327 -2.5997 0.7500
v -1.8872 -2.5997 0.7500
v -2.0303 -3.2751 0.7500
v -1.8212 -3.2751 0.7500
v -1.6781 -2.5997 0.7500
v -1.4326 -2.5997 0.7500
v -1.3988 -2.4387 -0.7500
v -2.0989 -2.4387 -0.7500
v -2.1327 -2.5997 -0.7500
v -1.8872 -2.5997 -0.7500
v -2.0303 -3.2751 -0.7500
v -1.8212 -3.2751 -0.7500
v -1.6781 -2.5997 -0.7500
v -1.4326 -2.5997 -0.7500
v -1.6781 -2.5997 -0.7500
v -1.4326 -2.5997 -0.7500
v -1.4326 -2.5997 0.7500
v -1.6781 -2.5997 0.7500
v -1.4326 -2.5997 -0.7500
v -1.3988 -2.4387 -0.7500
v -1.3988 -2.4387 0.7500
v -1.4326 -2.5997 0.7500
v -1.3988 -2.4387 -0.7500
v -2.0989 -2.4387 -0.7500
v -2.0989 -2.4387 0.7500
v -1.3988 -2.4387 0.7500
v -2.0989 -2.4387 -0.7500
v -2.1327 -2.5997 -0.7500
v -2.1327 -2.5997 0.7500
v -2.0989 -2.4387 0.7500
v -1.8872 -2.5997 -0.7500
v -2.0303 -3.2751 -0.7500
v -2.0303 -3.2751 0.7500
v -1.8872 -2.5997 0.7500
v -2.0303 -3.2751 -0.7500
v -1.8212 -3.2751 -0.7500
v -1.8212 -3.2751 0.7500
v -2.0303 -3.2751 0.7500
v -2.1327 -2.5997 -0.7500
v -1.8872 -2.5997 -0.7500
v -1.8872 -2.5997 0.7500
v -2.1327 -2.5997 0.7500
v -1.8212 -3.2751 -0.7500
v -1.6781 -2.5997 -0.7500
v -1.6781 -2.5997 0.7500
v -1.8212 -3.2751 0.7500
f 4435 4436 4429
f 4429 4430 4431
f 4432 4433 4434
f 4429 4431 4432
f 4432 4434 4435
f 4435 4429 4432
f 4443 4437 4444
f 4437 4439 4438
f 4440 4442 4441
f 4437 4440 4439
f 4440 4443 4442
f 4443 4440 4437
f 4445 4446 4447
f 4445 4447 4448
f 4449 4450 4451
f 4449 4451 4452
f 4453 4454 4455
f 4453 4455 4456
f 4457 4458 4459
f 4457 4459 4460
f 4461 4462 4463
f 4461 4463 4464
f 4465 4466 4467
f 4465 4467 4468
f 4469 4470 4471
f 4469 4471 4472
f 4473 4474 4475
f 4473 4475 4476
v -8.1686 -3.1141 0.7500
v -8.0256 -2.4387 0.7500
v -8.2347 -2.4387 0.7500
v -8.4112 -3.2751 0.7500
v -7.8072 -3.2751 0.7500
v -7.7738 -3.1141 0.7500
v -8.1686 -3.1141 -0.7500
v -8.0256 -2.4387 -0.7500
v -8.2347 -2.4387 -0.7500
v -8.4112 -3.2751 -0.7500
v -7.8072 -3.2751 -0.7500
v -7.7738 -3.1141 -0.7500
v -7.8072 -3.2751 -0.7500
v -7.7738 -3.1141 -0.7500
v -7.7738 -3.1141 0.7500
v -7.8072 -3.2751 0.7500
v -7.7738 -3.1141 -0.7500
v -8.1686 -3.1141 -0.7500
v -8.1686 -3.1141 0.7500
v -7.7738 -3.1141 0.7500
v -8.1686 -3.1141 -0.7500
v -8.0256 -2.4387 -0.7500
v -8.0256 -2.4387 0.7500
v -8.1686 -3.1141 0.7500
v -8.0256 -2.4387 -0.7500
v -8.2347 -2.4387 -0.7500
v -8.2347 -2.4387 0.7500
v -8.0256 -2.4387 0.7500
v -8.4112 -3.2751 -0.7500
v -7.8072 -3.2751 -0.7500
v -7.8072 -3.2751 0.7500
v -8.4112 -3.2751 0.7500
v -8.2347 -2.4387 -0.7500
v -8.4112 -3.2751 -0.7500
v -8.4112 -3.2751 0.7500
v -8.2347 -2.4387 0.7500
f 4481 4482 4477
f 4477 4478 4479
f 4480 4481 4477
f 4477 4479 4480
f 4487 4483 4488
f 4483 4485 4484
f 4486 4483 4487
f 4483 4486 4485
f 4489 4490 4491
f 4489 4491 4492
f 4493 4494 4495
f 4493 4495 4496
f 4497 4498 4499
f 4497 4499 4500
f 4501 4502 4503
f 4501 4503 4504
f 4505 4506 4507
f 4505 4507 4508
f 4509 4510 4511
f 4509 4511 4512
v -6.6956 -3.2751 0.7500
v -6.4865 -3.2751 0.7500
v -6.3100 -2.4387 0.7500
v -6.5191 -2.4387 0.7500
v -6.6956 -3.2751 -0.7500
v -6.4865 -3.2751 -0.7500
v -6.3100 -2.4387 -0.7500
v -6.5191 -2.4387 -0.7500
v -6.3100 -2.4387 -0.7500
v -6.5191 -2.4387 -0.7500
v -6.5191 -2.4387 0.7500
v -6.3100 -2.4387 0.7500
v -6.5191 -2.4387 -0.7500
v -6.6956 -3.2751 -0.7500
v -6.6956 -3.2751 0.7500
v -6.5191 -2.4387 0.7500
v -6.6956 -3.2751 -0.7500
v -6.4865 -3.2751 -0.7500
v -6.4865 -3.2751 0.7500
v -6.6956 -3.2751 0.7500
v -6.4865 -3.2751 -0.7500
v -6.3100 -2.4387 -0.7500
v -6.3100 -2.4387 0.7500
v -6.4865 -3.2751 0.7500
f 4515 4516 4513
f 4513 4514 4515
f 4519 4517 4520
f 4517 4519 4518
f 4521 4522 4523
f 4521 4523 4524
f 4525 4526 4527
f 4525 4527 4528
f 4529 4530 4531
f 4529 4531 4532
f 4533 4534 4535
f 4533 4535 4536
v 0.7233 -3.2751 0.7500
v 0.9324 -3.2751 0.7500
v 1.1093 -2.4387 0.7500
v 0.9002 -2.4387 0.7500
v 0.7233 -3.2751 -0.7500
v 0.9324 -3.2751 -0.7500
v 1.1093 -2.4387 -0.7500
v 0.9002 -2.4387 -0.7500
v 1.1093 -2.4387 -0.7500
v 0.9002 -2.4387 -0.7500
v 0.9002 -2.4387 0.7500
v 1.1093 -2.4387 0.7500
v 0.9002 -2.4387 -0.7500
v 0.7233 -3.2751 -0.7500
v 0.7233 -3.2751 0.7500
v 0.9002 -2.4387 0.7500
v 0.7233 -3.2751 -0.7500
v 0.9324 -3.2751 -0.7500
v 0.9324 -3.2751 0.7500
v 0.7233 -3.2751 0.7500
v 0.9324 -3.2751 -0.7500
v 1.1093 -2.4387 -0.7500
v 1.1093 -2.4387 0.7500
v 0.9324 -3.2751 0.7500
f 4539 4540 4537
f 4537 4538 4539
f 4543 4541 4544
f 4541 4543 4542
f 4545 4546 4547
f 4545 4547 4548
f 4549 4550 4551
f 4549 4551 4552
f 4553 4554 4555
f 4553 4555 4556
f 4557 4558 4559
f 4557 4559 4560
o Emas
usemtl Emas
v 3.4585 -2.0819 0.7500
v 2.9700 -3.2910 0.7500
v 8.4697 -2.5181 0.7500
v 7.6667 -1.4906 0.7500
v 4.7496 -1.9004 0.7500
v 3.4585 -2.0819 -0.7500
v 2.9700 -3.2910 -0.7500
v 8.4697 -2.5181 -0.7500
v 7.6667 -1.4906 -0.7500
v 4.7496 -1.9004 -0.7500
v 7.6667 -1.4906 -0.7500
v 4.7496 -1.9004 -0.7500
v 4.7496 -1.9004 0.7500
v 7.6667 -1.4906 0.7500
v 4.7496 -1.9004 -0.7500
v 3.4585 -2.0819 -0.7500
v 3.4585 -2.0819 0.7500
v 4.7496 -1.9004 0.7500
v 3.4585 -2.0819 -0.7500
v 2.9700 -3.2910 -0.7500
v 2.9700 -3.2910 0.7500
v 3.4585 -2.0819 0.7500
v 2.9700 -3.2910 -0.7500
v 8.4697 -2.5181 -0.7500
v 8.4697 -2.5181 0.7500
v 2.9700 -3.2910 0.7500
v 8.4697 -2.5181 -0.7500
v 7.6667 -1.4906 -0.7500
v 7.6667 -1.4906 0.7500
v 8.4697 -2.5181 0.7500
f 4564 4565 4561
f 4561 4562 4563
f 4563 4564 4561
f 4569 4566 4570
f 4566 4568 4567
f 4568 4566 4569
f 4571 4572 4573
f 4571 4573 4574
f 4575 4576 4577
f 4575 4577 4578
f 4579 4580 4581
f 4579 4581 4582
f 4583 4584 4585
f 4583 4585 4586
f 4587 4588 4589
f 4587 4589 4590
v 7.9059 -1.4571 0.7500
v 8.7085 -2.4847 0.7500
v 10.0000 -2.3032 0.7500
v 6.5806 2.0731 0.7500
v 6.0921 0.8645 0.7500
v 7.9059 -1.4571 -0.7500
v 8.7085 -2.4847 -0.7500
v 10.0000 -2.3032 -0.7500
v 6.5806 2.0731 -0.7500
v 6.0921 0.8645 -0.7500
v 6.5806 2.0731 -0.7500
v 6.0921 0.8645 -0.7500
v 6.0921 0.8645 0.7500
v 6.5806 2.0731 0.7500
v 6.0921 0.8645 -0.7500
v 7.9059 -1.4571 -0.7500
v 7.9059 -1.4571 0.7500
v 6.0921 0.8645 0.7500
v 7.9059 -1.4571 -0.7500
v 8.7085 -2.4847 -0.7500
v 8.7085 -2.4847 0.7500
v 7.9059 -1.4571 0.7500
v 8.7085 -2.4847 -0.7500
v 10.0000 -2.3032 -0.7500
v 10.0000 -2.3032 0.7500
v 8.7085 -2.4847 0.7500
v 10.0000 -2.3032 -0.7500
v 6.5806 2.0731 -0.7500
v 6.5806 2.0731 0.7500
v 10.0000 -2.3032 0.7500
f 4594 4595 4591
f 4591 4592 4593
f 4593 4594 4591
f 4599 4596 4600
f 4596 4598 4597
f 4598 4596 4599
f 4601 4602 4603
f 4601 4603 4604
f 4605 4606 4607
f 4605 4607 4608
f 4609 4610 4611
f 4609 4611 4612
f 4613 4614 4615
f 4613 4615 4616
f 4617 4618 4619
f 4617 4619 4620
v 5.6291 3.2910 0.7500
v 3.5489 -1.8582 0.7500
v 4.8399 -1.6767 0.7500
v 6.4321 2.2634 0.7500
v 5.6291 3.2910 -0.7500
v 3.5489 -1.8582 -0.7500
v 4.8399 -1.6767 -0.7500
v 6.4321 2.2634 -0.7500
v 4.8399 -1.6767 -0.7500
v 6.4321 2.2634 -0.7500
v 6.4321 2.2634 0.7500
v 4.8399 -1.6767 0.7500
v 6.4321 2.2634 -0.7500
v 5.6291 3.2910 -0.7500
v 5.6291 3.2910 0.7500
v 6.4321 2.2634 0.7500
v 5.6291 3.2910 -0.7500
v 3.5489 -1.8582 -0.7500
v 3.5489 -1.8582 0.7500
v 5.6291 3.2910 0.7500
v 3.5489 -1.8582 -0.7500
v 4.8399 -1.6767 -0.7500
v 4.8399 -1.6767 0.7500
v 3.5489 -1.8582 0.7500
f 4623 4624 4621
f 4621 4622 4623
f 4627 4625 4628
f 4625 4627 4626
f 4629 4630 4631
f 4629 4631 4632
f 4633 4634 4635
f 4633 4635 4636
f 4637 4638 4639
f 4637 4639 4640
f 4641 4642 4643
f 4641 4643 4644
