# LNZ.STD logo - dibuat dari lnz-1-petir-tengah.svg
mtllib lnz-1-petir-tengah.mtl
o Putih
usemtl Putih
v 8.4354 -1.4938 0.7500
v 8.5329 -1.4832 0.7500
v 8.6265 -1.4696 0.7500
v 8.7164 -1.4531 0.7500
v 8.8023 -1.4334 0.7500
v 8.8845 -1.4107 0.7500
v 8.9628 -1.3851 0.7500
v 9.0373 -1.3565 0.7500
v 9.1086 -1.3247 0.7500
v 9.1772 -1.2894 0.7500
v 9.2426 -1.2505 0.7500
v 9.3053 -1.2084 0.7500
v 9.3651 -1.1628 0.7500
v 9.4219 -1.1136 0.7500
v 9.4758 -1.0612 0.7500
v 9.5271 -1.0052 0.7500
v 9.5751 -0.9460 0.7500
v 9.6204 -0.8833 0.7500
v 9.6634 -0.8167 0.7500
v 9.7040 -0.7470 0.7500
v 9.7426 -0.6730 0.7500
v 9.7791 -0.5956 0.7500
v 9.8136 -0.5146 0.7500
v 9.8460 -0.4298 0.7500
v 9.8763 -0.3412 0.7500
v 9.9043 -0.2490 0.7500
v 9.9305 -0.1530 0.7500
v 9.9544 -0.0532 0.7500
v 9.9588 -0.0331 0.7500
v 9.9670 0.0063 0.7500
v 9.9708 0.0258 0.7500
v 9.9744 0.0449 0.7500
v 9.9776 0.0640 0.7500
v 9.9806 0.0832 0.7500
v 9.9835 0.1017 0.7500
v 9.9862 0.1203 0.7500
v 9.9885 0.1388 0.7500
v 9.9909 0.1571 0.7500
v 9.9926 0.1751 0.7500
v 9.9944 0.1933 0.7500
v 9.9959 0.2113 0.7500
v 9.9971 0.2290 0.7500
v 9.9982 0.2469 0.7500
v 9.9991 0.2646 0.7500
v 9.9997 0.2823 0.7500
v 10.0000 0.2996 0.7500
v 10.0000 0.3170 0.7500
v 9.9985 0.3874 0.7500
v 9.9935 0.4554 0.7500
v 9.9853 0.5214 0.7500
v 9.9741 0.5853 0.7500
v 9.9594 0.6468 0.7500
v 9.9417 0.7063 0.7500
v 9.9205 0.7637 0.7500
v 9.8960 0.8191 0.7500
v 9.8687 0.8721 0.7500
v 9.8377 0.9231 0.7500
v 9.8039 0.9716 0.7500
v 9.7679 1.0179 0.7500
v 9.7294 1.0620 0.7500
v 9.6884 1.1036 0.7500
v 9.6451 1.1430 0.7500
v 9.5992 1.1801 0.7500
v 9.5509 1.2149 0.7500
v 9.5003 1.2470 0.7500
v 9.4473 1.2770 0.7500
v 9.3919 1.3047 0.7500
v 9.3345 1.3300 0.7500
v 9.2753 1.3527 0.7500
v 9.2143 1.3724 0.7500
v 9.1519 1.3898 0.7500
v 9.0877 1.4042 0.7500
v 9.0220 1.4163 0.7500
v 8.9546 1.4254 0.7500
v 8.8857 1.4322 0.7500
v 8.8150 1.4360 0.7500
v 8.7426 1.4375 0.7500
v 7.3432 1.4375 0.7500
v 6.7215 -1.5073 0.7500
v 8.1206 -1.5073 0.7500
v 8.2293 -1.5058 0.7500
v 8.3344 -1.5014 0.7500
v 8.5488 0.5273 0.7500
v 8.5859 0.5237 0.7500
v 8.6206 0.5190 0.7500
v 8.6530 0.5131 0.7500
v 8.6831 0.5064 0.7500
v 8.7108 0.4984 0.7500
v 8.7358 0.4896 0.7500
v 8.7585 0.4796 0.7500
v 8.7791 0.4675 0.7500
v 8.7973 0.4531 0.7500
v 8.8132 0.4357 0.7500
v 8.8274 0.4157 0.7500
v 8.8392 0.3933 0.7500
v 8.8489 0.3677 0.7500
v 8.8562 0.3397 0.7500
v 8.8618 0.3091 0.7500
v 8.8648 0.2755 0.7500
v 8.8660 0.2393 0.7500
v 8.8660 0.2275 0.7500
v 8.8654 0.2028 0.7500
v 8.8648 0.1901 0.7500
v 8.8642 0.1771 0.7500
v 8.8636 0.1639 0.7500
v 8.8627 0.1506 0.7500
v 8.8615 0.1371 0.7500
v 8.8604 0.1232 0.7500
v 8.8592 0.1091 0.7500
v 8.8577 0.0947 0.7500
v 8.8556 0.0800 0.7500
v 8.8536 0.0646 0.7500
v 8.8512 0.0490 0.7500
v 8.8483 0.0331 0.7500
v 8.8450 0.0166 0.7500
v 8.8418 -0.0001 0.7500
v 8.8380 -0.0175 0.7500
v 8.8339 -0.0352 0.7500
v 8.8294 -0.0532 0.7500
v 8.8182 -0.1032 0.7500
v 8.8062 -0.1506 0.7500
v 8.7938 -0.1957 0.7500
v 8.7808 -0.2384 0.7500
v 8.7670 -0.2784 0.7500
v 8.7529 -0.3161 0.7500
v 8.7381 -0.3512 0.7500
v 8.7225 -0.3839 0.7500
v 8.7066 -0.4142 0.7500
v 8.6899 -0.4419 0.7500
v 8.6725 -0.4675 0.7500
v 8.6545 -0.4916 0.7500
v 8.6354 -0.5137 0.7500
v 8.6156 -0.5340 0.7500
v 8.5950 -0.5529 0.7500
v 8.5735 -0.5697 0.7500
v 8.5514 -0.5850 0.7500
v 8.5282 -0.5985 0.7500
v 8.5043 -0.6103 0.7500
v 8.4796 -0.6203 0.7500
v 8.4540 -0.6289 0.7500
v 8.4269 -0.6368 0.7500
v 8.3989 -0.6436 0.7500
v 8.3698 -0.6495 0.7500
v 8.3394 -0.6545 0.7500
v 8.3082 -0.6586 0.7500
v 8.2755 -0.6618 0.7500
v 8.2419 -0.6642 0.7500
v 8.2069 -0.6657 0.7500
v 8.1710 -0.6660 0.7500
v 8.0064 -0.6660 0.7500
v 8.2578 0.5320 0.7500
v 8.4225 0.5320 0.7500
v 8.4669 0.5314 0.7500
v 8.5090 0.5299 0.7500
v 8.4354 -1.4938 -0.7500
v 8.5329 -1.4832 -0.7500
v 8.6265 -1.4696 -0.7500
v 8.7164 -1.4531 -0.7500
v 8.8023 -1.4334 -0.7500
v 8.8845 -1.4107 -0.7500
v 8.9628 -1.3851 -0.7500
v 9.0373 -1.3565 -0.7500
v 9.1086 -1.3247 -0.7500
v 9.1772 -1.2894 -0.7500
v 9.2426 -1.2505 -0.7500
v 9.3053 -1.2084 -0.7500
v 9.3651 -1.1628 -0.7500
v 9.4219 -1.1136 -0.7500
v 9.4758 -1.0612 -0.7500
v 9.5271 -1.0052 -0.7500
v 9.5751 -0.9460 -0.7500
v 9.6204 -0.8833 -0.7500
v 9.6634 -0.8167 -0.7500
v 9.7040 -0.7470 -0.7500
v 9.7426 -0.6730 -0.7500
v 9.7791 -0.5956 -0.7500
v 9.8136 -0.5146 -0.7500
v 9.8460 -0.4298 -0.7500
v 9.8763 -0.3412 -0.7500
v 9.9043 -0.2490 -0.7500
v 9.9305 -0.1530 -0.7500
v 9.9544 -0.0532 -0.7500
v 9.9588 -0.0331 -0.7500
v 9.9670 0.0063 -0.7500
v 9.9708 0.0258 -0.7500
v 9.9744 0.0449 -0.7500
v 9.9776 0.0640 -0.7500
v 9.9806 0.0832 -0.7500
v 9.9835 0.1017 -0.7500
v 9.9862 0.1203 -0.7500
v 9.9885 0.1388 -0.7500
v 9.9909 0.1571 -0.7500
v 9.9926 0.1751 -0.7500
v 9.9944 0.1933 -0.7500
v 9.9959 0.2113 -0.7500
v 9.9971 0.2290 -0.7500
v 9.9982 0.2469 -0.7500
v 9.9991 0.2646 -0.7500
v 9.9997 0.2823 -0.7500
v 10.0000 0.2996 -0.7500
v 10.0000 0.3170 -0.7500
v 9.9985 0.3874 -0.7500
v 9.9935 0.4554 -0.7500
v 9.9853 0.5214 -0.7500
v 9.9741 0.5853 -0.7500
v 9.9594 0.6468 -0.7500
v 9.9417 0.7063 -0.7500
v 9.9205 0.7637 -0.7500
v 9.8960 0.8191 -0.7500
v 9.8687 0.8721 -0.7500
v 9.8377 0.9231 -0.7500
v 9.8039 0.9716 -0.7500
v 9.7679 1.0179 -0.7500
v 9.7294 1.0620 -0.7500
v 9.6884 1.1036 -0.7500
v 9.6451 1.1430 -0.7500
v 9.5992 1.1801 -0.7500
v 9.5509 1.2149 -0.7500
v 9.5003 1.2470 -0.7500
v 9.4473 1.2770 -0.7500
v 9.3919 1.3047 -0.7500
v 9.3345 1.3300 -0.7500
v 9.2753 1.3527 -0.7500
v 9.2143 1.3724 -0.7500
v 9.1519 1.3898 -0.7500
v 9.0877 1.4042 -0.7500
v 9.0220 1.4163 -0.7500
v 8.9546 1.4254 -0.7500
v 8.8857 1.4322 -0.7500
v 8.8150 1.4360 -0.7500
v 8.7426 1.4375 -0.7500
v 7.3432 1.4375 -0.7500
v 6.7215 -1.5073 -0.7500
v 8.1206 -1.5073 -0.7500
v 8.2293 -1.5058 -0.7500
v 8.3344 -1.5014 -0.7500
v 8.5488 0.5273 -0.7500
v 8.5859 0.5237 -0.7500
v 8.6206 0.5190 -0.7500
v 8.6530 0.5131 -0.7500
v 8.6831 0.5064 -0.7500
v 8.7108 0.4984 -0.7500
v 8.7358 0.4896 -0.7500
v 8.7585 0.4796 -0.7500
v 8.7791 0.4675 -0.7500
v 8.7973 0.4531 -0.7500
v 8.8132 0.4357 -0.7500
v 8.8274 0.4157 -0.7500
v 8.8392 0.3933 -0.7500
v 8.8489 0.3677 -0.7500
v 8.8562 0.3397 -0.7500
v 8.8618 0.3091 -0.7500
v 8.8648 0.2755 -0.7500
v 8.8660 0.2393 -0.7500
v 8.8660 0.2275 -0.7500
v 8.8654 0.2028 -0.7500
v 8.8648 0.1901 -0.7500
v 8.8642 0.1771 -0.7500
v 8.8636 0.1639 -0.7500
v 8.8627 0.1506 -0.7500
v 8.8615 0.1371 -0.7500
v 8.8604 0.1232 -0.7500
v 8.8592 0.1091 -0.7500
v 8.8577 0.0947 -0.7500
v 8.8556 0.0800 -0.7500
v 8.8536 0.0646 -0.7500
v 8.8512 0.0490 -0.7500
v 8.8483 0.0331 -0.7500
v 8.8450 0.0166 -0.7500
v 8.8418 -0.0001 -0.7500
v 8.8380 -0.0175 -0.7500
v 8.8339 -0.0352 -0.7500
v 8.8294 -0.0532 -0.7500
v 8.8182 -0.1032 -0.7500
v 8.8062 -0.1506 -0.7500
v 8.7938 -0.1957 -0.7500
v 8.7808 -0.2384 -0.7500
v 8.7670 -0.2784 -0.7500
v 8.7529 -0.3161 -0.7500
v 8.7381 -0.3512 -0.7500
v 8.7225 -0.3839 -0.7500
v 8.7066 -0.4142 -0.7500
v 8.6899 -0.4419 -0.7500
v 8.6725 -0.4675 -0.7500
v 8.6545 -0.4916 -0.7500
v 8.6354 -0.5137 -0.7500
v 8.6156 -0.5340 -0.7500
v 8.5950 -0.5529 -0.7500
v 8.5735 -0.5697 -0.7500
v 8.5514 -0.5850 -0.7500
v 8.5282 -0.5985 -0.7500
v 8.5043 -0.6103 -0.7500
v 8.4796 -0.6203 -0.7500
v 8.4540 -0.6289 -0.7500
v 8.4269 -0.6368 -0.7500
v 8.3989 -0.6436 -0.7500
v 8.3698 -0.6495 -0.7500
v 8.3394 -0.6545 -0.7500
v 8.3082 -0.6586 -0.7500
v 8.2755 -0.6618 -0.7500
v 8.2419 -0.6642 -0.7500
v 8.2069 -0.6657 -0.7500
v 8.1710 -0.6660 -0.7500
v 8.0064 -0.6660 -0.7500
v 8.2578 0.5320 -0.7500
v 8.4225 0.5320 -0.7500
v 8.4669 0.5314 -0.7500
v 8.5090 0.5299 -0.7500
v 8.0064 -0.6660 -0.7500
v 8.2578 0.5320 -0.7500
v 8.2578 0.5320 0.7500
v 8.0064 -0.6660 0.7500
v 8.8654 0.2028 -0.7500
v 8.8648 0.1901 -0.7500
v 8.8648 0.1901 0.7500
v 8.8654 0.2028 0.7500
v 8.8648 0.1901 -0.7500
v 8.8642 0.1771 -0.7500
v 8.8642 0.1771 0.7500
v 8.8648 0.1901 0.7500
v 8.8627 0.1506 -0.7500
v 8.8615 0.1371 -0.7500
v 8.8615 0.1371 0.7500
v 8.8627 0.1506 0.7500
v 8.8615 0.1371 -0.7500
v 8.8604 0.1232 -0.7500
v 8.8604 0.1232 0.7500
v 8.8615 0.1371 0.7500
v 8.8577 0.0947 -0.7500
v 8.8556 0.0800 -0.7500
v 8.8556 0.0800 0.7500
v 8.8577 0.0947 0.7500
v 8.8556 0.0800 -0.7500
v 8.8536 0.0646 -0.7500
v 8.8536 0.0646 0.7500
v 8.8556 0.0800 0.7500
v 8.8483 0.0331 -0.7500
v 8.8450 0.0166 -0.7500
v 8.8450 0.0166 0.7500
v 8.8483 0.0331 0.7500
v 8.8450 0.0166 -0.7500
v 8.8418 -0.0001 -0.7500
v 8.8418 -0.0001 0.7500
v 8.8450 0.0166 0.7500
v 8.8339 -0.0352 -0.7500
v 8.8294 -0.0532 -0.7500
v 8.8294 -0.0532 0.7500
v 8.8339 -0.0352 0.7500
v 8.8294 -0.0532 -0.7500
v 8.8182 -0.1032 -0.7500
v 8.8182 -0.1032 0.7500
v 8.8294 -0.0532 0.7500
v 8.1710 -0.6660 -0.7500
v 8.0064 -0.6660 -0.7500
v 8.0064 -0.6660 0.7500
v 8.1710 -0.6660 0.7500
v 6.7215 -1.5073 -0.7500
v 8.1206 -1.5073 -0.7500
v 8.1206 -1.5073 0.7500
v 6.7215 -1.5073 0.7500
v 8.1206 -1.5073 -0.7500
v 8.2293 -1.5058 -0.7500
v 8.2293 -1.5058 0.7500
v 8.1206 -1.5073 0.7500
v 8.2293 -1.5058 -0.7500
v 8.3344 -1.5014 -0.7500
v 8.3344 -1.5014 0.7500
v 8.2293 -1.5058 0.7500
v 8.3344 -1.5014 -0.7500
v 8.4354 -1.4938 -0.7500
v 8.4354 -1.4938 0.7500
v 8.3344 -1.5014 0.7500
v 8.4354 -1.4938 -0.7500
v 8.5329 -1.4832 -0.7500
v 8.5329 -1.4832 0.7500
v 8.4354 -1.4938 0.7500
v 8.5329 -1.4832 -0.7500
v 8.6265 -1.4696 -0.7500
v 8.6265 -1.4696 0.7500
v 8.5329 -1.4832 0.7500
v 8.6265 -1.4696 -0.7500
v 8.7164 -1.4531 -0.7500
v 8.7164 -1.4531 0.7500
v 8.6265 -1.4696 0.7500
v 8.7164 -1.4531 -0.7500
v 8.8023 -1.4334 -0.7500
v 8.8023 -1.4334 0.7500
v 8.7164 -1.4531 0.7500
v 8.8023 -1.4334 -0.7500
v 8.8845 -1.4107 -0.7500
v 8.8845 -1.4107 0.7500
v 8.8023 -1.4334 0.7500
v 8.8845 -1.4107 -0.7500
v 8.9628 -1.3851 -0.7500
v 8.9628 -1.3851 0.7500
v 8.8845 -1.4107 0.7500
v 8.9628 -1.3851 -0.7500
v 9.0373 -1.3565 -0.7500
v 9.0373 -1.3565 0.7500
v 8.9628 -1.3851 0.7500
v 9.0373 -1.3565 -0.7500
v 9.1086 -1.3247 -0.7500
v 9.1086 -1.3247 0.7500
v 9.0373 -1.3565 0.7500
v 9.1086 -1.3247 -0.7500
v 9.1772 -1.2894 -0.7500
v 9.1772 -1.2894 0.7500
v 9.1086 -1.3247 0.7500
v 9.1772 -1.2894 -0.7500
v 9.2426 -1.2505 -0.7500
v 9.2426 -1.2505 0.7500
v 9.1772 -1.2894 0.7500
v 9.2426 -1.2505 -0.7500
v 9.3053 -1.2084 -0.7500
v 9.3053 -1.2084 0.7500
v 9.2426 -1.2505 0.7500
v 9.3053 -1.2084 -0.7500
v 9.3651 -1.1628 -0.7500
v 9.3651 -1.1628 0.7500
v 9.3053 -1.2084 0.7500
v 9.3651 -1.1628 -0.7500
v 9.4219 -1.1136 -0.7500
v 9.4219 -1.1136 0.7500
v 9.3651 -1.1628 0.7500
v 9.4219 -1.1136 -0.7500
v 9.4758 -1.0612 -0.7500
v 9.4758 -1.0612 0.7500
v 9.4219 -1.1136 0.7500
v 9.4758 -1.0612 -0.7500
v 9.5271 -1.0052 -0.7500
v 9.5271 -1.0052 0.7500
v 9.4758 -1.0612 0.7500
v 9.5271 -1.0052 -0.7500
v 9.5751 -0.9460 -0.7500
v 9.5751 -0.9460 0.7500
v 9.5271 -1.0052 0.7500
v 9.5751 -0.9460 -0.7500
v 9.6204 -0.8833 -0.7500
v 9.6204 -0.8833 0.7500
v 9.5751 -0.9460 0.7500
v 9.6204 -0.8833 -0.7500
v 9.6634 -0.8167 -0.7500
v 9.6634 -0.8167 0.7500
v 9.6204 -0.8833 0.7500
v 9.6634 -0.8167 -0.7500
v 9.7040 -0.7470 -0.7500
v 9.7040 -0.7470 0.7500
v 9.6634 -0.8167 0.7500
v 9.7040 -0.7470 -0.7500
v 9.7426 -0.6730 -0.7500
v 9.7426 -0.6730 0.7500
v 9.7040 -0.7470 0.7500
v 9.7426 -0.6730 -0.7500
v 9.7791 -0.5956 -0.7500
v 9.7791 -0.5956 0.7500
v 9.7426 -0.6730 0.7500
v 9.7791 -0.5956 -0.7500
v 9.8136 -0.5146 -0.7500
v 9.8136 -0.5146 0.7500
v 9.7791 -0.5956 0.7500
v 9.8136 -0.5146 -0.7500
v 9.8460 -0.4298 -0.7500
v 9.8460 -0.4298 0.7500
v 9.8136 -0.5146 0.7500
v 9.8460 -0.4298 -0.7500
v 9.8763 -0.3412 -0.7500
v 9.8763 -0.3412 0.7500
v 9.8460 -0.4298 0.7500
v 9.8763 -0.3412 -0.7500
v 9.9043 -0.2490 -0.7500
v 9.9043 -0.2490 0.7500
v 9.8763 -0.3412 0.7500
v 9.9043 -0.2490 -0.7500
v 9.9305 -0.1530 -0.7500
v 9.9305 -0.1530 0.7500
v 9.9043 -0.2490 0.7500
v 9.9305 -0.1530 -0.7500
v 9.9544 -0.0532 -0.7500
v 9.9544 -0.0532 0.7500
v 9.9305 -0.1530 0.7500
v 9.9544 -0.0532 -0.7500
v 9.9588 -0.0331 -0.7500
v 9.9588 -0.0331 0.7500
v 9.9544 -0.0532 0.7500
v 9.9588 -0.0331 -0.7500
v 9.9670 0.0063 -0.7500
v 9.9670 0.0063 0.7500
v 9.9588 -0.0331 0.7500
v 9.9670 0.0063 -0.7500
v 9.9708 0.0258 -0.7500
v 9.9708 0.0258 0.7500
v 9.9670 0.0063 0.7500
v 9.9708 0.0258 -0.7500
v 9.9744 0.0449 -0.7500
v 9.9744 0.0449 0.7500
v 9.9708 0.0258 0.7500
v 9.9744 0.0449 -0.7500
v 9.9776 0.0640 -0.7500
v 9.9776 0.0640 0.7500
v 9.9744 0.0449 0.7500
v 9.9806 0.0832 -0.7500
v 9.9835 0.1017 -0.7500
v 9.9835 0.1017 0.7500
v 9.9806 0.0832 0.7500
v 9.9835 0.1017 -0.7500
v 9.9862 0.1203 -0.7500
v 9.9862 0.1203 0.7500
v 9.9835 0.1017 0.7500
v 9.9885 0.1388 -0.7500
v 9.9909 0.1571 -0.7500
v 9.9909 0.1571 0.7500
v 9.9885 0.1388 0.7500
v 9.9909 0.1571 -0.7500
v 9.9926 0.1751 -0.7500
v 9.9926 0.1751 0.7500
v 9.9909 0.1571 0.7500
v 9.9926 0.1751 -0.7500
v 9.9944 0.1933 -0.7500
v 9.9944 0.1933 0.7500
v 9.9926 0.1751 0.7500
v 9.9944 0.1933 -0.7500
v 9.9959 0.2113 -0.7500
v 9.9959 0.2113 0.7500
v 9.9944 0.1933 0.7500
v 9.9959 0.2113 -0.7500
v 9.9971 0.2290 -0.7500
v 9.9971 0.2290 0.7500
v 9.9959 0.2113 0.7500
v 9.9971 0.2290 -0.7500
v 9.9982 0.2469 -0.7500
v 9.9982 0.2469 0.7500
v 9.9971 0.2290 0.7500
v 9.9982 0.2469 -0.7500
v 9.9991 0.2646 -0.7500
v 9.9991 0.2646 0.7500
v 9.9982 0.2469 0.7500
v 9.9991 0.2646 -0.7500
v 9.9997 0.2823 -0.7500
v 9.9997 0.2823 0.7500
v 9.9991 0.2646 0.7500
v 9.9997 0.2823 -0.7500
v 10.0000 0.2996 -0.7500
v 10.0000 0.2996 0.7500
v 9.9997 0.2823 0.7500
v 10.0000 0.2996 -0.7500
v 10.0000 0.3170 -0.7500
v 10.0000 0.3170 0.7500
v 10.0000 0.2996 0.7500
v 10.0000 0.3170 -0.7500
v 9.9985 0.3874 -0.7500
v 9.9985 0.3874 0.7500
v 10.0000 0.3170 0.7500
v 9.9985 0.3874 -0.7500
v 9.9935 0.4554 -0.7500
v 9.9935 0.4554 0.7500
v 9.9985 0.3874 0.7500
v 9.9935 0.4554 -0.7500
v 9.9853 0.5214 -0.7500
v 9.9853 0.5214 0.7500
v 9.9935 0.4554 0.7500
v 9.9853 0.5214 -0.7500
v 9.9741 0.5853 -0.7500
v 9.9741 0.5853 0.7500
v 9.9853 0.5214 0.7500
v 9.9741 0.5853 -0.7500
v 9.9594 0.6468 -0.7500
v 9.9594 0.6468 0.7500
v 9.9741 0.5853 0.7500
v 9.9594 0.6468 -0.7500
v 9.9417 0.7063 -0.7500
v 9.9417 0.7063 0.7500
v 9.9594 0.6468 0.7500
v 9.9417 0.7063 -0.7500
v 9.9205 0.7637 -0.7500
v 9.9205 0.7637 0.7500
v 9.9417 0.7063 0.7500
v 9.9205 0.7637 -0.7500
v 9.8960 0.8191 -0.7500
v 9.8960 0.8191 0.7500
v 9.9205 0.7637 0.7500
v 9.8960 0.8191 -0.7500
v 9.8687 0.8721 -0.7500
v 9.8687 0.8721 0.7500
v 9.8960 0.8191 0.7500
v 9.8687 0.8721 -0.7500
v 9.8377 0.9231 -0.7500
v 9.8377 0.9231 0.7500
v 9.8687 0.8721 0.7500
v 9.8377 0.9231 -0.7500
v 9.8039 0.9716 -0.7500
v 9.8039 0.9716 0.7500
v 9.8377 0.9231 0.7500
v 9.8039 0.9716 -0.7500
v 9.7679 1.0179 -0.7500
v 9.7679 1.0179 0.7500
v 9.8039 0.9716 0.7500
v 9.7679 1.0179 -0.7500
v 9.7294 1.0620 -0.7500
v 9.7294 1.0620 0.7500
v 9.7679 1.0179 0.7500
v 9.7294 1.0620 -0.7500
v 9.6884 1.1036 -0.7500
v 9.6884 1.1036 0.7500
v 9.7294 1.0620 0.7500
v 9.6884 1.1036 -0.7500
v 9.6451 1.1430 -0.7500
v 9.6451 1.1430 0.7500
v 9.6884 1.1036 0.7500
v 9.6451 1.1430 -0.7500
v 9.5992 1.1801 -0.7500
v 9.5992 1.1801 0.7500
v 9.6451 1.1430 0.7500
v 9.5992 1.1801 -0.7500
v 9.5509 1.2149 -0.7500
v 9.5509 1.2149 0.7500
v 9.5992 1.1801 0.7500
v 9.5509 1.2149 -0.7500
v 9.5003 1.2470 -0.7500
v 9.5003 1.2470 0.7500
v 9.5509 1.2149 0.7500
v 9.5003 1.2470 -0.7500
v 9.4473 1.2770 -0.7500
v 9.4473 1.2770 0.7500
v 9.5003 1.2470 0.7500
v 9.4473 1.2770 -0.7500
v 9.3919 1.3047 -0.7500
v 9.3919 1.3047 0.7500
v 9.4473 1.2770 0.7500
v 9.3919 1.3047 -0.7500
v 9.3345 1.3300 -0.7500
v 9.3345 1.3300 0.7500
v 9.3919 1.3047 0.7500
v 9.3345 1.3300 -0.7500
v 9.2753 1.3527 -0.7500
v 9.2753 1.3527 0.7500
v 9.3345 1.3300 0.7500
v 9.2753 1.3527 -0.7500
v 9.2143 1.3724 -0.7500
v 9.2143 1.3724 0.7500
v 9.2753 1.3527 0.7500
v 9.2143 1.3724 -0.7500
v 9.1519 1.3898 -0.7500
v 9.1519 1.3898 0.7500
v 9.2143 1.3724 0.7500
v 9.1519 1.3898 -0.7500
v 9.0877 1.4042 -0.7500
v 9.0877 1.4042 0.7500
v 9.1519 1.3898 0.7500
v 9.0877 1.4042 -0.7500
v 9.0220 1.4163 -0.7500
v 9.0220 1.4163 0.7500
v 9.0877 1.4042 0.7500
v 9.0220 1.4163 -0.7500
v 8.9546 1.4254 -0.7500
v 8.9546 1.4254 0.7500
v 9.0220 1.4163 0.7500
v 8.9546 1.4254 -0.7500
v 8.8857 1.4322 -0.7500
v 8.8857 1.4322 0.7500
v 8.9546 1.4254 0.7500
v 8.8857 1.4322 -0.7500
v 8.8150 1.4360 -0.7500
v 8.8150 1.4360 0.7500
v 8.8857 1.4322 0.7500
v 8.8150 1.4360 -0.7500
v 8.7426 1.4375 -0.7500
v 8.7426 1.4375 0.7500
v 8.8150 1.4360 0.7500
v 8.7426 1.4375 -0.7500
v 7.3432 1.4375 -0.7500
v 7.3432 1.4375 0.7500
v 8.7426 1.4375 0.7500
v 7.3432 1.4375 -0.7500
v 6.7215 -1.5073 -0.7500
v 6.7215 -1.5073 0.7500
v 7.3432 1.4375 0.7500
v 8.8642 0.1771 -0.7500
v 8.8636 0.1639 -0.7500
v 8.8636 0.1639 0.7500
v 8.8642 0.1771 0.7500
v 8.8604 0.1232 -0.7500
v 8.8592 0.1091 -0.7500
v 8.8592 0.1091 0.7500
v 8.8604 0.1232 0.7500
v 8.8380 -0.0175 -0.7500
v 8.8339 -0.0352 -0.7500
v 8.8339 -0.0352 0.7500
v 8.8380 -0.0175 0.7500
v 8.2069 -0.6657 -0.7500
v 8.1710 -0.6660 -0.7500
v 8.1710 -0.6660 0.7500
v 8.2069 -0.6657 0.7500
v 9.9776 0.0640 -0.7500
v 9.9806 0.0832 -0.7500
v 9.9806 0.0832 0.7500
v 9.9776 0.0640 0.7500
v 9.9862 0.1203 -0.7500
v 9.9885 0.1388 -0.7500
v 9.9885 0.1388 0.7500
v 9.9862 0.1203 0.7500
v 8.2419 -0.6642 -0.7500
v 8.2069 -0.6657 -0.7500
v 8.2069 -0.6657 0.7500
v 8.2419 -0.6642 0.7500
v 8.2755 -0.6618 -0.7500
v 8.2419 -0.6642 -0.7500
v 8.2419 -0.6642 0.7500
v 8.2755 -0.6618 0.7500
v 8.2578 0.5320 -0.7500
v 8.4225 0.5320 -0.7500
v 8.4225 0.5320 0.7500
v 8.2578 0.5320 0.7500
v 8.3082 -0.6586 -0.7500
v 8.2755 -0.6618 -0.7500
v 8.2755 -0.6618 0.7500
v 8.3082 -0.6586 0.7500
v 8.3394 -0.6545 -0.7500
v 8.3082 -0.6586 -0.7500
v 8.3082 -0.6586 0.7500
v 8.3394 -0.6545 0.7500
v 8.4225 0.5320 -0.7500
v 8.4669 0.5314 -0.7500
v 8.4669 0.5314 0.7500
v 8.4225 0.5320 0.7500
v 8.3698 -0.6495 -0.7500
v 8.3394 -0.6545 -0.7500
v 8.3394 -0.6545 0.7500
v 8.3698 -0.6495 0.7500
v 8.4669 0.5314 -0.7500
v 8.5090 0.5299 -0.7500
v 8.5090 0.5299 0.7500
v 8.4669 0.5314 0.7500
v 8.3989 -0.6436 -0.7500
v 8.3698 -0.6495 -0.7500
v 8.3698 -0.6495 0.7500
v 8.3989 -0.6436 0.7500
v 8.5090 0.5299 -0.7500
v 8.5488 0.5273 -0.7500
v 8.5488 0.5273 0.7500
v 8.5090 0.5299 0.7500
v 8.4269 -0.6368 -0.7500
v 8.3989 -0.6436 -0.7500
v 8.3989 -0.6436 0.7500
v 8.4269 -0.6368 0.7500
v 8.5488 0.5273 -0.7500
v 8.5859 0.5237 -0.7500
v 8.5859 0.5237 0.7500
v 8.5488 0.5273 0.7500
v 8.4540 -0.6289 -0.7500
v 8.4269 -0.6368 -0.7500
v 8.4269 -0.6368 0.7500
v 8.4540 -0.6289 0.7500
v 8.5859 0.5237 -0.7500
v 8.6206 0.5190 -0.7500
v 8.6206 0.5190 0.7500
v 8.5859 0.5237 0.7500
v 8.4796 -0.6203 -0.7500
v 8.4540 -0.6289 -0.7500
v 8.4540 -0.6289 0.7500
v 8.4796 -0.6203 0.7500
v 8.6206 0.5190 -0.7500
v 8.6530 0.5131 -0.7500
v 8.6530 0.5131 0.7500
v 8.6206 0.5190 0.7500
v 8.5043 -0.6103 -0.7500
v 8.4796 -0.6203 -0.7500
v 8.4796 -0.6203 0.7500
v 8.5043 -0.6103 0.7500
v 8.6530 0.5131 -0.7500
v 8.6831 0.5064 -0.7500
v 8.6831 0.5064 0.7500
v 8.6530 0.5131 0.7500
v 8.5282 -0.5985 -0.7500
v 8.5043 -0.6103 -0.7500
v 8.5043 -0.6103 0.7500
v 8.5282 -0.5985 0.7500
v 8.6831 0.5064 -0.7500
v 8.7108 0.4984 -0.7500
v 8.7108 0.4984 0.7500
v 8.6831 0.5064 0.7500
v 8.7108 0.4984 -0.7500
v 8.7358 0.4896 -0.7500
v 8.7358 0.4896 0.7500
v 8.7108 0.4984 0.7500
v 8.5514 -0.5850 -0.7500
v 8.5282 -0.5985 -0.7500
v 8.5282 -0.5985 0.7500
v 8.5514 -0.5850 0.7500
v 8.5735 -0.5697 -0.7500
v 8.5514 -0.5850 -0.7500
v 8.5514 -0.5850 0.7500
v 8.5735 -0.5697 0.7500
v 8.7358 0.4896 -0.7500
v 8.7585 0.4796 -0.7500
v 8.7585 0.4796 0.7500
v 8.7358 0.4896 0.7500
v 8.5950 -0.5529 -0.7500
v 8.5735 -0.5697 -0.7500
v 8.5735 -0.5697 0.7500
v 8.5950 -0.5529 0.7500
v 8.7585 0.4796 -0.7500
v 8.7791 0.4675 -0.7500
v 8.7791 0.4675 0.7500
v 8.7585 0.4796 0.7500
v 8.6156 -0.5340 -0.7500
v 8.5950 -0.5529 -0.7500
v 8.5950 -0.5529 0.7500
v 8.6156 -0.5340 0.7500
v 8.7791 0.4675 -0.7500
v 8.7973 0.4531 -0.7500
v 8.7973 0.4531 0.7500
v 8.7791 0.4675 0.7500
v 8.6354 -0.5137 -0.7500
v 8.6156 -0.5340 -0.7500
v 8.6156 -0.5340 0.7500
v 8.6354 -0.5137 0.7500
v 8.7973 0.4531 -0.7500
v 8.8132 0.4357 -0.7500
v 8.8132 0.4357 0.7500
v 8.7973 0.4531 0.7500
v 8.6545 -0.4916 -0.7500
v 8.6354 -0.5137 -0.7500
v 8.6354 -0.5137 0.7500
v 8.6545 -0.4916 0.7500
v 8.8132 0.4357 -0.7500
v 8.8274 0.4157 -0.7500
v 8.8274 0.4157 0.7500
v 8.8132 0.4357 0.7500
v 8.6725 -0.4675 -0.7500
v 8.6545 -0.4916 -0.7500
v 8.6545 -0.4916 0.7500
v 8.6725 -0.4675 0.7500
v 8.8274 0.4157 -0.7500
v 8.8392 0.3933 -0.7500
v 8.8392 0.3933 0.7500
v 8.8274 0.4157 0.7500
v 8.6899 -0.4419 -0.7500
v 8.6725 -0.4675 -0.7500
v 8.6725 -0.4675 0.7500
v 8.6899 -0.4419 0.7500
v 8.8392 0.3933 -0.7500
v 8.8489 0.3677 -0.7500
v 8.8489 0.3677 0.7500
v 8.8392 0.3933 0.7500
v 8.7066 -0.4142 -0.7500
v 8.6899 -0.4419 -0.7500
v 8.6899 -0.4419 0.7500
v 8.7066 -0.4142 0.7500
v 8.8489 0.3677 -0.7500
v 8.8562 0.3397 -0.7500
v 8.8562 0.3397 0.7500
v 8.8489 0.3677 0.7500
v 8.7225 -0.3839 -0.7500
v 8.7066 -0.4142 -0.7500
v 8.7066 -0.4142 0.7500
v 8.7225 -0.3839 0.7500
v 8.8562 0.3397 -0.7500
v 8.8618 0.3091 -0.7500
v 8.8618 0.3091 0.7500
v 8.8562 0.3397 0.7500
v 8.7381 -0.3512 -0.7500
v 8.7225 -0.3839 -0.7500
v 8.7225 -0.3839 0.7500
v 8.7381 -0.3512 0.7500
v 8.8618 0.3091 -0.7500
v 8.8648 0.2755 -0.7500
v 8.8648 0.2755 0.7500
v 8.8618 0.3091 0.7500
v 8.7529 -0.3161 -0.7500
v 8.7381 -0.3512 -0.7500
v 8.7381 -0.3512 0.7500
v 8.7529 -0.3161 0.7500
v 8.8648 0.2755 -0.7500
v 8.8660 0.2393 -0.7500
v 8.8660 0.2393 0.7500
v 8.8648 0.2755 0.7500
v 8.7670 -0.2784 -0.7500
v 8.7529 -0.3161 -0.7500
v 8.7529 -0.3161 0.7500
v 8.7670 -0.2784 0.7500
v 8.8660 0.2393 -0.7500
v 8.8660 0.2275 -0.7500
v 8.8660 0.2275 0.7500
v 8.8660 0.2393 0.7500
v 8.7808 -0.2384 -0.7500
v 8.7670 -0.2784 -0.7500
v 8.7670 -0.2784 0.7500
v 8.7808 -0.2384 0.7500
v 8.8660 0.2275 -0.7500
v 8.8654 0.2028 -0.7500
v 8.8654 0.2028 0.7500
v 8.8660 0.2275 0.7500
v 8.7938 -0.1957 -0.7500
v 8.7808 -0.2384 -0.7500
v 8.7808 -0.2384 0.7500
v 8.7938 -0.1957 0.7500
v 8.8062 -0.1506 -0.7500
v 8.7938 -0.1957 -0.7500
v 8.7938 -0.1957 0.7500
v 8.8062 -0.1506 0.7500
v 8.8636 0.1639 -0.7500
v 8.8627 0.1506 -0.7500
v 8.8627 0.1506 0.7500
v 8.8636 0.1639 0.7500
v 8.8182 -0.1032 -0.7500
v 8.8062 -0.1506 -0.7500
v 8.8062 -0.1506 0.7500
v 8.8182 -0.1032 0.7500
v 8.8592 0.1091 -0.7500
v 8.8577 0.0947 -0.7500
v 8.8577 0.0947 0.7500
v 8.8592 0.1091 0.7500
v 8.8418 -0.0001 -0.7500
v 8.8380 -0.0175 -0.7500
v 8.8380 -0.0175 0.7500
v 8.8418 -0.0001 0.7500
v 8.8536 0.0646 -0.7500
v 8.8512 0.0490 -0.7500
v 8.8512 0.0490 0.7500
v 8.8536 0.0646 0.7500
v 8.8512 0.0490 -0.7500
v 8.8483 0.0331 -0.7500
v 8.8483 0.0331 0.7500
v 8.8512 0.0490 0.7500
f 79 150 151
f 102 103 104
f 106 107 108
f 110 111 112
f 114 115 116
f 118 119 120
f 149 150 79
f 79 80 81
f 81 82 1
f 1 2 3
f 3 4 5
f 5 6 7
f 7 8 9
f 9 10 11
f 11 12 13
f 13 14 15
f 15 16 17
f 17 18 19
f 19 20 21
f 21 22 23
f 23 24 25
f 25 26 27
f 27 28 29
f 29 30 31
f 31 32 33
f 34 35 36
f 37 38 39
f 39 40 41
f 41 42 43
f 43 44 45
f 45 46 47
f 47 48 49
f 49 50 51
f 51 52 53
f 53 54 55
f 55 56 57
f 57 58 59
f 59 60 61
f 61 62 63
f 63 64 65
f 65 66 67
f 67 68 69
f 69 70 71
f 71 72 73
f 73 74 75
f 75 76 77
f 77 78 79
f 102 104 105
f 106 108 109
f 117 118 120
f 148 149 79
f 79 81 1
f 1 3 5
f 5 7 9
f 9 11 13
f 13 15 17
f 17 19 21
f 21 23 25
f 25 27 29
f 29 31 33
f 33 34 36
f 36 37 39
f 39 41 43
f 43 45 47
f 47 49 51
f 51 53 55
f 55 57 59
f 59 61 63
f 63 65 67
f 67 69 71
f 71 73 75
f 75 77 79
f 147 148 79
f 79 1 5
f 5 9 13
f 13 17 21
f 21 25 29
f 29 33 36
f 36 39 43
f 43 47 51
f 51 55 59
f 59 63 67
f 67 71 75
f 75 79 151
f 146 147 79
f 79 5 13
f 13 21 29
f 29 36 43
f 43 51 59
f 59 67 75
f 75 151 152
f 145 146 79
f 79 13 29
f 29 43 59
f 59 75 152
f 144 145 79
f 59 152 153
f 143 144 79
f 59 153 154
f 142 143 79
f 59 154 83
f 141 142 79
f 59 83 84
f 140 141 79
f 59 84 85
f 139 140 79
f 59 85 86
f 138 139 79
f 59 86 87
f 137 138 79
f 59 87 88
f 137 79 29
f 59 88 89
f 136 137 29
f 29 59 89
f 135 136 29
f 29 89 90
f 134 135 29
f 29 90 91
f 133 134 29
f 29 91 92
f 132 133 29
f 29 92 93
f 131 132 29
f 29 93 94
f 130 131 29
f 29 94 95
f 129 130 29
f 29 95 96
f 128 129 29
f 29 96 97
f 127 128 29
f 29 97 98
f 126 127 29
f 29 98 99
f 125 126 29
f 29 99 100
f 124 125 29
f 29 100 101
f 123 124 29
f 29 101 102
f 122 123 29
f 29 102 105
f 121 122 29
f 29 105 106
f 120 121 29
f 29 106 109
f 117 120 29
f 29 109 110
f 116 117 29
f 29 110 112
f 114 116 29
f 29 112 113
f 113 114 29
f 233 305 304
f 256 258 257
f 260 262 261
f 264 266 265
f 268 270 269
f 272 274 273
f 303 233 304
f 233 235 234
f 235 155 236
f 155 157 156
f 157 159 158
f 159 161 160
f 161 163 162
f 163 165 164
f 165 167 166
f 167 169 168
f 169 171 170
f 171 173 172
f 173 175 174
f 175 177 176
f 177 179 178
f 179 181 180
f 181 183 182
f 183 185 184
f 185 187 186
f 188 190 189
f 191 193 192
f 193 195 194
f 195 197 196
f 197 199 198
f 199 201 200
f 201 203 202
f 203 205 204
f 205 207 206
f 207 209 208
f 209 211 210
f 211 213 212
f 213 215 214
f 215 217 216
f 217 219 218
f 219 221 220
f 221 223 222
f 223 225 224
f 225 227 226
f 227 229 228
f 229 231 230
f 231 233 232
f 256 259 258
f 260 263 262
f 271 274 272
f 302 233 303
f 233 155 235
f 155 159 157
f 159 163 161
f 163 167 165
f 167 171 169
f 171 175 173
f 175 179 177
f 179 183 181
f 183 187 185
f 187 190 188
f 190 193 191
f 193 197 195
f 197 201 199
f 201 205 203
f 205 209 207
f 209 213 211
f 213 217 215
f 217 221 219
f 221 225 223
f 225 229 227
f 229 233 231
f 301 233 302
f 233 159 155
f 159 167 163
f 167 175 171
f 175 183 179
f 183 190 187
f 190 197 193
f 197 205 201
f 205 213 209
f 213 221 217
f 221 229 225
f 229 305 233
f 300 233 301
f 233 167 159
f 167 183 175
f 183 197 190
f 197 213 205
f 213 229 221
f 229 306 305
f 299 233 300
f 233 183 167
f 183 213 197
f 213 306 229
f 298 233 299
f 213 307 306
f 297 233 298
f 213 308 307
f 296 233 297
f 213 237 308
f 295 233 296
f 213 238 237
f 294 233 295
f 213 239 238
f 293 233 294
f 213 240 239
f 292 233 293
f 213 241 240
f 291 233 292
f 213 242 241
f 291 183 233
f 213 243 242
f 290 183 291
f 183 243 213
f 289 183 290
f 183 244 243
f 288 183 289
f 183 245 244
f 287 183 288
f 183 246 245
f 286 183 287
f 183 247 246
f 285 183 286
f 183 248 247
f 284 183 285
f 183 249 248
f 283 183 284
f 183 250 249
f 282 183 283
f 183 251 250
f 281 183 282
f 183 252 251
f 280 183 281
f 183 253 252
f 279 183 280
f 183 254 253
f 278 183 279
f 183 255 254
f 277 183 278
f 183 256 255
f 276 183 277
f 183 259 256
f 275 183 276
f 183 260 259
f 274 183 275
f 183 263 260
f 271 183 274
f 183 264 263
f 270 183 271
f 183 266 264
f 268 183 270
f 183 267 266
f 267 183 268
f 309 310 311
f 309 311 312
f 313 314 315
f 313 315 316
f 317 318 319
f 317 319 320
f 321 322 323
f 321 323 324
f 325 326 327
f 325 327 328
f 329 330 331
f 329 331 332
f 333 334 335
f 333 335 336
f 337 338 339
f 337 339 340
f 341 342 343
f 341 343 344
f 345 346 347
f 345 347 348
f 349 350 351
f 349 351 352
f 353 354 355
f 353 355 356
f 357 358 359
f 357 359 360
f 361 362 363
f 361 363 364
f 365 366 367
f 365 367 368
f 369 370 371
f 369 371 372
f 373 374 375
f 373 375 376
f 377 378 379
f 377 379 380
f 381 382 383
f 381 383 384
f 385 386 387
f 385 387 388
f 389 390 391
f 389 391 392
f 393 394 395
f 393 395 396
f 397 398 399
f 397 399 400
f 401 402 403
f 401 403 404
f 405 406 407
f 405 407 408
f 409 410 411
f 409 411 412
f 413 414 415
f 413 415 416
f 417 418 419
f 417 419 420
f 421 422 423
f 421 423 424
f 425 426 427
f 425 427 428
f 429 430 431
f 429 431 432
f 433 434 435
f 433 435 436
f 437 438 439
f 437 439 440
f 441 442 443
f 441 443 444
f 445 446 447
f 445 447 448
f 449 450 451
f 449 451 452
f 453 454 455
f 453 455 456
f 457 458 459
f 457 459 460
f 461 462 463
f 461 463 464
f 465 466 467
f 465 467 468
f 469 470 471
f 469 471 472
f 473 474 475
f 473 475 476
f 477 478 479
f 477 479 480
f 481 482 483
f 481 483 484
f 485 486 487
f 485 487 488
f 489 490 491
f 489 491 492
f 493 494 495
f 493 495 496
f 497 498 499
f 497 499 500
f 501 502 503
f 501 503 504
f 505 506 507
f 505 507 508
f 509 510 511
f 509 511 512
f 513 514 515
f 513 515 516
f 517 518 519
f 517 519 520
f 521 522 523
f 521 523 524
f 525 526 527
f 525 527 528
f 529 530 531
f 529 531 532
f 533 534 535
f 533 535 536
f 537 538 539
f 537 539 540
f 541 542 543
f 541 543 544
f 545 546 547
f 545 547 548
f 549 550 551
f 549 551 552
f 553 554 555
f 553 555 556
f 557 558 559
f 557 559 560
f 561 562 563
f 561 563 564
f 565 566 567
f 565 567 568
f 569 570 571
f 569 571 572
f 573 574 575
f 573 575 576
f 577 578 579
f 577 579 580
f 581 582 583
f 581 583 584
f 585 586 587
f 585 587 588
f 589 590 591
f 589 591 592
f 593 594 595
f 593 595 596
f 597 598 599
f 597 599 600
f 601 602 603
f 601 603 604
f 605 606 607
f 605 607 608
f 609 610 611
f 609 611 612
f 613 614 615
f 613 615 616
f 617 618 619
f 617 619 620
f 621 622 623
f 621 623 624
f 625 626 627
f 625 627 628
f 629 630 631
f 629 631 632
f 633 634 635
f 633 635 636
f 637 638 639
f 637 639 640
f 641 642 643
f 641 643 644
f 645 646 647
f 645 647 648
f 649 650 651
f 649 651 652
f 653 654 655
f 653 655 656
f 657 658 659
f 657 659 660
f 661 662 663
f 661 663 664
f 665 666 667
f 665 667 668
f 669 670 671
f 669 671 672
f 673 674 675
f 673 675 676
f 677 678 679
f 677 679 680
f 681 682 683
f 681 683 684
f 685 686 687
f 685 687 688
f 689 690 691
f 689 691 692
f 693 694 695
f 693 695 696
f 697 698 699
f 697 699 700
f 701 702 703
f 701 703 704
f 705 706 707
f 705 707 708
f 709 710 711
f 709 711 712
f 713 714 715
f 713 715 716
f 717 718 719
f 717 719 720
f 721 722 723
f 721 723 724
f 725 726 727
f 725 727 728
f 729 730 731
f 729 731 732
f 733 734 735
f 733 735 736
f 737 738 739
f 737 739 740
f 741 742 743
f 741 743 744
f 745 746 747
f 745 747 748
f 749 750 751
f 749 751 752
f 753 754 755
f 753 755 756
f 757 758 759
f 757 759 760
f 761 762 763
f 761 763 764
f 765 766 767
f 765 767 768
f 769 770 771
f 769 771 772
f 773 774 775
f 773 775 776
f 777 778 779
f 777 779 780
f 781 782 783
f 781 783 784
f 785 786 787
f 785 787 788
f 789 790 791
f 789 791 792
f 793 794 795
f 793 795 796
f 797 798 799
f 797 799 800
f 801 802 803
f 801 803 804
f 805 806 807
f 805 807 808
f 809 810 811
f 809 811 812
f 813 814 815
f 813 815 816
f 817 818 819
f 817 819 820
f 821 822 823
f 821 823 824
f 825 826 827
f 825 827 828
f 829 830 831
f 829 831 832
f 833 834 835
f 833 835 836
f 837 838 839
f 837 839 840
f 841 842 843
f 841 843 844
f 845 846 847
f 845 847 848
f 849 850 851
f 849 851 852
f 853 854 855
f 853 855 856
f 857 858 859
f 857 859 860
f 861 862 863
f 861 863 864
f 865 866 867
f 865 867 868
f 869 870 871
f 869 871 872
f 873 874 875
f 873 875 876
f 877 878 879
f 877 879 880
f 881 882 883
f 881 883 884
f 885 886 887
f 885 887 888
f 889 890 891
f 889 891 892
f 893 894 895
f 893 895 896
f 897 898 899
f 897 899 900
f 901 902 903
f 901 903 904
f 905 906 907
f 905 907 908
f 909 910 911
f 909 911 912
f 913 914 915
f 913 915 916
f 917 918 919
f 917 919 920
f 921 922 923
f 921 923 924
v -4.0465 1.4832 0.7500
v -5.1528 1.4832 0.7500
v -5.3952 0.3308 0.7500
v -5.9759 1.4832 0.7500
v -6.9044 1.4832 0.7500
v -7.5261 -1.4617 0.7500
v -6.4197 -1.4617 0.7500
v -6.1773 -0.3094 0.7500
v -5.6010 -1.4617 0.7500
v -4.6681 -1.4617 0.7500
v -4.0465 1.4832 -0.7500
v -5.1528 1.4832 -0.7500
v -5.3952 0.3308 -0.7500
v -5.9759 1.4832 -0.7500
v -6.9044 1.4832 -0.7500
v -7.5261 -1.4617 -0.7500
v -6.4197 -1.4617 -0.7500
v -6.1773 -0.3094 -0.7500
v -5.6010 -1.4617 -0.7500
v -4.6681 -1.4617 -0.7500
v -5.6010 -1.4617 -0.7500
v -4.6681 -1.4617 -0.7500
v -4.6681 -1.4617 0.7500
v -5.6010 -1.4617 0.7500
v -4.6681 -1.4617 -0.7500
v -4.0465 1.4832 -0.7500
v -4.0465 1.4832 0.7500
v -4.6681 -1.4617 0.7500
v -4.0465 1.4832 -0.7500
v -5.1528 1.4832 -0.7500
v -5.1528 1.4832 0.7500
v -4.0465 1.4832 0.7500
v -5.1528 1.4832 -0.7500
v -5.3952 0.3308 -0.7500
v -5.3952 0.3308 0.7500
v -5.1528 1.4832 0.7500
v -5.3952 0.3308 -0.7500
v -5.9759 1.4832 -0.7500
v -5.9759 1.4832 0.7500
v -5.3952 0.3308 0.7500
v -5.9759 1.4832 -0.7500
v -6.9044 1.4832 -0.7500
v -6.9044 1.4832 0.7500
v -5.9759 1.4832 0.7500
v -6.9044 1.4832 -0.7500
v -7.5261 -1.4617 -0.7500
v -7.5261 -1.4617 0.7500
v -6.9044 1.4832 0.7500
v -7.5261 -1.4617 -0.7500
v -6.4197 -1.4617 -0.7500
v -6.4197 -1.4617 0.7500
v -7.5261 -1.4617 0.7500
v -6.4197 -1.4617 -0.7500
v -6.1773 -0.3094 -0.7500
v -6.1773 -0.3094 0.7500
v -6.4197 -1.4617 0.7500
v -6.1773 -0.3094 -0.7500
v -5.6010 -1.4617 -0.7500
v -5.6010 -1.4617 0.7500
v -6.1773 -0.3094 0.7500
f 933 934 925
f 925 926 927
f 927 928 929
f 929 930 931
f 933 925 927
f 929 931 932
f 932 933 927
f 927 929 932
f 943 935 944
f 935 937 936
f 937 939 938
f 939 941 940
f 943 937 935
f 939 942 941
f 942 937 943
f 937 942 939
f 945 946 947
f 945 947 948
f 949 950 951
f 949 951 952
f 953 954 955
f 953 955 956
f 957 958 959
f 957 959 960
f 961 962 963
f 961 963 964
f 965 966 967
f 965 967 968
f 969 970 971
f 969 971 972
f 973 974 975
f 973 975 976
f 977 978 979
f 977 979 980
f 981 982 983
f 981 983 984
v -2.7890 -0.6203 0.7500
v -1.4126 0.8568 0.7500
v -1.2798 1.4832 0.7500
v -3.7538 1.4832 0.7500
v -3.9458 0.5776 0.7500
v -2.9307 0.5776 0.7500
v -4.3253 -0.9175 0.7500
v -4.4396 -1.4617 0.7500
v -1.8744 -1.4617 0.7500
v -1.7330 -0.7952 0.7500
v -2.2911 -0.8921 0.7500
v -1.9509 -0.6203 0.7500
v -2.7890 -0.6203 -0.7500
v -1.4126 0.8568 -0.7500
v -1.2798 1.4832 -0.7500
v -3.7538 1.4832 -0.7500
v -3.9458 0.5776 -0.7500
v -2.9307 0.5776 -0.7500
v -4.3253 -0.9175 -0.7500
v -4.4396 -1.4617 -0.7500
v -1.8744 -1.4617 -0.7500
v -1.7330 -0.7952 -0.7500
v -2.2911 -0.8921 -0.7500
v -1.9509 -0.6203 -0.7500
v -2.2911 -0.8921 -0.7500
v -1.9509 -0.6203 -0.7500
v -1.9509 -0.6203 0.7500
v -2.2911 -0.8921 0.7500
v -1.9509 -0.6203 -0.7500
v -2.7890 -0.6203 -0.7500
v -2.7890 -0.6203 0.7500
v -1.9509 -0.6203 0.7500
v -2.7890 -0.6203 -0.7500
v -1.4126 0.8568 -0.7500
v -1.4126 0.8568 0.7500
v -2.7890 -0.6203 0.7500
v -1.4126 0.8568 -0.7500
v -1.2798 1.4832 -0.7500
v -1.2798 1.4832 0.7500
v -1.4126 0.8568 0.7500
v -1.2798 1.4832 -0.7500
v -3.7538 1.4832 -0.7500
v -3.7538 1.4832 0.7500
v -1.2798 1.4832 0.7500
v -3.7538 1.4832 -0.7500
v -3.9458 0.5776 -0.7500
v -3.9458 0.5776 0.7500
v -3.7538 1.4832 0.7500
v -2.9307 0.5776 -0.7500
v -4.3253 -0.9175 -0.7500
v -4.3253 -0.9175 0.7500
v -2.9307 0.5776 0.7500
v -4.3253 -0.9175 -0.7500
v -4.4396 -1.4617 -0.7500
v -4.4396 -1.4617 0.7500
v -4.3253 -0.9175 0.7500
v -4.4396 -1.4617 -0.7500
v -1.8744 -1.4617 -0.7500
v -1.8744 -1.4617 0.7500
v -4.4396 -1.4617 0.7500
v -1.8744 -1.4617 -0.7500
v -1.7330 -0.7952 -0.7500
v -1.7330 -0.7952 0.7500
v -1.8744 -1.4617 0.7500
v -3.9458 0.5776 -0.7500
v -2.9307 0.5776 -0.7500
v -2.9307 0.5776 0.7500
v -3.9458 0.5776 0.7500
v -1.7330 -0.7952 -0.7500
v -2.2911 -0.8921 -0.7500
v -2.2911 -0.8921 0.7500
v -1.7330 -0.7952 0.7500
f 995 996 985
f 985 986 987
f 987 988 989
f 990 991 992
f 992 993 994
f 987 989 990
f 992 994 995
f 985 987 990
f 992 995 985
f 985 990 992
f 1007 997 1008
f 997 999 998
f 999 1001 1000
f 1002 1004 1003
f 1004 1006 1005
f 999 1002 1001
f 1004 1007 1006
f 997 1002 999
f 1004 997 1007
f 997 1004 1002
f 1009 1010 1011
f 1009 1011 1012
f 1013 1014 1015
f 1013 1015 1016
f 1017 1018 1019
f 1017 1019 1020
f 1021 1022 1023
f 1021 1023 1024
f 1025 1026 1027
f 1025 1027 1028
f 1029 1030 1031
f 1029 1031 1032
f 1033 1034 1035
f 1033 1035 1036
f 1037 1038 1039
f 1037 1039 1040
f 1041 1042 1043
f 1041 1043 1044
f 1045 1046 1047
f 1045 1047 1048
f 1049 1050 1051
f 1049 1051 1052
f 1053 1054 1055
f 1053 1055 1056
v 3.0005 -1.5247 0.7500
v 3.0785 -1.5120 0.7500
v 3.1533 -1.4970 0.7500
v 3.2243 -1.4799 0.7500
v 3.2920 -1.4605 0.7500
v 3.3559 -1.4387 0.7500
v 3.4166 -1.4148 0.7500
v 3.4746 -1.3892 0.7500
v 3.5299 -1.3615 0.7500
v 3.5824 -1.3321 0.7500
v 3.6318 -1.3006 0.7500
v 3.6790 -1.2670 0.7500
v 3.7228 -1.2317 0.7500
v 3.7641 -1.1946 0.7500
v 3.8026 -1.1551 0.7500
v 3.8383 -1.1142 0.7500
v 3.8715 -1.0715 0.7500
v 3.9025 -1.0273 0.7500
v 3.9310 -0.9817 0.7500
v 3.9575 -0.9348 0.7500
v 3.9817 -0.8865 0.7500
v 4.0038 -0.8371 0.7500
v 4.0235 -0.7861 0.7500
v 4.0409 -0.7337 0.7500
v 4.0562 -0.6798 0.7500
v 4.0691 -0.6247 0.7500
v 4.0762 -0.5923 0.7500
v 4.0795 -0.5762 0.7500
v 4.0853 -0.5449 0.7500
v 4.0880 -0.5293 0.7500
v 4.0903 -0.5140 0.7500
v 4.0927 -0.4990 0.7500
v 4.0948 -0.4840 0.7500
v 4.0965 -0.4693 0.7500
v 4.1001 -0.4404 0.7500
v 4.1024 -0.4115 0.7500
v 4.1036 -0.3974 0.7500
v 4.1045 -0.3833 0.7500
v 4.1051 -0.3691 0.7500
v 4.1060 -0.3276 0.7500
v 4.1042 -0.2790 0.7500
v 4.0998 -0.2319 0.7500
v 4.0924 -0.1860 0.7500
v 4.0821 -0.1418 0.7500
v 4.0686 -0.0991 0.7500
v 4.0524 -0.0576 0.7500
v 4.0329 -0.0178 0.7500
v 4.0108 0.0208 0.7500
v 3.9855 0.0576 0.7500
v 3.9572 0.0932 0.7500
v 3.9251 0.1271 0.7500
v 3.8883 0.1601 0.7500
v 3.8468 0.1919 0.7500
v 3.8006 0.2225 0.7500
v 3.7496 0.2519 0.7500
v 3.6940 0.2802 0.7500
v 3.6339 0.3073 0.7500
v 3.5688 0.3329 0.7500
v 3.4990 0.3576 0.7500
v 3.4245 0.3812 0.7500
v 3.3854 0.3936 0.7500
v 3.3483 0.4054 0.7500
v 3.3129 0.4165 0.7500
v 3.2799 0.4269 0.7500
v 3.2490 0.4366 0.7500
v 3.2202 0.4457 0.7500
v 3.1934 0.4539 0.7500
v 3.1683 0.4616 0.7500
v 3.1457 0.4687 0.7500
v 3.1250 0.4749 0.7500
v 3.1062 0.4810 0.7500
v 3.0897 0.4878 0.7500
v 3.0750 0.4949 0.7500
v 3.0620 0.5025 0.7500
v 3.0511 0.5108 0.7500
v 3.0423 0.5196 0.7500
v 3.0355 0.5287 0.7500
v 3.0305 0.5385 0.7500
v 3.0276 0.5488 0.7500
v 3.0267 0.5594 0.7500
v 3.0273 0.5703 0.7500
v 3.0290 0.5803 0.7500
v 3.0323 0.5900 0.7500
v 3.0364 0.5991 0.7500
v 3.0420 0.6074 0.7500
v 3.0488 0.6153 0.7500
v 3.0570 0.6230 0.7500
v 3.0661 0.6297 0.7500
v 3.0767 0.6359 0.7500
v 3.0885 0.6418 0.7500
v 3.1009 0.6471 0.7500
v 3.1141 0.6521 0.7500
v 3.1277 0.6565 0.7500
v 3.1418 0.6607 0.7500
v 3.1565 0.6645 0.7500
v 3.1716 0.6680 0.7500
v 3.1872 0.6713 0.7500
v 3.2034 0.6739 0.7500
v 3.2199 0.6763 0.7500
v 3.2369 0.6783 0.7500
v 3.2543 0.6801 0.7500
v 3.2717 0.6816 0.7500
v 3.2888 0.6830 0.7500
v 3.3058 0.6842 0.7500
v 3.3226 0.6851 0.7500
v 3.3397 0.6860 0.7500
v 3.3565 0.6866 0.7500
v 3.3730 0.6872 0.7500
v 3.3898 0.6875 0.7500
v 3.4063 0.6875 0.7500
v 3.4357 0.6872 0.7500
v 3.4663 0.6860 0.7500
v 3.4976 0.6842 0.7500
v 3.5294 0.6816 0.7500
v 3.5623 0.6783 0.7500
v 3.5959 0.6742 0.7500
v 3.6301 0.6695 0.7500
v 3.6651 0.6642 0.7500
v 3.7010 0.6580 0.7500
v 3.7379 0.6510 0.7500
v 3.7753 0.6430 0.7500
v 3.8132 0.6336 0.7500
v 3.8524 0.6227 0.7500
v 3.8922 0.6106 0.7500
v 3.9325 0.5971 0.7500
v 3.9740 0.5823 0.7500
v 4.0161 0.5661 0.7500
v 4.0588 0.5485 0.7500
v 4.1024 0.5296 0.7500
v 4.1469 0.5093 0.7500
v 4.3253 1.3415 0.7500
v 4.3021 1.3486 0.7500
v 4.2776 1.3559 0.7500
v 4.2523 1.3630 0.7500
v 4.2258 1.3701 0.7500
v 4.1984 1.3768 0.7500
v 4.1702 1.3836 0.7500
v 4.1407 1.3904 0.7500
v 4.1101 1.3969 0.7500
v 4.0789 1.4036 0.7500
v 4.0465 1.4101 0.7500
v 4.0135 1.4163 0.7500
v 3.9802 1.4222 0.7500
v 3.9466 1.4281 0.7500
v 3.8795 1.4393 0.7500
v 3.8456 1.4443 0.7500
v 3.8115 1.4493 0.7500
v 3.7770 1.4540 0.7500
v 3.7426 1.4584 0.7500
v 3.7081 1.4625 0.7500
v 3.6737 1.4664 0.7500
v 3.6395 1.4699 0.7500
v 3.6062 1.4731 0.7500
v 3.5732 1.4758 0.7500
v 3.5411 1.4781 0.7500
v 3.5093 1.4799 0.7500
v 3.4781 1.4814 0.7500
v 3.4475 1.4823 0.7500
v 3.4175 1.4829 0.7500
v 3.3880 1.4832 0.7500
v 3.2508 1.4808 0.7500
v 3.1206 1.4740 0.7500
v 2.9978 1.4628 0.7500
v 2.8824 1.4469 0.7500
v 2.7740 1.4266 0.7500
v 2.6730 1.4016 0.7500
v 2.5791 1.3721 0.7500
v 2.4925 1.3383 0.7500
v 2.4130 1.2997 0.7500
v 2.3408 1.2567 0.7500
v 2.2746 1.2090 0.7500
v 2.2133 1.1566 0.7500
v 2.1568 1.0994 0.7500
v 2.1052 1.0373 0.7500
v 2.0882 1.0129 0.7500
v 2.4521 1.0635 0.7500
v 1.9689 0.5977 0.7500
v 2.4563 0.9964 0.7500
v 2.5205 0.9281 0.7500
v 2.3453 0.7396 0.7500
v 2.8391 1.1436 0.7500
v 2.9033 1.0753 0.7500
v 1.9283 0.0252 0.7500
v 1.9368 0.0081 0.7500
v 1.9589 -0.0272 0.7500
v 1.9836 -0.0605 0.7500
v 2.0116 -0.0920 0.7500
v 2.0422 -0.1224 0.7500
v 2.0758 -0.1521 0.7500
v 2.1126 -0.1813 0.7500
v 2.1521 -0.2098 0.7500
v 2.1945 -0.2378 0.7500
v 2.2398 -0.2652 0.7500
v 2.2881 -0.2920 0.7500
v 2.3394 -0.3182 0.7500
v 2.3935 -0.3438 0.7500
v 2.4504 -0.3688 0.7500
v 2.4919 -0.3856 0.7500
v 2.5317 -0.4018 0.7500
v 2.5696 -0.4168 0.7500
v 2.6065 -0.4310 0.7500
v 2.6415 -0.4442 0.7500
v 2.6751 -0.4566 0.7500
v 2.7069 -0.4681 0.7500
v 2.7372 -0.4784 0.7500
v 2.7661 -0.4881 0.7500
v 2.7935 -0.4969 0.7500
v 2.8188 -0.5055 0.7500
v 2.8412 -0.5146 0.7500
v 2.8612 -0.5243 0.7500
v 2.8783 -0.5349 0.7500
v 2.8930 -0.5461 0.7500
v 2.9048 -0.5576 0.7500
v 2.9142 -0.5703 0.7500
v 2.9207 -0.5832 0.7500
v 2.9248 -0.5968 0.7500
v 2.9260 -0.6112 0.7500
v 2.9251 -0.6253 0.7500
v 2.9227 -0.6392 0.7500
v 2.9183 -0.6518 0.7500
v 2.9121 -0.6642 0.7500
v 2.9045 -0.6757 0.7500
v 2.8948 -0.6866 0.7500
v 2.8836 -0.6969 0.7500
v 2.8706 -0.7063 0.7500
v 2.8556 -0.7151 0.7500
v 2.8391 -0.7231 0.7500
v 2.8211 -0.7305 0.7500
v 2.8020 -0.7372 0.7500
v 2.7817 -0.7431 0.7500
v 2.7602 -0.7481 0.7500
v 2.7375 -0.7523 0.7500
v 2.7136 -0.7558 0.7500
v 2.6883 -0.7584 0.7500
v 2.6621 -0.7605 0.7500
v 2.6347 -0.7617 0.7500
v 2.6059 -0.7620 0.7500
v 2.5635 -0.7614 0.7500
v 2.5202 -0.7593 0.7500
v 2.4760 -0.7558 0.7500
v 2.4306 -0.7511 0.7500
v 2.3847 -0.7449 0.7500
v 2.3379 -0.7372 0.7500
v 2.2902 -0.7284 0.7500
v 2.2416 -0.7181 0.7500
v 2.1921 -0.7066 0.7500
v 2.1418 -0.6934 0.7500
v 2.0917 -0.6792 0.7500
v 2.0425 -0.6645 0.7500
v 1.9948 -0.6489 0.7500
v 1.9480 -0.6327 0.7500
v 1.9023 -0.6156 0.7500
v 1.8579 -0.5979 0.7500
v 1.8146 -0.5794 0.7500
v 1.7725 -0.5603 0.7500
v 1.7313 -0.5402 0.7500
v 1.6915 -0.5196 0.7500
v 1.5178 -1.3474 0.7500
v 1.5534 -1.3668 0.7500
v 1.5914 -1.3857 0.7500
v 1.6311 -1.4034 0.7500
v 1.6732 -1.4201 0.7500
v 1.7171 -1.4360 0.7500
v 1.7634 -1.4508 0.7500
v 1.8114 -1.4646 0.7500
v 1.8614 -1.4776 0.7500
v 1.9138 -1.4896 0.7500
v 1.9680 -1.5005 0.7500
v 2.0237 -1.5105 0.7500
v 2.0802 -1.5194 0.7500
v 2.1371 -1.5273 0.7500
v 2.1948 -1.5341 0.7500
v 2.2534 -1.5400 0.7500
v 2.3123 -1.5447 0.7500
v 2.3720 -1.5482 0.7500
v 2.4327 -1.5509 0.7500
v 2.4940 -1.5527 0.7500
v 2.5558 -1.5532 0.7500
v 2.6518 -1.5521 0.7500
v 2.7443 -1.5485 0.7500
v 2.8332 -1.5429 0.7500
v 2.9186 -1.5347 0.7500
v 3.0005 -1.5247 -0.7500
v 3.0785 -1.5120 -0.7500
v 3.1533 -1.4970 -0.7500
v 3.2243 -1.4799 -0.7500
v 3.2920 -1.4605 -0.7500
v 3.3559 -1.4387 -0.7500
v 3.4166 -1.4148 -0.7500
v 3.4746 -1.3892 -0.7500
v 3.5299 -1.3615 -0.7500
v 3.5824 -1.3321 -0.7500
v 3.6318 -1.3006 -0.7500
v 3.6790 -1.2670 -0.7500
v 3.7228 -1.2317 -0.7500
v 3.7641 -1.1946 -0.7500
v 3.8026 -1.1551 -0.7500
v 3.8383 -1.1142 -0.7500
v 3.8715 -1.0715 -0.7500
v 3.9025 -1.0273 -0.7500
v 3.9310 -0.9817 -0.7500
v 3.9575 -0.9348 -0.7500
v 3.9817 -0.8865 -0.7500
v 4.0038 -0.8371 -0.7500
v 4.0235 -0.7861 -0.7500
v 4.0409 -0.7337 -0.7500
v 4.0562 -0.6798 -0.7500
v 4.0691 -0.6247 -0.7500
v 4.0762 -0.5923 -0.7500
v 4.0795 -0.5762 -0.7500
v 4.0853 -0.5449 -0.7500
v 4.0880 -0.5293 -0.7500
v 4.0903 -0.5140 -0.7500
v 4.0927 -0.4990 -0.7500
v 4.0948 -0.4840 -0.7500
v 4.0965 -0.4693 -0.7500
v 4.1001 -0.4404 -0.7500
v 4.1024 -0.4115 -0.7500
v 4.1036 -0.3974 -0.7500
v 4.1045 -0.3833 -0.7500
v 4.1051 -0.3691 -0.7500
v 4.1060 -0.3276 -0.7500
v 4.1042 -0.2790 -0.7500
v 4.0998 -0.2319 -0.7500
v 4.0924 -0.1860 -0.7500
v 4.0821 -0.1418 -0.7500
v 4.0686 -0.0991 -0.7500
v 4.0524 -0.0576 -0.7500
v 4.0329 -0.0178 -0.7500
v 4.0108 0.0208 -0.7500
v 3.9855 0.0576 -0.7500
v 3.9572 0.0932 -0.7500
v 3.9251 0.1271 -0.7500
v 3.8883 0.1601 -0.7500
v 3.8468 0.1919 -0.7500
v 3.8006 0.2225 -0.7500
v 3.7496 0.2519 -0.7500
v 3.6940 0.2802 -0.7500
v 3.6339 0.3073 -0.7500
v 3.5688 0.3329 -0.7500
v 3.4990 0.3576 -0.7500
v 3.4245 0.3812 -0.7500
v 3.3854 0.3936 -0.7500
v 3.3483 0.4054 -0.7500
v 3.3129 0.4165 -0.7500
v 3.2799 0.4269 -0.7500
v 3.2490 0.4366 -0.7500
v 3.2202 0.4457 -0.7500
v 3.1934 0.4539 -0.7500
v 3.1683 0.4616 -0.7500
v 3.1457 0.4687 -0.7500
v 3.1250 0.4749 -0.7500
v 3.1062 0.4810 -0.7500
v 3.0897 0.4878 -0.7500
v 3.0750 0.4949 -0.7500
v 3.0620 0.5025 -0.7500
v 3.0511 0.5108 -0.7500
v 3.0423 0.5196 -0.7500
v 3.0355 0.5287 -0.7500
v 3.0305 0.5385 -0.7500
v 3.0276 0.5488 -0.7500
v 3.0267 0.5594 -0.7500
v 3.0273 0.5703 -0.7500
v 3.0290 0.5803 -0.7500
v 3.0323 0.5900 -0.7500
v 3.0364 0.5991 -0.7500
v 3.0420 0.6074 -0.7500
v 3.0488 0.6153 -0.7500
v 3.0570 0.6230 -0.7500
v 3.0661 0.6297 -0.7500
v 3.0767 0.6359 -0.7500
v 3.0885 0.6418 -0.7500
v 3.1009 0.6471 -0.7500
v 3.1141 0.6521 -0.7500
v 3.1277 0.6565 -0.7500
v 3.1418 0.6607 -0.7500
v 3.1565 0.6645 -0.7500
v 3.1716 0.6680 -0.7500
v 3.1872 0.6713 -0.7500
v 3.2034 0.6739 -0.7500
v 3.2199 0.6763 -0.7500
v 3.2369 0.6783 -0.7500
v 3.2543 0.6801 -0.7500
v 3.2717 0.6816 -0.7500
v 3.2888 0.6830 -0.7500
v 3.3058 0.6842 -0.7500
v 3.3226 0.6851 -0.7500
v 3.3397 0.6860 -0.7500
v 3.3565 0.6866 -0.7500
v 3.3730 0.6872 -0.7500
v 3.3898 0.6875 -0.7500
v 3.4063 0.6875 -0.7500
v 3.4357 0.6872 -0.7500
v 3.4663 0.6860 -0.7500
v 3.4976 0.6842 -0.7500
v 3.5294 0.6816 -0.7500
v 3.5623 0.6783 -0.7500
v 3.5959 0.6742 -0.7500
v 3.6301 0.6695 -0.7500
v 3.6651 0.6642 -0.7500
v 3.7010 0.6580 -0.7500
v 3.7379 0.6510 -0.7500
v 3.7753 0.6430 -0.7500
v 3.8132 0.6336 -0.7500
v 3.8524 0.6227 -0.7500
v 3.8922 0.6106 -0.7500
v 3.9325 0.5971 -0.7500
v 3.9740 0.5823 -0.7500
v 4.0161 0.5661 -0.7500
v 4.0588 0.5485 -0.7500
v 4.1024 0.5296 -0.7500
v 4.1469 0.5093 -0.7500
v 4.3253 1.3415 -0.7500
v 4.3021 1.3486 -0.7500
v 4.2776 1.3559 -0.7500
v 4.2523 1.3630 -0.7500
v 4.2258 1.3701 -0.7500
v 4.1984 1.3768 -0.7500
v 4.1702 1.3836 -0.7500
v 4.1407 1.3904 -0.7500
v 4.1101 1.3969 -0.7500
v 4.0789 1.4036 -0.7500
v 4.0465 1.4101 -0.7500
v 4.0135 1.4163 -0.7500
v 3.9802 1.4222 -0.7500
v 3.9466 1.4281 -0.7500
v 3.8795 1.4393 -0.7500
v 3.8456 1.4443 -0.7500
v 3.8115 1.4493 -0.7500
v 3.7770 1.4540 -0.7500
v 3.7426 1.4584 -0.7500
v 3.7081 1.4625 -0.7500
v 3.6737 1.4664 -0.7500
v 3.6395 1.4699 -0.7500
v 3.6062 1.4731 -0.7500
v 3.5732 1.4758 -0.7500
v 3.5411 1.4781 -0.7500
v 3.5093 1.4799 -0.7500
v 3.4781 1.4814 -0.7500
v 3.4475 1.4823 -0.7500
v 3.4175 1.4829 -0.7500
v 3.3880 1.4832 -0.7500
v 3.2508 1.4808 -0.7500
v 3.1206 1.4740 -0.7500
v 2.9978 1.4628 -0.7500
v 2.8824 1.4469 -0.7500
v 2.7740 1.4266 -0.7500
v 2.6730 1.4016 -0.7500
v 2.5791 1.3721 -0.7500
v 2.4925 1.3383 -0.7500
v 2.4130 1.2997 -0.7500
v 2.3408 1.2567 -0.7500
v 2.2746 1.2090 -0.7500
v 2.2133 1.1566 -0.7500
v 2.1568 1.0994 -0.7500
v 2.1052 1.0373 -0.7500
v 2.0882 1.0129 -0.7500
v 2.4521 1.0635 -0.7500
v 1.9689 0.5977 -0.7500
v 2.4563 0.9964 -0.7500
v 2.5205 0.9281 -0.7500
v 2.3453 0.7396 -0.7500
v 2.8391 1.1436 -0.7500
v 2.9033 1.0753 -0.7500
v 1.9283 0.0252 -0.7500
v 1.9368 0.0081 -0.7500
v 1.9589 -0.0272 -0.7500
v 1.9836 -0.0605 -0.7500
v 2.0116 -0.0920 -0.7500
v 2.0422 -0.1224 -0.7500
v 2.0758 -0.1521 -0.7500
v 2.1126 -0.1813 -0.7500
v 2.1521 -0.2098 -0.7500
v 2.1945 -0.2378 -0.7500
v 2.2398 -0.2652 -0.7500
v 2.2881 -0.2920 -0.7500
v 2.3394 -0.3182 -0.7500
v 2.3935 -0.3438 -0.7500
v 2.4504 -0.3688 -0.7500
v 2.4919 -0.3856 -0.7500
v 2.5317 -0.4018 -0.7500
v 2.5696 -0.4168 -0.7500
v 2.6065 -0.4310 -0.7500
v 2.6415 -0.4442 -0.7500
v 2.6751 -0.4566 -0.7500
v 2.7069 -0.4681 -0.7500
v 2.7372 -0.4784 -0.7500
v 2.7661 -0.4881 -0.7500
v 2.7935 -0.4969 -0.7500
v 2.8188 -0.5055 -0.7500
v 2.8412 -0.5146 -0.7500
v 2.8612 -0.5243 -0.7500
v 2.8783 -0.5349 -0.7500
v 2.8930 -0.5461 -0.7500
v 2.9048 -0.5576 -0.7500
v 2.9142 -0.5703 -0.7500
v 2.9207 -0.5832 -0.7500
v 2.9248 -0.5968 -0.7500
v 2.9260 -0.6112 -0.7500
v 2.9251 -0.6253 -0.7500
v 2.9227 -0.6392 -0.7500
v 2.9183 -0.6518 -0.7500
v 2.9121 -0.6642 -0.7500
v 2.9045 -0.6757 -0.7500
v 2.8948 -0.6866 -0.7500
v 2.8836 -0.6969 -0.7500
v 2.8706 -0.7063 -0.7500
v 2.8556 -0.7151 -0.7500
v 2.8391 -0.7231 -0.7500
v 2.8211 -0.7305 -0.7500
v 2.8020 -0.7372 -0.7500
v 2.7817 -0.7431 -0.7500
v 2.7602 -0.7481 -0.7500
v 2.7375 -0.7523 -0.7500
v 2.7136 -0.7558 -0.7500
v 2.6883 -0.7584 -0.7500
v 2.6621 -0.7605 -0.7500
v 2.6347 -0.7617 -0.7500
v 2.6059 -0.7620 -0.7500
v 2.5635 -0.7614 -0.7500
v 2.5202 -0.7593 -0.7500
v 2.4760 -0.7558 -0.7500
v 2.4306 -0.7511 -0.7500
v 2.3847 -0.7449 -0.7500
v 2.3379 -0.7372 -0.7500
v 2.2902 -0.7284 -0.7500
v 2.2416 -0.7181 -0.7500
v 2.1921 -0.7066 -0.7500
v 2.1418 -0.6934 -0.7500
v 2.0917 -0.6792 -0.7500
v 2.0425 -0.6645 -0.7500
v 1.9948 -0.6489 -0.7500
v 1.9480 -0.6327 -0.7500
v 1.9023 -0.6156 -0.7500
v 1.8579 -0.5979 -0.7500
v 1.8146 -0.5794 -0.7500
v 1.7725 -0.5603 -0.7500
v 1.7313 -0.5402 -0.7500
v 1.6915 -0.5196 -0.7500
v 1.5178 -1.3474 -0.7500
v 1.5534 -1.3668 -0.7500
v 1.5914 -1.3857 -0.7500
v 1.6311 -1.4034 -0.7500
v 1.6732 -1.4201 -0.7500
v 1.7171 -1.4360 -0.7500
v 1.7634 -1.4508 -0.7500
v 1.8114 -1.4646 -0.7500
v 1.8614 -1.4776 -0.7500
v 1.9138 -1.4896 -0.7500
v 1.9680 -1.5005 -0.7500
v 2.0237 -1.5105 -0.7500
v 2.0802 -1.5194 -0.7500
v 2.1371 -1.5273 -0.7500
v 2.1948 -1.5341 -0.7500
v 2.2534 -1.5400 -0.7500
v 2.3123 -1.5447 -0.7500
v 2.3720 -1.5482 -0.7500
v 2.4327 -1.5509 -0.7500
v 2.4940 -1.5527 -0.7500
v 2.5558 -1.5532 -0.7500
v 2.6518 -1.5521 -0.7500
v 2.7443 -1.5485 -0.7500
v 2.8332 -1.5429 -0.7500
v 2.9186 -1.5347 -0.7500
v 2.8332 -1.5429 -0.7500
v 2.9186 -1.5347 -0.7500
v 2.9186 -1.5347 0.7500
v 2.8332 -1.5429 0.7500
v 2.9186 -1.5347 -0.7500
v 3.0005 -1.5247 -0.7500
v 3.0005 -1.5247 0.7500
v 2.9186 -1.5347 0.7500
v 3.0005 -1.5247 -0.7500
v 3.0785 -1.5120 -0.7500
v 3.0785 -1.5120 0.7500
v 3.0005 -1.5247 0.7500
v 3.0785 -1.5120 -0.7500
v 3.1533 -1.4970 -0.7500
v 3.1533 -1.4970 0.7500
v 3.0785 -1.5120 0.7500
v 3.1533 -1.4970 -0.7500
v 3.2243 -1.4799 -0.7500
v 3.2243 -1.4799 0.7500
v 3.1533 -1.4970 0.7500
v 3.2243 -1.4799 -0.7500
v 3.2920 -1.4605 -0.7500
v 3.2920 -1.4605 0.7500
v 3.2243 -1.4799 0.7500
v 3.2920 -1.4605 -0.7500
v 3.3559 -1.4387 -0.7500
v 3.3559 -1.4387 0.7500
v 3.2920 -1.4605 0.7500
v 3.3559 -1.4387 -0.7500
v 3.4166 -1.4148 -0.7500
v 3.4166 -1.4148 0.7500
v 3.3559 -1.4387 0.7500
v 3.4166 -1.4148 -0.7500
v 3.4746 -1.3892 -0.7500
v 3.4746 -1.3892 0.7500
v 3.4166 -1.4148 0.7500
v 3.4746 -1.3892 -0.7500
v 3.5299 -1.3615 -0.7500
v 3.5299 -1.3615 0.7500
v 3.4746 -1.3892 0.7500
v 3.5299 -1.3615 -0.7500
v 3.5824 -1.3321 -0.7500
v 3.5824 -1.3321 0.7500
v 3.5299 -1.3615 0.7500
v 3.5824 -1.3321 -0.7500
v 3.6318 -1.3006 -0.7500
v 3.6318 -1.3006 0.7500
v 3.5824 -1.3321 0.7500
v 3.6318 -1.3006 -0.7500
v 3.6790 -1.2670 -0.7500
v 3.6790 -1.2670 0.7500
v 3.6318 -1.3006 0.7500
v 3.6790 -1.2670 -0.7500
v 3.7228 -1.2317 -0.7500
v 3.7228 -1.2317 0.7500
v 3.6790 -1.2670 0.7500
v 3.7228 -1.2317 -0.7500
v 3.7641 -1.1946 -0.7500
v 3.7641 -1.1946 0.7500
v 3.7228 -1.2317 0.7500
v 3.7641 -1.1946 -0.7500
v 3.8026 -1.1551 -0.7500
v 3.8026 -1.1551 0.7500
v 3.7641 -1.1946 0.7500
v 3.8026 -1.1551 -0.7500
v 3.8383 -1.1142 -0.7500
v 3.8383 -1.1142 0.7500
v 3.8026 -1.1551 0.7500
v 3.8383 -1.1142 -0.7500
v 3.8715 -1.0715 -0.7500
v 3.8715 -1.0715 0.7500
v 3.8383 -1.1142 0.7500
v 3.8715 -1.0715 -0.7500
v 3.9025 -1.0273 -0.7500
v 3.9025 -1.0273 0.7500
v 3.8715 -1.0715 0.7500
v 3.9025 -1.0273 -0.7500
v 3.9310 -0.9817 -0.7500
v 3.9310 -0.9817 0.7500
v 3.9025 -1.0273 0.7500
v 3.9310 -0.9817 -0.7500
v 3.9575 -0.9348 -0.7500
v 3.9575 -0.9348 0.7500
v 3.9310 -0.9817 0.7500
v 3.9575 -0.9348 -0.7500
v 3.9817 -0.8865 -0.7500
v 3.9817 -0.8865 0.7500
v 3.9575 -0.9348 0.7500
v 3.9817 -0.8865 -0.7500
v 4.0038 -0.8371 -0.7500
v 4.0038 -0.8371 0.7500
v 3.9817 -0.8865 0.7500
v 4.0038 -0.8371 -0.7500
v 4.0235 -0.7861 -0.7500
v 4.0235 -0.7861 0.7500
v 4.0038 -0.8371 0.7500
v 4.0235 -0.7861 -0.7500
v 4.0409 -0.7337 -0.7500
v 4.0409 -0.7337 0.7500
v 4.0235 -0.7861 0.7500
v 4.0409 -0.7337 -0.7500
v 4.0562 -0.6798 -0.7500
v 4.0562 -0.6798 0.7500
v 4.0409 -0.7337 0.7500
v 4.0562 -0.6798 -0.7500
v 4.0691 -0.6247 -0.7500
v 4.0691 -0.6247 0.7500
v 4.0562 -0.6798 0.7500
v 4.0691 -0.6247 -0.7500
v 4.0762 -0.5923 -0.7500
v 4.0762 -0.5923 0.7500
v 4.0691 -0.6247 0.7500
v 4.0762 -0.5923 -0.7500
v 4.0795 -0.5762 -0.7500
v 4.0795 -0.5762 0.7500
v 4.0762 -0.5923 0.7500
v 4.0795 -0.5762 -0.7500
v 4.0853 -0.5449 -0.7500
v 4.0853 -0.5449 0.7500
v 4.0795 -0.5762 0.7500
v 4.0853 -0.5449 -0.7500
v 4.0880 -0.5293 -0.7500
v 4.0880 -0.5293 0.7500
v 4.0853 -0.5449 0.7500
v 4.0880 -0.5293 -0.7500
v 4.0903 -0.5140 -0.7500
v 4.0903 -0.5140 0.7500
v 4.0880 -0.5293 0.7500
v 4.0903 -0.5140 -0.7500
v 4.0927 -0.4990 -0.7500
v 4.0927 -0.4990 0.7500
v 4.0903 -0.5140 0.7500
v 4.0927 -0.4990 -0.7500
v 4.0948 -0.4840 -0.7500
v 4.0948 -0.4840 0.7500
v 4.0927 -0.4990 0.7500
v 4.0965 -0.4693 -0.7500
v 4.1001 -0.4404 -0.7500
v 4.1001 -0.4404 0.7500
v 4.0965 -0.4693 0.7500
v 4.1001 -0.4404 -0.7500
v 4.1024 -0.4115 -0.7500
v 4.1024 -0.4115 0.7500
v 4.1001 -0.4404 0.7500
v 4.1024 -0.4115 -0.7500
v 4.1036 -0.3974 -0.7500
v 4.1036 -0.3974 0.7500
v 4.1024 -0.4115 0.7500
v 4.1036 -0.3974 -0.7500
v 4.1045 -0.3833 -0.7500
v 4.1045 -0.3833 0.7500
v 4.1036 -0.3974 0.7500
v 4.1045 -0.3833 -0.7500
v 4.1051 -0.3691 -0.7500
v 4.1051 -0.3691 0.7500
v 4.1045 -0.3833 0.7500
v 4.1051 -0.3691 -0.7500
v 4.1060 -0.3276 -0.7500
v 4.1060 -0.3276 0.7500
v 4.1051 -0.3691 0.7500
v 4.1060 -0.3276 -0.7500
v 4.1042 -0.2790 -0.7500
v 4.1042 -0.2790 0.7500
v 4.1060 -0.3276 0.7500
v 4.1042 -0.2790 -0.7500
v 4.0998 -0.2319 -0.7500
v 4.0998 -0.2319 0.7500
v 4.1042 -0.2790 0.7500
v 4.0998 -0.2319 -0.7500
v 4.0924 -0.1860 -0.7500
v 4.0924 -0.1860 0.7500
v 4.0998 -0.2319 0.7500
v 4.0924 -0.1860 -0.7500
v 4.0821 -0.1418 -0.7500
v 4.0821 -0.1418 0.7500
v 4.0924 -0.1860 0.7500
v 4.0821 -0.1418 -0.7500
v 4.0686 -0.0991 -0.7500
v 4.0686 -0.0991 0.7500
v 4.0821 -0.1418 0.7500
v 4.0686 -0.0991 -0.7500
v 4.0524 -0.0576 -0.7500
v 4.0524 -0.0576 0.7500
v 4.0686 -0.0991 0.7500
v 4.0524 -0.0576 -0.7500
v 4.0329 -0.0178 -0.7500
v 4.0329 -0.0178 0.7500
v 4.0524 -0.0576 0.7500
v 4.0329 -0.0178 -0.7500
v 4.0108 0.0208 -0.7500
v 4.0108 0.0208 0.7500
v 4.0329 -0.0178 0.7500
v 4.0108 0.0208 -0.7500
v 3.9855 0.0576 -0.7500
v 3.9855 0.0576 0.7500
v 4.0108 0.0208 0.7500
v 3.9855 0.0576 -0.7500
v 3.9572 0.0932 -0.7500
v 3.9572 0.0932 0.7500
v 3.9855 0.0576 0.7500
v 3.9572 0.0932 -0.7500
v 3.9251 0.1271 -0.7500
v 3.9251 0.1271 0.7500
v 3.9572 0.0932 0.7500
v 3.9251 0.1271 -0.7500
v 3.8883 0.1601 -0.7500
v 3.8883 0.1601 0.7500
v 3.9251 0.1271 0.7500
v 3.8883 0.1601 -0.7500
v 3.8468 0.1919 -0.7500
v 3.8468 0.1919 0.7500
v 3.8883 0.1601 0.7500
v 3.8468 0.1919 -0.7500
v 3.8006 0.2225 -0.7500
v 3.8006 0.2225 0.7500
v 3.8468 0.1919 0.7500
v 3.8006 0.2225 -0.7500
v 3.7496 0.2519 -0.7500
v 3.7496 0.2519 0.7500
v 3.8006 0.2225 0.7500
v 3.7496 0.2519 -0.7500
v 3.6940 0.2802 -0.7500
v 3.6940 0.2802 0.7500
v 3.7496 0.2519 0.7500
v 3.6940 0.2802 -0.7500
v 3.6339 0.3073 -0.7500
v 3.6339 0.3073 0.7500
v 3.6940 0.2802 0.7500
v 3.6339 0.3073 -0.7500
v 3.5688 0.3329 -0.7500
v 3.5688 0.3329 0.7500
v 3.6339 0.3073 0.7500
v 3.5688 0.3329 -0.7500
v 3.4990 0.3576 -0.7500
v 3.4990 0.3576 0.7500
v 3.5688 0.3329 0.7500
v 3.4990 0.3576 -0.7500
v 3.4245 0.3812 -0.7500
v 3.4245 0.3812 0.7500
v 3.4990 0.3576 0.7500
v 3.3854 0.3936 -0.7500
v 3.3483 0.4054 -0.7500
v 3.3483 0.4054 0.7500
v 3.3854 0.3936 0.7500
v 3.3483 0.4054 -0.7500
v 3.3129 0.4165 -0.7500
v 3.3129 0.4165 0.7500
v 3.3483 0.4054 0.7500
v 3.2490 0.4366 -0.7500
v 3.2202 0.4457 -0.7500
v 3.2202 0.4457 0.7500
v 3.2490 0.4366 0.7500
v 3.2202 0.4457 -0.7500
v 3.1934 0.4539 -0.7500
v 3.1934 0.4539 0.7500
v 3.2202 0.4457 0.7500
v 3.1683 0.4616 -0.7500
v 3.1457 0.4687 -0.7500
v 3.1457 0.4687 0.7500
v 3.1683 0.4616 0.7500
v 3.1457 0.4687 -0.7500
v 3.1250 0.4749 -0.7500
v 3.1250 0.4749 0.7500
v 3.1457 0.4687 0.7500
v 3.2543 0.6801 -0.7500
v 3.2717 0.6816 -0.7500
v 3.2717 0.6816 0.7500
v 3.2543 0.6801 0.7500
v 3.2717 0.6816 -0.7500
v 3.2888 0.6830 -0.7500
v 3.2888 0.6830 0.7500
v 3.2717 0.6816 0.7500
v 3.3397 0.6860 -0.7500
v 3.3565 0.6866 -0.7500
v 3.3565 0.6866 0.7500
v 3.3397 0.6860 0.7500
v 3.3565 0.6866 -0.7500
v 3.3730 0.6872 -0.7500
v 3.3730 0.6872 0.7500
v 3.3565 0.6866 0.7500
v 4.1024 0.5296 -0.7500
v 4.1469 0.5093 -0.7500
v 4.1469 0.5093 0.7500
v 4.1024 0.5296 0.7500
v 4.1469 0.5093 -0.7500
v 4.3253 1.3415 -0.7500
v 4.3253 1.3415 0.7500
v 4.1469 0.5093 0.7500
v 4.3253 1.3415 -0.7500
v 4.3021 1.3486 -0.7500
v 4.3021 1.3486 0.7500
v 4.3253 1.3415 0.7500
v 4.3021 1.3486 -0.7500
v 4.2776 1.3559 -0.7500
v 4.2776 1.3559 0.7500
v 4.3021 1.3486 0.7500
v 4.2776 1.3559 -0.7500
v 4.2523 1.3630 -0.7500
v 4.2523 1.3630 0.7500
v 4.2776 1.3559 0.7500
v 4.2523 1.3630 -0.7500
v 4.2258 1.3701 -0.7500
v 4.2258 1.3701 0.7500
v 4.2523 1.3630 0.7500
v 4.2258 1.3701 -0.7500
v 4.1984 1.3768 -0.7500
v 4.1984 1.3768 0.7500
v 4.2258 1.3701 0.7500
v 4.1984 1.3768 -0.7500
v 4.1702 1.3836 -0.7500
v 4.1702 1.3836 0.7500
v 4.1984 1.3768 0.7500
v 4.1702 1.3836 -0.7500
v 4.1407 1.3904 -0.7500
v 4.1407 1.3904 0.7500
v 4.1702 1.3836 0.7500
v 4.1407 1.3904 -0.7500
v 4.1101 1.3969 -0.7500
v 4.1101 1.3969 0.7500
v 4.1407 1.3904 0.7500
v 4.1101 1.3969 -0.7500
v 4.0789 1.4036 -0.7500
v 4.0789 1.4036 0.7500
v 4.1101 1.3969 0.7500
v 4.0789 1.4036 -0.7500
v 4.0465 1.4101 -0.7500
v 4.0465 1.4101 0.7500
v 4.0789 1.4036 0.7500
v 4.0465 1.4101 -0.7500
v 4.0135 1.4163 -0.7500
v 4.0135 1.4163 0.7500
v 4.0465 1.4101 0.7500
v 4.0135 1.4163 -0.7500
v 3.9802 1.4222 -0.7500
v 3.9802 1.4222 0.7500
v 4.0135 1.4163 0.7500
v 3.9802 1.4222 -0.7500
v 3.9466 1.4281 -0.7500
v 3.9466 1.4281 0.7500
v 3.9802 1.4222 0.7500
v 3.9466 1.4281 -0.7500
v 3.8795 1.4393 -0.7500
v 3.8795 1.4393 0.7500
v 3.9466 1.4281 0.7500
v 3.8795 1.4393 -0.7500
v 3.8456 1.4443 -0.7500
v 3.8456 1.4443 0.7500
v 3.8795 1.4393 0.7500
v 3.8456 1.4443 -0.7500
v 3.8115 1.4493 -0.7500
v 3.8115 1.4493 0.7500
v 3.8456 1.4443 0.7500
v 3.8115 1.4493 -0.7500
v 3.7770 1.4540 -0.7500
v 3.7770 1.4540 0.7500
v 3.8115 1.4493 0.7500
v 3.7770 1.4540 -0.7500
v 3.7426 1.4584 -0.7500
v 3.7426 1.4584 0.7500
v 3.7770 1.4540 0.7500
v 3.7426 1.4584 -0.7500
v 3.7081 1.4625 -0.7500
v 3.7081 1.4625 0.7500
v 3.7426 1.4584 0.7500
v 3.7081 1.4625 -0.7500
v 3.6737 1.4664 -0.7500
v 3.6737 1.4664 0.7500
v 3.7081 1.4625 0.7500
v 3.6737 1.4664 -0.7500
v 3.6395 1.4699 -0.7500
v 3.6395 1.4699 0.7500
v 3.6737 1.4664 0.7500
v 3.6395 1.4699 -0.7500
v 3.6062 1.4731 -0.7500
v 3.6062 1.4731 0.7500
v 3.6395 1.4699 0.7500
v 3.6062 1.4731 -0.7500
v 3.5732 1.4758 -0.7500
v 3.5732 1.4758 0.7500
v 3.6062 1.4731 0.7500
v 3.5732 1.4758 -0.7500
v 3.5411 1.4781 -0.7500
v 3.5411 1.4781 0.7500
v 3.5732 1.4758 0.7500
v 3.5411 1.4781 -0.7500
v 3.5093 1.4799 -0.7500
v 3.5093 1.4799 0.7500
v 3.5411 1.4781 0.7500
v 3.5093 1.4799 -0.7500
v 3.4781 1.4814 -0.7500
v 3.4781 1.4814 0.7500
v 3.5093 1.4799 0.7500
v 3.4781 1.4814 -0.7500
v 3.4475 1.4823 -0.7500
v 3.4475 1.4823 0.7500
v 3.4781 1.4814 0.7500
v 3.4475 1.4823 -0.7500
v 3.4175 1.4829 -0.7500
v 3.4175 1.4829 0.7500
v 3.4475 1.4823 0.7500
v 3.4175 1.4829 -0.7500
v 3.3880 1.4832 -0.7500
v 3.3880 1.4832 0.7500
v 3.4175 1.4829 0.7500
v 3.3880 1.4832 -0.7500
v 3.2508 1.4808 -0.7500
v 3.2508 1.4808 0.7500
v 3.3880 1.4832 0.7500
v 3.2508 1.4808 -0.7500
v 3.1206 1.4740 -0.7500
v 3.1206 1.4740 0.7500
v 3.2508 1.4808 0.7500
v 3.1206 1.4740 -0.7500
v 2.9978 1.4628 -0.7500
v 2.9978 1.4628 0.7500
v 3.1206 1.4740 0.7500
v 2.9978 1.4628 -0.7500
v 2.8824 1.4469 -0.7500
v 2.8824 1.4469 0.7500
v 2.9978 1.4628 0.7500
v 2.8824 1.4469 -0.7500
v 2.7740 1.4266 -0.7500
v 2.7740 1.4266 0.7500
v 2.8824 1.4469 0.7500
v 2.7740 1.4266 -0.7500
v 2.6730 1.4016 -0.7500
v 2.6730 1.4016 0.7500
v 2.7740 1.4266 0.7500
v 2.6730 1.4016 -0.7500
v 2.5791 1.3721 -0.7500
v 2.5791 1.3721 0.7500
v 2.6730 1.4016 0.7500
v 2.5791 1.3721 -0.7500
v 2.4925 1.3383 -0.7500
v 2.4925 1.3383 0.7500
v 2.5791 1.3721 0.7500
v 2.4925 1.3383 -0.7500
v 2.4130 1.2997 -0.7500
v 2.4130 1.2997 0.7500
v 2.4925 1.3383 0.7500
v 2.4130 1.2997 -0.7500
v 2.3408 1.2567 -0.7500
v 2.3408 1.2567 0.7500
v 2.4130 1.2997 0.7500
v 2.3408 1.2567 -0.7500
v 2.2746 1.2090 -0.7500
v 2.2746 1.2090 0.7500
v 2.3408 1.2567 0.7500
v 2.2746 1.2090 -0.7500
v 2.2133 1.1566 -0.7500
v 2.2133 1.1566 0.7500
v 2.2746 1.2090 0.7500
v 2.2133 1.1566 -0.7500
v 2.1568 1.0994 -0.7500
v 2.1568 1.0994 0.7500
v 2.2133 1.1566 0.7500
v 2.1568 1.0994 -0.7500
v 2.1052 1.0373 -0.7500
v 2.1052 1.0373 0.7500
v 2.1568 1.0994 0.7500
v 2.1052 1.0373 -0.7500
v 2.0882 1.0129 -0.7500
v 2.0882 1.0129 0.7500
v 2.1052 1.0373 0.7500
v 2.4521 1.0635 -0.7500
v 1.9689 0.5977 -0.7500
v 1.9689 0.5977 0.7500
v 2.4521 1.0635 0.7500
v 1.9689 0.5977 -0.7500
v 2.4563 0.9964 -0.7500
v 2.4563 0.9964 0.7500
v 1.9689 0.5977 0.7500
v 2.5205 0.9281 -0.7500
v 2.3453 0.7396 -0.7500
v 2.3453 0.7396 0.7500
v 2.5205 0.9281 0.7500
v 2.3453 0.7396 -0.7500
v 2.8391 1.1436 -0.7500
v 2.8391 1.1436 0.7500
v 2.3453 0.7396 0.7500
v 2.9033 1.0753 -0.7500
v 1.9283 0.0252 -0.7500
v 1.9283 0.0252 0.7500
v 2.9033 1.0753 0.7500
v 1.9283 0.0252 -0.7500
v 1.9368 0.0081 -0.7500
v 1.9368 0.0081 0.7500
v 1.9283 0.0252 0.7500
v 1.9368 0.0081 -0.7500
v 1.9589 -0.0272 -0.7500
v 1.9589 -0.0272 0.7500
v 1.9368 0.0081 0.7500
v 1.9589 -0.0272 -0.7500
v 1.9836 -0.0605 -0.7500
v 1.9836 -0.0605 0.7500
v 1.9589 -0.0272 0.7500
v 1.9836 -0.0605 -0.7500
v 2.0116 -0.0920 -0.7500
v 2.0116 -0.0920 0.7500
v 1.9836 -0.0605 0.7500
v 2.0116 -0.0920 -0.7500
v 2.0422 -0.1224 -0.7500
v 2.0422 -0.1224 0.7500
v 2.0116 -0.0920 0.7500
v 2.0422 -0.1224 -0.7500
v 2.0758 -0.1521 -0.7500
v 2.0758 -0.1521 0.7500
v 2.0422 -0.1224 0.7500
v 2.0758 -0.1521 -0.7500
v 2.1126 -0.1813 -0.7500
v 2.1126 -0.1813 0.7500
v 2.0758 -0.1521 0.7500
v 2.1126 -0.1813 -0.7500
v 2.1521 -0.2098 -0.7500
v 2.1521 -0.2098 0.7500
v 2.1126 -0.1813 0.7500
v 2.1521 -0.2098 -0.7500
v 2.1945 -0.2378 -0.7500
v 2.1945 -0.2378 0.7500
v 2.1521 -0.2098 0.7500
v 2.1945 -0.2378 -0.7500
v 2.2398 -0.2652 -0.7500
v 2.2398 -0.2652 0.7500
v 2.1945 -0.2378 0.7500
v 2.2398 -0.2652 -0.7500
v 2.2881 -0.2920 -0.7500
v 2.2881 -0.2920 0.7500
v 2.2398 -0.2652 0.7500
v 2.2881 -0.2920 -0.7500
v 2.3394 -0.3182 -0.7500
v 2.3394 -0.3182 0.7500
v 2.2881 -0.2920 0.7500
v 2.3394 -0.3182 -0.7500
v 2.3935 -0.3438 -0.7500
v 2.3935 -0.3438 0.7500
v 2.3394 -0.3182 0.7500
v 2.3935 -0.3438 -0.7500
v 2.4504 -0.3688 -0.7500
v 2.4504 -0.3688 0.7500
v 2.3935 -0.3438 0.7500
v 2.4504 -0.3688 -0.7500
v 2.4919 -0.3856 -0.7500
v 2.4919 -0.3856 0.7500
v 2.4504 -0.3688 0.7500
v 2.4919 -0.3856 -0.7500
v 2.5317 -0.4018 -0.7500
v 2.5317 -0.4018 0.7500
v 2.4919 -0.3856 0.7500
v 2.5317 -0.4018 -0.7500
v 2.5696 -0.4168 -0.7500
v 2.5696 -0.4168 0.7500
v 2.5317 -0.4018 0.7500
v 2.5696 -0.4168 -0.7500
v 2.6065 -0.4310 -0.7500
v 2.6065 -0.4310 0.7500
v 2.5696 -0.4168 0.7500
v 2.6065 -0.4310 -0.7500
v 2.6415 -0.4442 -0.7500
v 2.6415 -0.4442 0.7500
v 2.6065 -0.4310 0.7500
v 2.6415 -0.4442 -0.7500
v 2.6751 -0.4566 -0.7500
v 2.6751 -0.4566 0.7500
v 2.6415 -0.4442 0.7500
v 2.6751 -0.4566 -0.7500
v 2.7069 -0.4681 -0.7500
v 2.7069 -0.4681 0.7500
v 2.6751 -0.4566 0.7500
v 2.7069 -0.4681 -0.7500
v 2.7372 -0.4784 -0.7500
v 2.7372 -0.4784 0.7500
v 2.7069 -0.4681 0.7500
v 2.7372 -0.4784 -0.7500
v 2.7661 -0.4881 -0.7500
v 2.7661 -0.4881 0.7500
v 2.7372 -0.4784 0.7500
v 1.7313 -0.5402 -0.7500
v 1.6915 -0.5196 -0.7500
v 1.6915 -0.5196 0.7500
v 1.7313 -0.5402 0.7500
v 1.6915 -0.5196 -0.7500
v 1.5178 -1.3474 -0.7500
v 1.5178 -1.3474 0.7500
v 1.6915 -0.5196 0.7500
v 1.5178 -1.3474 -0.7500
v 1.5534 -1.3668 -0.7500
v 1.5534 -1.3668 0.7500
v 1.5178 -1.3474 0.7500
v 1.5534 -1.3668 -0.7500
v 1.5914 -1.3857 -0.7500
v 1.5914 -1.3857 0.7500
v 1.5534 -1.3668 0.7500
v 1.5914 -1.3857 -0.7500
v 1.6311 -1.4034 -0.7500
v 1.6311 -1.4034 0.7500
v 1.5914 -1.3857 0.7500
v 1.6311 -1.4034 -0.7500
v 1.6732 -1.4201 -0.7500
v 1.6732 -1.4201 0.7500
v 1.6311 -1.4034 0.7500
v 1.6732 -1.4201 -0.7500
v 1.7171 -1.4360 -0.7500
v 1.7171 -1.4360 0.7500
v 1.6732 -1.4201 0.7500
v 1.7171 -1.4360 -0.7500
v 1.7634 -1.4508 -0.7500
v 1.7634 -1.4508 0.7500
v 1.7171 -1.4360 0.7500
v 1.7634 -1.4508 -0.7500
v 1.8114 -1.4646 -0.7500
v 1.8114 -1.4646 0.7500
v 1.7634 -1.4508 0.7500
v 1.8114 -1.4646 -0.7500
v 1.8614 -1.4776 -0.7500
v 1.8614 -1.4776 0.7500
v 1.8114 -1.4646 0.7500
v 1.8614 -1.4776 -0.7500
v 1.9138 -1.4896 -0.7500
v 1.9138 -1.4896 0.7500
v 1.8614 -1.4776 0.7500
v 1.9138 -1.4896 -0.7500
v 1.9680 -1.5005 -0.7500
v 1.9680 -1.5005 0.7500
v 1.9138 -1.4896 0.7500
v 1.9680 -1.5005 -0.7500
v 2.0237 -1.5105 -0.7500
v 2.0237 -1.5105 0.7500
v 1.9680 -1.5005 0.7500
v 2.0237 -1.5105 -0.7500
v 2.0802 -1.5194 -0.7500
v 2.0802 -1.5194 0.7500
v 2.0237 -1.5105 0.7500
v 2.0802 -1.5194 -0.7500
v 2.1371 -1.5273 -0.7500
v 2.1371 -1.5273 0.7500
v 2.0802 -1.5194 0.7500
v 2.1371 -1.5273 -0.7500
v 2.1948 -1.5341 -0.7500
v 2.1948 -1.5341 0.7500
v 2.1371 -1.5273 0.7500
v 2.1948 -1.5341 -0.7500
v 2.2534 -1.5400 -0.7500
v 2.2534 -1.5400 0.7500
v 2.1948 -1.5341 0.7500
v 2.2534 -1.5400 -0.7500
v 2.3123 -1.5447 -0.7500
v 2.3123 -1.5447 0.7500
v 2.2534 -1.5400 0.7500
v 2.3123 -1.5447 -0.7500
v 2.3720 -1.5482 -0.7500
v 2.3720 -1.5482 0.7500
v 2.3123 -1.5447 0.7500
v 2.3720 -1.5482 -0.7500
v 2.4327 -1.5509 -0.7500
v 2.4327 -1.5509 0.7500
v 2.3720 -1.5482 0.7500
v 2.4327 -1.5509 -0.7500
v 2.4940 -1.5527 -0.7500
v 2.4940 -1.5527 0.7500
v 2.4327 -1.5509 0.7500
v 2.4940 -1.5527 -0.7500
v 2.5558 -1.5532 -0.7500
v 2.5558 -1.5532 0.7500
v 2.4940 -1.5527 0.7500
v 2.5558 -1.5532 -0.7500
v 2.6518 -1.5521 -0.7500
v 2.6518 -1.5521 0.7500
v 2.5558 -1.5532 0.7500
v 2.6518 -1.5521 -0.7500
v 2.7443 -1.5485 -0.7500
v 2.7443 -1.5485 0.7500
v 2.6518 -1.5521 0.7500
v 2.7443 -1.5485 -0.7500
v 2.8332 -1.5429 -0.7500
v 2.8332 -1.5429 0.7500
v 2.7443 -1.5485 0.7500
v 4.0948 -0.4840 -0.7500
v 4.0965 -0.4693 -0.7500
v 4.0965 -0.4693 0.7500
v 4.0948 -0.4840 0.7500
v 3.3129 0.4165 -0.7500
v 3.2799 0.4269 -0.7500
v 3.2799 0.4269 0.7500
v 3.3129 0.4165 0.7500
v 3.2799 0.4269 -0.7500
v 3.2490 0.4366 -0.7500
v 3.2490 0.4366 0.7500
v 3.2799 0.4269 0.7500
v 4.0588 0.5485 -0.7500
v 4.1024 0.5296 -0.7500
v 4.1024 0.5296 0.7500
v 4.0588 0.5485 0.7500
v 2.4563 0.9964 -0.7500
v 2.5205 0.9281 -0.7500
v 2.5205 0.9281 0.7500
v 2.4563 0.9964 0.7500
v 1.7725 -0.5603 -0.7500
v 1.7313 -0.5402 -0.7500
v 1.7313 -0.5402 0.7500
v 1.7725 -0.5603 0.7500
v 3.4245 0.3812 -0.7500
v 3.3854 0.3936 -0.7500
v 3.3854 0.3936 0.7500
v 3.4245 0.3812 0.7500
v 4.0161 0.5661 -0.7500
v 4.0588 0.5485 -0.7500
v 4.0588 0.5485 0.7500
v 4.0161 0.5661 0.7500
v 2.0882 1.0129 -0.7500
v 2.4521 1.0635 -0.7500
v 2.4521 1.0635 0.7500
v 2.0882 1.0129 0.7500
v 1.8146 -0.5794 -0.7500
v 1.7725 -0.5603 -0.7500
v 1.7725 -0.5603 0.7500
v 1.8146 -0.5794 0.7500
v 3.1934 0.4539 -0.7500
v 3.1683 0.4616 -0.7500
v 3.1683 0.4616 0.7500
v 3.1934 0.4539 0.7500
v 3.9740 0.5823 -0.7500
v 4.0161 0.5661 -0.7500
v 4.0161 0.5661 0.7500
v 3.9740 0.5823 0.7500
v 2.7661 -0.4881 -0.7500
v 2.7935 -0.4969 -0.7500
v 2.7935 -0.4969 0.7500
v 2.7661 -0.4881 0.7500
v 1.8579 -0.5979 -0.7500
v 1.8146 -0.5794 -0.7500
v 1.8146 -0.5794 0.7500
v 1.8579 -0.5979 0.7500
v 3.9325 0.5971 -0.7500
v 3.9740 0.5823 -0.7500
v 3.9740 0.5823 0.7500
v 3.9325 0.5971 0.7500
v 1.9023 -0.6156 -0.7500
v 1.8579 -0.5979 -0.7500
v 1.8579 -0.5979 0.7500
v 1.9023 -0.6156 0.7500
v 3.8922 0.6106 -0.7500
v 3.9325 0.5971 -0.7500
v 3.9325 0.5971 0.7500
v 3.8922 0.6106 0.7500
v 2.7935 -0.4969 -0.7500
v 2.8188 -0.5055 -0.7500
v 2.8188 -0.5055 0.7500
v 2.7935 -0.4969 0.7500
v 1.9480 -0.6327 -0.7500
v 1.9023 -0.6156 -0.7500
v 1.9023 -0.6156 0.7500
v 1.9480 -0.6327 0.7500
v 3.8524 0.6227 -0.7500
v 3.8922 0.6106 -0.7500
v 3.8922 0.6106 0.7500
v 3.8524 0.6227 0.7500
v 2.8391 1.1436 -0.7500
v 2.9033 1.0753 -0.7500
v 2.9033 1.0753 0.7500
v 2.8391 1.1436 0.7500
v 2.8188 -0.5055 -0.7500
v 2.8412 -0.5146 -0.7500
v 2.8412 -0.5146 0.7500
v 2.8188 -0.5055 0.7500
v 1.9948 -0.6489 -0.7500
v 1.9480 -0.6327 -0.7500
v 1.9480 -0.6327 0.7500
v 1.9948 -0.6489 0.7500
v 3.1250 0.4749 -0.7500
v 3.1062 0.4810 -0.7500
v 3.1062 0.4810 0.7500
v 3.1250 0.4749 0.7500
v 3.8132 0.6336 -0.7500
v 3.8524 0.6227 -0.7500
v 3.8524 0.6227 0.7500
v 3.8132 0.6336 0.7500
v 2.8412 -0.5146 -0.7500
v 2.8612 -0.5243 -0.7500
v 2.8612 -0.5243 0.7500
v 2.8412 -0.5146 0.7500
v 2.0425 -0.6645 -0.7500
v 1.9948 -0.6489 -0.7500
v 1.9948 -0.6489 0.7500
v 2.0425 -0.6645 0.7500
v 3.1062 0.4810 -0.7500
v 3.0897 0.4878 -0.7500
v 3.0897 0.4878 0.7500
v 3.1062 0.4810 0.7500
v 3.7753 0.6430 -0.7500
v 3.8132 0.6336 -0.7500
v 3.8132 0.6336 0.7500
v 3.7753 0.6430 0.7500
v 2.8612 -0.5243 -0.7500
v 2.8783 -0.5349 -0.7500
v 2.8783 -0.5349 0.7500
v 2.8612 -0.5243 0.7500
v 2.0917 -0.6792 -0.7500
v 2.0425 -0.6645 -0.7500
v 2.0425 -0.6645 0.7500
v 2.0917 -0.6792 0.7500
v 3.0897 0.4878 -0.7500
v 3.0750 0.4949 -0.7500
v 3.0750 0.4949 0.7500
v 3.0897 0.4878 0.7500
v 3.7379 0.6510 -0.7500
v 3.7753 0.6430 -0.7500
v 3.7753 0.6430 0.7500
v 3.7379 0.6510 0.7500
v 2.8783 -0.5349 -0.7500
v 2.8930 -0.5461 -0.7500
v 2.8930 -0.5461 0.7500
v 2.8783 -0.5349 0.7500
v 2.1418 -0.6934 -0.7500
v 2.0917 -0.6792 -0.7500
v 2.0917 -0.6792 0.7500
v 2.1418 -0.6934 0.7500
v 3.0750 0.4949 -0.7500
v 3.0620 0.5025 -0.7500
v 3.0620 0.5025 0.7500
v 3.0750 0.4949 0.7500
v 3.7010 0.6580 -0.7500
v 3.7379 0.6510 -0.7500
v 3.7379 0.6510 0.7500
v 3.7010 0.6580 0.7500
v 2.8930 -0.5461 -0.7500
v 2.9048 -0.5576 -0.7500
v 2.9048 -0.5576 0.7500
v 2.8930 -0.5461 0.7500
v 2.1921 -0.7066 -0.7500
v 2.1418 -0.6934 -0.7500
v 2.1418 -0.6934 0.7500
v 2.1921 -0.7066 0.7500
v 3.0620 0.5025 -0.7500
v 3.0511 0.5108 -0.7500
v 3.0511 0.5108 0.7500
v 3.0620 0.5025 0.7500
v 3.6651 0.6642 -0.7500
v 3.7010 0.6580 -0.7500
v 3.7010 0.6580 0.7500
v 3.6651 0.6642 0.7500
v 2.9048 -0.5576 -0.7500
v 2.9142 -0.5703 -0.7500
v 2.9142 -0.5703 0.7500
v 2.9048 -0.5576 0.7500
v 2.2416 -0.7181 -0.7500
v 2.1921 -0.7066 -0.7500
v 2.1921 -0.7066 0.7500
v 2.2416 -0.7181 0.7500
v 3.0511 0.5108 -0.7500
v 3.0423 0.5196 -0.7500
v 3.0423 0.5196 0.7500
v 3.0511 0.5108 0.7500
v 3.6301 0.6695 -0.7500
v 3.6651 0.6642 -0.7500
v 3.6651 0.6642 0.7500
v 3.6301 0.6695 0.7500
v 2.9142 -0.5703 -0.7500
v 2.9207 -0.5832 -0.7500
v 2.9207 -0.5832 0.7500
v 2.9142 -0.5703 0.7500
v 2.2902 -0.7284 -0.7500
v 2.2416 -0.7181 -0.7500
v 2.2416 -0.7181 0.7500
v 2.2902 -0.7284 0.7500
v 3.0423 0.5196 -0.7500
v 3.0355 0.5287 -0.7500
v 3.0355 0.5287 0.7500
v 3.0423 0.5196 0.7500
v 3.5959 0.6742 -0.7500
v 3.6301 0.6695 -0.7500
v 3.6301 0.6695 0.7500
v 3.5959 0.6742 0.7500
v 2.9207 -0.5832 -0.7500
v 2.9248 -0.5968 -0.7500
v 2.9248 -0.5968 0.7500
v 2.9207 -0.5832 0.7500
v 2.3379 -0.7372 -0.7500
v 2.2902 -0.7284 -0.7500
v 2.2902 -0.7284 0.7500
v 2.3379 -0.7372 0.7500
v 3.5623 0.6783 -0.7500
v 3.5959 0.6742 -0.7500
v 3.5959 0.6742 0.7500
v 3.5623 0.6783 0.7500
v 2.9248 -0.5968 -0.7500
v 2.9260 -0.6112 -0.7500
v 2.9260 -0.6112 0.7500
v 2.9248 -0.5968 0.7500
v 2.3847 -0.7449 -0.7500
v 2.3379 -0.7372 -0.7500
v 2.3379 -0.7372 0.7500
v 2.3847 -0.7449 0.7500
v 3.5294 0.6816 -0.7500
v 3.5623 0.6783 -0.7500
v 3.5623 0.6783 0.7500
v 3.5294 0.6816 0.7500
v 2.4306 -0.7511 -0.7500
v 2.3847 -0.7449 -0.7500
v 2.3847 -0.7449 0.7500
v 2.4306 -0.7511 0.7500
v 3.4976 0.6842 -0.7500
v 3.5294 0.6816 -0.7500
v 3.5294 0.6816 0.7500
v 3.4976 0.6842 0.7500
v 2.4760 -0.7558 -0.7500
v 2.4306 -0.7511 -0.7500
v 2.4306 -0.7511 0.7500
v 2.4760 -0.7558 0.7500
v 3.4663 0.6860 -0.7500
v 3.4976 0.6842 -0.7500
v 3.4976 0.6842 0.7500
v 3.4663 0.6860 0.7500
v 2.5202 -0.7593 -0.7500
v 2.4760 -0.7558 -0.7500
v 2.4760 -0.7558 0.7500
v 2.5202 -0.7593 0.7500
v 3.4357 0.6872 -0.7500
v 3.4663 0.6860 -0.7500
v 3.4663 0.6860 0.7500
v 3.4357 0.6872 0.7500
v 2.5635 -0.7614 -0.7500
v 2.5202 -0.7593 -0.7500
v 2.5202 -0.7593 0.7500
v 2.5635 -0.7614 0.7500
v 3.4063 0.6875 -0.7500
v 3.4357 0.6872 -0.7500
v 3.4357 0.6872 0.7500
v 3.4063 0.6875 0.7500
v 2.6059 -0.7620 -0.7500
v 2.5635 -0.7614 -0.7500
v 2.5635 -0.7614 0.7500
v 2.6059 -0.7620 0.7500
v 3.3898 0.6875 -0.7500
v 3.4063 0.6875 -0.7500
v 3.4063 0.6875 0.7500
v 3.3898 0.6875 0.7500
v 2.6347 -0.7617 -0.7500
v 2.6059 -0.7620 -0.7500
v 2.6059 -0.7620 0.7500
v 2.6347 -0.7617 0.7500
v 3.3730 0.6872 -0.7500
v 3.3898 0.6875 -0.7500
v 3.3898 0.6875 0.7500
v 3.3730 0.6872 0.7500
v 2.6621 -0.7605 -0.7500
v 2.6347 -0.7617 -0.7500
v 2.6347 -0.7617 0.7500
v 2.6621 -0.7605 0.7500
v 2.6883 -0.7584 -0.7500
v 2.6621 -0.7605 -0.7500
v 2.6621 -0.7605 0.7500
v 2.6883 -0.7584 0.7500
v 3.3226 0.6851 -0.7500
v 3.3397 0.6860 -0.7500
v 3.3397 0.6860 0.7500
v 3.3226 0.6851 0.7500
v 2.7136 -0.7558 -0.7500
v 2.6883 -0.7584 -0.7500
v 2.6883 -0.7584 0.7500
v 2.7136 -0.7558 0.7500
v 3.3058 0.6842 -0.7500
v 3.3226 0.6851 -0.7500
v 3.3226 0.6851 0.7500
v 3.3058 0.6842 0.7500
v 2.7375 -0.7523 -0.7500
v 2.7136 -0.7558 -0.7500
v 2.7136 -0.7558 0.7500
v 2.7375 -0.7523 0.7500
v 3.2888 0.6830 -0.7500
v 3.3058 0.6842 -0.7500
v 3.3058 0.6842 0.7500
v 3.2888 0.6830 0.7500
v 2.7602 -0.7481 -0.7500
v 2.7375 -0.7523 -0.7500
v 2.7375 -0.7523 0.7500
v 2.7602 -0.7481 0.7500
v 2.7817 -0.7431 -0.7500
v 2.7602 -0.7481 -0.7500
v 2.7602 -0.7481 0.7500
v 2.7817 -0.7431 0.7500
v 3.2369 0.6783 -0.7500
v 3.2543 0.6801 -0.7500
v 3.2543 0.6801 0.7500
v 3.2369 0.6783 0.7500
v 2.8020 -0.7372 -0.7500
v 2.7817 -0.7431 -0.7500
v 2.7817 -0.7431 0.7500
v 2.8020 -0.7372 0.7500
v 3.2199 0.6763 -0.7500
v 3.2369 0.6783 -0.7500
v 3.2369 0.6783 0.7500
v 3.2199 0.6763 0.7500
v 2.8211 -0.7305 -0.7500
v 2.8020 -0.7372 -0.7500
v 2.8020 -0.7372 0.7500
v 2.8211 -0.7305 0.7500
v 3.2034 0.6739 -0.7500
v 3.2199 0.6763 -0.7500
v 3.2199 0.6763 0.7500
v 3.2034 0.6739 0.7500
v 2.8391 -0.7231 -0.7500
v 2.8211 -0.7305 -0.7500
v 2.8211 -0.7305 0.7500
v 2.8391 -0.7231 0.7500
v 3.1872 0.6713 -0.7500
v 3.2034 0.6739 -0.7500
v 3.2034 0.6739 0.7500
v 3.1872 0.6713 0.7500
v 3.1716 0.6680 -0.7500
v 3.1872 0.6713 -0.7500
v 3.1872 0.6713 0.7500
v 3.1716 0.6680 0.7500
v 2.8556 -0.7151 -0.7500
v 2.8391 -0.7231 -0.7500
v 2.8391 -0.7231 0.7500
v 2.8556 -0.7151 0.7500
v 3.1565 0.6645 -0.7500
v 3.1716 0.6680 -0.7500
v 3.1716 0.6680 0.7500
v 3.1565 0.6645 0.7500
v 2.8706 -0.7063 -0.7500
v 2.8556 -0.7151 -0.7500
v 2.8556 -0.7151 0.7500
v 2.8706 -0.7063 0.7500
v 3.1418 0.6607 -0.7500
v 3.1565 0.6645 -0.7500
v 3.1565 0.6645 0.7500
v 3.1418 0.6607 0.7500
v 2.8836 -0.6969 -0.7500
v 2.8706 -0.7063 -0.7500
v 2.8706 -0.7063 0.7500
v 2.8836 -0.6969 0.7500
v 3.1277 0.6565 -0.7500
v 3.1418 0.6607 -0.7500
v 3.1418 0.6607 0.7500
v 3.1277 0.6565 0.7500
v 2.8948 -0.6866 -0.7500
v 2.8836 -0.6969 -0.7500
v 2.8836 -0.6969 0.7500
v 2.8948 -0.6866 0.7500
v 3.1141 0.6521 -0.7500
v 3.1277 0.6565 -0.7500
v 3.1277 0.6565 0.7500
v 3.1141 0.6521 0.7500
v 2.9045 -0.6757 -0.7500
v 2.8948 -0.6866 -0.7500
v 2.8948 -0.6866 0.7500
v 2.9045 -0.6757 0.7500
v 3.1009 0.6471 -0.7500
v 3.1141 0.6521 -0.7500
v 3.1141 0.6521 0.7500
v 3.1009 0.6471 0.7500
v 2.9121 -0.6642 -0.7500
v 2.9045 -0.6757 -0.7500
v 2.9045 -0.6757 0.7500
v 2.9121 -0.6642 0.7500
v 3.0885 0.6418 -0.7500
v 3.1009 0.6471 -0.7500
v 3.1009 0.6471 0.7500
v 3.0885 0.6418 0.7500
v 2.9183 -0.6518 -0.7500
v 2.9121 -0.6642 -0.7500
v 2.9121 -0.6642 0.7500
v 2.9183 -0.6518 0.7500
v 3.0767 0.6359 -0.7500
v 3.0885 0.6418 -0.7500
v 3.0885 0.6418 0.7500
v 3.0767 0.6359 0.7500
v 2.9227 -0.6392 -0.7500
v 2.9183 -0.6518 -0.7500
v 2.9183 -0.6518 0.7500
v 2.9227 -0.6392 0.7500
v 2.9251 -0.6253 -0.7500
v 2.9227 -0.6392 -0.7500
v 2.9227 -0.6392 0.7500
v 2.9251 -0.6253 0.7500
v 3.0661 0.6297 -0.7500
v 3.0767 0.6359 -0.7500
v 3.0767 0.6359 0.7500
v 3.0661 0.6297 0.7500
v 2.9260 -0.6112 -0.7500
v 2.9251 -0.6253 -0.7500
v 2.9251 -0.6253 0.7500
v 2.9260 -0.6112 0.7500
v 3.0570 0.6230 -0.7500
v 3.0661 0.6297 -0.7500
v 3.0661 0.6297 0.7500
v 3.0570 0.6230 0.7500
v 3.0488 0.6153 -0.7500
v 3.0570 0.6230 -0.7500
v 3.0570 0.6230 0.7500
v 3.0488 0.6153 0.7500
v 3.0355 0.5287 -0.7500
v 3.0305 0.5385 -0.7500
v 3.0305 0.5385 0.7500
v 3.0355 0.5287 0.7500
v 3.0420 0.6074 -0.7500
v 3.0488 0.6153 -0.7500
v 3.0488 0.6153 0.7500
v 3.0420 0.6074 0.7500
v 3.0305 0.5385 -0.7500
v 3.0276 0.5488 -0.7500
v 3.0276 0.5488 0.7500
v 3.0305 0.5385 0.7500
v 3.0364 0.5991 -0.7500
v 3.0420 0.6074 -0.7500
v 3.0420 0.6074 0.7500
v 3.0364 0.5991 0.7500
v 3.0323 0.5900 -0.7500
v 3.0364 0.5991 -0.7500
v 3.0364 0.5991 0.7500
v 3.0323 0.5900 0.7500
v 3.0276 0.5488 -0.7500
v 3.0267 0.5594 -0.7500
v 3.0267 0.5594 0.7500
v 3.0276 0.5488 0.7500
v 3.0290 0.5803 -0.7500
v 3.0323 0.5900 -0.7500
v 3.0323 0.5900 0.7500
v 3.0290 0.5803 0.7500
v 3.0267 0.5594 -0.7500
v 3.0273 0.5703 -0.7500
v 3.0273 0.5703 0.7500
v 3.0267 0.5594 0.7500
v 3.0273 0.5703 -0.7500
v 3.0290 0.5803 -0.7500
v 3.0290 0.5803 0.7500
v 3.0273 0.5703 0.7500
f 1337 1338 1057
f 1057 1058 1059
f 1059 1060 1061
f 1061 1062 1063
f 1063 1064 1065
f 1065 1066 1067
f 1067 1068 1069
f 1069 1070 1071
f 1071 1072 1073
f 1073 1074 1075
f 1075 1076 1077
f 1077 1078 1079
f 1079 1080 1081
f 1081 1082 1083
f 1083 1084 1085
f 1085 1086 1087
f 1087 1088 1089
f 1090 1091 1092
f 1092 1093 1094
f 1094 1095 1096
f 1096 1097 1098
f 1098 1099 1100
f 1100 1101 1102
f 1102 1103 1104
f 1104 1105 1106
f 1106 1107 1108
f 1108 1109 1110
f 1110 1111 1112
f 1112 1113 1114
f 1114 1115 1116
f 1117 1118 1119
f 1121 1122 1123
f 1124 1125 1126
f 1157 1158 1159
f 1162 1163 1164
f 1185 1186 1187
f 1187 1188 1189
f 1189 1190 1191
f 1191 1192 1193
f 1193 1194 1195
f 1195 1196 1197
f 1197 1198 1199
f 1199 1200 1201
f 1201 1202 1203
f 1203 1204 1205
f 1205 1206 1207
f 1207 1208 1209
f 1209 1210 1211
f 1211 1212 1213
f 1213 1214 1215
f 1215 1216 1217
f 1217 1218 1219
f 1219 1220 1221
f 1221 1222 1223
f 1223 1224 1225
f 1225 1226 1227
f 1227 1228 1229
f 1229 1230 1231
f 1232 1233 1234
f 1235 1236 1237
f 1238 1239 1240
f 1240 1241 1242
f 1242 1243 1244
f 1244 1245 1246
f 1246 1247 1248
f 1248 1249 1250
f 1250 1251 1252
f 1252 1253 1254
f 1254 1255 1256
f 1256 1257 1258
f 1258 1259 1260
f 1260 1261 1262
f 1312 1313 1314
f 1314 1315 1316
f 1316 1317 1318
f 1318 1319 1320
f 1320 1321 1322
f 1322 1323 1324
f 1324 1325 1326
f 1326 1327 1328
f 1328 1329 1330
f 1330 1331 1332
f 1332 1333 1334
f 1334 1335 1336
f 1336 1337 1057
f 1057 1059 1061
f 1061 1063 1065
f 1065 1067 1069
f 1069 1071 1073
f 1073 1075 1077
f 1077 1079 1081
f 1081 1083 1085
f 1085 1087 1089
f 1089 1090 1092
f 1092 1094 1096
f 1096 1098 1100
f 1100 1102 1104
f 1104 1106 1108
f 1108 1110 1112
f 1112 1114 1116
f 1117 1119 1120
f 1120 1121 1123
f 1184 1185 1187
f 1187 1189 1191
f 1191 1193 1195
f 1195 1197 1199
f 1199 1201 1203
f 1203 1205 1207
f 1207 1209 1211
f 1211 1213 1215
f 1215 1217 1219
f 1219 1221 1223
f 1223 1225 1227
f 1227 1229 1231
f 1232 1234 1235
f 1238 1240 1242
f 1242 1244 1246
f 1246 1248 1250
f 1250 1252 1254
f 1254 1256 1258
f 1258 1260 1262
f 1311 1312 1314
f 1314 1316 1318
f 1318 1320 1322
f 1322 1324 1326
f 1326 1328 1330
f 1330 1332 1334
f 1334 1336 1057
f 1057 1061 1065
f 1065 1069 1073
f 1073 1077 1081
f 1081 1085 1089
f 1089 1092 1096
f 1096 1100 1104
f 1104 1108 1112
f 1112 1116 1117
f 1117 1120 1123
f 1183 1184 1187
f 1187 1191 1195
f 1195 1199 1203
f 1203 1207 1211
f 1211 1215 1219
f 1219 1223 1227
f 1227 1231 1232
f 1232 1235 1237
f 1238 1242 1246
f 1246 1250 1254
f 1254 1258 1262
f 1310 1311 1314
f 1314 1318 1322
f 1322 1326 1330
f 1330 1334 1057
f 1057 1065 1073
f 1073 1081 1089
f 1089 1096 1104
f 1104 1112 1117
f 1117 1123 1124
f 1182 1183 1187
f 1187 1195 1203
f 1203 1211 1219
f 1219 1227 1232
f 1238 1246 1254
f 1254 1262 1263
f 1309 1310 1314
f 1314 1322 1330
f 1330 1057 1073
f 1073 1089 1104
f 1104 1117 1124
f 1181 1182 1187
f 1187 1203 1219
f 1219 1232 1237
f 1238 1254 1263
f 1308 1309 1314
f 1314 1330 1073
f 1073 1104 1124
f 1180 1181 1187
f 1187 1219 1237
f 1238 1263 1264
f 1307 1308 1314
f 1073 1124 1126
f 1179 1180 1187
f 1187 1237 1238
f 1238 1264 1265
f 1306 1307 1314
f 1073 1126 1127
f 1178 1179 1187
f 1238 1265 1266
f 1305 1306 1314
f 1073 1127 1128
f 1177 1178 1187
f 1238 1266 1267
f 1304 1305 1314
f 1073 1128 1129
f 1176 1177 1187
f 1238 1267 1268
f 1303 1304 1314
f 1073 1129 1130
f 1175 1176 1187
f 1238 1268 1269
f 1302 1303 1314
f 1073 1130 1131
f 1174 1175 1187
f 1238 1269 1270
f 1301 1302 1314
f 1073 1131 1132
f 1173 1174 1187
f 1238 1270 1271
f 1300 1301 1314
f 1073 1132 1133
f 1172 1173 1187
f 1238 1271 1272
f 1299 1300 1314
f 1171 1172 1187
f 1238 1272 1273
f 1298 1299 1314
f 1170 1171 1187
f 1297 1298 1314
f 1169 1170 1187
f 1296 1297 1314
f 1168 1169 1187
f 1295 1296 1314
f 1167 1168 1187
f 1294 1295 1314
f 1166 1167 1187
f 1293 1294 1314
f 1165 1166 1187
f 1292 1293 1314
f 1164 1165 1187
f 1291 1292 1314
f 1162 1164 1187
f 1290 1291 1314
f 1161 1162 1187
f 1289 1290 1314
f 1160 1161 1187
f 1288 1289 1314
f 1159 1160 1187
f 1287 1288 1314
f 1157 1159 1187
f 1286 1287 1314
f 1156 1157 1187
f 1285 1286 1314
f 1155 1156 1187
f 1284 1285 1314
f 1154 1155 1187
f 1283 1284 1314
f 1153 1154 1187
f 1283 1314 1073
f 1152 1153 1187
f 1282 1283 1073
f 1151 1152 1187
f 1281 1282 1073
f 1150 1151 1187
f 1280 1281 1073
f 1149 1150 1187
f 1279 1280 1073
f 1148 1149 1187
f 1278 1279 1073
f 1147 1148 1187
f 1277 1278 1073
f 1146 1147 1187
f 1276 1277 1073
f 1145 1146 1187
f 1275 1276 1073
f 1145 1187 1238
f 1274 1275 1073
f 1144 1145 1238
f 1273 1274 1073
f 1143 1144 1238
f 1273 1073 1133
f 1142 1143 1238
f 1273 1133 1134
f 1141 1142 1238
f 1273 1134 1135
f 1140 1141 1238
f 1238 1273 1135
f 1139 1140 1238
f 1238 1135 1136
f 1138 1139 1238
f 1238 1136 1137
f 1137 1138 1238
f 1619 1339 1620
f 1339 1341 1340
f 1341 1343 1342
f 1343 1345 1344
f 1345 1347 1346
f 1347 1349 1348
f 1349 1351 1350
f 1351 1353 1352
f 1353 1355 1354
f 1355 1357 1356
f 1357 1359 1358
f 1359 1361 1360
f 1361 1363 1362
f 1363 1365 1364
f 1365 1367 1366
f 1367 1369 1368
f 1369 1371 1370
f 1372 1374 1373
f 1374 1376 1375
f 1376 1378 1377
f 1378 1380 1379
f 1380 1382 1381
f 1382 1384 1383
f 1384 1386 1385
f 1386 1388 1387
f 1388 1390 1389
f 1390 1392 1391
f 1392 1394 1393
f 1394 1396 1395
f 1396 1398 1397
f 1399 1401 1400
f 1403 1405 1404
f 1406 1408 1407
f 1439 1441 1440
f 1444 1446 1445
f 1467 1469 1468
f 1469 1471 1470
f 1471 1473 1472
f 1473 1475 1474
f 1475 1477 1476
f 1477 1479 1478
f 1479 1481 1480
f 1481 1483 1482
f 1483 1485 1484
f 1485 1487 1486
f 1487 1489 1488
f 1489 1491 1490
f 1491 1493 1492
f 1493 1495 1494
f 1495 1497 1496
f 1497 1499 1498
f 1499 1501 1500
f 1501 1503 1502
f 1503 1505 1504
f 1505 1507 1506
f 1507 1509 1508
f 1509 1511 1510
f 1511 1513 1512
f 1514 1516 1515
f 1517 1519 1518
f 1520 1522 1521
f 1522 1524 1523
f 1524 1526 1525
f 1526 1528 1527
f 1528 1530 1529
f 1530 1532 1531
f 1532 1534 1533
f 1534 1536 1535
f 1536 1538 1537
f 1538 1540 1539
f 1540 1542 1541
f 1542 1544 1543
f 1594 1596 1595
f 1596 1598 1597
f 1598 1600 1599
f 1600 1602 1601
f 1602 1604 1603
f 1604 1606 1605
f 1606 1608 1607
f 1608 1610 1609
f 1610 1612 1611
f 1612 1614 1613
f 1614 1616 1615
f 1616 1618 1617
f 1618 1339 1619
f 1339 1343 1341
f 1343 1347 1345
f 1347 1351 1349
f 1351 1355 1353
f 1355 1359 1357
f 1359 1363 1361
f 1363 1367 1365
f 1367 1371 1369
f 1371 1374 1372
f 1374 1378 1376
f 1378 1382 1380
f 1382 1386 1384
f 1386 1390 1388
f 1390 1394 1392
f 1394 1398 1396
f 1399 1402 1401
f 1402 1405 1403
f 1466 1469 1467
f 1469 1473 1471
f 1473 1477 1475
f 1477 1481 1479
f 1481 1485 1483
f 1485 1489 1487
f 1489 1493 1491
f 1493 1497 1495
f 1497 1501 1499
f 1501 1505 1503
f 1505 1509 1507
f 1509 1513 1511
f 1514 1517 1516
f 1520 1524 1522
f 1524 1528 1526
f 1528 1532 1530
f 1532 1536 1534
f 1536 1540 1538
f 1540 1544 1542
f 1593 1596 1594
f 1596 1600 1598
f 1600 1604 1602
f 1604 1608 1606
f 1608 1612 1610
f 1612 1616 1614
f 1616 1339 1618
f 1339 1347 1343
f 1347 1355 1351
f 1355 1363 1359
f 1363 1371 1367
f 1371 1378 1374
f 1378 1386 1382
f 1386 1394 1390
f 1394 1399 1398
f 1399 1405 1402
f 1465 1469 1466
f 1469 1477 1473
f 1477 1485 1481
f 1485 1493 1489
f 1493 1501 1497
f 1501 1509 1505
f 1509 1514 1513
f 1514 1519 1517
f 1520 1528 1524
f 1528 1536 1532
f 1536 1544 1540
f 1592 1596 1593
f 1596 1604 1600
f 1604 1612 1608
f 1612 1339 1616
f 1339 1355 1347
f 1355 1371 1363
f 1371 1386 1378
f 1386 1399 1394
f 1399 1406 1405
f 1464 1469 1465
f 1469 1485 1477
f 1485 1501 1493
f 1501 1514 1509
f 1520 1536 1528
f 1536 1545 1544
f 1591 1596 1592
f 1596 1612 1604
f 1612 1355 1339
f 1355 1386 1371
f 1386 1406 1399
f 1463 1469 1464
f 1469 1501 1485
f 1501 1519 1514
f 1520 1545 1536
f 1590 1596 1591
f 1596 1355 1612
f 1355 1406 1386
f 1462 1469 1463
f 1469 1519 1501
f 1520 1546 1545
f 1589 1596 1590
f 1355 1408 1406
f 1461 1469 1462
f 1469 1520 1519
f 1520 1547 1546
f 1588 1596 1589
f 1355 1409 1408
f 1460 1469 1461
f 1520 1548 1547
f 1587 1596 1588
f 1355 1410 1409
f 1459 1469 1460
f 1520 1549 1548
f 1586 1596 1587
f 1355 1411 1410
f 1458 1469 1459
f 1520 1550 1549
f 1585 1596 1586
f 1355 1412 1411
f 1457 1469 1458
f 1520 1551 1550
f 1584 1596 1585
f 1355 1413 1412
f 1456 1469 1457
f 1520 1552 1551
f 1583 1596 1584
f 1355 1414 1413
f 1455 1469 1456
f 1520 1553 1552
f 1582 1596 1583
f 1355 1415 1414
f 1454 1469 1455
f 1520 1554 1553
f 1581 1596 1582
f 1453 1469 1454
f 1520 1555 1554
f 1580 1596 1581
f 1452 1469 1453
f 1579 1596 1580
f 1451 1469 1452
f 1578 1596 1579
f 1450 1469 1451
f 1577 1596 1578
f 1449 1469 1450
f 1576 1596 1577
f 1448 1469 1449
f 1575 1596 1576
f 1447 1469 1448
f 1574 1596 1575
f 1446 1469 1447
f 1573 1596 1574
f 1444 1469 1446
f 1572 1596 1573
f 1443 1469 1444
f 1571 1596 1572
f 1442 1469 1443
f 1570 1596 1571
f 1441 1469 1442
f 1569 1596 1570
f 1439 1469 1441
f 1568 1596 1569
f 1438 1469 1439
f 1567 1596 1568
f 1437 1469 1438
f 1566 1596 1567
f 1436 1469 1437
f 1565 1596 1566
f 1435 1469 1436
f 1565 1355 1596
f 1434 1469 1435
f 1564 1355 1565
f 1433 1469 1434
f 1563 1355 1564
f 1432 1469 1433
f 1562 1355 1563
f 1431 1469 1432
f 1561 1355 1562
f 1430 1469 1431
f 1560 1355 1561
f 1429 1469 1430
f 1559 1355 1560
f 1428 1469 1429
f 1558 1355 1559
f 1427 1469 1428
f 1557 1355 1558
f 1427 1520 1469
f 1556 1355 1557
f 1426 1520 1427
f 1555 1355 1556
f 1425 1520 1426
f 1555 1415 1355
f 1424 1520 1425
f 1555 1416 1415
f 1423 1520 1424
f 1555 1417 1416
f 1422 1520 1423
f 1520 1417 1555
f 1421 1520 1422
f 1520 1418 1417
f 1420 1520 1421
f 1520 1419 1418
f 1419 1520 1420
f 1621 1622 1623
f 1621 1623 1624
f 1625 1626 1627
f 1625 1627 1628
f 1629 1630 1631
f 1629 1631 1632
f 1633 1634 1635
f 1633 1635 1636
f 1637 1638 1639
f 1637 1639 1640
f 1641 1642 1643
f 1641 1643 1644
f 1645 1646 1647
f 1645 1647 1648
f 1649 1650 1651
f 1649 1651 1652
f 1653 1654 1655
f 1653 1655 1656
f 1657 1658 1659
f 1657 1659 1660
f 1661 1662 1663
f 1661 1663 1664
f 1665 1666 1667
f 1665 1667 1668
f 1669 1670 1671
f 1669 1671 1672
f 1673 1674 1675
f 1673 1675 1676
f 1677 1678 1679
f 1677 1679 1680
f 1681 1682 1683
f 1681 1683 1684
f 1685 1686 1687
f 1685 1687 1688
f 1689 1690 1691
f 1689 1691 1692
f 1693 1694 1695
f 1693 1695 1696
f 1697 1698 1699
f 1697 1699 1700
f 1701 1702 1703
f 1701 1703 1704
f 1705 1706 1707
f 1705 1707 1708
f 1709 1710 1711
f 1709 1711 1712
f 1713 1714 1715
f 1713 1715 1716
f 1717 1718 1719
f 1717 1719 1720
f 1721 1722 1723
f 1721 1723 1724
f 1725 1726 1727
f 1725 1727 1728
f 1729 1730 1731
f 1729 1731 1732
f 1733 1734 1735
f 1733 1735 1736
f 1737 1738 1739
f 1737 1739 1740
f 1741 1742 1743
f 1741 1743 1744
f 1745 1746 1747
f 1745 1747 1748
f 1749 1750 1751
f 1749 1751 1752
f 1753 1754 1755
f 1753 1755 1756
f 1757 1758 1759
f 1757 1759 1760
f 1761 1762 1763
f 1761 1763 1764
f 1765 1766 1767
f 1765 1767 1768
f 1769 1770 1771
f 1769 1771 1772
f 1773 1774 1775
f 1773 1775 1776
f 1777 1778 1779
f 1777 1779 1780
f 1781 1782 1783
f 1781 1783 1784
f 1785 1786 1787
f 1785 1787 1788
f 1789 1790 1791
f 1789 1791 1792
f 1793 1794 1795
f 1793 1795 1796
f 1797 1798 1799
f 1797 1799 1800
f 1801 1802 1803
f 1801 1803 1804
f 1805 1806 1807
f 1805 1807 1808
f 1809 1810 1811
f 1809 1811 1812
f 1813 1814 1815
f 1813 1815 1816
f 1817 1818 1819
f 1817 1819 1820
f 1821 1822 1823
f 1821 1823 1824
f 1825 1826 1827
f 1825 1827 1828
f 1829 1830 1831
f 1829 1831 1832
f 1833 1834 1835
f 1833 1835 1836
f 1837 1838 1839
f 1837 1839 1840
f 1841 1842 1843
f 1841 1843 1844
f 1845 1846 1847
f 1845 1847 1848
f 1849 1850 1851
f 1849 1851 1852
f 1853 1854 1855
f 1853 1855 1856
f 1857 1858 1859
f 1857 1859 1860
f 1861 1862 1863
f 1861 1863 1864
f 1865 1866 1867
f 1865 1867 1868
f 1869 1870 1871
f 1869 1871 1872
f 1873 1874 1875
f 1873 1875 1876
f 1877 1878 1879
f 1877 1879 1880
f 1881 1882 1883
f 1881 1883 1884
f 1885 1886 1887
f 1885 1887 1888
f 1889 1890 1891
f 1889 1891 1892
f 1893 1894 1895
f 1893 1895 1896
f 1897 1898 1899
f 1897 1899 1900
f 1901 1902 1903
f 1901 1903 1904
f 1905 1906 1907
f 1905 1907 1908
f 1909 1910 1911
f 1909 1911 1912
f 1913 1914 1915
f 1913 1915 1916
f 1917 1918 1919
f 1917 1919 1920
f 1921 1922 1923
f 1921 1923 1924
f 1925 1926 1927
f 1925 1927 1928
f 1929 1930 1931
f 1929 1931 1932
f 1933 1934 1935
f 1933 1935 1936
f 1937 1938 1939
f 1937 1939 1940
f 1941 1942 1943
f 1941 1943 1944
f 1945 1946 1947
f 1945 1947 1948
f 1949 1950 1951
f 1949 1951 1952
f 1953 1954 1955
f 1953 1955 1956
f 1957 1958 1959
f 1957 1959 1960
f 1961 1962 1963
f 1961 1963 1964
f 1965 1966 1967
f 1965 1967 1968
f 1969 1970 1971
f 1969 1971 1972
f 1973 1974 1975
f 1973 1975 1976
f 1977 1978 1979
f 1977 1979 1980
f 1981 1982 1983
f 1981 1983 1984
f 1985 1986 1987
f 1985 1987 1988
f 1989 1990 1991
f 1989 1991 1992
f 1993 1994 1995
f 1993 1995 1996
f 1997 1998 1999
f 1997 1999 2000
f 2001 2002 2003
f 2001 2003 2004
f 2005 2006 2007
f 2005 2007 2008
f 2009 2010 2011
f 2009 2011 2012
f 2013 2014 2015
f 2013 2015 2016
f 2017 2018 2019
f 2017 2019 2020
f 2021 2022 2023
f 2021 2023 2024
f 2025 2026 2027
f 2025 2027 2028
f 2029 2030 2031
f 2029 2031 2032
f 2033 2034 2035
f 2033 2035 2036
f 2037 2038 2039
f 2037 2039 2040
f 2041 2042 2043
f 2041 2043 2044
f 2045 2046 2047
f 2045 2047 2048
f 2049 2050 2051
f 2049 2051 2052
f 2053 2054 2055
f 2053 2055 2056
f 2057 2058 2059
f 2057 2059 2060
f 2061 2062 2063
f 2061 2063 2064
f 2065 2066 2067
f 2065 2067 2068
f 2069 2070 2071
f 2069 2071 2072
f 2073 2074 2075
f 2073 2075 2076
f 2077 2078 2079
f 2077 2079 2080
f 2081 2082 2083
f 2081 2083 2084
f 2085 2086 2087
f 2085 2087 2088
f 2089 2090 2091
f 2089 2091 2092
f 2093 2094 2095
f 2093 2095 2096
f 2097 2098 2099
f 2097 2099 2100
f 2101 2102 2103
f 2101 2103 2104
f 2105 2106 2107
f 2105 2107 2108
f 2109 2110 2111
f 2109 2111 2112
f 2113 2114 2115
f 2113 2115 2116
f 2117 2118 2119
f 2117 2119 2120
f 2121 2122 2123
f 2121 2123 2124
f 2125 2126 2127
f 2125 2127 2128
f 2129 2130 2131
f 2129 2131 2132
f 2133 2134 2135
f 2133 2135 2136
f 2137 2138 2139
f 2137 2139 2140
f 2141 2142 2143
f 2141 2143 2144
f 2145 2146 2147
f 2145 2147 2148
f 2149 2150 2151
f 2149 2151 2152
f 2153 2154 2155
f 2153 2155 2156
f 2157 2158 2159
f 2157 2159 2160
f 2161 2162 2163
f 2161 2163 2164
f 2165 2166 2167
f 2165 2167 2168
f 2169 2170 2171
f 2169 2171 2172
f 2173 2174 2175
f 2173 2175 2176
f 2177 2178 2179
f 2177 2179 2180
f 2181 2182 2183
f 2181 2183 2184
f 2185 2186 2187
f 2185 2187 2188
f 2189 2190 2191
f 2189 2191 2192
f 2193 2194 2195
f 2193 2195 2196
f 2197 2198 2199
f 2197 2199 2200
f 2201 2202 2203
f 2201 2203 2204
f 2205 2206 2207
f 2205 2207 2208
f 2209 2210 2211
f 2209 2211 2212
f 2213 2214 2215
f 2213 2215 2216
f 2217 2218 2219
f 2217 2219 2220
f 2221 2222 2223
f 2221 2223 2224
f 2225 2226 2227
f 2225 2227 2228
f 2229 2230 2231
f 2229 2231 2232
f 2233 2234 2235
f 2233 2235 2236
f 2237 2238 2239
f 2237 2239 2240
f 2241 2242 2243
f 2241 2243 2244
f 2245 2246 2247
f 2245 2247 2248
f 2249 2250 2251
f 2249 2251 2252
f 2253 2254 2255
f 2253 2255 2256
f 2257 2258 2259
f 2257 2259 2260
f 2261 2262 2263
f 2261 2263 2264
f 2265 2266 2267
f 2265 2267 2268
f 2269 2270 2271
f 2269 2271 2272
f 2273 2274 2275
f 2273 2275 2276
f 2277 2278 2279
f 2277 2279 2280
f 2281 2282 2283
f 2281 2283 2284
f 2285 2286 2287
f 2285 2287 2288
f 2289 2290 2291
f 2289 2291 2292
f 2293 2294 2295
f 2293 2295 2296
f 2297 2298 2299
f 2297 2299 2300
f 2301 2302 2303
f 2301 2303 2304
f 2305 2306 2307
f 2305 2307 2308
f 2309 2310 2311
f 2309 2311 2312
f 2313 2314 2315
f 2313 2315 2316
f 2317 2318 2319
f 2317 2319 2320
f 2321 2322 2323
f 2321 2323 2324
f 2325 2326 2327
f 2325 2327 2328
f 2329 2330 2331
f 2329 2331 2332
f 2333 2334 2335
f 2333 2335 2336
f 2337 2338 2339
f 2337 2339 2340
f 2341 2342 2343
f 2341 2343 2344
f 2345 2346 2347
f 2345 2347 2348
f 2349 2350 2351
f 2349 2351 2352
f 2353 2354 2355
f 2353 2355 2356
f 2357 2358 2359
f 2357 2359 2360
f 2361 2362 2363
f 2361 2363 2364
f 2365 2366 2367
f 2365 2367 2368
f 2369 2370 2371
f 2369 2371 2372
f 2373 2374 2375
f 2373 2375 2376
f 2377 2378 2379
f 2377 2379 2380
f 2381 2382 2383
f 2381 2383 2384
f 2385 2386 2387
f 2385 2387 2388
f 2389 2390 2391
f 2389 2391 2392
f 2393 2394 2395
f 2393 2395 2396
f 2397 2398 2399
f 2397 2399 2400
f 2401 2402 2403
f 2401 2403 2404
f 2405 2406 2407
f 2405 2407 2408
f 2409 2410 2411
f 2409 2411 2412
f 2413 2414 2415
f 2413 2415 2416
f 2417 2418 2419
f 2417 2419 2420
f 2421 2422 2423
f 2421 2423 2424
f 2425 2426 2427
f 2425 2427 2428
f 2429 2430 2431
f 2429 2431 2432
f 2433 2434 2435
f 2433 2435 2436
f 2437 2438 2439
f 2437 2439 2440
f 2441 2442 2443
f 2441 2443 2444
f 2445 2446 2447
f 2445 2447 2448
f 2449 2450 2451
f 2449 2451 2452
f 2453 2454 2455
f 2453 2455 2456
f 2457 2458 2459
f 2457 2459 2460
f 2461 2462 2463
f 2461 2463 2464
f 2465 2466 2467
f 2465 2467 2468
f 2469 2470 2471
f 2469 2471 2472
f 2473 2474 2475
f 2473 2475 2476
f 2477 2478 2479
f 2477 2479 2480
f 2481 2482 2483
f 2481 2483 2484
f 2485 2486 2487
f 2485 2487 2488
f 2489 2490 2491
f 2489 2491 2492
f 2493 2494 2495
f 2493 2495 2496
f 2497 2498 2499
f 2497 2499 2500
f 2501 2502 2503
f 2501 2503 2504
f 2505 2506 2507
f 2505 2507 2508
f 2509 2510 2511
f 2509 2511 2512
f 2513 2514 2515
f 2513 2515 2516
f 2517 2518 2519
f 2517 2519 2520
f 2521 2522 2523
f 2521 2523 2524
f 2525 2526 2527
f 2525 2527 2528
f 2529 2530 2531
f 2529 2531 2532
f 2533 2534 2535
f 2533 2535 2536
f 2537 2538 2539
f 2537 2539 2540
f 2541 2542 2543
f 2541 2543 2544
f 2545 2546 2547
f 2545 2547 2548
f 2549 2550 2551
f 2549 2551 2552
f 2553 2554 2555
f 2553 2555 2556
f 2557 2558 2559
f 2557 2559 2560
f 2561 2562 2563
f 2561 2563 2564
f 2565 2566 2567
f 2565 2567 2568
f 2569 2570 2571
f 2569 2571 2572
f 2573 2574 2575
f 2573 2575 2576
f 2577 2578 2579
f 2577 2579 2580
f 2581 2582 2583
f 2581 2583 2584
f 2585 2586 2587
f 2585 2587 2588
f 2589 2590 2591
f 2589 2591 2592
f 2593 2594 2595
f 2593 2595 2596
f 2597 2598 2599
f 2597 2599 2600
f 2601 2602 2603
f 2601 2603 2604
f 2605 2606 2607
f 2605 2607 2608
f 2609 2610 2611
f 2609 2611 2612
f 2613 2614 2615
f 2613 2615 2616
f 2617 2618 2619
f 2617 2619 2620
f 2621 2622 2623
f 2621 2623 2624
f 2625 2626 2627
f 2625 2627 2628
f 2629 2630 2631
f 2629 2631 2632
f 2633 2634 2635
f 2633 2635 2636
f 2637 2638 2639
f 2637 2639 2640
f 2641 2642 2643
f 2641 2643 2644
f 2645 2646 2647
f 2645 2647 2648
f 2649 2650 2651
f 2649 2651 2652
f 2653 2654 2655
f 2653 2655 2656
f 2657 2658 2659
f 2657 2659 2660
f 2661 2662 2663
f 2661 2663 2664
f 2665 2666 2667
f 2665 2667 2668
f 2669 2670 2671
f 2669 2671 2672
f 2673 2674 2675
f 2673 2675 2676
f 2677 2678 2679
f 2677 2679 2680
f 2681 2682 2683
f 2681 2683 2684
f 2685 2686 2687
f 2685 2687 2688
f 2689 2690 2691
f 2689 2691 2692
f 2693 2694 2695
f 2693 2695 2696
f 2697 2698 2699
f 2697 2699 2700
f 2701 2702 2703
f 2701 2703 2704
f 2705 2706 2707
f 2705 2707 2708
f 2709 2710 2711
f 2709 2711 2712
f 2713 2714 2715
f 2713 2715 2716
f 2717 2718 2719
f 2717 2719 2720
f 2721 2722 2723
f 2721 2723 2724
f 2725 2726 2727
f 2725 2727 2728
f 2729 2730 2731
f 2729 2731 2732
f 2733 2734 2735
f 2733 2735 2736
f 2737 2738 2739
f 2737 2739 2740
f 2741 2742 2743
f 2741 2743 2744
f 2745 2746 2747
f 2745 2747 2748
v 4.5768 1.4375 0.7500
v 4.4075 0.6418 0.7500
v 5.1575 0.6418 0.7500
v 4.7049 -1.5073 0.7500
v 5.8113 -1.5073 0.7500
v 6.2642 0.6418 0.7500
v 7.0140 0.6418 0.7500
v 7.1833 1.4375 0.7500
v 4.5768 1.4375 -0.7500
v 4.4075 0.6418 -0.7500
v 5.1575 0.6418 -0.7500
v 4.7049 -1.5073 -0.7500
v 5.8113 -1.5073 -0.7500
v 6.2642 0.6418 -0.7500
v 7.0140 0.6418 -0.7500
v 7.1833 1.4375 -0.7500
v 7.0140 0.6418 -0.7500
v 7.1833 1.4375 -0.7500
v 7.1833 1.4375 0.7500
v 7.0140 0.6418 0.7500
v 7.1833 1.4375 -0.7500
v 4.5768 1.4375 -0.7500
v 4.5768 1.4375 0.7500
v 7.1833 1.4375 0.7500
v 4.5768 1.4375 -0.7500
v 4.4075 0.6418 -0.7500
v 4.4075 0.6418 0.7500
v 4.5768 1.4375 0.7500
v 4.4075 0.6418 -0.7500
v 5.1575 0.6418 -0.7500
v 5.1575 0.6418 0.7500
v 4.4075 0.6418 0.7500
v 5.1575 0.6418 -0.7500
v 4.7049 -1.5073 -0.7500
v 4.7049 -1.5073 0.7500
v 5.1575 0.6418 0.7500
v 4.7049 -1.5073 -0.7500
v 5.8113 -1.5073 -0.7500
v 5.8113 -1.5073 0.7500
v 4.7049 -1.5073 0.7500
v 6.2642 0.6418 -0.7500
v 7.0140 0.6418 -0.7500
v 7.0140 0.6418 0.7500
v 6.2642 0.6418 0.7500
v 5.8113 -1.5073 -0.7500
v 6.2642 0.6418 -0.7500
v 6.2642 0.6418 0.7500
v 5.8113 -1.5073 0.7500
f 2755 2756 2749
f 2749 2750 2751
f 2751 2752 2753
f 2754 2755 2749
f 2751 2753 2754
f 2754 2749 2751
f 2763 2757 2764
f 2757 2759 2758
f 2759 2761 2760
f 2762 2757 2763
f 2759 2762 2761
f 2762 2759 2757
f 2765 2766 2767
f 2765 2767 2768
f 2769 2770 2771
f 2769 2771 2772
f 2773 2774 2775
f 2773 2775 2776
f 2777 2778 2779
f 2777 2779 2780
f 2781 2782 2783
f 2781 2783 2784
f 2785 2786 2787
f 2785 2787 2788
f 2789 2790 2791
f 2789 2791 2792
f 2793 2794 2795
f 2793 2795 2796
v -9.3781 1.4832 0.7500
v -10.0000 -1.4617 0.7500
v -7.6907 -1.4617 0.7500
v -7.5125 -0.6203 0.7500
v -8.7152 -0.6203 0.7500
v -8.2717 1.4832 0.7500
v -9.3781 1.4832 -0.7500
v -10.0000 -1.4617 -0.7500
v -7.6907 -1.4617 -0.7500
v -7.5125 -0.6203 -0.7500
v -8.7152 -0.6203 -0.7500
v -8.2717 1.4832 -0.7500
v -8.7152 -0.6203 -0.7500
v -8.2717 1.4832 -0.7500
v -8.2717 1.4832 0.7500
v -8.7152 -0.6203 0.7500
v -8.2717 1.4832 -0.7500
v -9.3781 1.4832 -0.7500
v -9.3781 1.4832 0.7500
v -8.2717 1.4832 0.7500
v -10.0000 -1.4617 -0.7500
v -7.6907 -1.4617 -0.7500
v -7.6907 -1.4617 0.7500
v -10.0000 -1.4617 0.7500
v -7.6907 -1.4617 -0.7500
v -7.5125 -0.6203 -0.7500
v -7.5125 -0.6203 0.7500
v -7.6907 -1.4617 0.7500
v -9.3781 1.4832 -0.7500
v -10.0000 -1.4617 -0.7500
v -10.0000 -1.4617 0.7500
v -9.3781 1.4832 0.7500
v -7.5125 -0.6203 -0.7500
v -8.7152 -0.6203 -0.7500
v -8.7152 -0.6203 0.7500
v -7.5125 -0.6203 0.7500
f 2801 2802 2797
f 2798 2799 2800
f 2801 2797 2798
f 2798 2800 2801
f 2807 2803 2808
f 2804 2806 2805
f 2807 2804 2803
f 2804 2807 2806
f 2809 2810 2811
f 2809 2811 2812
f 2813 2814 2815
f 2813 2815 2816
f 2817 2818 2819
f 2817 2819 2820
f 2821 2822 2823
f 2821 2823 2824
f 2825 2826 2827
f 2825 2827 2828
f 2829 2830 2831
f 2829 2831 2832
v 9.4543 -2.5138 0.7500
v 9.4835 -2.5130 0.7500
v 9.5117 -2.5109 0.7500
v 9.5385 -2.5071 0.7500
v 9.5642 -2.5021 0.7500
v 9.5886 -2.4956 0.7500
v 9.6116 -2.4873 0.7500
v 9.6334 -2.4779 0.7500
v 9.6540 -2.4670 0.7500
v 9.6734 -2.4544 0.7500
v 9.6914 -2.4405 0.7500
v 9.7085 -2.4252 0.7500
v 9.7244 -2.4081 0.7500
v 9.7391 -2.3893 0.7500
v 9.7526 -2.3690 0.7500
v 9.7653 -2.3472 0.7500
v 9.7768 -2.3236 0.7500
v 9.7871 -2.2983 0.7500
v 9.7965 -2.2715 0.7500
v 9.8048 -2.2429 0.7500
v 9.8118 -2.2129 0.7500
v 9.8159 -2.1920 0.7500
v 9.8192 -2.1719 0.7500
v 9.8215 -2.1528 0.7500
v 9.8227 -2.1343 0.7500
v 9.8233 -2.1163 0.7500
v 9.8230 -2.0995 0.7500
v 9.8215 -2.0830 0.7500
v 9.8195 -2.0677 0.7500
v 9.8162 -2.0530 0.7500
v 9.8121 -2.0391 0.7500
v 9.8074 -2.0259 0.7500
v 9.8018 -2.0135 0.7500
v 9.7956 -2.0017 0.7500
v 9.7886 -1.9905 0.7500
v 9.7806 -1.9802 0.7500
v 9.7721 -1.9705 0.7500
v 9.7629 -1.9617 0.7500
v 9.7529 -1.9534 0.7500
v 9.7423 -1.9458 0.7500
v 9.7308 -1.9390 0.7500
v 9.7188 -1.9328 0.7500
v 9.7061 -1.9272 0.7500
v 9.6929 -1.9225 0.7500
v 9.6790 -1.9181 0.7500
v 9.6646 -1.9146 0.7500
v 9.6496 -1.9116 0.7500
v 9.6343 -1.9093 0.7500
v 9.6181 -1.9078 0.7500
v 9.6013 -1.9069 0.7500
v 9.5842 -1.9066 0.7500
v 9.5544 -1.9072 0.7500
v 9.5262 -1.9093 0.7500
v 9.4994 -1.9128 0.7500
v 9.4735 -1.9178 0.7500
v 9.4490 -1.9243 0.7500
v 9.4261 -1.9322 0.7500
v 9.4043 -1.9414 0.7500
v 9.3837 -1.9523 0.7500
v 9.3642 -1.9643 0.7500
v 9.3463 -1.9779 0.7500
v 9.3295 -1.9929 0.7500
v 9.3136 -2.0100 0.7500
v 9.2988 -2.0288 0.7500
v 9.2850 -2.0497 0.7500
v 9.2723 -2.0721 0.7500
v 9.2609 -2.0966 0.7500
v 9.2503 -2.1231 0.7500
v 9.2405 -2.1510 0.7500
v 9.2320 -2.1811 0.7500
v 9.2246 -2.2129 0.7500
v 9.2208 -2.2329 0.7500
v 9.2176 -2.2520 0.7500
v 9.2155 -2.2706 0.7500
v 9.2143 -2.2886 0.7500
v 9.2140 -2.3056 0.7500
v 9.2143 -2.3221 0.7500
v 9.2158 -2.3380 0.7500
v 9.2182 -2.3531 0.7500
v 9.2214 -2.3675 0.7500
v 9.2255 -2.3810 0.7500
v 9.2305 -2.3943 0.7500
v 9.2361 -2.4064 0.7500
v 9.2426 -2.4181 0.7500
v 9.2497 -2.4290 0.7500
v 9.2573 -2.4393 0.7500
v 9.2662 -2.4491 0.7500
v 9.2753 -2.4579 0.7500
v 9.2853 -2.4664 0.7500
v 9.2959 -2.4738 0.7500
v 9.3074 -2.4809 0.7500
v 9.3195 -2.4870 0.7500
v 9.3321 -2.4926 0.7500
v 9.3454 -2.4976 0.7500
v 9.3592 -2.5018 0.7500
v 9.3736 -2.5056 0.7500
v 9.3887 -2.5085 0.7500
v 9.4040 -2.5109 0.7500
v 9.4202 -2.5124 0.7500
v 9.4370 -2.5135 0.7500
v 9.4699 -2.3884 0.7500
v 9.4599 -2.3878 0.7500
v 9.4502 -2.3869 0.7500
v 9.4411 -2.3857 0.7500
v 9.4328 -2.3840 0.7500
v 9.4249 -2.3822 0.7500
v 9.4172 -2.3799 0.7500
v 9.4104 -2.3772 0.7500
v 9.4043 -2.3743 0.7500
v 9.3984 -2.3710 0.7500
v 9.3931 -2.3675 0.7500
v 9.3884 -2.3634 0.7500
v 9.3839 -2.3586 0.7500
v 9.3801 -2.3536 0.7500
v 9.3766 -2.3483 0.7500
v 9.3736 -2.3425 0.7500
v 9.3713 -2.3363 0.7500
v 9.3692 -2.3295 0.7500
v 9.3675 -2.3224 0.7500
v 9.3663 -2.3148 0.7500
v 9.3657 -2.3068 0.7500
v 9.3654 -2.2983 0.7500
v 9.3651 -2.2894 0.7500
v 9.3654 -2.2797 0.7500
v 9.3663 -2.2700 0.7500
v 9.3672 -2.2594 0.7500
v 9.3686 -2.2485 0.7500
v 9.3701 -2.2370 0.7500
v 9.3722 -2.2252 0.7500
v 9.3745 -2.2129 0.7500
v 9.3789 -2.1937 0.7500
v 9.3839 -2.1758 0.7500
v 9.3892 -2.1587 0.7500
v 9.3948 -2.1431 0.7500
v 9.4010 -2.1287 0.7500
v 9.4078 -2.1151 0.7500
v 9.4149 -2.1030 0.7500
v 9.4222 -2.0918 0.7500
v 9.4302 -2.0821 0.7500
v 9.4387 -2.0733 0.7500
v 9.4476 -2.0656 0.7500
v 9.4573 -2.0589 0.7500
v 9.4673 -2.0527 0.7500
v 9.4782 -2.0474 0.7500
v 9.4897 -2.0430 0.7500
v 9.5017 -2.0391 0.7500
v 9.5144 -2.0365 0.7500
v 9.5279 -2.0344 0.7500
v 9.5421 -2.0332 0.7500
v 9.5565 -2.0327 0.7500
v 9.5671 -2.0330 0.7500
v 9.5771 -2.0332 0.7500
v 9.5865 -2.0341 0.7500
v 9.5957 -2.0353 0.7500
v 9.6039 -2.0368 0.7500
v 9.6119 -2.0385 0.7500
v 9.6195 -2.0409 0.7500
v 9.6263 -2.0433 0.7500
v 9.6328 -2.0459 0.7500
v 9.6384 -2.0491 0.7500
v 9.6437 -2.0527 0.7500
v 9.6487 -2.0565 0.7500
v 9.6531 -2.0612 0.7500
v 9.6569 -2.0659 0.7500
v 9.6605 -2.0712 0.7500
v 9.6637 -2.0771 0.7500
v 9.6661 -2.0833 0.7500
v 9.6681 -2.0901 0.7500
v 9.6699 -2.0974 0.7500
v 9.6711 -2.1048 0.7500
v 9.6717 -2.1131 0.7500
v 9.6719 -2.1219 0.7500
v 9.6719 -2.1313 0.7500
v 9.6717 -2.1410 0.7500
v 9.6708 -2.1516 0.7500
v 9.6696 -2.1625 0.7500
v 9.6678 -2.1743 0.7500
v 9.6661 -2.1867 0.7500
v 9.6637 -2.1993 0.7500
v 9.6608 -2.2129 0.7500
v 9.6569 -2.2305 0.7500
v 9.6522 -2.2470 0.7500
v 9.6472 -2.2629 0.7500
v 9.6416 -2.2777 0.7500
v 9.6357 -2.2915 0.7500
v 9.6292 -2.3042 0.7500
v 9.6222 -2.3159 0.7500
v 9.6145 -2.3271 0.7500
v 9.6066 -2.3369 0.7500
v 9.5983 -2.3460 0.7500
v 9.5892 -2.3539 0.7500
v 9.5798 -2.3613 0.7500
v 9.5695 -2.3675 0.7500
v 9.5586 -2.3731 0.7500
v 9.5471 -2.3778 0.7500
v 9.5350 -2.3816 0.7500
v 9.5224 -2.3846 0.7500
v 9.5091 -2.3866 0.7500
v 9.4953 -2.3881 0.7500
v 9.4808 -2.3884 0.7500
v 9.4543 -2.5138 -0.7500
v 9.4835 -2.5130 -0.7500
v 9.5117 -2.5109 -0.7500
v 9.5385 -2.5071 -0.7500
v 9.5642 -2.5021 -0.7500
v 9.5886 -2.4956 -0.7500
v 9.6116 -2.4873 -0.7500
v 9.6334 -2.4779 -0.7500
v 9.6540 -2.4670 -0.7500
v 9.6734 -2.4544 -0.7500
v 9.6914 -2.4405 -0.7500
v 9.7085 -2.4252 -0.7500
v 9.7244 -2.4081 -0.7500
v 9.7391 -2.3893 -0.7500
v 9.7526 -2.3690 -0.7500
v 9.7653 -2.3472 -0.7500
v 9.7768 -2.3236 -0.7500
v 9.7871 -2.2983 -0.7500
v 9.7965 -2.2715 -0.7500
v 9.8048 -2.2429 -0.7500
v 9.8118 -2.2129 -0.7500
v 9.8159 -2.1920 -0.7500
v 9.8192 -2.1719 -0.7500
v 9.8215 -2.1528 -0.7500
v 9.8227 -2.1343 -0.7500
v 9.8233 -2.1163 -0.7500
v 9.8230 -2.0995 -0.7500
v 9.8215 -2.0830 -0.7500
v 9.8195 -2.0677 -0.7500
v 9.8162 -2.0530 -0.7500
v 9.8121 -2.0391 -0.7500
v 9.8074 -2.0259 -0.7500
v 9.8018 -2.0135 -0.7500
v 9.7956 -2.0017 -0.7500
v 9.7886 -1.9905 -0.7500
v 9.7806 -1.9802 -0.7500
v 9.7721 -1.9705 -0.7500
v 9.7629 -1.9617 -0.7500
v 9.7529 -1.9534 -0.7500
v 9.7423 -1.9458 -0.7500
v 9.7308 -1.9390 -0.7500
v 9.7188 -1.9328 -0.7500
v 9.7061 -1.9272 -0.7500
v 9.6929 -1.9225 -0.7500
v 9.6790 -1.9181 -0.7500
v 9.6646 -1.9146 -0.7500
v 9.6496 -1.9116 -0.7500
v 9.6343 -1.9093 -0.7500
v 9.6181 -1.9078 -0.7500
v 9.6013 -1.9069 -0.7500
v 9.5842 -1.9066 -0.7500
v 9.5544 -1.9072 -0.7500
v 9.5262 -1.9093 -0.7500
v 9.4994 -1.9128 -0.7500
v 9.4735 -1.9178 -0.7500
v 9.4490 -1.9243 -0.7500
v 9.4261 -1.9322 -0.7500
v 9.4043 -1.9414 -0.7500
v 9.3837 -1.9523 -0.7500
v 9.3642 -1.9643 -0.7500
v 9.3463 -1.9779 -0.7500
v 9.3295 -1.9929 -0.7500
v 9.3136 -2.0100 -0.7500
v 9.2988 -2.0288 -0.7500
v 9.2850 -2.0497 -0.7500
v 9.2723 -2.0721 -0.7500
v 9.2609 -2.0966 -0.7500
v 9.2503 -2.1231 -0.7500
v 9.2405 -2.1510 -0.7500
v 9.2320 -2.1811 -0.7500
v 9.2246 -2.2129 -0.7500
v 9.2208 -2.2329 -0.7500
v 9.2176 -2.2520 -0.7500
v 9.2155 -2.2706 -0.7500
v 9.2143 -2.2886 -0.7500
v 9.2140 -2.3056 -0.7500
v 9.2143 -2.3221 -0.7500
v 9.2158 -2.3380 -0.7500
v 9.2182 -2.3531 -0.7500
v 9.2214 -2.3675 -0.7500
v 9.2255 -2.3810 -0.7500
v 9.2305 -2.3943 -0.7500
v 9.2361 -2.4064 -0.7500
v 9.2426 -2.4181 -0.7500
v 9.2497 -2.4290 -0.7500
v 9.2573 -2.4393 -0.7500
v 9.2662 -2.4491 -0.7500
v 9.2753 -2.4579 -0.7500
v 9.2853 -2.4664 -0.7500
v 9.2959 -2.4738 -0.7500
v 9.3074 -2.4809 -0.7500
v 9.3195 -2.4870 -0.7500
v 9.3321 -2.4926 -0.7500
v 9.3454 -2.4976 -0.7500
v 9.3592 -2.5018 -0.7500
v 9.3736 -2.5056 -0.7500
v 9.3887 -2.5085 -0.7500
v 9.4040 -2.5109 -0.7500
v 9.4202 -2.5124 -0.7500
v 9.4370 -2.5135 -0.7500
v 9.4699 -2.3884 -0.7500
v 9.4599 -2.3878 -0.7500
v 9.4502 -2.3869 -0.7500
v 9.4411 -2.3857 -0.7500
v 9.4328 -2.3840 -0.7500
v 9.4249 -2.3822 -0.7500
v 9.4172 -2.3799 -0.7500
v 9.4104 -2.3772 -0.7500
v 9.4043 -2.3743 -0.7500
v 9.3984 -2.3710 -0.7500
v 9.3931 -2.3675 -0.7500
v 9.3884 -2.3634 -0.7500
v 9.3839 -2.3586 -0.7500
v 9.3801 -2.3536 -0.7500
v 9.3766 -2.3483 -0.7500
v 9.3736 -2.3425 -0.7500
v 9.3713 -2.3363 -0.7500
v 9.3692 -2.3295 -0.7500
v 9.3675 -2.3224 -0.7500
v 9.3663 -2.3148 -0.7500
v 9.3657 -2.3068 -0.7500
v 9.3654 -2.2983 -0.7500
v 9.3651 -2.2894 -0.7500
v 9.3654 -2.2797 -0.7500
v 9.3663 -2.2700 -0.7500
v 9.3672 -2.2594 -0.7500
v 9.3686 -2.2485 -0.7500
v 9.3701 -2.2370 -0.7500
v 9.3722 -2.2252 -0.7500
v 9.3745 -2.2129 -0.7500
v 9.3789 -2.1937 -0.7500
v 9.3839 -2.1758 -0.7500
v 9.3892 -2.1587 -0.7500
v 9.3948 -2.1431 -0.7500
v 9.4010 -2.1287 -0.7500
v 9.4078 -2.1151 -0.7500
v 9.4149 -2.1030 -0.7500
v 9.4222 -2.0918 -0.7500
v 9.4302 -2.0821 -0.7500
v 9.4387 -2.0733 -0.7500
v 9.4476 -2.0656 -0.7500
v 9.4573 -2.0589 -0.7500
v 9.4673 -2.0527 -0.7500
v 9.4782 -2.0474 -0.7500
v 9.4897 -2.0430 -0.7500
v 9.5017 -2.0391 -0.7500
v 9.5144 -2.0365 -0.7500
v 9.5279 -2.0344 -0.7500
v 9.5421 -2.0332 -0.7500
v 9.5565 -2.0327 -0.7500
v 9.5671 -2.0330 -0.7500
v 9.5771 -2.0332 -0.7500
v 9.5865 -2.0341 -0.7500
v 9.5957 -2.0353 -0.7500
v 9.6039 -2.0368 -0.7500
v 9.6119 -2.0385 -0.7500
v 9.6195 -2.0409 -0.7500
v 9.6263 -2.0433 -0.7500
v 9.6328 -2.0459 -0.7500
v 9.6384 -2.0491 -0.7500
v 9.6437 -2.0527 -0.7500
v 9.6487 -2.0565 -0.7500
v 9.6531 -2.0612 -0.7500
v 9.6569 -2.0659 -0.7500
v 9.6605 -2.0712 -0.7500
v 9.6637 -2.0771 -0.7500
v 9.6661 -2.0833 -0.7500
v 9.6681 -2.0901 -0.7500
v 9.6699 -2.0974 -0.7500
v 9.6711 -2.1048 -0.7500
v 9.6717 -2.1131 -0.7500
v 9.6719 -2.1219 -0.7500
v 9.6719 -2.1313 -0.7500
v 9.6717 -2.1410 -0.7500
v 9.6708 -2.1516 -0.7500
v 9.6696 -2.1625 -0.7500
v 9.6678 -2.1743 -0.7500
v 9.6661 -2.1867 -0.7500
v 9.6637 -2.1993 -0.7500
v 9.6608 -2.2129 -0.7500
v 9.6569 -2.2305 -0.7500
v 9.6522 -2.2470 -0.7500
v 9.6472 -2.2629 -0.7500
v 9.6416 -2.2777 -0.7500
v 9.6357 -2.2915 -0.7500
v 9.6292 -2.3042 -0.7500
v 9.6222 -2.3159 -0.7500
v 9.6145 -2.3271 -0.7500
v 9.6066 -2.3369 -0.7500
v 9.5983 -2.3460 -0.7500
v 9.5892 -2.3539 -0.7500
v 9.5798 -2.3613 -0.7500
v 9.5695 -2.3675 -0.7500
v 9.5586 -2.3731 -0.7500
v 9.5471 -2.3778 -0.7500
v 9.5350 -2.3816 -0.7500
v 9.5224 -2.3846 -0.7500
v 9.5091 -2.3866 -0.7500
v 9.4953 -2.3881 -0.7500
v 9.4808 -2.3884 -0.7500
v 9.3651 -2.2894 -0.7500
v 9.3654 -2.2797 -0.7500
v 9.3654 -2.2797 0.7500
v 9.3651 -2.2894 0.7500
v 9.3654 -2.2797 -0.7500
v 9.3663 -2.2700 -0.7500
v 9.3663 -2.2700 0.7500
v 9.3654 -2.2797 0.7500
v 9.3663 -2.2700 -0.7500
v 9.3672 -2.2594 -0.7500
v 9.3672 -2.2594 0.7500
v 9.3663 -2.2700 0.7500
v 9.3672 -2.2594 -0.7500
v 9.3686 -2.2485 -0.7500
v 9.3686 -2.2485 0.7500
v 9.3672 -2.2594 0.7500
v 9.3686 -2.2485 -0.7500
v 9.3701 -2.2370 -0.7500
v 9.3701 -2.2370 0.7500
v 9.3686 -2.2485 0.7500
v 9.6696 -2.1625 -0.7500
v 9.6678 -2.1743 -0.7500
v 9.6678 -2.1743 0.7500
v 9.6696 -2.1625 0.7500
v 9.6678 -2.1743 -0.7500
v 9.6661 -2.1867 -0.7500
v 9.6661 -2.1867 0.7500
v 9.6678 -2.1743 0.7500
v 9.6637 -2.1993 -0.7500
v 9.6608 -2.2129 -0.7500
v 9.6608 -2.2129 0.7500
v 9.6637 -2.1993 0.7500
v 9.6608 -2.2129 -0.7500
v 9.6569 -2.2305 -0.7500
v 9.6569 -2.2305 0.7500
v 9.6608 -2.2129 0.7500
v 9.3654 -2.2983 -0.7500
v 9.3651 -2.2894 -0.7500
v 9.3651 -2.2894 0.7500
v 9.3654 -2.2983 0.7500
v 9.2140 -2.3056 -0.7500
v 9.2143 -2.3221 -0.7500
v 9.2143 -2.3221 0.7500
v 9.2140 -2.3056 0.7500
v 9.2143 -2.3221 -0.7500
v 9.2158 -2.3380 -0.7500
v 9.2158 -2.3380 0.7500
v 9.2143 -2.3221 0.7500
v 9.2158 -2.3380 -0.7500
v 9.2182 -2.3531 -0.7500
v 9.2182 -2.3531 0.7500
v 9.2158 -2.3380 0.7500
v 9.2182 -2.3531 -0.7500
v 9.2214 -2.3675 -0.7500
v 9.2214 -2.3675 0.7500
v 9.2182 -2.3531 0.7500
v 9.2214 -2.3675 -0.7500
v 9.2255 -2.3810 -0.7500
v 9.2255 -2.3810 0.7500
v 9.2214 -2.3675 0.7500
v 9.2255 -2.3810 -0.7500
v 9.2305 -2.3943 -0.7500
v 9.2305 -2.3943 0.7500
v 9.2255 -2.3810 0.7500
v 9.2305 -2.3943 -0.7500
v 9.2361 -2.4064 -0.7500
v 9.2361 -2.4064 0.7500
v 9.2305 -2.3943 0.7500
v 9.2361 -2.4064 -0.7500
v 9.2426 -2.4181 -0.7500
v 9.2426 -2.4181 0.7500
v 9.2361 -2.4064 0.7500
v 9.2426 -2.4181 -0.7500
v 9.2497 -2.4290 -0.7500
v 9.2497 -2.4290 0.7500
v 9.2426 -2.4181 0.7500
v 9.2497 -2.4290 -0.7500
v 9.2573 -2.4393 -0.7500
v 9.2573 -2.4393 0.7500
v 9.2497 -2.4290 0.7500
v 9.2573 -2.4393 -0.7500
v 9.2662 -2.4491 -0.7500
v 9.2662 -2.4491 0.7500
v 9.2573 -2.4393 0.7500
v 9.2662 -2.4491 -0.7500
v 9.2753 -2.4579 -0.7500
v 9.2753 -2.4579 0.7500
v 9.2662 -2.4491 0.7500
v 9.2753 -2.4579 -0.7500
v 9.2853 -2.4664 -0.7500
v 9.2853 -2.4664 0.7500
v 9.2753 -2.4579 0.7500
v 9.2853 -2.4664 -0.7500
v 9.2959 -2.4738 -0.7500
v 9.2959 -2.4738 0.7500
v 9.2853 -2.4664 0.7500
v 9.2959 -2.4738 -0.7500
v 9.3074 -2.4809 -0.7500
v 9.3074 -2.4809 0.7500
v 9.2959 -2.4738 0.7500
v 9.3074 -2.4809 -0.7500
v 9.3195 -2.4870 -0.7500
v 9.3195 -2.4870 0.7500
v 9.3074 -2.4809 0.7500
v 9.3195 -2.4870 -0.7500
v 9.3321 -2.4926 -0.7500
v 9.3321 -2.4926 0.7500
v 9.3195 -2.4870 0.7500
v 9.3321 -2.4926 -0.7500
v 9.3454 -2.4976 -0.7500
v 9.3454 -2.4976 0.7500
v 9.3321 -2.4926 0.7500
v 9.3454 -2.4976 -0.7500
v 9.3592 -2.5018 -0.7500
v 9.3592 -2.5018 0.7500
v 9.3454 -2.4976 0.7500
v 9.3592 -2.5018 -0.7500
v 9.3736 -2.5056 -0.7500
v 9.3736 -2.5056 0.7500
v 9.3592 -2.5018 0.7500
v 9.3736 -2.5056 -0.7500
v 9.3887 -2.5085 -0.7500
v 9.3887 -2.5085 0.7500
v 9.3736 -2.5056 0.7500
v 9.3887 -2.5085 -0.7500
v 9.4040 -2.5109 -0.7500
v 9.4040 -2.5109 0.7500
v 9.3887 -2.5085 0.7500
v 9.4040 -2.5109 -0.7500
v 9.4202 -2.5124 -0.7500
v 9.4202 -2.5124 0.7500
v 9.4040 -2.5109 0.7500
v 9.4202 -2.5124 -0.7500
v 9.4370 -2.5135 -0.7500
v 9.4370 -2.5135 0.7500
v 9.4202 -2.5124 0.7500
v 9.4370 -2.5135 -0.7500
v 9.4543 -2.5138 -0.7500
v 9.4543 -2.5138 0.7500
v 9.4370 -2.5135 0.7500
v 9.4543 -2.5138 -0.7500
v 9.4835 -2.5130 -0.7500
v 9.4835 -2.5130 0.7500
v 9.4543 -2.5138 0.7500
v 9.4835 -2.5130 -0.7500
v 9.5117 -2.5109 -0.7500
v 9.5117 -2.5109 0.7500
v 9.4835 -2.5130 0.7500
v 9.5117 -2.5109 -0.7500
v 9.5385 -2.5071 -0.7500
v 9.5385 -2.5071 0.7500
v 9.5117 -2.5109 0.7500
v 9.5385 -2.5071 -0.7500
v 9.5642 -2.5021 -0.7500
v 9.5642 -2.5021 0.7500
v 9.5385 -2.5071 0.7500
v 9.5642 -2.5021 -0.7500
v 9.5886 -2.4956 -0.7500
v 9.5886 -2.4956 0.7500
v 9.5642 -2.5021 0.7500
v 9.5886 -2.4956 -0.7500
v 9.6116 -2.4873 -0.7500
v 9.6116 -2.4873 0.7500
v 9.5886 -2.4956 0.7500
v 9.6116 -2.4873 -0.7500
v 9.6334 -2.4779 -0.7500
v 9.6334 -2.4779 0.7500
v 9.6116 -2.4873 0.7500
v 9.6334 -2.4779 -0.7500
v 9.6540 -2.4670 -0.7500
v 9.6540 -2.4670 0.7500
v 9.6334 -2.4779 0.7500
v 9.6540 -2.4670 -0.7500
v 9.6734 -2.4544 -0.7500
v 9.6734 -2.4544 0.7500
v 9.6540 -2.4670 0.7500
v 9.6734 -2.4544 -0.7500
v 9.6914 -2.4405 -0.7500
v 9.6914 -2.4405 0.7500
v 9.6734 -2.4544 0.7500
v 9.6914 -2.4405 -0.7500
v 9.7085 -2.4252 -0.7500
v 9.7085 -2.4252 0.7500
v 9.6914 -2.4405 0.7500
v 9.7085 -2.4252 -0.7500
v 9.7244 -2.4081 -0.7500
v 9.7244 -2.4081 0.7500
v 9.7085 -2.4252 0.7500
v 9.7244 -2.4081 -0.7500
v 9.7391 -2.3893 -0.7500
v 9.7391 -2.3893 0.7500
v 9.7244 -2.4081 0.7500
v 9.7391 -2.3893 -0.7500
v 9.7526 -2.3690 -0.7500
v 9.7526 -2.3690 0.7500
v 9.7391 -2.3893 0.7500
v 9.7526 -2.3690 -0.7500
v 9.7653 -2.3472 -0.7500
v 9.7653 -2.3472 0.7500
v 9.7526 -2.3690 0.7500
v 9.7653 -2.3472 -0.7500
v 9.7768 -2.3236 -0.7500
v 9.7768 -2.3236 0.7500
v 9.7653 -2.3472 0.7500
v 9.7768 -2.3236 -0.7500
v 9.7871 -2.2983 -0.7500
v 9.7871 -2.2983 0.7500
v 9.7768 -2.3236 0.7500
v 9.7871 -2.2983 -0.7500
v 9.7965 -2.2715 -0.7500
v 9.7965 -2.2715 0.7500
v 9.7871 -2.2983 0.7500
v 9.7965 -2.2715 -0.7500
v 9.8048 -2.2429 -0.7500
v 9.8048 -2.2429 0.7500
v 9.7965 -2.2715 0.7500
v 9.8048 -2.2429 -0.7500
v 9.8118 -2.2129 -0.7500
v 9.8118 -2.2129 0.7500
v 9.8048 -2.2429 0.7500
v 9.8118 -2.2129 -0.7500
v 9.8159 -2.1920 -0.7500
v 9.8159 -2.1920 0.7500
v 9.8118 -2.2129 0.7500
v 9.8159 -2.1920 -0.7500
v 9.8192 -2.1719 -0.7500
v 9.8192 -2.1719 0.7500
v 9.8159 -2.1920 0.7500
v 9.8192 -2.1719 -0.7500
v 9.8215 -2.1528 -0.7500
v 9.8215 -2.1528 0.7500
v 9.8192 -2.1719 0.7500
v 9.8215 -2.1528 -0.7500
v 9.8227 -2.1343 -0.7500
v 9.8227 -2.1343 0.7500
v 9.8215 -2.1528 0.7500
v 9.8227 -2.1343 -0.7500
v 9.8233 -2.1163 -0.7500
v 9.8233 -2.1163 0.7500
v 9.8227 -2.1343 0.7500
v 9.8233 -2.1163 -0.7500
v 9.8230 -2.0995 -0.7500
v 9.8230 -2.0995 0.7500
v 9.8233 -2.1163 0.7500
v 9.8230 -2.0995 -0.7500
v 9.8215 -2.0830 -0.7500
v 9.8215 -2.0830 0.7500
v 9.8230 -2.0995 0.7500
v 9.8215 -2.0830 -0.7500
v 9.8195 -2.0677 -0.7500
v 9.8195 -2.0677 0.7500
v 9.8215 -2.0830 0.7500
v 9.8195 -2.0677 -0.7500
v 9.8162 -2.0530 -0.7500
v 9.8162 -2.0530 0.7500
v 9.8195 -2.0677 0.7500
v 9.8162 -2.0530 -0.7500
v 9.8121 -2.0391 -0.7500
v 9.8121 -2.0391 0.7500
v 9.8162 -2.0530 0.7500
v 9.8121 -2.0391 -0.7500
v 9.8074 -2.0259 -0.7500
v 9.8074 -2.0259 0.7500
v 9.8121 -2.0391 0.7500
v 9.8074 -2.0259 -0.7500
v 9.8018 -2.0135 -0.7500
v 9.8018 -2.0135 0.7500
v 9.8074 -2.0259 0.7500
v 9.8018 -2.0135 -0.7500
v 9.7956 -2.0017 -0.7500
v 9.7956 -2.0017 0.7500
v 9.8018 -2.0135 0.7500
v 9.7956 -2.0017 -0.7500
v 9.7886 -1.9905 -0.7500
v 9.7886 -1.9905 0.7500
v 9.7956 -2.0017 0.7500
v 9.7886 -1.9905 -0.7500
v 9.7806 -1.9802 -0.7500
v 9.7806 -1.9802 0.7500
v 9.7886 -1.9905 0.7500
v 9.7806 -1.9802 -0.7500
v 9.7721 -1.9705 -0.7500
v 9.7721 -1.9705 0.7500
v 9.7806 -1.9802 0.7500
v 9.7721 -1.9705 -0.7500
v 9.7629 -1.9617 -0.7500
v 9.7629 -1.9617 0.7500
v 9.7721 -1.9705 0.7500
v 9.7629 -1.9617 -0.7500
v 9.7529 -1.9534 -0.7500
v 9.7529 -1.9534 0.7500
v 9.7629 -1.9617 0.7500
v 9.7529 -1.9534 -0.7500
v 9.7423 -1.9458 -0.7500
v 9.7423 -1.9458 0.7500
v 9.7529 -1.9534 0.7500
v 9.7423 -1.9458 -0.7500
v 9.7308 -1.9390 -0.7500
v 9.7308 -1.9390 0.7500
v 9.7423 -1.9458 0.7500
v 9.7308 -1.9390 -0.7500
v 9.7188 -1.9328 -0.7500
v 9.7188 -1.9328 0.7500
v 9.7308 -1.9390 0.7500
v 9.7188 -1.9328 -0.7500
v 9.7061 -1.9272 -0.7500
v 9.7061 -1.9272 0.7500
v 9.7188 -1.9328 0.7500
v 9.7061 -1.9272 -0.7500
v 9.6929 -1.9225 -0.7500
v 9.6929 -1.9225 0.7500
v 9.7061 -1.9272 0.7500
v 9.6929 -1.9225 -0.7500
v 9.6790 -1.9181 -0.7500
v 9.6790 -1.9181 0.7500
v 9.6929 -1.9225 0.7500
v 9.6790 -1.9181 -0.7500
v 9.6646 -1.9146 -0.7500
v 9.6646 -1.9146 0.7500
v 9.6790 -1.9181 0.7500
v 9.6646 -1.9146 -0.7500
v 9.6496 -1.9116 -0.7500
v 9.6496 -1.9116 0.7500
v 9.6646 -1.9146 0.7500
v 9.6496 -1.9116 -0.7500
v 9.6343 -1.9093 -0.7500
v 9.6343 -1.9093 0.7500
v 9.6496 -1.9116 0.7500
v 9.6343 -1.9093 -0.7500
v 9.6181 -1.9078 -0.7500
v 9.6181 -1.9078 0.7500
v 9.6343 -1.9093 0.7500
v 9.6181 -1.9078 -0.7500
v 9.6013 -1.9069 -0.7500
v 9.6013 -1.9069 0.7500
v 9.6181 -1.9078 0.7500
v 9.6013 -1.9069 -0.7500
v 9.5842 -1.9066 -0.7500
v 9.5842 -1.9066 0.7500
v 9.6013 -1.9069 0.7500
v 9.5842 -1.9066 -0.7500
v 9.5544 -1.9072 -0.7500
v 9.5544 -1.9072 0.7500
v 9.5842 -1.9066 0.7500
v 9.5544 -1.9072 -0.7500
v 9.5262 -1.9093 -0.7500
v 9.5262 -1.9093 0.7500
v 9.5544 -1.9072 0.7500
v 9.5262 -1.9093 -0.7500
v 9.4994 -1.9128 -0.7500
v 9.4994 -1.9128 0.7500
v 9.5262 -1.9093 0.7500
v 9.4994 -1.9128 -0.7500
v 9.4735 -1.9178 -0.7500
v 9.4735 -1.9178 0.7500
v 9.4994 -1.9128 0.7500
v 9.4735 -1.9178 -0.7500
v 9.4490 -1.9243 -0.7500
v 9.4490 -1.9243 0.7500
v 9.4735 -1.9178 0.7500
v 9.4490 -1.9243 -0.7500
v 9.4261 -1.9322 -0.7500
v 9.4261 -1.9322 0.7500
v 9.4490 -1.9243 0.7500
v 9.4261 -1.9322 -0.7500
v 9.4043 -1.9414 -0.7500
v 9.4043 -1.9414 0.7500
v 9.4261 -1.9322 0.7500
v 9.4043 -1.9414 -0.7500
v 9.3837 -1.9523 -0.7500
v 9.3837 -1.9523 0.7500
v 9.4043 -1.9414 0.7500
v 9.3837 -1.9523 -0.7500
v 9.3642 -1.9643 -0.7500
v 9.3642 -1.9643 0.7500
v 9.3837 -1.9523 0.7500
v 9.3642 -1.9643 -0.7500
v 9.3463 -1.9779 -0.7500
v 9.3463 -1.9779 0.7500
v 9.3642 -1.9643 0.7500
v 9.3463 -1.9779 -0.7500
v 9.3295 -1.9929 -0.7500
v 9.3295 -1.9929 0.7500
v 9.3463 -1.9779 0.7500
v 9.3295 -1.9929 -0.7500
v 9.3136 -2.0100 -0.7500
v 9.3136 -2.0100 0.7500
v 9.3295 -1.9929 0.7500
v 9.3136 -2.0100 -0.7500
v 9.2988 -2.0288 -0.7500
v 9.2988 -2.0288 0.7500
v 9.3136 -2.0100 0.7500
v 9.2988 -2.0288 -0.7500
v 9.2850 -2.0497 -0.7500
v 9.2850 -2.0497 0.7500
v 9.2988 -2.0288 0.7500
v 9.2850 -2.0497 -0.7500
v 9.2723 -2.0721 -0.7500
v 9.2723 -2.0721 0.7500
v 9.2850 -2.0497 0.7500
v 9.2723 -2.0721 -0.7500
v 9.2609 -2.0966 -0.7500
v 9.2609 -2.0966 0.7500
v 9.2723 -2.0721 0.7500
v 9.2609 -2.0966 -0.7500
v 9.2503 -2.1231 -0.7500
v 9.2503 -2.1231 0.7500
v 9.2609 -2.0966 0.7500
v 9.2503 -2.1231 -0.7500
v 9.2405 -2.1510 -0.7500
v 9.2405 -2.1510 0.7500
v 9.2503 -2.1231 0.7500
v 9.2405 -2.1510 -0.7500
v 9.2320 -2.1811 -0.7500
v 9.2320 -2.1811 0.7500
v 9.2405 -2.1510 0.7500
v 9.2320 -2.1811 -0.7500
v 9.2246 -2.2129 -0.7500
v 9.2246 -2.2129 0.7500
v 9.2320 -2.1811 0.7500
v 9.2246 -2.2129 -0.7500
v 9.2208 -2.2329 -0.7500
v 9.2208 -2.2329 0.7500
v 9.2246 -2.2129 0.7500
v 9.2208 -2.2329 -0.7500
v 9.2176 -2.2520 -0.7500
v 9.2176 -2.2520 0.7500
v 9.2208 -2.2329 0.7500
v 9.2176 -2.2520 -0.7500
v 9.2155 -2.2706 -0.7500
v 9.2155 -2.2706 0.7500
v 9.2176 -2.2520 0.7500
v 9.2155 -2.2706 -0.7500
v 9.2143 -2.2886 -0.7500
v 9.2143 -2.2886 0.7500
v 9.2155 -2.2706 0.7500
v 9.2143 -2.2886 -0.7500
v 9.2140 -2.3056 -0.7500
v 9.2140 -2.3056 0.7500
v 9.2143 -2.2886 0.7500
v 9.3657 -2.3068 -0.7500
v 9.3654 -2.2983 -0.7500
v 9.3654 -2.2983 0.7500
v 9.3657 -2.3068 0.7500
v 9.3663 -2.3148 -0.7500
v 9.3657 -2.3068 -0.7500
v 9.3657 -2.3068 0.7500
v 9.3663 -2.3148 0.7500
v 9.3675 -2.3224 -0.7500
v 9.3663 -2.3148 -0.7500
v 9.3663 -2.3148 0.7500
v 9.3675 -2.3224 0.7500
v 9.3701 -2.2370 -0.7500
v 9.3722 -2.2252 -0.7500
v 9.3722 -2.2252 0.7500
v 9.3701 -2.2370 0.7500
v 9.3692 -2.3295 -0.7500
v 9.3675 -2.3224 -0.7500
v 9.3675 -2.3224 0.7500
v 9.3692 -2.3295 0.7500
v 9.3722 -2.2252 -0.7500
v 9.3745 -2.2129 -0.7500
v 9.3745 -2.2129 0.7500
v 9.3722 -2.2252 0.7500
v 9.3713 -2.3363 -0.7500
v 9.3692 -2.3295 -0.7500
v 9.3692 -2.3295 0.7500
v 9.3713 -2.3363 0.7500
v 9.3745 -2.2129 -0.7500
v 9.3789 -2.1937 -0.7500
v 9.3789 -2.1937 0.7500
v 9.3745 -2.2129 0.7500
v 9.3736 -2.3425 -0.7500
v 9.3713 -2.3363 -0.7500
v 9.3713 -2.3363 0.7500
v 9.3736 -2.3425 0.7500
v 9.3766 -2.3483 -0.7500
v 9.3736 -2.3425 -0.7500
v 9.3736 -2.3425 0.7500
v 9.3766 -2.3483 0.7500
v 9.3789 -2.1937 -0.7500
v 9.3839 -2.1758 -0.7500
v 9.3839 -2.1758 0.7500
v 9.3789 -2.1937 0.7500
v 9.3801 -2.3536 -0.7500
v 9.3766 -2.3483 -0.7500
v 9.3766 -2.3483 0.7500
v 9.3801 -2.3536 0.7500
v 9.3839 -2.1758 -0.7500
v 9.3892 -2.1587 -0.7500
v 9.3892 -2.1587 0.7500
v 9.3839 -2.1758 0.7500
v 9.3839 -2.3586 -0.7500
v 9.3801 -2.3536 -0.7500
v 9.3801 -2.3536 0.7500
v 9.3839 -2.3586 0.7500
v 9.3892 -2.1587 -0.7500
v 9.3948 -2.1431 -0.7500
v 9.3948 -2.1431 0.7500
v 9.3892 -2.1587 0.7500
v 9.3884 -2.3634 -0.7500
v 9.3839 -2.3586 -0.7500
v 9.3839 -2.3586 0.7500
v 9.3884 -2.3634 0.7500
v 9.3948 -2.1431 -0.7500
v 9.4010 -2.1287 -0.7500
v 9.4010 -2.1287 0.7500
v 9.3948 -2.1431 0.7500
v 9.3931 -2.3675 -0.7500
v 9.3884 -2.3634 -0.7500
v 9.3884 -2.3634 0.7500
v 9.3931 -2.3675 0.7500
v 9.4010 -2.1287 -0.7500
v 9.4078 -2.1151 -0.7500
v 9.4078 -2.1151 0.7500
v 9.4010 -2.1287 0.7500
v 9.3984 -2.3710 -0.7500
v 9.3931 -2.3675 -0.7500
v 9.3931 -2.3675 0.7500
v 9.3984 -2.3710 0.7500
v 9.4078 -2.1151 -0.7500
v 9.4149 -2.1030 -0.7500
v 9.4149 -2.1030 0.7500
v 9.4078 -2.1151 0.7500
v 9.4043 -2.3743 -0.7500
v 9.3984 -2.3710 -0.7500
v 9.3984 -2.3710 0.7500
v 9.4043 -2.3743 0.7500
v 9.4149 -2.1030 -0.7500
v 9.4222 -2.0918 -0.7500
v 9.4222 -2.0918 0.7500
v 9.4149 -2.1030 0.7500
v 9.4104 -2.3772 -0.7500
v 9.4043 -2.3743 -0.7500
v 9.4043 -2.3743 0.7500
v 9.4104 -2.3772 0.7500
v 9.4222 -2.0918 -0.7500
v 9.4302 -2.0821 -0.7500
v 9.4302 -2.0821 0.7500
v 9.4222 -2.0918 0.7500
v 9.4172 -2.3799 -0.7500
v 9.4104 -2.3772 -0.7500
v 9.4104 -2.3772 0.7500
v 9.4172 -2.3799 0.7500
v 9.4302 -2.0821 -0.7500
v 9.4387 -2.0733 -0.7500
v 9.4387 -2.0733 0.7500
v 9.4302 -2.0821 0.7500
v 9.4387 -2.0733 -0.7500
v 9.4476 -2.0656 -0.7500
v 9.4476 -2.0656 0.7500
v 9.4387 -2.0733 0.7500
v 9.4249 -2.3822 -0.7500
v 9.4172 -2.3799 -0.7500
v 9.4172 -2.3799 0.7500
v 9.4249 -2.3822 0.7500
v 9.4476 -2.0656 -0.7500
v 9.4573 -2.0589 -0.7500
v 9.4573 -2.0589 0.7500
v 9.4476 -2.0656 0.7500
v 9.4328 -2.3840 -0.7500
v 9.4249 -2.3822 -0.7500
v 9.4249 -2.3822 0.7500
v 9.4328 -2.3840 0.7500
v 9.4573 -2.0589 -0.7500
v 9.4673 -2.0527 -0.7500
v 9.4673 -2.0527 0.7500
v 9.4573 -2.0589 0.7500
v 9.4411 -2.3857 -0.7500
v 9.4328 -2.3840 -0.7500
v 9.4328 -2.3840 0.7500
v 9.4411 -2.3857 0.7500
v 9.4673 -2.0527 -0.7500
v 9.4782 -2.0474 -0.7500
v 9.4782 -2.0474 0.7500
v 9.4673 -2.0527 0.7500
v 9.4502 -2.3869 -0.7500
v 9.4411 -2.3857 -0.7500
v 9.4411 -2.3857 0.7500
v 9.4502 -2.3869 0.7500
v 9.4782 -2.0474 -0.7500
v 9.7423 -1.9458 -0.7500
v 9.7423 -1.9458 0.7500
v 9.4782 -2.0474 0.7500
v 9.4599 -2.3878 -0.7500
v 9.4502 -2.3869 -0.7500
v 9.4502 -2.3869 0.7500
v 9.4599 -2.3878 0.7500
v 9.4699 -2.3884 -0.7500
v 9.4599 -2.3878 -0.7500
v 9.4599 -2.3878 0.7500
v 9.4699 -2.3884 0.7500
v 9.7423 -1.9458 -0.7500
v 9.4897 -2.0430 -0.7500
v 9.4897 -2.0430 0.7500
v 9.7423 -1.9458 0.7500
v 9.4897 -2.0430 -0.7500
v 9.5017 -2.0391 -0.7500
v 9.5017 -2.0391 0.7500
v 9.4897 -2.0430 0.7500
v 9.4808 -2.3884 -0.7500
v 9.4699 -2.3884 -0.7500
v 9.4699 -2.3884 0.7500
v 9.4808 -2.3884 0.7500
v 9.5017 -2.0391 -0.7500
v 9.5144 -2.0365 -0.7500
v 9.5144 -2.0365 0.7500
v 9.5017 -2.0391 0.7500
v 9.4953 -2.3881 -0.7500
v 9.4808 -2.3884 -0.7500
v 9.4808 -2.3884 0.7500
v 9.4953 -2.3881 0.7500
v 9.5144 -2.0365 -0.7500
v 9.5279 -2.0344 -0.7500
v 9.5279 -2.0344 0.7500
v 9.5144 -2.0365 0.7500
v 9.5091 -2.3866 -0.7500
v 9.4953 -2.3881 -0.7500
v 9.4953 -2.3881 0.7500
v 9.5091 -2.3866 0.7500
v 9.5279 -2.0344 -0.7500
v 9.5421 -2.0332 -0.7500
v 9.5421 -2.0332 0.7500
v 9.5279 -2.0344 0.7500
v 9.5224 -2.3846 -0.7500
v 9.5091 -2.3866 -0.7500
v 9.5091 -2.3866 0.7500
v 9.5224 -2.3846 0.7500
v 9.5421 -2.0332 -0.7500
v 9.5565 -2.0327 -0.7500
v 9.5565 -2.0327 0.7500
v 9.5421 -2.0332 0.7500
v 9.5350 -2.3816 -0.7500
v 9.5224 -2.3846 -0.7500
v 9.5224 -2.3846 0.7500
v 9.5350 -2.3816 0.7500
v 9.5565 -2.0327 -0.7500
v 9.5671 -2.0330 -0.7500
v 9.5671 -2.0330 0.7500
v 9.5565 -2.0327 0.7500
v 9.5471 -2.3778 -0.7500
v 9.5350 -2.3816 -0.7500
v 9.5350 -2.3816 0.7500
v 9.5471 -2.3778 0.7500
v 9.5671 -2.0330 -0.7500
v 9.5771 -2.0332 -0.7500
v 9.5771 -2.0332 0.7500
v 9.5671 -2.0330 0.7500
v 9.5586 -2.3731 -0.7500
v 9.5471 -2.3778 -0.7500
v 9.5471 -2.3778 0.7500
v 9.5586 -2.3731 0.7500
v 9.5771 -2.0332 -0.7500
v 9.5865 -2.0341 -0.7500
v 9.5865 -2.0341 0.7500
v 9.5771 -2.0332 0.7500
v 9.5695 -2.3675 -0.7500
v 9.5586 -2.3731 -0.7500
v 9.5586 -2.3731 0.7500
v 9.5695 -2.3675 0.7500
v 9.5865 -2.0341 -0.7500
v 9.5957 -2.0353 -0.7500
v 9.5957 -2.0353 0.7500
v 9.5865 -2.0341 0.7500
v 9.5798 -2.3613 -0.7500
v 9.5695 -2.3675 -0.7500
v 9.5695 -2.3675 0.7500
v 9.5798 -2.3613 0.7500
v 9.5957 -2.0353 -0.7500
v 9.6039 -2.0368 -0.7500
v 9.6039 -2.0368 0.7500
v 9.5957 -2.0353 0.7500
v 9.5892 -2.3539 -0.7500
v 9.5798 -2.3613 -0.7500
v 9.5798 -2.3613 0.7500
v 9.5892 -2.3539 0.7500
v 9.6039 -2.0368 -0.7500
v 9.6119 -2.0385 -0.7500
v 9.6119 -2.0385 0.7500
v 9.6039 -2.0368 0.7500
v 9.5983 -2.3460 -0.7500
v 9.5892 -2.3539 -0.7500
v 9.5892 -2.3539 0.7500
v 9.5983 -2.3460 0.7500
v 9.6119 -2.0385 -0.7500
v 9.6195 -2.0409 -0.7500
v 9.6195 -2.0409 0.7500
v 9.6119 -2.0385 0.7500
v 9.6066 -2.3369 -0.7500
v 9.5983 -2.3460 -0.7500
v 9.5983 -2.3460 0.7500
v 9.6066 -2.3369 0.7500
v 9.6195 -2.0409 -0.7500
v 9.6263 -2.0433 -0.7500
v 9.6263 -2.0433 0.7500
v 9.6195 -2.0409 0.7500
v 9.6145 -2.3271 -0.7500
v 9.6066 -2.3369 -0.7500
v 9.6066 -2.3369 0.7500
v 9.6145 -2.3271 0.7500
v 9.6263 -2.0433 -0.7500
v 9.6328 -2.0459 -0.7500
v 9.6328 -2.0459 0.7500
v 9.6263 -2.0433 0.7500
v 9.6222 -2.3159 -0.7500
v 9.6145 -2.3271 -0.7500
v 9.6145 -2.3271 0.7500
v 9.6222 -2.3159 0.7500
v 9.6328 -2.0459 -0.7500
v 9.6384 -2.0491 -0.7500
v 9.6384 -2.0491 0.7500
v 9.6328 -2.0459 0.7500
v 9.6292 -2.3042 -0.7500
v 9.6222 -2.3159 -0.7500
v 9.6222 -2.3159 0.7500
v 9.6292 -2.3042 0.7500
v 9.6384 -2.0491 -0.7500
v 9.6437 -2.0527 -0.7500
v 9.6437 -2.0527 0.7500
v 9.6384 -2.0491 0.7500
v 9.6357 -2.2915 -0.7500
v 9.6292 -2.3042 -0.7500
v 9.6292 -2.3042 0.7500
v 9.6357 -2.2915 0.7500
v 9.6437 -2.0527 -0.7500
v 9.6487 -2.0565 -0.7500
v 9.6487 -2.0565 0.7500
v 9.6437 -2.0527 0.7500
v 9.6416 -2.2777 -0.7500
v 9.6357 -2.2915 -0.7500
v 9.6357 -2.2915 0.7500
v 9.6416 -2.2777 0.7500
v 9.6487 -2.0565 -0.7500
v 9.6531 -2.0612 -0.7500
v 9.6531 -2.0612 0.7500
v 9.6487 -2.0565 0.7500
v 9.6472 -2.2629 -0.7500
v 9.6416 -2.2777 -0.7500
v 9.6416 -2.2777 0.7500
v 9.6472 -2.2629 0.7500
v 9.6531 -2.0612 -0.7500
v 9.6569 -2.0659 -0.7500
v 9.6569 -2.0659 0.7500
v 9.6531 -2.0612 0.7500
v 9.6522 -2.2470 -0.7500
v 9.6472 -2.2629 -0.7500
v 9.6472 -2.2629 0.7500
v 9.6522 -2.2470 0.7500
v 9.6569 -2.0659 -0.7500
v 9.6605 -2.0712 -0.7500
v 9.6605 -2.0712 0.7500
v 9.6569 -2.0659 0.7500
v 9.6569 -2.2305 -0.7500
v 9.6522 -2.2470 -0.7500
v 9.6522 -2.2470 0.7500
v 9.6569 -2.2305 0.7500
v 9.6605 -2.0712 -0.7500
v 9.6637 -2.0771 -0.7500
v 9.6637 -2.0771 0.7500
v 9.6605 -2.0712 0.7500
v 9.6637 -2.0771 -0.7500
v 9.6661 -2.0833 -0.7500
v 9.6661 -2.0833 0.7500
v 9.6637 -2.0771 0.7500
v 9.6661 -2.1867 -0.7500
v 9.6637 -2.1993 -0.7500
v 9.6637 -2.1993 0.7500
v 9.6661 -2.1867 0.7500
v 9.6661 -2.0833 -0.7500
v 9.6681 -2.0901 -0.7500
v 9.6681 -2.0901 0.7500
v 9.6661 -2.0833 0.7500
v 9.6681 -2.0901 -0.7500
v 9.6699 -2.0974 -0.7500
v 9.6699 -2.0974 0.7500
v 9.6681 -2.0901 0.7500
v 9.6699 -2.0974 -0.7500
v 9.6711 -2.1048 -0.7500
v 9.6711 -2.1048 0.7500
v 9.6699 -2.0974 0.7500
v 9.6708 -2.1516 -0.7500
v 9.6696 -2.1625 -0.7500
v 9.6696 -2.1625 0.7500
v 9.6708 -2.1516 0.7500
v 9.6711 -2.1048 -0.7500
v 9.6717 -2.1131 -0.7500
v 9.6717 -2.1131 0.7500
v 9.6711 -2.1048 0.7500
v 9.6717 -2.1410 -0.7500
v 9.6708 -2.1516 -0.7500
v 9.6708 -2.1516 0.7500
v 9.6717 -2.1410 0.7500
v 9.6717 -2.1131 -0.7500
v 9.6719 -2.1219 -0.7500
v 9.6719 -2.1219 0.7500
v 9.6717 -2.1131 0.7500
v 9.6719 -2.1313 -0.7500
v 9.6717 -2.1410 -0.7500
v 9.6717 -2.1410 0.7500
v 9.6719 -2.1313 0.7500
v 9.6719 -2.1219 -0.7500
v 9.6719 -2.1313 -0.7500
v 9.6719 -2.1313 0.7500
v 9.6719 -2.1219 0.7500
f 2908 2955 2956
f 2956 2957 2958
f 2958 2959 2960
f 3008 3009 3010
f 3011 3012 3013
f 2954 2955 2908
f 2908 2909 2910
f 2910 2911 2912
f 2912 2913 2914
f 2914 2915 2916
f 2916 2917 2918
f 2918 2919 2920
f 2920 2921 2922
f 2922 2923 2924
f 2924 2925 2926
f 2926 2927 2928
f 2928 2929 2930
f 2930 2931 2932
f 2932 2833 2834
f 2834 2835 2836
f 2836 2837 2838
f 2838 2839 2840
f 2840 2841 2842
f 2842 2843 2844
f 2844 2845 2846
f 2846 2847 2848
f 2848 2849 2850
f 2850 2851 2852
f 2852 2853 2854
f 2854 2855 2856
f 2856 2857 2858
f 2858 2859 2860
f 2860 2861 2862
f 2862 2863 2864
f 2864 2865 2866
f 2866 2867 2868
f 2868 2869 2870
f 2870 2871 2872
f 2872 2873 2874
f 2874 2875 2876
f 2876 2877 2878
f 2878 2879 2880
f 2880 2881 2882
f 2882 2883 2884
f 2884 2885 2886
f 2886 2887 2888
f 2888 2889 2890
f 2890 2891 2892
f 2892 2893 2894
f 2894 2895 2896
f 2896 2897 2898
f 2898 2899 2900
f 2900 2901 2902
f 2902 2903 2904
f 2904 2905 2906
f 2906 2907 2908
f 2908 2956 2958
f 2953 2954 2908
f 2908 2910 2912
f 2912 2914 2916
f 2916 2918 2920
f 2920 2922 2924
f 2924 2926 2928
f 2928 2930 2932
f 2932 2834 2836
f 2836 2838 2840
f 2840 2842 2844
f 2844 2846 2848
f 2848 2850 2852
f 2852 2854 2856
f 2856 2858 2860
f 2860 2862 2864
f 2864 2866 2868
f 2868 2870 2872
f 2872 2874 2876
f 2876 2878 2880
f 2880 2882 2884
f 2884 2886 2888
f 2888 2890 2892
f 2892 2894 2896
f 2896 2898 2900
f 2900 2902 2904
f 2904 2906 2908
f 2908 2958 2960
f 2952 2953 2908
f 2908 2912 2916
f 2916 2920 2924
f 2924 2928 2932
f 2932 2836 2840
f 2840 2844 2848
f 2848 2852 2856
f 2856 2860 2864
f 2864 2868 2872
f 2872 2876 2880
f 2880 2884 2888
f 2888 2892 2896
f 2896 2900 2904
f 2904 2908 2960
f 2951 2952 2908
f 2908 2916 2924
f 2924 2932 2840
f 2840 2848 2856
f 2856 2864 2872
f 2872 2880 2888
f 2888 2896 2904
f 2904 2960 2961
f 2950 2951 2908
f 2908 2924 2840
f 2840 2856 2872
f 2904 2961 2962
f 2949 2950 2908
f 2904 2962 2963
f 2948 2949 2908
f 2888 2904 2963
f 2947 2948 2908
f 2888 2963 2964
f 2946 2947 2908
f 2888 2964 2965
f 2945 2946 2908
f 2888 2965 2966
f 2944 2945 2908
f 2888 2966 2967
f 2943 2944 2908
f 2888 2967 2968
f 2942 2943 2908
f 2888 2968 2969
f 2941 2942 2908
f 2888 2969 2970
f 2940 2941 2908
f 2888 2970 2971
f 2939 2940 2908
f 2888 2971 2972
f 2939 2908 2840
f 2888 2972 2973
f 2938 2939 2840
f 2888 2973 2974
f 2937 2938 2840
f 2888 2974 2975
f 2936 2937 2840
f 2888 2975 2976
f 2935 2936 2840
f 2872 2888 2976
f 2934 2935 2840
f 2933 2934 2840
f 2872 2977 2978
f 3032 2933 2840
f 2872 2978 2979
f 3031 3032 2840
f 2872 2979 2980
f 3030 3031 2840
f 2872 2980 2981
f 3029 3030 2840
f 2872 2981 2982
f 3028 3029 2840
f 2872 2982 2983
f 3027 3028 2840
f 2872 2983 2984
f 3026 3027 2840
f 2872 2984 2985
f 3025 3026 2840
f 2872 2985 2986
f 3024 3025 2840
f 2872 2986 2987
f 3023 3024 2840
f 2872 2987 2988
f 3022 3023 2840
f 2872 2988 2989
f 3021 3022 2840
f 2872 2989 2990
f 3020 3021 2840
f 2872 2990 2991
f 3019 3020 2840
f 2872 2991 2992
f 3018 3019 2840
f 2872 2992 2993
f 3017 3018 2840
f 2872 2993 2994
f 3016 3017 2840
f 2872 2994 2995
f 3015 3016 2840
f 2872 2995 2996
f 3014 3015 2840
f 2872 2996 2997
f 3013 3014 2840
f 2872 2997 2998
f 3011 3013 2840
f 2872 2998 2999
f 3010 3011 2840
f 2872 2999 3000
f 3008 3010 2840
f 2872 3000 3001
f 3008 2840 2872
f 2872 3001 3002
f 3007 3008 2872
f 2872 3002 3003
f 3006 3007 2872
f 2872 3003 3004
f 3005 3006 2872
f 2872 3004 3005
f 3108 3156 3155
f 3156 3158 3157
f 3158 3160 3159
f 3208 3210 3209
f 3211 3213 3212
f 3154 3108 3155
f 3108 3110 3109
f 3110 3112 3111
f 3112 3114 3113
f 3114 3116 3115
f 3116 3118 3117
f 3118 3120 3119
f 3120 3122 3121
f 3122 3124 3123
f 3124 3126 3125
f 3126 3128 3127
f 3128 3130 3129
f 3130 3132 3131
f 3132 3034 3033
f 3034 3036 3035
f 3036 3038 3037
f 3038 3040 3039
f 3040 3042 3041
f 3042 3044 3043
f 3044 3046 3045
f 3046 3048 3047
f 3048 3050 3049
f 3050 3052 3051
f 3052 3054 3053
f 3054 3056 3055
f 3056 3058 3057
f 3058 3060 3059
f 3060 3062 3061
f 3062 3064 3063
f 3064 3066 3065
f 3066 3068 3067
f 3068 3070 3069
f 3070 3072 3071
f 3072 3074 3073
f 3074 3076 3075
f 3076 3078 3077
f 3078 3080 3079
f 3080 3082 3081
f 3082 3084 3083
f 3084 3086 3085
f 3086 3088 3087
f 3088 3090 3089
f 3090 3092 3091
f 3092 3094 3093
f 3094 3096 3095
f 3096 3098 3097
f 3098 3100 3099
f 3100 3102 3101
f 3102 3104 3103
f 3104 3106 3105
f 3106 3108 3107
f 3108 3158 3156
f 3153 3108 3154
f 3108 3112 3110
f 3112 3116 3114
f 3116 3120 3118
f 3120 3124 3122
f 3124 3128 3126
f 3128 3132 3130
f 3132 3036 3034
f 3036 3040 3038
f 3040 3044 3042
f 3044 3048 3046
f 3048 3052 3050
f 3052 3056 3054
f 3056 3060 3058
f 3060 3064 3062
f 3064 3068 3066
f 3068 3072 3070
f 3072 3076 3074
f 3076 3080 3078
f 3080 3084 3082
f 3084 3088 3086
f 3088 3092 3090
f 3092 3096 3094
f 3096 3100 3098
f 3100 3104 3102
f 3104 3108 3106
f 3108 3160 3158
f 3152 3108 3153
f 3108 3116 3112
f 3116 3124 3120
f 3124 3132 3128
f 3132 3040 3036
f 3040 3048 3044
f 3048 3056 3052
f 3056 3064 3060
f 3064 3072 3068
f 3072 3080 3076
f 3080 3088 3084
f 3088 3096 3092
f 3096 3104 3100
f 3104 3160 3108
f 3151 3108 3152
f 3108 3124 3116
f 3124 3040 3132
f 3040 3056 3048
f 3056 3072 3064
f 3072 3088 3080
f 3088 3104 3096
f 3104 3161 3160
f 3150 3108 3151
f 3108 3040 3124
f 3040 3072 3056
f 3104 3162 3161
f 3149 3108 3150
f 3104 3163 3162
f 3148 3108 3149
f 3088 3163 3104
f 3147 3108 3148
f 3088 3164 3163
f 3146 3108 3147
f 3088 3165 3164
f 3145 3108 3146
f 3088 3166 3165
f 3144 3108 3145
f 3088 3167 3166
f 3143 3108 3144
f 3088 3168 3167
f 3142 3108 3143
f 3088 3169 3168
f 3141 3108 3142
f 3088 3170 3169
f 3140 3108 3141
f 3088 3171 3170
f 3139 3108 3140
f 3088 3172 3171
f 3139 3040 3108
f 3088 3173 3172
f 3138 3040 3139
f 3088 3174 3173
f 3137 3040 3138
f 3088 3175 3174
f 3136 3040 3137
f 3088 3176 3175
f 3135 3040 3136
f 3072 3176 3088
f 3134 3040 3135
f 3133 3040 3134
f 3072 3178 3177
f 3232 3040 3133
f 3072 3179 3178
f 3231 3040 3232
f 3072 3180 3179
f 3230 3040 3231
f 3072 3181 3180
f 3229 3040 3230
f 3072 3182 3181
f 3228 3040 3229
f 3072 3183 3182
f 3227 3040 3228
f 3072 3184 3183
f 3226 3040 3227
f 3072 3185 3184
f 3225 3040 3226
f 3072 3186 3185
f 3224 3040 3225
f 3072 3187 3186
f 3223 3040 3224
f 3072 3188 3187
f 3222 3040 3223
f 3072 3189 3188
f 3221 3040 3222
f 3072 3190 3189
f 3220 3040 3221
f 3072 3191 3190
f 3219 3040 3220
f 3072 3192 3191
f 3218 3040 3219
f 3072 3193 3192
f 3217 3040 3218
f 3072 3194 3193
f 3216 3040 3217
f 3072 3195 3194
f 3215 3040 3216
f 3072 3196 3195
f 3214 3040 3215
f 3072 3197 3196
f 3213 3040 3214
f 3072 3198 3197
f 3211 3040 3213
f 3072 3199 3198
f 3210 3040 3211
f 3072 3200 3199
f 3208 3040 3210
f 3072 3201 3200
f 3208 3072 3040
f 3072 3202 3201
f 3207 3072 3208
f 3072 3203 3202
f 3206 3072 3207
f 3072 3204 3203
f 3205 3072 3206
f 3072 3205 3204
f 3233 3234 3235
f 3233 3235 3236
f 3237 3238 3239
f 3237 3239 3240
f 3241 3242 3243
f 3241 3243 3244
f 3245 3246 3247
f 3245 3247 3248
f 3249 3250 3251
f 3249 3251 3252
f 3253 3254 3255
f 3253 3255 3256
f 3257 3258 3259
f 3257 3259 3260
f 3261 3262 3263
f 3261 3263 3264
f 3265 3266 3267
f 3265 3267 3268
f 3269 3270 3271
f 3269 3271 3272
f 3273 3274 3275
f 3273 3275 3276
f 3277 3278 3279
f 3277 3279 3280
f 3281 3282 3283
f 3281 3283 3284
f 3285 3286 3287
f 3285 3287 3288
f 3289 3290 3291
f 3289 3291 3292
f 3293 3294 3295
f 3293 3295 3296
f 3297 3298 3299
f 3297 3299 3300
f 3301 3302 3303
f 3301 3303 3304
f 3305 3306 3307
f 3305 3307 3308
f 3309 3310 3311
f 3309 3311 3312
f 3313 3314 3315
f 3313 3315 3316
f 3317 3318 3319
f 3317 3319 3320
f 3321 3322 3323
f 3321 3323 3324
f 3325 3326 3327
f 3325 3327 3328
f 3329 3330 3331
f 3329 3331 3332
f 3333 3334 3335
f 3333 3335 3336
f 3337 3338 3339
f 3337 3339 3340
f 3341 3342 3343
f 3341 3343 3344
f 3345 3346 3347
f 3345 3347 3348
f 3349 3350 3351
f 3349 3351 3352
f 3353 3354 3355
f 3353 3355 3356
f 3357 3358 3359
f 3357 3359 3360
f 3361 3362 3363
f 3361 3363 3364
f 3365 3366 3367
f 3365 3367 3368
f 3369 3370 3371
f 3369 3371 3372
f 3373 3374 3375
f 3373 3375 3376
f 3377 3378 3379
f 3377 3379 3380
f 3381 3382 3383
f 3381 3383 3384
f 3385 3386 3387
f 3385 3387 3388
f 3389 3390 3391
f 3389 3391 3392
f 3393 3394 3395
f 3393 3395 3396
f 3397 3398 3399
f 3397 3399 3400
f 3401 3402 3403
f 3401 3403 3404
f 3405 3406 3407
f 3405 3407 3408
f 3409 3410 3411
f 3409 3411 3412
f 3413 3414 3415
f 3413 3415 3416
f 3417 3418 3419
f 3417 3419 3420
f 3421 3422 3423
f 3421 3423 3424
f 3425 3426 3427
f 3425 3427 3428
f 3429 3430 3431
f 3429 3431 3432
f 3433 3434 3435
f 3433 3435 3436
f 3437 3438 3439
f 3437 3439 3440
f 3441 3442 3443
f 3441 3443 3444
f 3445 3446 3447
f 3445 3447 3448
f 3449 3450 3451
f 3449 3451 3452
f 3453 3454 3455
f 3453 3455 3456
f 3457 3458 3459
f 3457 3459 3460
f 3461 3462 3463
f 3461 3463 3464
f 3465 3466 3467
f 3465 3467 3468
f 3469 3470 3471
f 3469 3471 3472
f 3473 3474 3475
f 3473 3475 3476
f 3477 3478 3479
f 3477 3479 3480
f 3481 3482 3483
f 3481 3483 3484
f 3485 3486 3487
f 3485 3487 3488
f 3489 3490 3491
f 3489 3491 3492
f 3493 3494 3495
f 3493 3495 3496
f 3497 3498 3499
f 3497 3499 3500
f 3501 3502 3503
f 3501 3503 3504
f 3505 3506 3507
f 3505 3507 3508
f 3509 3510 3511
f 3509 3511 3512
f 3513 3514 3515
f 3513 3515 3516
f 3517 3518 3519
f 3517 3519 3520
f 3521 3522 3523
f 3521 3523 3524
f 3525 3526 3527
f 3525 3527 3528
f 3529 3530 3531
f 3529 3531 3532
f 3533 3534 3535
f 3533 3535 3536
f 3537 3538 3539
f 3537 3539 3540
f 3541 3542 3543
f 3541 3543 3544
f 3545 3546 3547
f 3545 3547 3548
f 3549 3550 3551
f 3549 3551 3552
f 3553 3554 3555
f 3553 3555 3556
f 3557 3558 3559
f 3557 3559 3560
f 3561 3562 3563
f 3561 3563 3564
f 3565 3566 3567
f 3565 3567 3568
f 3569 3570 3571
f 3569 3571 3572
f 3573 3574 3575
f 3573 3575 3576
f 3577 3578 3579
f 3577 3579 3580
f 3581 3582 3583
f 3581 3583 3584
f 3585 3586 3587
f 3585 3587 3588
f 3589 3590 3591
f 3589 3591 3592
f 3593 3594 3595
f 3593 3595 3596
f 3597 3598 3599
f 3597 3599 3600
f 3601 3602 3603
f 3601 3603 3604
f 3605 3606 3607
f 3605 3607 3608
f 3609 3610 3611
f 3609 3611 3612
f 3613 3614 3615
f 3613 3615 3616
f 3617 3618 3619
f 3617 3619 3620
f 3621 3622 3623
f 3621 3623 3624
f 3625 3626 3627
f 3625 3627 3628
f 3629 3630 3631
f 3629 3631 3632
f 3633 3634 3635
f 3633 3635 3636
f 3637 3638 3639
f 3637 3639 3640
f 3641 3642 3643
f 3641 3643 3644
f 3645 3646 3647
f 3645 3647 3648
f 3649 3650 3651
f 3649 3651 3652
f 3653 3654 3655
f 3653 3655 3656
f 3657 3658 3659
f 3657 3659 3660
f 3661 3662 3663
f 3661 3663 3664
f 3665 3666 3667
f 3665 3667 3668
f 3669 3670 3671
f 3669 3671 3672
f 3673 3674 3675
f 3673 3675 3676
f 3677 3678 3679
f 3677 3679 3680
f 3681 3682 3683
f 3681 3683 3684
f 3685 3686 3687
f 3685 3687 3688
f 3689 3690 3691
f 3689 3691 3692
f 3693 3694 3695
f 3693 3695 3696
f 3697 3698 3699
f 3697 3699 3700
f 3701 3702 3703
f 3701 3703 3704
f 3705 3706 3707
f 3705 3707 3708
f 3709 3710 3711
f 3709 3711 3712
f 3713 3714 3715
f 3713 3715 3716
f 3717 3718 3719
f 3717 3719 3720
f 3721 3722 3723
f 3721 3723 3724
f 3725 3726 3727
f 3725 3727 3728
f 3729 3730 3731
f 3729 3731 3732
f 3733 3734 3735
f 3733 3735 3736
f 3737 3738 3739
f 3737 3739 3740
f 3741 3742 3743
f 3741 3743 3744
f 3745 3746 3747
f 3745 3747 3748
f 3749 3750 3751
f 3749 3751 3752
f 3753 3754 3755
f 3753 3755 3756
f 3757 3758 3759
f 3757 3759 3760
f 3761 3762 3763
f 3761 3763 3764
f 3765 3766 3767
f 3765 3767 3768
f 3769 3770 3771
f 3769 3771 3772
f 3773 3774 3775
f 3773 3775 3776
f 3777 3778 3779
f 3777 3779 3780
f 3781 3782 3783
f 3781 3783 3784
f 3785 3786 3787
f 3785 3787 3788
f 3789 3790 3791
f 3789 3791 3792
f 3793 3794 3795
f 3793 3795 3796
f 3797 3798 3799
f 3797 3799 3800
f 3801 3802 3803
f 3801 3803 3804
f 3805 3806 3807
f 3805 3807 3808
f 3809 3810 3811
f 3809 3811 3812
f 3813 3814 3815
f 3813 3815 3816
f 3817 3818 3819
f 3817 3819 3820
f 3821 3822 3823
f 3821 3823 3824
f 3825 3826 3827
f 3825 3827 3828
f 3829 3830 3831
f 3829 3831 3832
f 3833 3834 3835
f 3833 3835 3836
f 3837 3838 3839
f 3837 3839 3840
f 3841 3842 3843
f 3841 3843 3844
f 3845 3846 3847
f 3845 3847 3848
f 3849 3850 3851
f 3849 3851 3852
f 3853 3854 3855
f 3853 3855 3856
f 3857 3858 3859
f 3857 3859 3860
f 3861 3862 3863
f 3861 3863 3864
f 3865 3866 3867
f 3865 3867 3868
f 3869 3870 3871
f 3869 3871 3872
f 3873 3874 3875
f 3873 3875 3876
f 3877 3878 3879
f 3877 3879 3880
f 3881 3882 3883
f 3881 3883 3884
f 3885 3886 3887
f 3885 3887 3888
f 3889 3890 3891
f 3889 3891 3892
f 3893 3894 3895
f 3893 3895 3896
f 3897 3898 3899
f 3897 3899 3900
f 3901 3902 3903
f 3901 3903 3904
f 3905 3906 3907
f 3905 3907 3908
f 3909 3910 3911
f 3909 3911 3912
f 3913 3914 3915
f 3913 3915 3916
f 3917 3918 3919
f 3917 3919 3920
f 3921 3922 3923
f 3921 3923 3924
f 3925 3926 3927
f 3925 3927 3928
f 3929 3930 3931
f 3929 3931 3932
f 3933 3934 3935
f 3933 3935 3936
f 3937 3938 3939
f 3937 3939 3940
f 3941 3942 3943
f 3941 3943 3944
f 3945 3946 3947
f 3945 3947 3948
f 3949 3950 3951
f 3949 3951 3952
f 3953 3954 3955
f 3953 3955 3956
f 3957 3958 3959
f 3957 3959 3960
f 3961 3962 3963
f 3961 3963 3964
f 3965 3966 3967
f 3965 3967 3968
f 3969 3970 3971
f 3969 3971 3972
f 3973 3974 3975
f 3973 3975 3976
f 3977 3978 3979
f 3977 3979 3980
f 3981 3982 3983
f 3981 3983 3984
f 3985 3986 3987
f 3985 3987 3988
f 3989 3990 3991
f 3989 3991 3992
f 3993 3994 3995
f 3993 3995 3996
f 3997 3998 3999
f 3997 3999 4000
f 4001 4002 4003
f 4001 4003 4004
f 4005 4006 4007
f 4005 4007 4008
f 4009 4010 4011
f 4009 4011 4012
f 4013 4014 4015
f 4013 4015 4016
f 4017 4018 4019
f 4017 4019 4020
f 4021 4022 4023
f 4021 4023 4024
f 4025 4026 4027
f 4025 4027 4028
f 4029 4030 4031
f 4029 4031 4032
f 4033 4034 4035
f 4033 4035 4036
v 8.1144 -2.5047 0.7500
v 8.3815 -2.5047 0.7500
v 8.4004 -2.5044 0.7500
v 8.4189 -2.5032 0.7500
v 8.4366 -2.5018 0.7500
v 8.4537 -2.4997 0.7500
v 8.4702 -2.4971 0.7500
v 8.4861 -2.4935 0.7500
v 8.5014 -2.4897 0.7500
v 8.5158 -2.4850 0.7500
v 8.5297 -2.4797 0.7500
v 8.5429 -2.4741 0.7500
v 8.5556 -2.4676 0.7500
v 8.5676 -2.4602 0.7500
v 8.5794 -2.4526 0.7500
v 8.5903 -2.4440 0.7500
v 8.6009 -2.4349 0.7500
v 8.6112 -2.4249 0.7500
v 8.6209 -2.4146 0.7500
v 8.6301 -2.4034 0.7500
v 8.6386 -2.3913 0.7500
v 8.6466 -2.3790 0.7500
v 8.6542 -2.3657 0.7500
v 8.6616 -2.3516 0.7500
v 8.6686 -2.3369 0.7500
v 8.6751 -2.3215 0.7500
v 8.6813 -2.3053 0.7500
v 8.6872 -2.2886 0.7500
v 8.6928 -2.2709 0.7500
v 8.6978 -2.2526 0.7500
v 8.7025 -2.2335 0.7500
v 8.7069 -2.2138 0.7500
v 8.7111 -2.1929 0.7500
v 8.7140 -2.1728 0.7500
v 8.7164 -2.1537 0.7500
v 8.7178 -2.1354 0.7500
v 8.7181 -2.1178 0.7500
v 8.7178 -2.1010 0.7500
v 8.7166 -2.0851 0.7500
v 8.7146 -2.0698 0.7500
v 8.7116 -2.0553 0.7500
v 8.7078 -2.0418 0.7500
v 8.7034 -2.0291 0.7500
v 8.6981 -2.0171 0.7500
v 8.6922 -2.0056 0.7500
v 8.6854 -1.9950 0.7500
v 8.6781 -1.9850 0.7500
v 8.6701 -1.9755 0.7500
v 8.6616 -1.9670 0.7500
v 8.6522 -1.9593 0.7500
v 8.6419 -1.9523 0.7500
v 8.6313 -1.9458 0.7500
v 8.6198 -1.9402 0.7500
v 8.6077 -1.9349 0.7500
v 8.5953 -1.9305 0.7500
v 8.5824 -1.9266 0.7500
v 8.5688 -1.9231 0.7500
v 8.5550 -1.9205 0.7500
v 8.5406 -1.9184 0.7500
v 8.5255 -1.9169 0.7500
v 8.5099 -1.9160 0.7500
v 8.4940 -1.9157 0.7500
v 8.2387 -1.9157 0.7500
v 8.3621 -2.0291 0.7500
v 8.4619 -2.0291 0.7500
v 8.4731 -2.0297 0.7500
v 8.4837 -2.0306 0.7500
v 8.4937 -2.0315 0.7500
v 8.5029 -2.0330 0.7500
v 8.5117 -2.0347 0.7500
v 8.5193 -2.0368 0.7500
v 8.5267 -2.0391 0.7500
v 8.5332 -2.0421 0.7500
v 8.5391 -2.0450 0.7500
v 8.5447 -2.0486 0.7500
v 8.5494 -2.0524 0.7500
v 8.5538 -2.0568 0.7500
v 8.5576 -2.0615 0.7500
v 8.5609 -2.0671 0.7500
v 8.5635 -2.0727 0.7500
v 8.5659 -2.0792 0.7500
v 8.5676 -2.0860 0.7500
v 8.5691 -2.0930 0.7500
v 8.5697 -2.1007 0.7500
v 8.5703 -2.1092 0.7500
v 8.5703 -2.1181 0.7500
v 8.5697 -2.1278 0.7500
v 8.5691 -2.1381 0.7500
v 8.5679 -2.1490 0.7500
v 8.5665 -2.1605 0.7500
v 8.5647 -2.1728 0.7500
v 8.5626 -2.1858 0.7500
v 8.5600 -2.1993 0.7500
v 8.5570 -2.2138 0.7500
v 8.5538 -2.2279 0.7500
v 8.5506 -2.2414 0.7500
v 8.5470 -2.2541 0.7500
v 8.5435 -2.2662 0.7500
v 8.5397 -2.2777 0.7500
v 8.5358 -2.2883 0.7500
v 8.5320 -2.2983 0.7500
v 8.5279 -2.3077 0.7500
v 8.5235 -2.3165 0.7500
v 8.5191 -2.3245 0.7500
v 8.5143 -2.3319 0.7500
v 8.5096 -2.3389 0.7500
v 8.5046 -2.3454 0.7500
v 8.4993 -2.3513 0.7500
v 8.4937 -2.3569 0.7500
v 8.4878 -2.3619 0.7500
v 8.4817 -2.3663 0.7500
v 8.4755 -2.3704 0.7500
v 8.4687 -2.3740 0.7500
v 8.4619 -2.3769 0.7500
v 8.4549 -2.3799 0.7500
v 8.4472 -2.3822 0.7500
v 8.4392 -2.3843 0.7500
v 8.4310 -2.3860 0.7500
v 8.4225 -2.3875 0.7500
v 8.4133 -2.3890 0.7500
v 8.4039 -2.3899 0.7500
v 8.3939 -2.3907 0.7500
v 8.3839 -2.3910 0.7500
v 8.3733 -2.3913 0.7500
v 8.2855 -2.3913 0.7500
v 8.1144 -2.5047 -0.7500
v 8.3815 -2.5047 -0.7500
v 8.4004 -2.5044 -0.7500
v 8.4189 -2.5032 -0.7500
v 8.4366 -2.5018 -0.7500
v 8.4537 -2.4997 -0.7500
v 8.4702 -2.4971 -0.7500
v 8.4861 -2.4935 -0.7500
v 8.5014 -2.4897 -0.7500
v 8.5158 -2.4850 -0.7500
v 8.5297 -2.4797 -0.7500
v 8.5429 -2.4741 -0.7500
v 8.5556 -2.4676 -0.7500
v 8.5676 -2.4602 -0.7500
v 8.5794 -2.4526 -0.7500
v 8.5903 -2.4440 -0.7500
v 8.6009 -2.4349 -0.7500
v 8.6112 -2.4249 -0.7500
v 8.6209 -2.4146 -0.7500
v 8.6301 -2.4034 -0.7500
v 8.6386 -2.3913 -0.7500
v 8.6466 -2.3790 -0.7500
v 8.6542 -2.3657 -0.7500
v 8.6616 -2.3516 -0.7500
v 8.6686 -2.3369 -0.7500
v 8.6751 -2.3215 -0.7500
v 8.6813 -2.3053 -0.7500
v 8.6872 -2.2886 -0.7500
v 8.6928 -2.2709 -0.7500
v 8.6978 -2.2526 -0.7500
v 8.7025 -2.2335 -0.7500
v 8.7069 -2.2138 -0.7500
v 8.7111 -2.1929 -0.7500
v 8.7140 -2.1728 -0.7500
v 8.7164 -2.1537 -0.7500
v 8.7178 -2.1354 -0.7500
v 8.7181 -2.1178 -0.7500
v 8.7178 -2.1010 -0.7500
v 8.7166 -2.0851 -0.7500
v 8.7146 -2.0698 -0.7500
v 8.7116 -2.0553 -0.7500
v 8.7078 -2.0418 -0.7500
v 8.7034 -2.0291 -0.7500
v 8.6981 -2.0171 -0.7500
v 8.6922 -2.0056 -0.7500
v 8.6854 -1.9950 -0.7500
v 8.6781 -1.9850 -0.7500
v 8.6701 -1.9755 -0.7500
v 8.6616 -1.9670 -0.7500
v 8.6522 -1.9593 -0.7500
v 8.6419 -1.9523 -0.7500
v 8.6313 -1.9458 -0.7500
v 8.6198 -1.9402 -0.7500
v 8.6077 -1.9349 -0.7500
v 8.5953 -1.9305 -0.7500
v 8.5824 -1.9266 -0.7500
v 8.5688 -1.9231 -0.7500
v 8.5550 -1.9205 -0.7500
v 8.5406 -1.9184 -0.7500
v 8.5255 -1.9169 -0.7500
v 8.5099 -1.9160 -0.7500
v 8.4940 -1.9157 -0.7500
v 8.2387 -1.9157 -0.7500
v 8.3621 -2.0291 -0.7500
v 8.4619 -2.0291 -0.7500
v 8.4731 -2.0297 -0.7500
v 8.4837 -2.0306 -0.7500
v 8.4937 -2.0315 -0.7500
v 8.5029 -2.0330 -0.7500
v 8.5117 -2.0347 -0.7500
v 8.5193 -2.0368 -0.7500
v 8.5267 -2.0391 -0.7500
v 8.5332 -2.0421 -0.7500
v 8.5391 -2.0450 -0.7500
v 8.5447 -2.0486 -0.7500
v 8.5494 -2.0524 -0.7500
v 8.5538 -2.0568 -0.7500
v 8.5576 -2.0615 -0.7500
v 8.5609 -2.0671 -0.7500
v 8.5635 -2.0727 -0.7500
v 8.5659 -2.0792 -0.7500
v 8.5676 -2.0860 -0.7500
v 8.5691 -2.0930 -0.7500
v 8.5697 -2.1007 -0.7500
v 8.5703 -2.1092 -0.7500
v 8.5703 -2.1181 -0.7500
v 8.5697 -2.1278 -0.7500
v 8.5691 -2.1381 -0.7500
v 8.5679 -2.1490 -0.7500
v 8.5665 -2.1605 -0.7500
v 8.5647 -2.1728 -0.7500
v 8.5626 -2.1858 -0.7500
v 8.5600 -2.1993 -0.7500
v 8.5570 -2.2138 -0.7500
v 8.5538 -2.2279 -0.7500
v 8.5506 -2.2414 -0.7500
v 8.5470 -2.2541 -0.7500
v 8.5435 -2.2662 -0.7500
v 8.5397 -2.2777 -0.7500
v 8.5358 -2.2883 -0.7500
v 8.5320 -2.2983 -0.7500
v 8.5279 -2.3077 -0.7500
v 8.5235 -2.3165 -0.7500
v 8.5191 -2.3245 -0.7500
v 8.5143 -2.3319 -0.7500
v 8.5096 -2.3389 -0.7500
v 8.5046 -2.3454 -0.7500
v 8.4993 -2.3513 -0.7500
v 8.4937 -2.3569 -0.7500
v 8.4878 -2.3619 -0.7500
v 8.4817 -2.3663 -0.7500
v 8.4755 -2.3704 -0.7500
v 8.4687 -2.3740 -0.7500
v 8.4619 -2.3769 -0.7500
v 8.4549 -2.3799 -0.7500
v 8.4472 -2.3822 -0.7500
v 8.4392 -2.3843 -0.7500
v 8.4310 -2.3860 -0.7500
v 8.4225 -2.3875 -0.7500
v 8.4133 -2.3890 -0.7500
v 8.4039 -2.3899 -0.7500
v 8.3939 -2.3907 -0.7500
v 8.3839 -2.3910 -0.7500
v 8.3733 -2.3913 -0.7500
v 8.2855 -2.3913 -0.7500
v 8.2855 -2.3913 -0.7500
v 8.3621 -2.0291 -0.7500
v 8.3621 -2.0291 0.7500
v 8.2855 -2.3913 0.7500
v 8.5703 -2.1181 -0.7500
v 8.5697 -2.1278 -0.7500
v 8.5697 -2.1278 0.7500
v 8.5703 -2.1181 0.7500
v 8.5697 -2.1278 -0.7500
v 8.5691 -2.1381 -0.7500
v 8.5691 -2.1381 0.7500
v 8.5697 -2.1278 0.7500
v 8.3733 -2.3913 -0.7500
v 8.2855 -2.3913 -0.7500
v 8.2855 -2.3913 0.7500
v 8.3733 -2.3913 0.7500
v 8.1144 -2.5047 -0.7500
v 8.3815 -2.5047 -0.7500
v 8.3815 -2.5047 0.7500
v 8.1144 -2.5047 0.7500
v 8.3815 -2.5047 -0.7500
v 8.4004 -2.5044 -0.7500
v 8.4004 -2.5044 0.7500
v 8.3815 -2.5047 0.7500
v 8.4004 -2.5044 -0.7500
v 8.4189 -2.5032 -0.7500
v 8.4189 -2.5032 0.7500
v 8.4004 -2.5044 0.7500
v 8.4189 -2.5032 -0.7500
v 8.4366 -2.5018 -0.7500
v 8.4366 -2.5018 0.7500
v 8.4189 -2.5032 0.7500
v 8.4366 -2.5018 -0.7500
v 8.4537 -2.4997 -0.7500
v 8.4537 -2.4997 0.7500
v 8.4366 -2.5018 0.7500
v 8.4537 -2.4997 -0.7500
v 8.4702 -2.4971 -0.7500
v 8.4702 -2.4971 0.7500
v 8.4537 -2.4997 0.7500
v 8.4702 -2.4971 -0.7500
v 8.4861 -2.4935 -0.7500
v 8.4861 -2.4935 0.7500
v 8.4702 -2.4971 0.7500
v 8.4861 -2.4935 -0.7500
v 8.5014 -2.4897 -0.7500
v 8.5014 -2.4897 0.7500
v 8.4861 -2.4935 0.7500
v 8.5014 -2.4897 -0.7500
v 8.5158 -2.4850 -0.7500
v 8.5158 -2.4850 0.7500
v 8.5014 -2.4897 0.7500
v 8.5158 -2.4850 -0.7500
v 8.5297 -2.4797 -0.7500
v 8.5297 -2.4797 0.7500
v 8.5158 -2.4850 0.7500
v 8.5297 -2.4797 -0.7500
v 8.5429 -2.4741 -0.7500
v 8.5429 -2.4741 0.7500
v 8.5297 -2.4797 0.7500
v 8.5429 -2.4741 -0.7500
v 8.5556 -2.4676 -0.7500
v 8.5556 -2.4676 0.7500
v 8.5429 -2.4741 0.7500
v 8.5556 -2.4676 -0.7500
v 8.5676 -2.4602 -0.7500
v 8.5676 -2.4602 0.7500
v 8.5556 -2.4676 0.7500
v 8.5676 -2.4602 -0.7500
v 8.5794 -2.4526 -0.7500
v 8.5794 -2.4526 0.7500
v 8.5676 -2.4602 0.7500
v 8.5794 -2.4526 -0.7500
v 8.5903 -2.4440 -0.7500
v 8.5903 -2.4440 0.7500
v 8.5794 -2.4526 0.7500
v 8.5903 -2.4440 -0.7500
v 8.6009 -2.4349 -0.7500
v 8.6009 -2.4349 0.7500
v 8.5903 -2.4440 0.7500
v 8.6009 -2.4349 -0.7500
v 8.6112 -2.4249 -0.7500
v 8.6112 -2.4249 0.7500
v 8.6009 -2.4349 0.7500
v 8.6112 -2.4249 -0.7500
v 8.6209 -2.4146 -0.7500
v 8.6209 -2.4146 0.7500
v 8.6112 -2.4249 0.7500
v 8.6209 -2.4146 -0.7500
v 8.6301 -2.4034 -0.7500
v 8.6301 -2.4034 0.7500
v 8.6209 -2.4146 0.7500
v 8.6301 -2.4034 -0.7500
v 8.6386 -2.3913 -0.7500
v 8.6386 -2.3913 0.7500
v 8.6301 -2.4034 0.7500
v 8.6386 -2.3913 -0.7500
v 8.6466 -2.3790 -0.7500
v 8.6466 -2.3790 0.7500
v 8.6386 -2.3913 0.7500
v 8.6466 -2.3790 -0.7500
v 8.6542 -2.3657 -0.7500
v 8.6542 -2.3657 0.7500
v 8.6466 -2.3790 0.7500
v 8.6542 -2.3657 -0.7500
v 8.6616 -2.3516 -0.7500
v 8.6616 -2.3516 0.7500
v 8.6542 -2.3657 0.7500
v 8.6616 -2.3516 -0.7500
v 8.6686 -2.3369 -0.7500
v 8.6686 -2.3369 0.7500
v 8.6616 -2.3516 0.7500
v 8.6686 -2.3369 -0.7500
v 8.6751 -2.3215 -0.7500
v 8.6751 -2.3215 0.7500
v 8.6686 -2.3369 0.7500
v 8.6751 -2.3215 -0.7500
v 8.6813 -2.3053 -0.7500
v 8.6813 -2.3053 0.7500
v 8.6751 -2.3215 0.7500
v 8.6813 -2.3053 -0.7500
v 8.6872 -2.2886 -0.7500
v 8.6872 -2.2886 0.7500
v 8.6813 -2.3053 0.7500
v 8.6872 -2.2886 -0.7500
v 8.6928 -2.2709 -0.7500
v 8.6928 -2.2709 0.7500
v 8.6872 -2.2886 0.7500
v 8.6928 -2.2709 -0.7500
v 8.6978 -2.2526 -0.7500
v 8.6978 -2.2526 0.7500
v 8.6928 -2.2709 0.7500
v 8.6978 -2.2526 -0.7500
v 8.7025 -2.2335 -0.7500
v 8.7025 -2.2335 0.7500
v 8.6978 -2.2526 0.7500
v 8.7025 -2.2335 -0.7500
v 8.7069 -2.2138 -0.7500
v 8.7069 -2.2138 0.7500
v 8.7025 -2.2335 0.7500
v 8.7069 -2.2138 -0.7500
v 8.7111 -2.1929 -0.7500
v 8.7111 -2.1929 0.7500
v 8.7069 -2.2138 0.7500
v 8.7111 -2.1929 -0.7500
v 8.7140 -2.1728 -0.7500
v 8.7140 -2.1728 0.7500
v 8.7111 -2.1929 0.7500
v 8.7140 -2.1728 -0.7500
v 8.7164 -2.1537 -0.7500
v 8.7164 -2.1537 0.7500
v 8.7140 -2.1728 0.7500
v 8.7164 -2.1537 -0.7500
v 8.7178 -2.1354 -0.7500
v 8.7178 -2.1354 0.7500
v 8.7164 -2.1537 0.7500
v 8.7178 -2.1354 -0.7500
v 8.7181 -2.1178 -0.7500
v 8.7181 -2.1178 0.7500
v 8.7178 -2.1354 0.7500
v 8.7181 -2.1178 -0.7500
v 8.7178 -2.1010 -0.7500
v 8.7178 -2.1010 0.7500
v 8.7181 -2.1178 0.7500
v 8.7178 -2.1010 -0.7500
v 8.7166 -2.0851 -0.7500
v 8.7166 -2.0851 0.7500
v 8.7178 -2.1010 0.7500
v 8.7166 -2.0851 -0.7500
v 8.7146 -2.0698 -0.7500
v 8.7146 -2.0698 0.7500
v 8.7166 -2.0851 0.7500
v 8.7146 -2.0698 -0.7500
v 8.7116 -2.0553 -0.7500
v 8.7116 -2.0553 0.7500
v 8.7146 -2.0698 0.7500
v 8.7116 -2.0553 -0.7500
v 8.7078 -2.0418 -0.7500
v 8.7078 -2.0418 0.7500
v 8.7116 -2.0553 0.7500
v 8.7078 -2.0418 -0.7500
v 8.7034 -2.0291 -0.7500
v 8.7034 -2.0291 0.7500
v 8.7078 -2.0418 0.7500
v 8.7034 -2.0291 -0.7500
v 8.6981 -2.0171 -0.7500
v 8.6981 -2.0171 0.7500
v 8.7034 -2.0291 0.7500
v 8.6981 -2.0171 -0.7500
v 8.6922 -2.0056 -0.7500
v 8.6922 -2.0056 0.7500
v 8.6981 -2.0171 0.7500
v 8.6922 -2.0056 -0.7500
v 8.6854 -1.9950 -0.7500
v 8.6854 -1.9950 0.7500
v 8.6922 -2.0056 0.7500
v 8.6854 -1.9950 -0.7500
v 8.6781 -1.9850 -0.7500
v 8.6781 -1.9850 0.7500
v 8.6854 -1.9950 0.7500
v 8.6781 -1.9850 -0.7500
v 8.6701 -1.9755 -0.7500
v 8.6701 -1.9755 0.7500
v 8.6781 -1.9850 0.7500
v 8.6701 -1.9755 -0.7500
v 8.6616 -1.9670 -0.7500
v 8.6616 -1.9670 0.7500
v 8.6701 -1.9755 0.7500
v 8.6616 -1.9670 -0.7500
v 8.6522 -1.9593 -0.7500
v 8.6522 -1.9593 0.7500
v 8.6616 -1.9670 0.7500
v 8.6522 -1.9593 -0.7500
v 8.6419 -1.9523 -0.7500
v 8.6419 -1.9523 0.7500
v 8.6522 -1.9593 0.7500
v 8.6419 -1.9523 -0.7500
v 8.6313 -1.9458 -0.7500
v 8.6313 -1.9458 0.7500
v 8.6419 -1.9523 0.7500
v 8.6313 -1.9458 -0.7500
v 8.6198 -1.9402 -0.7500
v 8.6198 -1.9402 0.7500
v 8.6313 -1.9458 0.7500
v 8.6198 -1.9402 -0.7500
v 8.6077 -1.9349 -0.7500
v 8.6077 -1.9349 0.7500
v 8.6198 -1.9402 0.7500
v 8.6077 -1.9349 -0.7500
v 8.5953 -1.9305 -0.7500
v 8.5953 -1.9305 0.7500
v 8.6077 -1.9349 0.7500
v 8.5953 -1.9305 -0.7500
v 8.5824 -1.9266 -0.7500
v 8.5824 -1.9266 0.7500
v 8.5953 -1.9305 0.7500
v 8.5824 -1.9266 -0.7500
v 8.5688 -1.9231 -0.7500
v 8.5688 -1.9231 0.7500
v 8.5824 -1.9266 0.7500
v 8.5688 -1.9231 -0.7500
v 8.5550 -1.9205 -0.7500
v 8.5550 -1.9205 0.7500
v 8.5688 -1.9231 0.7500
v 8.5550 -1.9205 -0.7500
v 8.5406 -1.9184 -0.7500
v 8.5406 -1.9184 0.7500
v 8.5550 -1.9205 0.7500
v 8.5406 -1.9184 -0.7500
v 8.5255 -1.9169 -0.7500
v 8.5255 -1.9169 0.7500
v 8.5406 -1.9184 0.7500
v 8.5255 -1.9169 -0.7500
v 8.5099 -1.9160 -0.7500
v 8.5099 -1.9160 0.7500
v 8.5255 -1.9169 0.7500
v 8.5099 -1.9160 -0.7500
v 8.4940 -1.9157 -0.7500
v 8.4940 -1.9157 0.7500
v 8.5099 -1.9160 0.7500
v 8.4940 -1.9157 -0.7500
v 8.2387 -1.9157 -0.7500
v 8.2387 -1.9157 0.7500
v 8.4940 -1.9157 0.7500
v 8.2387 -1.9157 -0.7500
v 8.1144 -2.5047 -0.7500
v 8.1144 -2.5047 0.7500
v 8.2387 -1.9157 0.7500
v 8.3839 -2.3910 -0.7500
v 8.3733 -2.3913 -0.7500
v 8.3733 -2.3913 0.7500
v 8.3839 -2.3910 0.7500
v 8.3939 -2.3907 -0.7500
v 8.3839 -2.3910 -0.7500
v 8.3839 -2.3910 0.7500
v 8.3939 -2.3907 0.7500
v 8.4039 -2.3899 -0.7500
v 8.3939 -2.3907 -0.7500
v 8.3939 -2.3907 0.7500
v 8.4039 -2.3899 0.7500
v 8.4133 -2.3890 -0.7500
v 8.4039 -2.3899 -0.7500
v 8.4039 -2.3899 0.7500
v 8.4133 -2.3890 0.7500
v 8.3621 -2.0291 -0.7500
v 8.4619 -2.0291 -0.7500
v 8.4619 -2.0291 0.7500
v 8.3621 -2.0291 0.7500
v 8.4225 -2.3875 -0.7500
v 8.4133 -2.3890 -0.7500
v 8.4133 -2.3890 0.7500
v 8.4225 -2.3875 0.7500
v 8.4619 -2.0291 -0.7500
v 8.4731 -2.0297 -0.7500
v 8.4731 -2.0297 0.7500
v 8.4619 -2.0291 0.7500
v 8.4310 -2.3860 -0.7500
v 8.4225 -2.3875 -0.7500
v 8.4225 -2.3875 0.7500
v 8.4310 -2.3860 0.7500
v 8.4731 -2.0297 -0.7500
v 8.4837 -2.0306 -0.7500
v 8.4837 -2.0306 0.7500
v 8.4731 -2.0297 0.7500
v 8.4392 -2.3843 -0.7500
v 8.4310 -2.3860 -0.7500
v 8.4310 -2.3860 0.7500
v 8.4392 -2.3843 0.7500
v 8.4837 -2.0306 -0.7500
v 8.4937 -2.0315 -0.7500
v 8.4937 -2.0315 0.7500
v 8.4837 -2.0306 0.7500
v 8.4472 -2.3822 -0.7500
v 8.4392 -2.3843 -0.7500
v 8.4392 -2.3843 0.7500
v 8.4472 -2.3822 0.7500
v 8.4937 -2.0315 -0.7500
v 8.5029 -2.0330 -0.7500
v 8.5029 -2.0330 0.7500
v 8.4937 -2.0315 0.7500
v 8.4549 -2.3799 -0.7500
v 8.4472 -2.3822 -0.7500
v 8.4472 -2.3822 0.7500
v 8.4549 -2.3799 0.7500
v 8.5029 -2.0330 -0.7500
v 8.5117 -2.0347 -0.7500
v 8.5117 -2.0347 0.7500
v 8.5029 -2.0330 0.7500
v 8.5117 -2.0347 -0.7500
v 8.5193 -2.0368 -0.7500
v 8.5193 -2.0368 0.7500
v 8.5117 -2.0347 0.7500
v 8.4619 -2.3769 -0.7500
v 8.4549 -2.3799 -0.7500
v 8.4549 -2.3799 0.7500
v 8.4619 -2.3769 0.7500
v 8.5193 -2.0368 -0.7500
v 8.5267 -2.0391 -0.7500
v 8.5267 -2.0391 0.7500
v 8.5193 -2.0368 0.7500
v 8.4687 -2.3740 -0.7500
v 8.4619 -2.3769 -0.7500
v 8.4619 -2.3769 0.7500
v 8.4687 -2.3740 0.7500
v 8.5267 -2.0391 -0.7500
v 8.5332 -2.0421 -0.7500
v 8.5332 -2.0421 0.7500
v 8.5267 -2.0391 0.7500
v 8.4755 -2.3704 -0.7500
v 8.4687 -2.3740 -0.7500
v 8.4687 -2.3740 0.7500
v 8.4755 -2.3704 0.7500
v 8.5332 -2.0421 -0.7500
v 8.5391 -2.0450 -0.7500
v 8.5391 -2.0450 0.7500
v 8.5332 -2.0421 0.7500
v 8.4817 -2.3663 -0.7500
v 8.4755 -2.3704 -0.7500
v 8.4755 -2.3704 0.7500
v 8.4817 -2.3663 0.7500
v 8.5391 -2.0450 -0.7500
v 8.5447 -2.0486 -0.7500
v 8.5447 -2.0486 0.7500
v 8.5391 -2.0450 0.7500
v 8.4878 -2.3619 -0.7500
v 8.4817 -2.3663 -0.7500
v 8.4817 -2.3663 0.7500
v 8.4878 -2.3619 0.7500
v 8.5447 -2.0486 -0.7500
v 8.5494 -2.0524 -0.7500
v 8.5494 -2.0524 0.7500
v 8.5447 -2.0486 0.7500
v 8.4937 -2.3569 -0.7500
v 8.4878 -2.3619 -0.7500
v 8.4878 -2.3619 0.7500
v 8.4937 -2.3569 0.7500
v 8.5494 -2.0524 -0.7500
v 8.5538 -2.0568 -0.7500
v 8.5538 -2.0568 0.7500
v 8.5494 -2.0524 0.7500
v 8.4993 -2.3513 -0.7500
v 8.4937 -2.3569 -0.7500
v 8.4937 -2.3569 0.7500
v 8.4993 -2.3513 0.7500
v 8.5538 -2.0568 -0.7500
v 8.5576 -2.0615 -0.7500
v 8.5576 -2.0615 0.7500
v 8.5538 -2.0568 0.7500
v 8.5046 -2.3454 -0.7500
v 8.4993 -2.3513 -0.7500
v 8.4993 -2.3513 0.7500
v 8.5046 -2.3454 0.7500
v 8.5576 -2.0615 -0.7500
v 8.5609 -2.0671 -0.7500
v 8.5609 -2.0671 0.7500
v 8.5576 -2.0615 0.7500
v 8.5096 -2.3389 -0.7500
v 8.5046 -2.3454 -0.7500
v 8.5046 -2.3454 0.7500
v 8.5096 -2.3389 0.7500
v 8.5609 -2.0671 -0.7500
v 8.5635 -2.0727 -0.7500
v 8.5635 -2.0727 0.7500
v 8.5609 -2.0671 0.7500
v 8.5143 -2.3319 -0.7500
v 8.5096 -2.3389 -0.7500
v 8.5096 -2.3389 0.7500
v 8.5143 -2.3319 0.7500
v 8.5635 -2.0727 -0.7500
v 8.5659 -2.0792 -0.7500
v 8.5659 -2.0792 0.7500
v 8.5635 -2.0727 0.7500
v 8.5191 -2.3245 -0.7500
v 8.5143 -2.3319 -0.7500
v 8.5143 -2.3319 0.7500
v 8.5191 -2.3245 0.7500
v 8.5659 -2.0792 -0.7500
v 8.5676 -2.0860 -0.7500
v 8.5676 -2.0860 0.7500
v 8.5659 -2.0792 0.7500
v 8.5235 -2.3165 -0.7500
v 8.5191 -2.3245 -0.7500
v 8.5191 -2.3245 0.7500
v 8.5235 -2.3165 0.7500
v 8.5676 -2.0860 -0.7500
v 8.5691 -2.0930 -0.7500
v 8.5691 -2.0930 0.7500
v 8.5676 -2.0860 0.7500
v 8.5279 -2.3077 -0.7500
v 8.5235 -2.3165 -0.7500
v 8.5235 -2.3165 0.7500
v 8.5279 -2.3077 0.7500
v 8.5320 -2.2983 -0.7500
v 8.5279 -2.3077 -0.7500
v 8.5279 -2.3077 0.7500
v 8.5320 -2.2983 0.7500
v 8.5691 -2.0930 -0.7500
v 8.5697 -2.1007 -0.7500
v 8.5697 -2.1007 0.7500
v 8.5691 -2.0930 0.7500
v 8.5358 -2.2883 -0.7500
v 8.5320 -2.2983 -0.7500
v 8.5320 -2.2983 0.7500
v 8.5358 -2.2883 0.7500
v 8.5697 -2.1007 -0.7500
v 8.5703 -2.1092 -0.7500
v 8.5703 -2.1092 0.7500
v 8.5697 -2.1007 0.7500
v 8.5397 -2.2777 -0.7500
v 8.5358 -2.2883 -0.7500
v 8.5358 -2.2883 0.7500
v 8.5397 -2.2777 0.7500
v 8.5703 -2.1092 -0.7500
v 8.5703 -2.1181 -0.7500
v 8.5703 -2.1181 0.7500
v 8.5703 -2.1092 0.7500
v 8.5435 -2.2662 -0.7500
v 8.5397 -2.2777 -0.7500
v 8.5397 -2.2777 0.7500
v 8.5435 -2.2662 0.7500
v 8.5470 -2.2541 -0.7500
v 8.5435 -2.2662 -0.7500
v 8.5435 -2.2662 0.7500
v 8.5470 -2.2541 0.7500
v 8.5691 -2.1381 -0.7500
v 8.5679 -2.1490 -0.7500
v 8.5679 -2.1490 0.7500
v 8.5691 -2.1381 0.7500
v 8.5506 -2.2414 -0.7500
v 8.5470 -2.2541 -0.7500
v 8.5470 -2.2541 0.7500
v 8.5506 -2.2414 0.7500
v 8.5679 -2.1490 -0.7500
v 8.5665 -2.1605 -0.7500
v 8.5665 -2.1605 0.7500
v 8.5679 -2.1490 0.7500
v 8.5538 -2.2279 -0.7500
v 8.5506 -2.2414 -0.7500
v 8.5506 -2.2414 0.7500
v 8.5538 -2.2279 0.7500
v 8.5665 -2.1605 -0.7500
v 8.5647 -2.1728 -0.7500
v 8.5647 -2.1728 0.7500
v 8.5665 -2.1605 0.7500
v 8.5570 -2.2138 -0.7500
v 8.5538 -2.2279 -0.7500
v 8.5538 -2.2279 0.7500
v 8.5570 -2.2138 0.7500
v 8.5647 -2.1728 -0.7500
v 8.5626 -2.1858 -0.7500
v 8.5626 -2.1858 0.7500
v 8.5647 -2.1728 0.7500
v 8.5600 -2.1993 -0.7500
v 8.5570 -2.2138 -0.7500
v 8.5570 -2.2138 0.7500
v 8.5600 -2.1993 0.7500
v 8.5626 -2.1858 -0.7500
v 8.5600 -2.1993 -0.7500
v 8.5600 -2.1993 0.7500
v 8.5626 -2.1858 0.7500
f 4037 4161 4100
f 4122 4123 4124
f 4160 4161 4037
f 4037 4038 4039
f 4039 4040 4041
f 4041 4042 4043
f 4043 4044 4045
f 4045 4046 4047
f 4047 4048 4049
f 4049 4050 4051
f 4051 4052 4053
f 4053 4054 4055
f 4055 4056 4057
f 4057 4058 4059
f 4059 4060 4061
f 4061 4062 4063
f 4063 4064 4065
f 4065 4066 4067
f 4067 4068 4069
f 4069 4070 4071
f 4071 4072 4073
f 4073 4074 4075
f 4075 4076 4077
f 4077 4078 4079
f 4079 4080 4081
f 4081 4082 4083
f 4083 4084 4085
f 4085 4086 4087
f 4087 4088 4089
f 4089 4090 4091
f 4091 4092 4093
f 4093 4094 4095
f 4095 4096 4097
f 4097 4098 4099
f 4099 4037 4100
f 4159 4160 4037
f 4037 4039 4041
f 4041 4043 4045
f 4045 4047 4049
f 4049 4051 4053
f 4053 4055 4057
f 4057 4059 4061
f 4061 4063 4065
f 4065 4067 4069
f 4069 4071 4073
f 4073 4075 4077
f 4077 4079 4081
f 4081 4083 4085
f 4085 4087 4089
f 4089 4091 4093
f 4093 4095 4097
f 4097 4099 4100
f 4158 4159 4037
f 4037 4041 4045
f 4045 4049 4053
f 4053 4057 4061
f 4061 4065 4069
f 4069 4073 4077
f 4077 4081 4085
f 4085 4089 4093
f 4093 4097 4100
f 4157 4158 4037
f 4037 4045 4053
f 4053 4061 4069
f 4069 4077 4085
f 4085 4093 4100
f 4156 4157 4037
f 4053 4069 4085
f 4085 4100 4101
f 4155 4156 4037
f 4085 4101 4102
f 4154 4155 4037
f 4085 4102 4103
f 4153 4154 4037
f 4085 4103 4104
f 4152 4153 4037
f 4085 4104 4105
f 4151 4152 4037
f 4085 4105 4106
f 4151 4037 4053
f 4085 4106 4107
f 4150 4151 4053
f 4085 4107 4108
f 4149 4150 4053
f 4085 4108 4109
f 4148 4149 4053
f 4085 4109 4110
f 4147 4148 4053
f 4085 4110 4111
f 4146 4147 4053
f 4085 4111 4112
f 4145 4146 4053
f 4085 4112 4113
f 4144 4145 4053
f 4085 4113 4114
f 4143 4144 4053
f 4085 4114 4115
f 4142 4143 4053
f 4085 4115 4116
f 4141 4142 4053
f 4085 4116 4117
f 4140 4141 4053
f 4085 4117 4118
f 4139 4140 4053
f 4085 4118 4119
f 4138 4139 4053
f 4053 4085 4119
f 4137 4138 4053
f 4053 4119 4120
f 4136 4137 4053
f 4053 4120 4121
f 4135 4136 4053
f 4053 4121 4122
f 4134 4135 4053
f 4053 4122 4124
f 4133 4134 4053
f 4053 4124 4125
f 4132 4133 4053
f 4053 4125 4126
f 4131 4132 4053
f 4053 4126 4127
f 4130 4131 4053
f 4053 4127 4128
f 4129 4130 4053
f 4053 4128 4129
f 4162 4225 4286
f 4247 4249 4248
f 4285 4162 4286
f 4162 4164 4163
f 4164 4166 4165
f 4166 4168 4167
f 4168 4170 4169
f 4170 4172 4171
f 4172 4174 4173
f 4174 4176 4175
f 4176 4178 4177
f 4178 4180 4179
f 4180 4182 4181
f 4182 4184 4183
f 4184 4186 4185
f 4186 4188 4187
f 4188 4190 4189
f 4190 4192 4191
f 4192 4194 4193
f 4194 4196 4195
f 4196 4198 4197
f 4198 4200 4199
f 4200 4202 4201
f 4202 4204 4203
f 4204 4206 4205
f 4206 4208 4207
f 4208 4210 4209
f 4210 4212 4211
f 4212 4214 4213
f 4214 4216 4215
f 4216 4218 4217
f 4218 4220 4219
f 4220 4222 4221
f 4222 4224 4223
f 4224 4225 4162
f 4284 4162 4285
f 4162 4166 4164
f 4166 4170 4168
f 4170 4174 4172
f 4174 4178 4176
f 4178 4182 4180
f 4182 4186 4184
f 4186 4190 4188
f 4190 4194 4192
f 4194 4198 4196
f 4198 4202 4200
f 4202 4206 4204
f 4206 4210 4208
f 4210 4214 4212
f 4214 4218 4216
f 4218 4222 4220
f 4222 4225 4224
f 4283 4162 4284
f 4162 4170 4166
f 4170 4178 4174
f 4178 4186 4182
f 4186 4194 4190
f 4194 4202 4198
f 4202 4210 4206
f 4210 4218 4214
f 4218 4225 4222
f 4282 4162 4283
f 4162 4178 4170
f 4178 4194 4186
f 4194 4210 4202
f 4210 4225 4218
f 4281 4162 4282
f 4178 4210 4194
f 4210 4226 4225
f 4280 4162 4281
f 4210 4227 4226
f 4279 4162 4280
f 4210 4228 4227
f 4278 4162 4279
f 4210 4229 4228
f 4277 4162 4278
f 4210 4230 4229
f 4276 4162 4277
f 4210 4231 4230
f 4276 4178 4162
f 4210 4232 4231
f 4275 4178 4276
f 4210 4233 4232
f 4274 4178 4275
f 4210 4234 4233
f 4273 4178 4274
f 4210 4235 4234
f 4272 4178 4273
f 4210 4236 4235
f 4271 4178 4272
f 4210 4237 4236
f 4270 4178 4271
f 4210 4238 4237
f 4269 4178 4270
f 4210 4239 4238
f 4268 4178 4269
f 4210 4240 4239
f 4267 4178 4268
f 4210 4241 4240
f 4266 4178 4267
f 4210 4242 4241
f 4265 4178 4266
f 4210 4243 4242
f 4264 4178 4265
f 4210 4244 4243
f 4263 4178 4264
f 4178 4244 4210
f 4262 4178 4263
f 4178 4245 4244
f 4261 4178 4262
f 4178 4246 4245
f 4260 4178 4261
f 4178 4247 4246
f 4259 4178 4260
f 4178 4249 4247
f 4258 4178 4259
f 4178 4250 4249
f 4257 4178 4258
f 4178 4251 4250
f 4256 4178 4257
f 4178 4252 4251
f 4255 4178 4256
f 4178 4253 4252
f 4254 4178 4255
f 4178 4254 4253
f 4287 4288 4289
f 4287 4289 4290
f 4291 4292 4293
f 4291 4293 4294
f 4295 4296 4297
f 4295 4297 4298
f 4299 4300 4301
f 4299 4301 4302
f 4303 4304 4305
f 4303 4305 4306
f 4307 4308 4309
f 4307 4309 4310
f 4311 4312 4313
f 4311 4313 4314
f 4315 4316 4317
f 4315 4317 4318
f 4319 4320 4321
f 4319 4321 4322
f 4323 4324 4325
f 4323 4325 4326
f 4327 4328 4329
f 4327 4329 4330
f 4331 4332 4333
f 4331 4333 4334
f 4335 4336 4337
f 4335 4337 4338
f 4339 4340 4341
f 4339 4341 4342
f 4343 4344 4345
f 4343 4345 4346
f 4347 4348 4349
f 4347 4349 4350
f 4351 4352 4353
f 4351 4353 4354
f 4355 4356 4357
f 4355 4357 4358
f 4359 4360 4361
f 4359 4361 4362
f 4363 4364 4365
f 4363 4365 4366
f 4367 4368 4369
f 4367 4369 4370
f 4371 4372 4373
f 4371 4373 4374
f 4375 4376 4377
f 4375 4377 4378
f 4379 4380 4381
f 4379 4381 4382
f 4383 4384 4385
f 4383 4385 4386
f 4387 4388 4389
f 4387 4389 4390
f 4391 4392 4393
f 4391 4393 4394
f 4395 4396 4397
f 4395 4397 4398
f 4399 4400 4401
f 4399 4401 4402
f 4403 4404 4405
f 4403 4405 4406
f 4407 4408 4409
f 4407 4409 4410
f 4411 4412 4413
f 4411 4413 4414
f 4415 4416 4417
f 4415 4417 4418
f 4419 4420 4421
f 4419 4421 4422
f 4423 4424 4425
f 4423 4425 4426
f 4427 4428 4429
f 4427 4429 4430
f 4431 4432 4433
f 4431 4433 4434
f 4435 4436 4437
f 4435 4437 4438
f 4439 4440 4441
f 4439 4441 4442
f 4443 4444 4445
f 4443 4445 4446
f 4447 4448 4449
f 4447 4449 4450
f 4451 4452 4453
f 4451 4453 4454
f 4455 4456 4457
f 4455 4457 4458
f 4459 4460 4461
f 4459 4461 4462
f 4463 4464 4465
f 4463 4465 4466
f 4467 4468 4469
f 4467 4469 4470
f 4471 4472 4473
f 4471 4473 4474
f 4475 4476 4477
f 4475 4477 4478
f 4479 4480 4481
f 4479 4481 4482
f 4483 4484 4485
f 4483 4485 4486
f 4487 4488 4489
f 4487 4489 4490
f 4491 4492 4493
f 4491 4493 4494
f 4495 4496 4497
f 4495 4497 4498
f 4499 4500 4501
f 4499 4501 4502
f 4503 4504 4505
f 4503 4505 4506
f 4507 4508 4509
f 4507 4509 4510
f 4511 4512 4513
f 4511 4513 4514
f 4515 4516 4517
f 4515 4517 4518
f 4519 4520 4521
f 4519 4521 4522
f 4523 4524 4525
f 4523 4525 4526
f 4527 4528 4529
f 4527 4529 4530
f 4531 4532 4533
f 4531 4533 4534
f 4535 4536 4537
f 4535 4537 4538
f 4539 4540 4541
f 4539 4541 4542
f 4543 4544 4545
f 4543 4545 4546
f 4547 4548 4549
f 4547 4549 4550
f 4551 4552 4553
f 4551 4553 4554
f 4555 4556 4557
f 4555 4557 4558
f 4559 4560 4561
f 4559 4561 4562
f 4563 4564 4565
f 4563 4565 4566
f 4567 4568 4569
f 4567 4569 4570
f 4571 4572 4573
f 4571 4573 4574
f 4575 4576 4577
f 4575 4577 4578
f 4579 4580 4581
f 4579 4581 4582
f 4583 4584 4585
f 4583 4585 4586
f 4587 4588 4589
f 4587 4589 4590
f 4591 4592 4593
f 4591 4593 4594
f 4595 4596 4597
f 4595 4597 4598
f 4599 4600 4601
f 4599 4601 4602
f 4603 4604 4605
f 4603 4605 4606
f 4607 4608 4609
f 4607 4609 4610
f 4611 4612 4613
f 4611 4613 4614
f 4615 4616 4617
f 4615 4617 4618
f 4619 4620 4621
f 4619 4621 4622
f 4623 4624 4625
f 4623 4625 4626
f 4627 4628 4629
f 4627 4629 4630
f 4631 4632 4633
f 4631 4633 4634
f 4635 4636 4637
f 4635 4637 4638
f 4639 4640 4641
f 4639 4641 4642
f 4643 4644 4645
f 4643 4645 4646
f 4647 4648 4649
f 4647 4649 4650
f 4651 4652 4653
f 4651 4653 4654
f 4655 4656 4657
f 4655 4657 4658
f 4659 4660 4661
f 4659 4661 4662
f 4663 4664 4665
f 4663 4665 4666
f 4667 4668 4669
f 4667 4669 4670
f 4671 4672 4673
f 4671 4673 4674
f 4675 4676 4677
f 4675 4677 4678
f 4679 4680 4681
f 4679 4681 4682
f 4683 4684 4685
f 4683 4685 4686
f 4687 4688 4689
f 4687 4689 4690
f 4691 4692 4693
f 4691 4693 4694
f 4695 4696 4697
f 4695 4697 4698
f 4699 4700 4701
f 4699 4701 4702
f 4703 4704 4705
f 4703 4705 4706
f 4707 4708 4709
f 4707 4709 4710
f 4711 4712 4713
f 4711 4713 4714
f 4715 4716 4717
f 4715 4717 4718
f 4719 4720 4721
f 4719 4721 4722
f 4723 4724 4725
f 4723 4725 4726
f 4727 4728 4729
f 4727 4729 4730
f 4731 4732 4733
f 4731 4733 4734
f 4735 4736 4737
f 4735 4737 4738
f 4739 4740 4741
f 4739 4741 4742
f 4743 4744 4745
f 4743 4745 4746
f 4747 4748 4749
f 4747 4749 4750
f 4751 4752 4753
f 4751 4753 4754
f 4755 4756 4757
f 4755 4757 4758
f 4759 4760 4761
f 4759 4761 4762
f 4763 4764 4765
f 4763 4765 4766
f 4767 4768 4769
f 4767 4769 4770
f 4771 4772 4773
f 4771 4773 4774
f 4775 4776 4777
f 4775 4777 4778
f 4779 4780 4781
f 4779 4781 4782
f 4783 4784 4785
f 4783 4785 4786
v 4.1793 -2.1534 0.7500
v 4.3557 -2.5047 0.7500
v 4.4829 -2.5047 0.7500
v 4.6072 -1.9157 0.7500
v 4.4590 -1.9157 0.7500
v 4.3848 -2.2677 0.7500
v 4.2084 -1.9157 0.7500
v 4.0821 -1.9157 0.7500
v 3.9578 -2.5047 0.7500
v 4.1051 -2.5047 0.7500
v 4.1793 -2.1534 -0.7500
v 4.3557 -2.5047 -0.7500
v 4.4829 -2.5047 -0.7500
v 4.6072 -1.9157 -0.7500
v 4.4590 -1.9157 -0.7500
v 4.3848 -2.2677 -0.7500
v 4.2084 -1.9157 -0.7500
v 4.0821 -1.9157 -0.7500
v 3.9578 -2.5047 -0.7500
v 4.1051 -2.5047 -0.7500
v 3.9578 -2.5047 -0.7500
v 4.1051 -2.5047 -0.7500
v 4.1051 -2.5047 0.7500
v 3.9578 -2.5047 0.7500
v 4.1051 -2.5047 -0.7500
v 4.1793 -2.1534 -0.7500
v 4.1793 -2.1534 0.7500
v 4.1051 -2.5047 0.7500
v 4.1793 -2.1534 -0.7500
v 4.3557 -2.5047 -0.7500
v 4.3557 -2.5047 0.7500
v 4.1793 -2.1534 0.7500
v 4.3557 -2.5047 -0.7500
v 4.4829 -2.5047 -0.7500
v 4.4829 -2.5047 0.7500
v 4.3557 -2.5047 0.7500
v 4.4829 -2.5047 -0.7500
v 4.6072 -1.9157 -0.7500
v 4.6072 -1.9157 0.7500
v 4.4829 -2.5047 0.7500
v 4.6072 -1.9157 -0.7500
v 4.4590 -1.9157 -0.7500
v 4.4590 -1.9157 0.7500
v 4.6072 -1.9157 0.7500
v 4.3848 -2.2677 -0.7500
v 4.2084 -1.9157 -0.7500
v 4.2084 -1.9157 0.7500
v 4.3848 -2.2677 0.7500
v 4.2084 -1.9157 -0.7500
v 4.0821 -1.9157 -0.7500
v 4.0821 -1.9157 0.7500
v 4.2084 -1.9157 0.7500
v 4.0821 -1.9157 -0.7500
v 3.9578 -2.5047 -0.7500
v 3.9578 -2.5047 0.7500
v 4.0821 -1.9157 0.7500
v 4.4590 -1.9157 -0.7500
v 4.3848 -2.2677 -0.7500
v 4.3848 -2.2677 0.7500
v 4.4590 -1.9157 0.7500
f 4795 4796 4787
f 4787 4788 4789
f 4789 4790 4791
f 4792 4793 4794
f 4794 4795 4787
f 4789 4791 4792
f 4792 4794 4787
f 4787 4789 4792
f 4805 4797 4806
f 4797 4799 4798
f 4799 4801 4800
f 4802 4804 4803
f 4804 4797 4805
f 4799 4802 4801
f 4802 4797 4804
f 4797 4802 4799
f 4807 4808 4809
f 4807 4809 4810
f 4811 4812 4813
f 4811 4813 4814
f 4815 4816 4817
f 4815 4817 4818
f 4819 4820 4821
f 4819 4821 4822
f 4823 4824 4825
f 4823 4825 4826
f 4827 4828 4829
f 4827 4829 4830
f 4831 4832 4833
f 4831 4833 4834
f 4835 4836 4837
f 4835 4837 4838
f 4839 4840 4841
f 4839 4841 4842
f 4843 4844 4845
f 4843 4845 4846
v 7.6919 -2.5115 0.7500
v 7.7157 -2.5085 0.7500
v 7.7384 -2.5047 0.7500
v 7.7602 -2.4994 0.7500
v 7.7811 -2.4932 0.7500
v 7.8008 -2.4859 0.7500
v 7.8200 -2.4770 0.7500
v 7.8376 -2.4673 0.7500
v 7.8547 -2.4567 0.7500
v 7.8706 -2.4446 0.7500
v 7.8853 -2.4314 0.7500
v 7.8989 -2.4167 0.7500
v 7.9115 -2.4011 0.7500
v 7.9227 -2.3840 0.7500
v 7.9330 -2.3657 0.7500
v 7.9422 -2.3463 0.7500
v 7.9501 -2.3257 0.7500
v 7.9569 -2.3036 0.7500
v 7.9625 -2.2806 0.7500
v 8.0393 -1.9157 0.7500
v 7.8921 -1.9157 0.7500
v 7.8182 -2.2668 0.7500
v 7.8152 -2.2788 0.7500
v 7.8120 -2.2900 0.7500
v 7.8085 -2.3009 0.7500
v 7.8043 -2.3109 0.7500
v 7.7999 -2.3204 0.7500
v 7.7949 -2.3292 0.7500
v 7.7893 -2.3374 0.7500
v 7.7834 -2.3451 0.7500
v 7.7773 -2.3519 0.7500
v 7.7705 -2.3584 0.7500
v 7.7631 -2.3639 0.7500
v 7.7552 -2.3693 0.7500
v 7.7466 -2.3737 0.7500
v 7.7375 -2.3775 0.7500
v 7.7275 -2.3810 0.7500
v 7.7169 -2.3837 0.7500
v 7.7057 -2.3857 0.7500
v 7.6939 -2.3872 0.7500
v 7.6813 -2.3881 0.7500
v 7.6680 -2.3884 0.7500
v 7.6553 -2.3881 0.7500
v 7.6433 -2.3872 0.7500
v 7.6321 -2.3857 0.7500
v 7.6221 -2.3837 0.7500
v 7.6126 -2.3810 0.7500
v 7.6044 -2.3775 0.7500
v 7.5967 -2.3737 0.7500
v 7.5903 -2.3693 0.7500
v 7.5847 -2.3639 0.7500
v 7.5800 -2.3584 0.7500
v 7.5758 -2.3519 0.7500
v 7.5726 -2.3451 0.7500
v 7.5699 -2.3374 0.7500
v 7.5682 -2.3292 0.7500
v 7.5670 -2.3204 0.7500
v 7.5664 -2.3109 0.7500
v 7.5667 -2.3009 0.7500
v 7.5673 -2.2900 0.7500
v 7.5691 -2.2788 0.7500
v 7.5711 -2.2668 0.7500
v 7.6453 -1.9157 0.7500
v 7.4981 -1.9157 0.7500
v 7.4212 -2.2806 0.7500
v 7.4186 -2.2945 0.7500
v 7.4168 -2.3080 0.7500
v 7.4159 -2.3212 0.7500
v 7.4156 -2.3339 0.7500
v 7.4165 -2.3466 0.7500
v 7.4177 -2.3586 0.7500
v 7.4200 -2.3704 0.7500
v 7.4230 -2.3819 0.7500
v 7.4268 -2.3928 0.7500
v 7.4312 -2.4034 0.7500
v 7.4365 -2.4137 0.7500
v 7.4424 -2.4237 0.7500
v 7.4489 -2.4329 0.7500
v 7.4560 -2.4417 0.7500
v 7.4636 -2.4502 0.7500
v 7.4719 -2.4582 0.7500
v 7.4807 -2.4655 0.7500
v 7.4904 -2.4723 0.7500
v 7.5004 -2.4788 0.7500
v 7.5113 -2.4850 0.7500
v 7.5225 -2.4903 0.7500
v 7.5343 -2.4953 0.7500
v 7.5461 -2.4997 0.7500
v 7.5587 -2.5032 0.7500
v 7.5714 -2.5065 0.7500
v 7.5847 -2.5091 0.7500
v 7.5985 -2.5112 0.7500
v 7.6123 -2.5127 0.7500
v 7.6268 -2.5135 0.7500
v 7.6415 -2.5138 0.7500
v 7.6671 -2.5133 0.7500
v 7.6919 -2.5115 -0.7500
v 7.7157 -2.5085 -0.7500
v 7.7384 -2.5047 -0.7500
v 7.7602 -2.4994 -0.7500
v 7.7811 -2.4932 -0.7500
v 7.8008 -2.4859 -0.7500
v 7.8200 -2.4770 -0.7500
v 7.8376 -2.4673 -0.7500
v 7.8547 -2.4567 -0.7500
v 7.8706 -2.4446 -0.7500
v 7.8853 -2.4314 -0.7500
v 7.8989 -2.4167 -0.7500
v 7.9115 -2.4011 -0.7500
v 7.9227 -2.3840 -0.7500
v 7.9330 -2.3657 -0.7500
v 7.9422 -2.3463 -0.7500
v 7.9501 -2.3257 -0.7500
v 7.9569 -2.3036 -0.7500
v 7.9625 -2.2806 -0.7500
v 8.0393 -1.9157 -0.7500
v 7.8921 -1.9157 -0.7500
v 7.8182 -2.2668 -0.7500
v 7.8152 -2.2788 -0.7500
v 7.8120 -2.2900 -0.7500
v 7.8085 -2.3009 -0.7500
v 7.8043 -2.3109 -0.7500
v 7.7999 -2.3204 -0.7500
v 7.7949 -2.3292 -0.7500
v 7.7893 -2.3374 -0.7500
v 7.7834 -2.3451 -0.7500
v 7.7773 -2.3519 -0.7500
v 7.7705 -2.3584 -0.7500
v 7.7631 -2.3639 -0.7500
v 7.7552 -2.3693 -0.7500
v 7.7466 -2.3737 -0.7500
v 7.7375 -2.3775 -0.7500
v 7.7275 -2.3810 -0.7500
v 7.7169 -2.3837 -0.7500
v 7.7057 -2.3857 -0.7500
v 7.6939 -2.3872 -0.7500
v 7.6813 -2.3881 -0.7500
v 7.6680 -2.3884 -0.7500
v 7.6553 -2.3881 -0.7500
v 7.6433 -2.3872 -0.7500
v 7.6321 -2.3857 -0.7500
v 7.6221 -2.3837 -0.7500
v 7.6126 -2.3810 -0.7500
v 7.6044 -2.3775 -0.7500
v 7.5967 -2.3737 -0.7500
v 7.5903 -2.3693 -0.7500
v 7.5847 -2.3639 -0.7500
v 7.5800 -2.3584 -0.7500
v 7.5758 -2.3519 -0.7500
v 7.5726 -2.3451 -0.7500
v 7.5699 -2.3374 -0.7500
v 7.5682 -2.3292 -0.7500
v 7.5670 -2.3204 -0.7500
v 7.5664 -2.3109 -0.7500
v 7.5667 -2.3009 -0.7500
v 7.5673 -2.2900 -0.7500
v 7.5691 -2.2788 -0.7500
v 7.5711 -2.2668 -0.7500
v 7.6453 -1.9157 -0.7500
v 7.4981 -1.9157 -0.7500
v 7.4212 -2.2806 -0.7500
v 7.4186 -2.2945 -0.7500
v 7.4168 -2.3080 -0.7500
v 7.4159 -2.3212 -0.7500
v 7.4156 -2.3339 -0.7500
v 7.4165 -2.3466 -0.7500
v 7.4177 -2.3586 -0.7500
v 7.4200 -2.3704 -0.7500
v 7.4230 -2.3819 -0.7500
v 7.4268 -2.3928 -0.7500
v 7.4312 -2.4034 -0.7500
v 7.4365 -2.4137 -0.7500
v 7.4424 -2.4237 -0.7500
v 7.4489 -2.4329 -0.7500
v 7.4560 -2.4417 -0.7500
v 7.4636 -2.4502 -0.7500
v 7.4719 -2.4582 -0.7500
v 7.4807 -2.4655 -0.7500
v 7.4904 -2.4723 -0.7500
v 7.5004 -2.4788 -0.7500
v 7.5113 -2.4850 -0.7500
v 7.5225 -2.4903 -0.7500
v 7.5343 -2.4953 -0.7500
v 7.5461 -2.4997 -0.7500
v 7.5587 -2.5032 -0.7500
v 7.5714 -2.5065 -0.7500
v 7.5847 -2.5091 -0.7500
v 7.5985 -2.5112 -0.7500
v 7.6123 -2.5127 -0.7500
v 7.6268 -2.5135 -0.7500
v 7.6415 -2.5138 -0.7500
v 7.6671 -2.5133 -0.7500
v 7.6415 -2.5138 -0.7500
v 7.6671 -2.5133 -0.7500
v 7.6671 -2.5133 0.7500
v 7.6415 -2.5138 0.7500
v 7.6671 -2.5133 -0.7500
v 7.6919 -2.5115 -0.7500
v 7.6919 -2.5115 0.7500
v 7.6671 -2.5133 0.7500
v 7.6919 -2.5115 -0.7500
v 7.7157 -2.5085 -0.7500
v 7.7157 -2.5085 0.7500
v 7.6919 -2.5115 0.7500
v 7.7157 -2.5085 -0.7500
v 7.7384 -2.5047 -0.7500
v 7.7384 -2.5047 0.7500
v 7.7157 -2.5085 0.7500
v 7.7384 -2.5047 -0.7500
v 7.7602 -2.4994 -0.7500
v 7.7602 -2.4994 0.7500
v 7.7384 -2.5047 0.7500
v 7.7602 -2.4994 -0.7500
v 7.7811 -2.4932 -0.7500
v 7.7811 -2.4932 0.7500
v 7.7602 -2.4994 0.7500
v 7.7811 -2.4932 -0.7500
v 7.8008 -2.4859 -0.7500
v 7.8008 -2.4859 0.7500
v 7.7811 -2.4932 0.7500
v 7.8008 -2.4859 -0.7500
v 7.8200 -2.4770 -0.7500
v 7.8200 -2.4770 0.7500
v 7.8008 -2.4859 0.7500
v 7.8200 -2.4770 -0.7500
v 7.8376 -2.4673 -0.7500
v 7.8376 -2.4673 0.7500
v 7.8200 -2.4770 0.7500
v 7.8376 -2.4673 -0.7500
v 7.8547 -2.4567 -0.7500
v 7.8547 -2.4567 0.7500
v 7.8376 -2.4673 0.7500
v 7.8547 -2.4567 -0.7500
v 7.8706 -2.4446 -0.7500
v 7.8706 -2.4446 0.7500
v 7.8547 -2.4567 0.7500
v 7.8706 -2.4446 -0.7500
v 7.8853 -2.4314 -0.7500
v 7.8853 -2.4314 0.7500
v 7.8706 -2.4446 0.7500
v 7.8853 -2.4314 -0.7500
v 7.8989 -2.4167 -0.7500
v 7.8989 -2.4167 0.7500
v 7.8853 -2.4314 0.7500
v 7.8989 -2.4167 -0.7500
v 7.9115 -2.4011 -0.7500
v 7.9115 -2.4011 0.7500
v 7.8989 -2.4167 0.7500
v 7.9115 -2.4011 -0.7500
v 7.9227 -2.3840 -0.7500
v 7.9227 -2.3840 0.7500
v 7.9115 -2.4011 0.7500
v 7.9227 -2.3840 -0.7500
v 7.9330 -2.3657 -0.7500
v 7.9330 -2.3657 0.7500
v 7.9227 -2.3840 0.7500
v 7.9330 -2.3657 -0.7500
v 7.9422 -2.3463 -0.7500
v 7.9422 -2.3463 0.7500
v 7.9330 -2.3657 0.7500
v 7.9422 -2.3463 -0.7500
v 7.9501 -2.3257 -0.7500
v 7.9501 -2.3257 0.7500
v 7.9422 -2.3463 0.7500
v 7.9501 -2.3257 -0.7500
v 7.9569 -2.3036 -0.7500
v 7.9569 -2.3036 0.7500
v 7.9501 -2.3257 0.7500
v 7.9569 -2.3036 -0.7500
v 7.9625 -2.2806 -0.7500
v 7.9625 -2.2806 0.7500
v 7.9569 -2.3036 0.7500
v 7.9625 -2.2806 -0.7500
v 8.0393 -1.9157 -0.7500
v 8.0393 -1.9157 0.7500
v 7.9625 -2.2806 0.7500
v 8.0393 -1.9157 -0.7500
v 7.8921 -1.9157 -0.7500
v 7.8921 -1.9157 0.7500
v 8.0393 -1.9157 0.7500
v 7.5711 -2.2668 -0.7500
v 7.6453 -1.9157 -0.7500
v 7.6453 -1.9157 0.7500
v 7.5711 -2.2668 0.7500
v 7.6453 -1.9157 -0.7500
v 7.4981 -1.9157 -0.7500
v 7.4981 -1.9157 0.7500
v 7.6453 -1.9157 0.7500
v 7.4981 -1.9157 -0.7500
v 7.4212 -2.2806 -0.7500
v 7.4212 -2.2806 0.7500
v 7.4981 -1.9157 0.7500
v 7.4212 -2.2806 -0.7500
v 7.4186 -2.2945 -0.7500
v 7.4186 -2.2945 0.7500
v 7.4212 -2.2806 0.7500
v 7.4186 -2.2945 -0.7500
v 7.4168 -2.3080 -0.7500
v 7.4168 -2.3080 0.7500
v 7.4186 -2.2945 0.7500
v 7.4168 -2.3080 -0.7500
v 7.4159 -2.3212 -0.7500
v 7.4159 -2.3212 0.7500
v 7.4168 -2.3080 0.7500
v 7.4159 -2.3212 -0.7500
v 7.4156 -2.3339 -0.7500
v 7.4156 -2.3339 0.7500
v 7.4159 -2.3212 0.7500
v 7.4156 -2.3339 -0.7500
v 7.4165 -2.3466 -0.7500
v 7.4165 -2.3466 0.7500
v 7.4156 -2.3339 0.7500
v 7.4165 -2.3466 -0.7500
v 7.4177 -2.3586 -0.7500
v 7.4177 -2.3586 0.7500
v 7.4165 -2.3466 0.7500
v 7.4177 -2.3586 -0.7500
v 7.4200 -2.3704 -0.7500
v 7.4200 -2.3704 0.7500
v 7.4177 -2.3586 0.7500
v 7.4200 -2.3704 -0.7500
v 7.4230 -2.3819 -0.7500
v 7.4230 -2.3819 0.7500
v 7.4200 -2.3704 0.7500
v 7.4230 -2.3819 -0.7500
v 7.4268 -2.3928 -0.7500
v 7.4268 -2.3928 0.7500
v 7.4230 -2.3819 0.7500
v 7.4268 -2.3928 -0.7500
v 7.4312 -2.4034 -0.7500
v 7.4312 -2.4034 0.7500
v 7.4268 -2.3928 0.7500
v 7.4312 -2.4034 -0.7500
v 7.4365 -2.4137 -0.7500
v 7.4365 -2.4137 0.7500
v 7.4312 -2.4034 0.7500
v 7.4365 -2.4137 -0.7500
v 7.4424 -2.4237 -0.7500
v 7.4424 -2.4237 0.7500
v 7.4365 -2.4137 0.7500
v 7.4424 -2.4237 -0.7500
v 7.4489 -2.4329 -0.7500
v 7.4489 -2.4329 0.7500
v 7.4424 -2.4237 0.7500
v 7.4489 -2.4329 -0.7500
v 7.4560 -2.4417 -0.7500
v 7.4560 -2.4417 0.7500
v 7.4489 -2.4329 0.7500
v 7.4560 -2.4417 -0.7500
v 7.4636 -2.4502 -0.7500
v 7.4636 -2.4502 0.7500
v 7.4560 -2.4417 0.7500
v 7.4636 -2.4502 -0.7500
v 7.4719 -2.4582 -0.7500
v 7.4719 -2.4582 0.7500
v 7.4636 -2.4502 0.7500
v 7.4719 -2.4582 -0.7500
v 7.4807 -2.4655 -0.7500
v 7.4807 -2.4655 0.7500
v 7.4719 -2.4582 0.7500
v 7.4807 -2.4655 -0.7500
v 7.4904 -2.4723 -0.7500
v 7.4904 -2.4723 0.7500
v 7.4807 -2.4655 0.7500
v 7.4904 -2.4723 -0.7500
v 7.5004 -2.4788 -0.7500
v 7.5004 -2.4788 0.7500
v 7.4904 -2.4723 0.7500
v 7.5004 -2.4788 -0.7500
v 7.5113 -2.4850 -0.7500
v 7.5113 -2.4850 0.7500
v 7.5004 -2.4788 0.7500
v 7.5113 -2.4850 -0.7500
v 7.5225 -2.4903 -0.7500
v 7.5225 -2.4903 0.7500
v 7.5113 -2.4850 0.7500
v 7.5225 -2.4903 -0.7500
v 7.5343 -2.4953 -0.7500
v 7.5343 -2.4953 0.7500
v 7.5225 -2.4903 0.7500
v 7.5343 -2.4953 -0.7500
v 7.5461 -2.4997 -0.7500
v 7.5461 -2.4997 0.7500
v 7.5343 -2.4953 0.7500
v 7.5461 -2.4997 -0.7500
v 7.5587 -2.5032 -0.7500
v 7.5587 -2.5032 0.7500
v 7.5461 -2.4997 0.7500
v 7.5587 -2.5032 -0.7500
v 7.5714 -2.5065 -0.7500
v 7.5714 -2.5065 0.7500
v 7.5587 -2.5032 0.7500
v 7.5714 -2.5065 -0.7500
v 7.5847 -2.5091 -0.7500
v 7.5847 -2.5091 0.7500
v 7.5714 -2.5065 0.7500
v 7.5847 -2.5091 -0.7500
v 7.5985 -2.5112 -0.7500
v 7.5985 -2.5112 0.7500
v 7.5847 -2.5091 0.7500
v 7.5985 -2.5112 -0.7500
v 7.6123 -2.5127 -0.7500
v 7.6123 -2.5127 0.7500
v 7.5985 -2.5112 0.7500
v 7.6123 -2.5127 -0.7500
v 7.6268 -2.5135 -0.7500
v 7.6268 -2.5135 0.7500
v 7.6123 -2.5127 0.7500
v 7.6268 -2.5135 -0.7500
v 7.6415 -2.5138 -0.7500
v 7.6415 -2.5138 0.7500
v 7.6268 -2.5135 0.7500
v 7.5691 -2.2788 -0.7500
v 7.5711 -2.2668 -0.7500
v 7.5711 -2.2668 0.7500
v 7.5691 -2.2788 0.7500
v 7.8921 -1.9157 -0.7500
v 7.8182 -2.2668 -0.7500
v 7.8182 -2.2668 0.7500
v 7.8921 -1.9157 0.7500
v 7.5673 -2.2900 -0.7500
v 7.5691 -2.2788 -0.7500
v 7.5691 -2.2788 0.7500
v 7.5673 -2.2900 0.7500
v 7.8182 -2.2668 -0.7500
v 7.8152 -2.2788 -0.7500
v 7.8152 -2.2788 0.7500
v 7.8182 -2.2668 0.7500
v 7.5667 -2.3009 -0.7500
v 7.5673 -2.2900 -0.7500
v 7.5673 -2.2900 0.7500
v 7.5667 -2.3009 0.7500
v 7.8152 -2.2788 -0.7500
v 7.8120 -2.2900 -0.7500
v 7.8120 -2.2900 0.7500
v 7.8152 -2.2788 0.7500
v 7.5664 -2.3109 -0.7500
v 7.5667 -2.3009 -0.7500
v 7.5667 -2.3009 0.7500
v 7.5664 -2.3109 0.7500
v 7.8120 -2.2900 -0.7500
v 7.8085 -2.3009 -0.7500
v 7.8085 -2.3009 0.7500
v 7.8120 -2.2900 0.7500
v 7.5670 -2.3204 -0.7500
v 7.5664 -2.3109 -0.7500
v 7.5664 -2.3109 0.7500
v 7.5670 -2.3204 0.7500
v 7.8085 -2.3009 -0.7500
v 7.8043 -2.3109 -0.7500
v 7.8043 -2.3109 0.7500
v 7.8085 -2.3009 0.7500
v 7.5682 -2.3292 -0.7500
v 7.5670 -2.3204 -0.7500
v 7.5670 -2.3204 0.7500
v 7.5682 -2.3292 0.7500
v 7.8043 -2.3109 -0.7500
v 7.7999 -2.3204 -0.7500
v 7.7999 -2.3204 0.7500
v 7.8043 -2.3109 0.7500
v 7.7999 -2.3204 -0.7500
v 7.7949 -2.3292 -0.7500
v 7.7949 -2.3292 0.7500
v 7.7999 -2.3204 0.7500
v 7.5699 -2.3374 -0.7500
v 7.5682 -2.3292 -0.7500
v 7.5682 -2.3292 0.7500
v 7.5699 -2.3374 0.7500
v 7.7949 -2.3292 -0.7500
v 7.7893 -2.3374 -0.7500
v 7.7893 -2.3374 0.7500
v 7.7949 -2.3292 0.7500
v 7.5726 -2.3451 -0.7500
v 7.5699 -2.3374 -0.7500
v 7.5699 -2.3374 0.7500
v 7.5726 -2.3451 0.7500
v 7.7893 -2.3374 -0.7500
v 7.7834 -2.3451 -0.7500
v 7.7834 -2.3451 0.7500
v 7.7893 -2.3374 0.7500
v 7.5758 -2.3519 -0.7500
v 7.5726 -2.3451 -0.7500
v 7.5726 -2.3451 0.7500
v 7.5758 -2.3519 0.7500
v 7.7834 -2.3451 -0.7500
v 7.7773 -2.3519 -0.7500
v 7.7773 -2.3519 0.7500
v 7.7834 -2.3451 0.7500
v 7.5800 -2.3584 -0.7500
v 7.5758 -2.3519 -0.7500
v 7.5758 -2.3519 0.7500
v 7.5800 -2.3584 0.7500
v 7.7773 -2.3519 -0.7500
v 7.7705 -2.3584 -0.7500
v 7.7705 -2.3584 0.7500
v 7.7773 -2.3519 0.7500
v 7.5847 -2.3639 -0.7500
v 7.5800 -2.3584 -0.7500
v 7.5800 -2.3584 0.7500
v 7.5847 -2.3639 0.7500
v 7.7705 -2.3584 -0.7500
v 7.7631 -2.3639 -0.7500
v 7.7631 -2.3639 0.7500
v 7.7705 -2.3584 0.7500
v 7.5903 -2.3693 -0.7500
v 7.5847 -2.3639 -0.7500
v 7.5847 -2.3639 0.7500
v 7.5903 -2.3693 0.7500
v 7.7631 -2.3639 -0.7500
v 7.7552 -2.3693 -0.7500
v 7.7552 -2.3693 0.7500
v 7.7631 -2.3639 0.7500
v 7.5967 -2.3737 -0.7500
v 7.5903 -2.3693 -0.7500
v 7.5903 -2.3693 0.7500
v 7.5967 -2.3737 0.7500
v 7.7552 -2.3693 -0.7500
v 7.7466 -2.3737 -0.7500
v 7.7466 -2.3737 0.7500
v 7.7552 -2.3693 0.7500
v 7.6044 -2.3775 -0.7500
v 7.5967 -2.3737 -0.7500
v 7.5967 -2.3737 0.7500
v 7.6044 -2.3775 0.7500
v 7.7466 -2.3737 -0.7500
v 7.7375 -2.3775 -0.7500
v 7.7375 -2.3775 0.7500
v 7.7466 -2.3737 0.7500
v 7.6126 -2.3810 -0.7500
v 7.6044 -2.3775 -0.7500
v 7.6044 -2.3775 0.7500
v 7.6126 -2.3810 0.7500
v 7.7375 -2.3775 -0.7500
v 7.7275 -2.3810 -0.7500
v 7.7275 -2.3810 0.7500
v 7.7375 -2.3775 0.7500
v 7.6221 -2.3837 -0.7500
v 7.6126 -2.3810 -0.7500
v 7.6126 -2.3810 0.7500
v 7.6221 -2.3837 0.7500
v 7.6321 -2.3857 -0.7500
v 7.6221 -2.3837 -0.7500
v 7.6221 -2.3837 0.7500
v 7.6321 -2.3857 0.7500
v 7.7275 -2.3810 -0.7500
v 7.7169 -2.3837 -0.7500
v 7.7169 -2.3837 0.7500
v 7.7275 -2.3810 0.7500
v 7.6433 -2.3872 -0.7500
v 7.6321 -2.3857 -0.7500
v 7.6321 -2.3857 0.7500
v 7.6433 -2.3872 0.7500
v 7.7169 -2.3837 -0.7500
v 7.7057 -2.3857 -0.7500
v 7.7057 -2.3857 0.7500
v 7.7169 -2.3837 0.7500
v 7.6553 -2.3881 -0.7500
v 7.6433 -2.3872 -0.7500
v 7.6433 -2.3872 0.7500
v 7.6553 -2.3881 0.7500
v 7.7057 -2.3857 -0.7500
v 7.6939 -2.3872 -0.7500
v 7.6939 -2.3872 0.7500
v 7.7057 -2.3857 0.7500
v 7.6680 -2.3884 -0.7500
v 7.6553 -2.3881 -0.7500
v 7.6553 -2.3881 0.7500
v 7.6680 -2.3884 0.7500
v 7.6939 -2.3872 -0.7500
v 7.6813 -2.3881 -0.7500
v 7.6813 -2.3881 0.7500
v 7.6939 -2.3872 0.7500
v 7.6813 -2.3881 -0.7500
v 7.6680 -2.3884 -0.7500
v 7.6680 -2.3884 0.7500
v 7.6813 -2.3881 0.7500
f 4941 4942 4847
f 4847 4848 4849
f 4849 4850 4851
f 4851 4852 4853
f 4853 4854 4855
f 4855 4856 4857
f 4857 4858 4859
f 4859 4860 4861
f 4861 4862 4863
f 4863 4864 4865
f 4865 4866 4867
f 4908 4909 4910
f 4910 4911 4912
f 4912 4913 4914
f 4914 4915 4916
f 4916 4917 4918
f 4918 4919 4920
f 4920 4921 4922
f 4922 4923 4924
f 4924 4925 4926
f 4926 4927 4928
f 4928 4929 4930
f 4930 4931 4932
f 4932 4933 4934
f 4934 4935 4936
f 4936 4937 4938
f 4938 4939 4940
f 4940 4941 4847
f 4847 4849 4851
f 4851 4853 4855
f 4855 4857 4859
f 4859 4861 4863
f 4863 4865 4867
f 4907 4908 4910
f 4910 4912 4914
f 4914 4916 4918
f 4918 4920 4922
f 4922 4924 4926
f 4926 4928 4930
f 4930 4932 4934
f 4934 4936 4938
f 4938 4940 4847
f 4847 4851 4855
f 4855 4859 4863
f 4863 4867 4868
f 4906 4907 4910
f 4910 4914 4918
f 4918 4922 4926
f 4926 4930 4934
f 4934 4938 4847
f 4847 4855 4863
f 4863 4868 4869
f 4905 4906 4910
f 4910 4918 4926
f 4926 4934 4847
f 4863 4869 4870
f 4904 4905 4910
f 4926 4847 4863
f 4863 4870 4871
f 4903 4904 4910
f 4863 4871 4872
f 4902 4903 4910
f 4863 4872 4873
f 4902 4910 4926
f 4863 4873 4874
f 4901 4902 4926
f 4863 4874 4875
f 4900 4901 4926
f 4863 4875 4876
f 4899 4900 4926
f 4863 4876 4877
f 4898 4899 4926
f 4863 4877 4878
f 4897 4898 4926
f 4863 4878 4879
f 4896 4897 4926
f 4863 4879 4880
f 4895 4896 4926
f 4863 4880 4881
f 4894 4895 4926
f 4863 4881 4882
f 4893 4894 4926
f 4863 4882 4883
f 4892 4893 4926
f 4926 4863 4883
f 4891 4892 4926
f 4926 4883 4884
f 4890 4891 4926
f 4926 4884 4885
f 4889 4890 4926
f 4926 4885 4886
f 4888 4889 4926
f 4926 4886 4887
f 4887 4888 4926
f 5037 4943 5038
f 4943 4945 4944
f 4945 4947 4946
f 4947 4949 4948
f 4949 4951 4950
f 4951 4953 4952
f 4953 4955 4954
f 4955 4957 4956
f 4957 4959 4958
f 4959 4961 4960
f 4961 4963 4962
f 5004 5006 5005
f 5006 5008 5007
f 5008 5010 5009
f 5010 5012 5011
f 5012 5014 5013
f 5014 5016 5015
f 5016 5018 5017
f 5018 5020 5019
f 5020 5022 5021
f 5022 5024 5023
f 5024 5026 5025
f 5026 5028 5027
f 5028 5030 5029
f 5030 5032 5031
f 5032 5034 5033
f 5034 5036 5035
f 5036 4943 5037
f 4943 4947 4945
f 4947 4951 4949
f 4951 4955 4953
f 4955 4959 4957
f 4959 4963 4961
f 5003 5006 5004
f 5006 5010 5008
f 5010 5014 5012
f 5014 5018 5016
f 5018 5022 5020
f 5022 5026 5024
f 5026 5030 5028
f 5030 5034 5032
f 5034 4943 5036
f 4943 4951 4947
f 4951 4959 4955
f 4959 4964 4963
f 5002 5006 5003
f 5006 5014 5010
f 5014 5022 5018
f 5022 5030 5026
f 5030 4943 5034
f 4943 4959 4951
f 4959 4965 4964
f 5001 5006 5002
f 5006 5022 5014
f 5022 4943 5030
f 4959 4966 4965
f 5000 5006 5001
f 5022 4959 4943
f 4959 4967 4966
f 4999 5006 5000
f 4959 4968 4967
f 4998 5006 4999
f 4959 4969 4968
f 4998 5022 5006
f 4959 4970 4969
f 4997 5022 4998
f 4959 4971 4970
f 4996 5022 4997
f 4959 4972 4971
f 4995 5022 4996
f 4959 4973 4972
f 4994 5022 4995
f 4959 4974 4973
f 4993 5022 4994
f 4959 4975 4974
f 4992 5022 4993
f 4959 4976 4975
f 4991 5022 4992
f 4959 4977 4976
f 4990 5022 4991
f 4959 4978 4977
f 4989 5022 4990
f 4959 4979 4978
f 4988 5022 4989
f 5022 4979 4959
f 4987 5022 4988
f 5022 4980 4979
f 4986 5022 4987
f 5022 4981 4980
f 4985 5022 4986
f 5022 4982 4981
f 4984 5022 4985
f 5022 4983 4982
f 4983 5022 4984
f 5039 5040 5041
f 5039 5041 5042
f 5043 5044 5045
f 5043 5045 5046
f 5047 5048 5049
f 5047 5049 5050
f 5051 5052 5053
f 5051 5053 5054
f 5055 5056 5057
f 5055 5057 5058
f 5059 5060 5061
f 5059 5061 5062
f 5063 5064 5065
f 5063 5065 5066
f 5067 5068 5069
f 5067 5069 5070
f 5071 5072 5073
f 5071 5073 5074
f 5075 5076 5077
f 5075 5077 5078
f 5079 5080 5081
f 5079 5081 5082
f 5083 5084 5085
f 5083 5085 5086
f 5087 5088 5089
f 5087 5089 5090
f 5091 5092 5093
f 5091 5093 5094
f 5095 5096 5097
f 5095 5097 5098
f 5099 5100 5101
f 5099 5101 5102
f 5103 5104 5105
f 5103 5105 5106
f 5107 5108 5109
f 5107 5109 5110
f 5111 5112 5113
f 5111 5113 5114
f 5115 5116 5117
f 5115 5117 5118
f 5119 5120 5121
f 5119 5121 5122
f 5123 5124 5125
f 5123 5125 5126
f 5127 5128 5129
f 5127 5129 5130
f 5131 5132 5133
f 5131 5133 5134
f 5135 5136 5137
f 5135 5137 5138
f 5139 5140 5141
f 5139 5141 5142
f 5143 5144 5145
f 5143 5145 5146
f 5147 5148 5149
f 5147 5149 5150
f 5151 5152 5153
f 5151 5153 5154
f 5155 5156 5157
f 5155 5157 5158
f 5159 5160 5161
f 5159 5161 5162
f 5163 5164 5165
f 5163 5165 5166
f 5167 5168 5169
f 5167 5169 5170
f 5171 5172 5173
f 5171 5173 5174
f 5175 5176 5177
f 5175 5177 5178
f 5179 5180 5181
f 5179 5181 5182
f 5183 5184 5185
f 5183 5185 5186
f 5187 5188 5189
f 5187 5189 5190
f 5191 5192 5193
f 5191 5193 5194
f 5195 5196 5197
f 5195 5197 5198
f 5199 5200 5201
f 5199 5201 5202
f 5203 5204 5205
f 5203 5205 5206
f 5207 5208 5209
f 5207 5209 5210
f 5211 5212 5213
f 5211 5213 5214
f 5215 5216 5217
f 5215 5217 5218
f 5219 5220 5221
f 5219 5221 5222
f 5223 5224 5225
f 5223 5225 5226
f 5227 5228 5229
f 5227 5229 5230
f 5231 5232 5233
f 5231 5233 5234
f 5235 5236 5237
f 5235 5237 5238
f 5239 5240 5241
f 5239 5241 5242
f 5243 5244 5245
f 5243 5245 5246
f 5247 5248 5249
f 5247 5249 5250
f 5251 5252 5253
f 5251 5253 5254
f 5255 5256 5257
f 5255 5257 5258
f 5259 5260 5261
f 5259 5261 5262
f 5263 5264 5265
f 5263 5265 5266
f 5267 5268 5269
f 5267 5269 5270
f 5271 5272 5273
f 5271 5273 5274
f 5275 5276 5277
f 5275 5277 5278
f 5279 5280 5281
f 5279 5281 5282
f 5283 5284 5285
f 5283 5285 5286
f 5287 5288 5289
f 5287 5289 5290
f 5291 5292 5293
f 5291 5293 5294
f 5295 5296 5297
f 5295 5297 5298
f 5299 5300 5301
f 5299 5301 5302
f 5303 5304 5305
f 5303 5305 5306
f 5307 5308 5309
f 5307 5309 5310
f 5311 5312 5313
f 5311 5313 5314
f 5315 5316 5317
f 5315 5317 5318
f 5319 5320 5321
f 5319 5321 5322
f 5323 5324 5325
f 5323 5325 5326
f 5327 5328 5329
f 5327 5329 5330
f 5331 5332 5333
f 5331 5333 5334
f 5335 5336 5337
f 5335 5337 5338
f 5339 5340 5341
f 5339 5341 5342
f 5343 5344 5345
f 5343 5345 5346
f 5347 5348 5349
f 5347 5349 5350
f 5351 5352 5353
f 5351 5353 5354
f 5355 5356 5357
f 5355 5357 5358
f 5359 5360 5361
f 5359 5361 5362
f 5363 5364 5365
f 5363 5365 5366
f 5367 5368 5369
f 5367 5369 5370
f 5371 5372 5373
f 5371 5373 5374
f 5375 5376 5377
f 5375 5377 5378
f 5379 5380 5381
f 5379 5381 5382
f 5383 5384 5385
f 5383 5385 5386
f 5387 5388 5389
f 5387 5389 5390
f 5391 5392 5393
f 5391 5393 5394
f 5395 5396 5397
f 5395 5397 5398
f 5399 5400 5401
f 5399 5401 5402
f 5403 5404 5405
f 5403 5405 5406
f 5407 5408 5409
f 5407 5409 5410
f 5411 5412 5413
f 5411 5413 5414
f 5415 5416 5417
f 5415 5417 5418
f 5419 5420 5421
f 5419 5421 5422
v 5.3251 -2.5047 0.7500
v 5.7595 -2.5047 0.7500
v 5.7833 -2.3913 0.7500
v 5.4962 -2.3913 0.7500
v 5.5227 -2.2677 0.7500
v 5.7760 -2.2677 0.7500
v 5.7998 -2.1525 0.7500
v 5.5463 -2.1525 0.7500
v 5.5728 -2.0291 0.7500
v 5.8602 -2.0291 0.7500
v 5.8837 -1.9157 0.7500
v 5.4494 -1.9157 0.7500
v 5.3251 -2.5047 -0.7500
v 5.7595 -2.5047 -0.7500
v 5.7833 -2.3913 -0.7500
v 5.4962 -2.3913 -0.7500
v 5.5227 -2.2677 -0.7500
v 5.7760 -2.2677 -0.7500
v 5.7998 -2.1525 -0.7500
v 5.5463 -2.1525 -0.7500
v 5.5728 -2.0291 -0.7500
v 5.8602 -2.0291 -0.7500
v 5.8837 -1.9157 -0.7500
v 5.4494 -1.9157 -0.7500
v 5.3251 -2.5047 -0.7500
v 5.7595 -2.5047 -0.7500
v 5.7595 -2.5047 0.7500
v 5.3251 -2.5047 0.7500
v 5.7595 -2.5047 -0.7500
v 5.7833 -2.3913 -0.7500
v 5.7833 -2.3913 0.7500
v 5.7595 -2.5047 0.7500
v 5.5227 -2.2677 -0.7500
v 5.7760 -2.2677 -0.7500
v 5.7760 -2.2677 0.7500
v 5.5227 -2.2677 0.7500
v 5.7760 -2.2677 -0.7500
v 5.7998 -2.1525 -0.7500
v 5.7998 -2.1525 0.7500
v 5.7760 -2.2677 0.7500
v 5.5728 -2.0291 -0.7500
v 5.8602 -2.0291 -0.7500
v 5.8602 -2.0291 0.7500
v 5.5728 -2.0291 0.7500
v 5.8602 -2.0291 -0.7500
v 5.8837 -1.9157 -0.7500
v 5.8837 -1.9157 0.7500
v 5.8602 -2.0291 0.7500
v 5.7833 -2.3913 -0.7500
v 5.4962 -2.3913 -0.7500
v 5.4962 -2.3913 0.7500
v 5.7833 -2.3913 0.7500
v 5.7998 -2.1525 -0.7500
v 5.5463 -2.1525 -0.7500
v 5.5463 -2.1525 0.7500
v 5.7998 -2.1525 0.7500
v 5.8837 -1.9157 -0.7500
v 5.4494 -1.9157 -0.7500
v 5.4494 -1.9157 0.7500
v 5.8837 -1.9157 0.7500
v 5.4494 -1.9157 -0.7500
v 5.3251 -2.5047 -0.7500
v 5.3251 -2.5047 0.7500
v 5.4494 -1.9157 0.7500
v 5.4962 -2.3913 -0.7500
v 5.5227 -2.2677 -0.7500
v 5.5227 -2.2677 0.7500
v 5.4962 -2.3913 0.7500
v 5.5463 -2.1525 -0.7500
v 5.5728 -2.0291 -0.7500
v 5.5728 -2.0291 0.7500
v 5.5463 -2.1525 0.7500
f 5423 5424 5425
f 5427 5428 5429
f 5431 5432 5433
f 5423 5425 5426
f 5427 5429 5430
f 5431 5433 5434
f 5434 5423 5426
f 5426 5427 5430
f 5430 5431 5434
f 5434 5426 5430
f 5435 5437 5436
f 5439 5441 5440
f 5443 5445 5444
f 5435 5438 5437
f 5439 5442 5441
f 5443 5446 5445
f 5446 5438 5435
f 5438 5442 5439
f 5442 5446 5443
f 5446 5442 5438
f 5447 5448 5449
f 5447 5449 5450
f 5451 5452 5453
f 5451 5453 5454
f 5455 5456 5457
f 5455 5457 5458
f 5459 5460 5461
f 5459 5461 5462
f 5463 5464 5465
f 5463 5465 5466
f 5467 5468 5469
f 5467 5469 5470
f 5471 5472 5473
f 5471 5473 5474
f 5475 5476 5477
f 5475 5477 5478
f 5479 5480 5481
f 5479 5481 5482
f 5483 5484 5485
f 5483 5485 5486
f 5487 5488 5489
f 5487 5489 5490
f 5491 5492 5493
f 5491 5493 5494
v 2.9910 -2.5047 0.7500
v 3.4257 -2.5047 0.7500
v 3.4493 -2.3913 0.7500
v 3.1621 -2.3913 0.7500
v 3.1886 -2.2677 0.7500
v 3.4419 -2.2677 0.7500
v 3.4658 -2.1525 0.7500
v 3.2125 -2.1525 0.7500
v 3.2390 -2.0291 0.7500
v 3.5261 -2.0291 0.7500
v 3.5500 -1.9157 0.7500
v 3.1156 -1.9157 0.7500
v 2.9910 -2.5047 -0.7500
v 3.4257 -2.5047 -0.7500
v 3.4493 -2.3913 -0.7500
v 3.1621 -2.3913 -0.7500
v 3.1886 -2.2677 -0.7500
v 3.4419 -2.2677 -0.7500
v 3.4658 -2.1525 -0.7500
v 3.2125 -2.1525 -0.7500
v 3.2390 -2.0291 -0.7500
v 3.5261 -2.0291 -0.7500
v 3.5500 -1.9157 -0.7500
v 3.1156 -1.9157 -0.7500
v 2.9910 -2.5047 -0.7500
v 3.4257 -2.5047 -0.7500
v 3.4257 -2.5047 0.7500
v 2.9910 -2.5047 0.7500
v 3.4257 -2.5047 -0.7500
v 3.4493 -2.3913 -0.7500
v 3.4493 -2.3913 0.7500
v 3.4257 -2.5047 0.7500
v 3.1886 -2.2677 -0.7500
v 3.4419 -2.2677 -0.7500
v 3.4419 -2.2677 0.7500
v 3.1886 -2.2677 0.7500
v 3.4419 -2.2677 -0.7500
v 3.4658 -2.1525 -0.7500
v 3.4658 -2.1525 0.7500
v 3.4419 -2.2677 0.7500
v 3.2390 -2.0291 -0.7500
v 3.5261 -2.0291 -0.7500
v 3.5261 -2.0291 0.7500
v 3.2390 -2.0291 0.7500
v 3.5261 -2.0291 -0.7500
v 3.5500 -1.9157 -0.7500
v 3.5500 -1.9157 0.7500
v 3.5261 -2.0291 0.7500
v 3.4493 -2.3913 -0.7500
v 3.1621 -2.3913 -0.7500
v 3.1621 -2.3913 0.7500
v 3.4493 -2.3913 0.7500
v 3.4658 -2.1525 -0.7500
v 3.2125 -2.1525 -0.7500
v 3.2125 -2.1525 0.7500
v 3.4658 -2.1525 0.7500
v 3.5500 -1.9157 -0.7500
v 3.1156 -1.9157 -0.7500
v 3.1156 -1.9157 0.7500
v 3.5500 -1.9157 0.7500
v 3.1156 -1.9157 -0.7500
v 2.9910 -2.5047 -0.7500
v 2.9910 -2.5047 0.7500
v 3.1156 -1.9157 0.7500
v 3.1621 -2.3913 -0.7500
v 3.1886 -2.2677 -0.7500
v 3.1886 -2.2677 0.7500
v 3.1621 -2.3913 0.7500
v 3.2125 -2.1525 -0.7500
v 3.2390 -2.0291 -0.7500
v 3.2390 -2.0291 0.7500
v 3.2125 -2.1525 0.7500
f 5495 5496 5497
f 5499 5500 5501
f 5503 5504 5505
f 5495 5497 5498
f 5499 5501 5502
f 5503 5505 5506
f 5506 5495 5498
f 5498 5499 5502
f 5502 5503 5506
f 5506 5498 5502
f 5507 5509 5508
f 5511 5513 5512
f 5515 5517 5516
f 5507 5510 5509
f 5511 5514 5513
f 5515 5518 5517
f 5518 5510 5507
f 5510 5514 5511
f 5514 5518 5515
f 5518 5514 5510
f 5519 5520 5521
f 5519 5521 5522
f 5523 5524 5525
f 5523 5525 5526
f 5527 5528 5529
f 5527 5529 5530
f 5531 5532 5533
f 5531 5533 5534
f 5535 5536 5537
f 5535 5537 5538
f 5539 5540 5541
f 5539 5541 5542
f 5543 5544 5545
f 5543 5545 5546
f 5547 5548 5549
f 5547 5549 5550
f 5551 5552 5553
f 5551 5553 5554
f 5555 5556 5557
f 5555 5557 5558
f 5559 5560 5561
f 5559 5561 5562
f 5563 5564 5565
f 5563 5565 5566
v 6.3219 -2.5138 0.7500
v 6.3464 -2.5133 0.7500
v 6.3696 -2.5118 0.7500
v 6.3917 -2.5094 0.7500
v 6.4129 -2.5062 0.7500
v 6.4329 -2.5018 0.7500
v 6.4518 -2.4965 0.7500
v 6.4698 -2.4903 0.7500
v 6.4865 -2.4829 0.7500
v 6.5024 -2.4750 0.7500
v 6.5172 -2.4658 0.7500
v 6.5307 -2.4558 0.7500
v 6.5434 -2.4452 0.7500
v 6.5549 -2.4343 0.7500
v 6.5652 -2.4226 0.7500
v 6.5743 -2.4102 0.7500
v 6.5825 -2.3975 0.7500
v 6.5896 -2.3840 0.7500
v 6.5958 -2.3698 0.7500
v 6.6008 -2.3551 0.7500
v 6.6046 -2.3401 0.7500
v 6.6061 -2.3313 0.7500
v 6.6076 -2.3227 0.7500
v 6.6085 -2.3145 0.7500
v 6.6090 -2.3062 0.7500
v 6.6096 -2.2983 0.7500
v 6.6096 -2.2903 0.7500
v 6.6093 -2.2827 0.7500
v 6.6076 -2.2679 0.7500
v 6.6064 -2.2609 0.7500
v 6.6046 -2.2538 0.7500
v 6.6023 -2.2470 0.7500
v 6.5996 -2.2406 0.7500
v 6.5964 -2.2341 0.7500
v 6.5928 -2.2276 0.7500
v 6.5884 -2.2217 0.7500
v 6.5837 -2.2155 0.7500
v 6.5784 -2.2099 0.7500
v 6.5728 -2.2040 0.7500
v 6.5666 -2.1987 0.7500
v 6.5596 -2.1934 0.7500
v 6.5522 -2.1881 0.7500
v 6.5437 -2.1831 0.7500
v 6.5348 -2.1784 0.7500
v 6.5251 -2.1737 0.7500
v 6.5145 -2.1690 0.7500
v 6.5033 -2.1646 0.7500
v 6.4915 -2.1605 0.7500
v 6.4789 -2.1563 0.7500
v 6.4656 -2.1525 0.7500
v 6.4568 -2.1499 0.7500
v 6.4486 -2.1475 0.7500
v 6.4332 -2.1428 0.7500
v 6.4262 -2.1407 0.7500
v 6.4197 -2.1384 0.7500
v 6.4132 -2.1363 0.7500
v 6.4073 -2.1343 0.7500
v 6.4017 -2.1325 0.7500
v 6.3964 -2.1304 0.7500
v 6.3870 -2.1269 0.7500
v 6.3829 -2.1248 0.7500
v 6.3791 -2.1228 0.7500
v 6.3755 -2.1207 0.7500
v 6.3723 -2.1186 0.7500
v 6.3670 -2.1145 0.7500
v 6.3649 -2.1122 0.7500
v 6.3632 -2.1101 0.7500
v 6.3614 -2.1078 0.7500
v 6.3602 -2.1051 0.7500
v 6.3593 -2.1025 0.7500
v 6.3584 -2.0995 0.7500
v 6.3579 -2.0966 0.7500
v 6.3573 -2.0901 0.7500
v 6.3576 -2.0868 0.7500
v 6.3579 -2.0830 0.7500
v 6.3584 -2.0795 0.7500
v 6.3602 -2.0730 0.7500
v 6.3626 -2.0671 0.7500
v 6.3652 -2.0618 0.7500
v 6.3685 -2.0568 0.7500
v 6.3720 -2.0524 0.7500
v 6.3764 -2.0483 0.7500
v 6.3811 -2.0450 0.7500
v 6.3864 -2.0418 0.7500
v 6.3920 -2.0394 0.7500
v 6.3982 -2.0374 0.7500
v 6.4050 -2.0356 0.7500
v 6.4120 -2.0338 0.7500
v 6.4194 -2.0327 0.7500
v 6.4271 -2.0315 0.7500
v 6.4350 -2.0303 0.7500
v 6.4433 -2.0297 0.7500
v 6.4521 -2.0288 0.7500
v 6.4609 -2.0285 0.7500
v 6.4703 -2.0282 0.7500
v 6.4877 -2.0282 0.7500
v 6.4951 -2.0285 0.7500
v 6.5027 -2.0288 0.7500
v 6.5101 -2.0294 0.7500
v 6.5178 -2.0300 0.7500
v 6.5254 -2.0309 0.7500
v 6.5328 -2.0318 0.7500
v 6.5481 -2.0341 0.7500
v 6.5555 -2.0353 0.7500
v 6.5708 -2.0388 0.7500
v 6.5781 -2.0406 0.7500
v 6.5858 -2.0427 0.7500
v 6.5931 -2.0447 0.7500
v 6.6005 -2.0471 0.7500
v 6.6082 -2.0497 0.7500
v 6.6155 -2.0524 0.7500
v 6.6302 -2.0583 0.7500
v 6.6576 -1.9322 0.7500
v 6.6517 -1.9302 0.7500
v 6.6456 -1.9281 0.7500
v 6.6388 -1.9264 0.7500
v 6.6320 -1.9243 0.7500
v 6.6247 -1.9225 0.7500
v 6.6170 -1.9208 0.7500
v 6.6088 -1.9190 0.7500
v 6.6005 -1.9175 0.7500
v 6.5917 -1.9157 0.7500
v 6.5825 -1.9143 0.7500
v 6.5637 -1.9113 0.7500
v 6.5543 -1.9102 0.7500
v 6.5348 -1.9084 0.7500
v 6.5248 -1.9078 0.7500
v 6.5151 -1.9072 0.7500
v 6.5051 -1.9069 0.7500
v 6.4948 -1.9066 0.7500
v 6.4848 -1.9066 0.7500
v 6.4615 -1.9069 0.7500
v 6.4394 -1.9084 0.7500
v 6.4182 -1.9104 0.7500
v 6.3979 -1.9137 0.7500
v 6.3788 -1.9178 0.7500
v 6.3605 -1.9225 0.7500
v 6.3431 -1.9284 0.7500
v 6.3266 -1.9352 0.7500
v 6.3113 -1.9428 0.7500
v 6.2969 -1.9514 0.7500
v 6.2834 -1.9608 0.7500
v 6.2710 -1.9708 0.7500
v 6.2595 -1.9817 0.7500
v 6.2492 -1.9935 0.7500
v 6.2398 -2.0059 0.7500
v 6.2315 -2.0191 0.7500
v 6.2242 -2.0332 0.7500
v 6.2180 -2.0483 0.7500
v 6.2127 -2.0639 0.7500
v 6.2086 -2.0804 0.7500
v 6.2059 -2.0939 0.7500
v 6.2044 -2.1069 0.7500
v 6.2035 -2.1192 0.7500
v 6.2035 -2.1310 0.7500
v 6.2044 -2.1422 0.7500
v 6.2062 -2.1525 0.7500
v 6.2088 -2.1625 0.7500
v 6.2124 -2.1719 0.7500
v 6.2165 -2.1805 0.7500
v 6.2218 -2.1887 0.7500
v 6.2280 -2.1964 0.7500
v 6.2353 -2.2038 0.7500
v 6.2436 -2.2108 0.7500
v 6.2533 -2.2179 0.7500
v 6.2639 -2.2244 0.7500
v 6.2757 -2.2308 0.7500
v 6.2889 -2.2370 0.7500
v 6.3031 -2.2429 0.7500
v 6.3184 -2.2485 0.7500
v 6.3346 -2.2541 0.7500
v 6.3440 -2.2568 0.7500
v 6.3528 -2.2597 0.7500
v 6.3614 -2.2624 0.7500
v 6.3696 -2.2650 0.7500
v 6.3773 -2.2677 0.7500
v 6.3847 -2.2700 0.7500
v 6.3917 -2.2724 0.7500
v 6.3982 -2.2747 0.7500
v 6.4044 -2.2771 0.7500
v 6.4103 -2.2791 0.7500
v 6.4156 -2.2812 0.7500
v 6.4206 -2.2836 0.7500
v 6.4253 -2.2856 0.7500
v 6.4297 -2.2880 0.7500
v 6.4335 -2.2906 0.7500
v 6.4406 -2.2953 0.7500
v 6.4459 -2.3006 0.7500
v 6.4480 -2.3033 0.7500
v 6.4500 -2.3062 0.7500
v 6.4515 -2.3092 0.7500
v 6.4530 -2.3124 0.7500
v 6.4539 -2.3159 0.7500
v 6.4550 -2.3230 0.7500
v 6.4550 -2.3271 0.7500
v 6.4544 -2.3354 0.7500
v 6.4536 -2.3401 0.7500
v 6.4518 -2.3466 0.7500
v 6.4497 -2.3525 0.7500
v 6.4474 -2.3581 0.7500
v 6.4441 -2.3634 0.7500
v 6.4409 -2.3678 0.7500
v 6.4368 -2.3719 0.7500
v 6.4327 -2.3757 0.7500
v 6.4279 -2.3790 0.7500
v 6.4226 -2.3816 0.7500
v 6.4170 -2.3840 0.7500
v 6.4109 -2.3857 0.7500
v 6.4044 -2.3875 0.7500
v 6.3970 -2.3890 0.7500
v 6.3894 -2.3905 0.7500
v 6.3814 -2.3913 0.7500
v 6.3726 -2.3922 0.7500
v 6.3634 -2.3931 0.7500
v 6.3537 -2.3934 0.7500
v 6.3437 -2.3937 0.7500
v 6.3328 -2.3940 0.7500
v 6.3152 -2.3934 0.7500
v 6.2975 -2.3922 0.7500
v 6.2884 -2.3913 0.7500
v 6.2795 -2.3899 0.7500
v 6.2704 -2.3887 0.7500
v 6.2521 -2.3852 0.7500
v 6.2427 -2.3831 0.7500
v 6.2336 -2.3807 0.7500
v 6.2247 -2.3784 0.7500
v 6.2159 -2.3757 0.7500
v 6.1988 -2.3704 0.7500
v 6.1823 -2.3645 0.7500
v 6.1744 -2.3613 0.7500
v 6.1667 -2.3581 0.7500
v 6.1591 -2.3545 0.7500
v 6.1326 -2.4800 0.7500
v 6.1393 -2.4832 0.7500
v 6.1464 -2.4862 0.7500
v 6.1538 -2.4891 0.7500
v 6.1614 -2.4918 0.7500
v 6.1694 -2.4944 0.7500
v 6.1865 -2.4991 0.7500
v 6.2047 -2.5032 0.7500
v 6.2144 -2.5050 0.7500
v 6.2245 -2.5068 0.7500
v 6.2345 -2.5082 0.7500
v 6.2551 -2.5106 0.7500
v 6.2657 -2.5115 0.7500
v 6.2766 -2.5124 0.7500
v 6.2878 -2.5130 0.7500
v 6.3101 -2.5135 0.7500
v 6.3219 -2.5138 -0.7500
v 6.3464 -2.5133 -0.7500
v 6.3696 -2.5118 -0.7500
v 6.3917 -2.5094 -0.7500
v 6.4129 -2.5062 -0.7500
v 6.4329 -2.5018 -0.7500
v 6.4518 -2.4965 -0.7500
v 6.4698 -2.4903 -0.7500
v 6.4865 -2.4829 -0.7500
v 6.5024 -2.4750 -0.7500
v 6.5172 -2.4658 -0.7500
v 6.5307 -2.4558 -0.7500
v 6.5434 -2.4452 -0.7500
v 6.5549 -2.4343 -0.7500
v 6.5652 -2.4226 -0.7500
v 6.5743 -2.4102 -0.7500
v 6.5825 -2.3975 -0.7500
v 6.5896 -2.3840 -0.7500
v 6.5958 -2.3698 -0.7500
v 6.6008 -2.3551 -0.7500
v 6.6046 -2.3401 -0.7500
v 6.6061 -2.3313 -0.7500
v 6.6076 -2.3227 -0.7500
v 6.6085 -2.3145 -0.7500
v 6.6090 -2.3062 -0.7500
v 6.6096 -2.2983 -0.7500
v 6.6096 -2.2903 -0.7500
v 6.6093 -2.2827 -0.7500
v 6.6076 -2.2679 -0.7500
v 6.6064 -2.2609 -0.7500
v 6.6046 -2.2538 -0.7500
v 6.6023 -2.2470 -0.7500
v 6.5996 -2.2406 -0.7500
v 6.5964 -2.2341 -0.7500
v 6.5928 -2.2276 -0.7500
v 6.5884 -2.2217 -0.7500
v 6.5837 -2.2155 -0.7500
v 6.5784 -2.2099 -0.7500
v 6.5728 -2.2040 -0.7500
v 6.5666 -2.1987 -0.7500
v 6.5596 -2.1934 -0.7500
v 6.5522 -2.1881 -0.7500
v 6.5437 -2.1831 -0.7500
v 6.5348 -2.1784 -0.7500
v 6.5251 -2.1737 -0.7500
v 6.5145 -2.1690 -0.7500
v 6.5033 -2.1646 -0.7500
v 6.4915 -2.1605 -0.7500
v 6.4789 -2.1563 -0.7500
v 6.4656 -2.1525 -0.7500
v 6.4568 -2.1499 -0.7500
v 6.4486 -2.1475 -0.7500
v 6.4332 -2.1428 -0.7500
v 6.4262 -2.1407 -0.7500
v 6.4197 -2.1384 -0.7500
v 6.4132 -2.1363 -0.7500
v 6.4073 -2.1343 -0.7500
v 6.4017 -2.1325 -0.7500
v 6.3964 -2.1304 -0.7500
v 6.3870 -2.1269 -0.7500
v 6.3829 -2.1248 -0.7500
v 6.3791 -2.1228 -0.7500
v 6.3755 -2.1207 -0.7500
v 6.3723 -2.1186 -0.7500
v 6.3670 -2.1145 -0.7500
v 6.3649 -2.1122 -0.7500
v 6.3632 -2.1101 -0.7500
v 6.3614 -2.1078 -0.7500
v 6.3602 -2.1051 -0.7500
v 6.3593 -2.1025 -0.7500
v 6.3584 -2.0995 -0.7500
v 6.3579 -2.0966 -0.7500
v 6.3573 -2.0901 -0.7500
v 6.3576 -2.0868 -0.7500
v 6.3579 -2.0830 -0.7500
v 6.3584 -2.0795 -0.7500
v 6.3602 -2.0730 -0.7500
v 6.3626 -2.0671 -0.7500
v 6.3652 -2.0618 -0.7500
v 6.3685 -2.0568 -0.7500
v 6.3720 -2.0524 -0.7500
v 6.3764 -2.0483 -0.7500
v 6.3811 -2.0450 -0.7500
v 6.3864 -2.0418 -0.7500
v 6.3920 -2.0394 -0.7500
v 6.3982 -2.0374 -0.7500
v 6.4050 -2.0356 -0.7500
v 6.4120 -2.0338 -0.7500
v 6.4194 -2.0327 -0.7500
v 6.4271 -2.0315 -0.7500
v 6.4350 -2.0303 -0.7500
v 6.4433 -2.0297 -0.7500
v 6.4521 -2.0288 -0.7500
v 6.4609 -2.0285 -0.7500
v 6.4703 -2.0282 -0.7500
v 6.4877 -2.0282 -0.7500
v 6.4951 -2.0285 -0.7500
v 6.5027 -2.0288 -0.7500
v 6.5101 -2.0294 -0.7500
v 6.5178 -2.0300 -0.7500
v 6.5254 -2.0309 -0.7500
v 6.5328 -2.0318 -0.7500
v 6.5481 -2.0341 -0.7500
v 6.5555 -2.0353 -0.7500
v 6.5708 -2.0388 -0.7500
v 6.5781 -2.0406 -0.7500
v 6.5858 -2.0427 -0.7500
v 6.5931 -2.0447 -0.7500
v 6.6005 -2.0471 -0.7500
v 6.6082 -2.0497 -0.7500
v 6.6155 -2.0524 -0.7500
v 6.6302 -2.0583 -0.7500
v 6.6576 -1.9322 -0.7500
v 6.6517 -1.9302 -0.7500
v 6.6456 -1.9281 -0.7500
v 6.6388 -1.9264 -0.7500
v 6.6320 -1.9243 -0.7500
v 6.6247 -1.9225 -0.7500
v 6.6170 -1.9208 -0.7500
v 6.6088 -1.9190 -0.7500
v 6.6005 -1.9175 -0.7500
v 6.5917 -1.9157 -0.7500
v 6.5825 -1.9143 -0.7500
v 6.5637 -1.9113 -0.7500
v 6.5543 -1.9102 -0.7500
v 6.5348 -1.9084 -0.7500
v 6.5248 -1.9078 -0.7500
v 6.5151 -1.9072 -0.7500
v 6.5051 -1.9069 -0.7500
v 6.4948 -1.9066 -0.7500
v 6.4848 -1.9066 -0.7500
v 6.4615 -1.9069 -0.7500
v 6.4394 -1.9084 -0.7500
v 6.4182 -1.9104 -0.7500
v 6.3979 -1.9137 -0.7500
v 6.3788 -1.9178 -0.7500
v 6.3605 -1.9225 -0.7500
v 6.3431 -1.9284 -0.7500
v 6.3266 -1.9352 -0.7500
v 6.3113 -1.9428 -0.7500
v 6.2969 -1.9514 -0.7500
v 6.2834 -1.9608 -0.7500
v 6.2710 -1.9708 -0.7500
v 6.2595 -1.9817 -0.7500
v 6.2492 -1.9935 -0.7500
v 6.2398 -2.0059 -0.7500
v 6.2315 -2.0191 -0.7500
v 6.2242 -2.0332 -0.7500
v 6.2180 -2.0483 -0.7500
v 6.2127 -2.0639 -0.7500
v 6.2086 -2.0804 -0.7500
v 6.2059 -2.0939 -0.7500
v 6.2044 -2.1069 -0.7500
v 6.2035 -2.1192 -0.7500
v 6.2035 -2.1310 -0.7500
v 6.2044 -2.1422 -0.7500
v 6.2062 -2.1525 -0.7500
v 6.2088 -2.1625 -0.7500
v 6.2124 -2.1719 -0.7500
v 6.2165 -2.1805 -0.7500
v 6.2218 -2.1887 -0.7500
v 6.2280 -2.1964 -0.7500
v 6.2353 -2.2038 -0.7500
v 6.2436 -2.2108 -0.7500
v 6.2533 -2.2179 -0.7500
v 6.2639 -2.2244 -0.7500
v 6.2757 -2.2308 -0.7500
v 6.2889 -2.2370 -0.7500
v 6.3031 -2.2429 -0.7500
v 6.3184 -2.2485 -0.7500
v 6.3346 -2.2541 -0.7500
v 6.3440 -2.2568 -0.7500
v 6.3528 -2.2597 -0.7500
v 6.3614 -2.2624 -0.7500
v 6.3696 -2.2650 -0.7500
v 6.3773 -2.2677 -0.7500
v 6.3847 -2.2700 -0.7500
v 6.3917 -2.2724 -0.7500
v 6.3982 -2.2747 -0.7500
v 6.4044 -2.2771 -0.7500
v 6.4103 -2.2791 -0.7500
v 6.4156 -2.2812 -0.7500
v 6.4206 -2.2836 -0.7500
v 6.4253 -2.2856 -0.7500
v 6.4297 -2.2880 -0.7500
v 6.4335 -2.2906 -0.7500
v 6.4406 -2.2953 -0.7500
v 6.4459 -2.3006 -0.7500
v 6.4480 -2.3033 -0.7500
v 6.4500 -2.3062 -0.7500
v 6.4515 -2.3092 -0.7500
v 6.4530 -2.3124 -0.7500
v 6.4539 -2.3159 -0.7500
v 6.4550 -2.3230 -0.7500
v 6.4550 -2.3271 -0.7500
v 6.4544 -2.3354 -0.7500
v 6.4536 -2.3401 -0.7500
v 6.4518 -2.3466 -0.7500
v 6.4497 -2.3525 -0.7500
v 6.4474 -2.3581 -0.7500
v 6.4441 -2.3634 -0.7500
v 6.4409 -2.3678 -0.7500
v 6.4368 -2.3719 -0.7500
v 6.4327 -2.3757 -0.7500
v 6.4279 -2.3790 -0.7500
v 6.4226 -2.3816 -0.7500
v 6.4170 -2.3840 -0.7500
v 6.4109 -2.3857 -0.7500
v 6.4044 -2.3875 -0.7500
v 6.3970 -2.3890 -0.7500
v 6.3894 -2.3905 -0.7500
v 6.3814 -2.3913 -0.7500
v 6.3726 -2.3922 -0.7500
v 6.3634 -2.3931 -0.7500
v 6.3537 -2.3934 -0.7500
v 6.3437 -2.3937 -0.7500
v 6.3328 -2.3940 -0.7500
v 6.3152 -2.3934 -0.7500
v 6.2975 -2.3922 -0.7500
v 6.2884 -2.3913 -0.7500
v 6.2795 -2.3899 -0.7500
v 6.2704 -2.3887 -0.7500
v 6.2521 -2.3852 -0.7500
v 6.2427 -2.3831 -0.7500
v 6.2336 -2.3807 -0.7500
v 6.2247 -2.3784 -0.7500
v 6.2159 -2.3757 -0.7500
v 6.1988 -2.3704 -0.7500
v 6.1823 -2.3645 -0.7500
v 6.1744 -2.3613 -0.7500
v 6.1667 -2.3581 -0.7500
v 6.1591 -2.3545 -0.7500
v 6.1326 -2.4800 -0.7500
v 6.1393 -2.4832 -0.7500
v 6.1464 -2.4862 -0.7500
v 6.1538 -2.4891 -0.7500
v 6.1614 -2.4918 -0.7500
v 6.1694 -2.4944 -0.7500
v 6.1865 -2.4991 -0.7500
v 6.2047 -2.5032 -0.7500
v 6.2144 -2.5050 -0.7500
v 6.2245 -2.5068 -0.7500
v 6.2345 -2.5082 -0.7500
v 6.2551 -2.5106 -0.7500
v 6.2657 -2.5115 -0.7500
v 6.2766 -2.5124 -0.7500
v 6.2878 -2.5130 -0.7500
v 6.3101 -2.5135 -0.7500
v 6.2878 -2.5130 -0.7500
v 6.3101 -2.5135 -0.7500
v 6.3101 -2.5135 0.7500
v 6.2878 -2.5130 0.7500
v 6.3101 -2.5135 -0.7500
v 6.3219 -2.5138 -0.7500
v 6.3219 -2.5138 0.7500
v 6.3101 -2.5135 0.7500
v 6.3219 -2.5138 -0.7500
v 6.3464 -2.5133 -0.7500
v 6.3464 -2.5133 0.7500
v 6.3219 -2.5138 0.7500
v 6.3464 -2.5133 -0.7500
v 6.3696 -2.5118 -0.7500
v 6.3696 -2.5118 0.7500
v 6.3464 -2.5133 0.7500
v 6.3696 -2.5118 -0.7500
v 6.3917 -2.5094 -0.7500
v 6.3917 -2.5094 0.7500
v 6.3696 -2.5118 0.7500
v 6.3917 -2.5094 -0.7500
v 6.4129 -2.5062 -0.7500
v 6.4129 -2.5062 0.7500
v 6.3917 -2.5094 0.7500
v 6.4129 -2.5062 -0.7500
v 6.4329 -2.5018 -0.7500
v 6.4329 -2.5018 0.7500
v 6.4129 -2.5062 0.7500
v 6.4329 -2.5018 -0.7500
v 6.4518 -2.4965 -0.7500
v 6.4518 -2.4965 0.7500
v 6.4329 -2.5018 0.7500
v 6.4518 -2.4965 -0.7500
v 6.4698 -2.4903 -0.7500
v 6.4698 -2.4903 0.7500
v 6.4518 -2.4965 0.7500
v 6.4698 -2.4903 -0.7500
v 6.4865 -2.4829 -0.7500
v 6.4865 -2.4829 0.7500
v 6.4698 -2.4903 0.7500
v 6.4865 -2.4829 -0.7500
v 6.5024 -2.4750 -0.7500
v 6.5024 -2.4750 0.7500
v 6.4865 -2.4829 0.7500
v 6.5024 -2.4750 -0.7500
v 6.5172 -2.4658 -0.7500
v 6.5172 -2.4658 0.7500
v 6.5024 -2.4750 0.7500
v 6.5172 -2.4658 -0.7500
v 6.5307 -2.4558 -0.7500
v 6.5307 -2.4558 0.7500
v 6.5172 -2.4658 0.7500
v 6.5307 -2.4558 -0.7500
v 6.5434 -2.4452 -0.7500
v 6.5434 -2.4452 0.7500
v 6.5307 -2.4558 0.7500
v 6.5434 -2.4452 -0.7500
v 6.5549 -2.4343 -0.7500
v 6.5549 -2.4343 0.7500
v 6.5434 -2.4452 0.7500
v 6.5549 -2.4343 -0.7500
v 6.5652 -2.4226 -0.7500
v 6.5652 -2.4226 0.7500
v 6.5549 -2.4343 0.7500
v 6.5652 -2.4226 -0.7500
v 6.5743 -2.4102 -0.7500
v 6.5743 -2.4102 0.7500
v 6.5652 -2.4226 0.7500
v 6.5743 -2.4102 -0.7500
v 6.5825 -2.3975 -0.7500
v 6.5825 -2.3975 0.7500
v 6.5743 -2.4102 0.7500
v 6.5825 -2.3975 -0.7500
v 6.5896 -2.3840 -0.7500
v 6.5896 -2.3840 0.7500
v 6.5825 -2.3975 0.7500
v 6.5896 -2.3840 -0.7500
v 6.5958 -2.3698 -0.7500
v 6.5958 -2.3698 0.7500
v 6.5896 -2.3840 0.7500
v 6.5958 -2.3698 -0.7500
v 6.6008 -2.3551 -0.7500
v 6.6008 -2.3551 0.7500
v 6.5958 -2.3698 0.7500
v 6.6008 -2.3551 -0.7500
v 6.6046 -2.3401 -0.7500
v 6.6046 -2.3401 0.7500
v 6.6008 -2.3551 0.7500
v 6.6061 -2.3313 -0.7500
v 6.6076 -2.3227 -0.7500
v 6.6076 -2.3227 0.7500
v 6.6061 -2.3313 0.7500
v 6.6076 -2.3227 -0.7500
v 6.6085 -2.3145 -0.7500
v 6.6085 -2.3145 0.7500
v 6.6076 -2.3227 0.7500
v 6.6090 -2.3062 -0.7500
v 6.6096 -2.2983 -0.7500
v 6.6096 -2.2983 0.7500
v 6.6090 -2.3062 0.7500
v 6.6096 -2.2983 -0.7500
v 6.6096 -2.2903 -0.7500
v 6.6096 -2.2903 0.7500
v 6.6096 -2.2983 0.7500
v 6.6096 -2.2903 -0.7500
v 6.6093 -2.2827 -0.7500
v 6.6093 -2.2827 0.7500
v 6.6096 -2.2903 0.7500
v 6.6093 -2.2827 -0.7500
v 6.6076 -2.2679 -0.7500
v 6.6076 -2.2679 0.7500
v 6.6093 -2.2827 0.7500
v 6.6076 -2.2679 -0.7500
v 6.6064 -2.2609 -0.7500
v 6.6064 -2.2609 0.7500
v 6.6076 -2.2679 0.7500
v 6.6064 -2.2609 -0.7500
v 6.6046 -2.2538 -0.7500
v 6.6046 -2.2538 0.7500
v 6.6064 -2.2609 0.7500
v 6.6046 -2.2538 -0.7500
v 6.6023 -2.2470 -0.7500
v 6.6023 -2.2470 0.7500
v 6.6046 -2.2538 0.7500
v 6.6023 -2.2470 -0.7500
v 6.5996 -2.2406 -0.7500
v 6.5996 -2.2406 0.7500
v 6.6023 -2.2470 0.7500
v 6.5996 -2.2406 -0.7500
v 6.5964 -2.2341 -0.7500
v 6.5964 -2.2341 0.7500
v 6.5996 -2.2406 0.7500
v 6.5964 -2.2341 -0.7500
v 6.5928 -2.2276 -0.7500
v 6.5928 -2.2276 0.7500
v 6.5964 -2.2341 0.7500
v 6.5928 -2.2276 -0.7500
v 6.5884 -2.2217 -0.7500
v 6.5884 -2.2217 0.7500
v 6.5928 -2.2276 0.7500
v 6.5884 -2.2217 -0.7500
v 6.5837 -2.2155 -0.7500
v 6.5837 -2.2155 0.7500
v 6.5884 -2.2217 0.7500
v 6.5837 -2.2155 -0.7500
v 6.5784 -2.2099 -0.7500
v 6.5784 -2.2099 0.7500
v 6.5837 -2.2155 0.7500
v 6.5784 -2.2099 -0.7500
v 6.5728 -2.2040 -0.7500
v 6.5728 -2.2040 0.7500
v 6.5784 -2.2099 0.7500
v 6.5728 -2.2040 -0.7500
v 6.5666 -2.1987 -0.7500
v 6.5666 -2.1987 0.7500
v 6.5728 -2.2040 0.7500
v 6.5666 -2.1987 -0.7500
v 6.5596 -2.1934 -0.7500
v 6.5596 -2.1934 0.7500
v 6.5666 -2.1987 0.7500
v 6.5596 -2.1934 -0.7500
v 6.5522 -2.1881 -0.7500
v 6.5522 -2.1881 0.7500
v 6.5596 -2.1934 0.7500
v 6.5522 -2.1881 -0.7500
v 6.5437 -2.1831 -0.7500
v 6.5437 -2.1831 0.7500
v 6.5522 -2.1881 0.7500
v 6.5437 -2.1831 -0.7500
v 6.5348 -2.1784 -0.7500
v 6.5348 -2.1784 0.7500
v 6.5437 -2.1831 0.7500
v 6.5348 -2.1784 -0.7500
v 6.5251 -2.1737 -0.7500
v 6.5251 -2.1737 0.7500
v 6.5348 -2.1784 0.7500
v 6.5251 -2.1737 -0.7500
v 6.5145 -2.1690 -0.7500
v 6.5145 -2.1690 0.7500
v 6.5251 -2.1737 0.7500
v 6.5145 -2.1690 -0.7500
v 6.5033 -2.1646 -0.7500
v 6.5033 -2.1646 0.7500
v 6.5145 -2.1690 0.7500
v 6.5033 -2.1646 -0.7500
v 6.4915 -2.1605 -0.7500
v 6.4915 -2.1605 0.7500
v 6.5033 -2.1646 0.7500
v 6.4915 -2.1605 -0.7500
v 6.4789 -2.1563 -0.7500
v 6.4789 -2.1563 0.7500
v 6.4915 -2.1605 0.7500
v 6.4656 -2.1525 -0.7500
v 6.4568 -2.1499 -0.7500
v 6.4568 -2.1499 0.7500
v 6.4656 -2.1525 0.7500
v 6.4568 -2.1499 -0.7500
v 6.4486 -2.1475 -0.7500
v 6.4486 -2.1475 0.7500
v 6.4568 -2.1499 0.7500
v 6.4486 -2.1475 -0.7500
v 6.4332 -2.1428 -0.7500
v 6.4332 -2.1428 0.7500
v 6.4486 -2.1475 0.7500
v 6.4332 -2.1428 -0.7500
v 6.4262 -2.1407 -0.7500
v 6.4262 -2.1407 0.7500
v 6.4332 -2.1428 0.7500
v 6.4262 -2.1407 -0.7500
v 6.4197 -2.1384 -0.7500
v 6.4197 -2.1384 0.7500
v 6.4262 -2.1407 0.7500
v 6.4197 -2.1384 -0.7500
v 6.4132 -2.1363 -0.7500
v 6.4132 -2.1363 0.7500
v 6.4197 -2.1384 0.7500
v 6.4132 -2.1363 -0.7500
v 6.4073 -2.1343 -0.7500
v 6.4073 -2.1343 0.7500
v 6.4132 -2.1363 0.7500
v 6.4073 -2.1343 -0.7500
v 6.4017 -2.1325 -0.7500
v 6.4017 -2.1325 0.7500
v 6.4073 -2.1343 0.7500
v 6.4017 -2.1325 -0.7500
v 6.3964 -2.1304 -0.7500
v 6.3964 -2.1304 0.7500
v 6.4017 -2.1325 0.7500
v 6.3964 -2.1304 -0.7500
v 6.3870 -2.1269 -0.7500
v 6.3870 -2.1269 0.7500
v 6.3964 -2.1304 0.7500
v 6.3573 -2.0901 -0.7500
v 6.3576 -2.0868 -0.7500
v 6.3576 -2.0868 0.7500
v 6.3573 -2.0901 0.7500
v 6.3576 -2.0868 -0.7500
v 6.3579 -2.0830 -0.7500
v 6.3579 -2.0830 0.7500
v 6.3576 -2.0868 0.7500
v 6.4350 -2.0303 -0.7500
v 6.4433 -2.0297 -0.7500
v 6.4433 -2.0297 0.7500
v 6.4350 -2.0303 0.7500
v 6.4433 -2.0297 -0.7500
v 6.4521 -2.0288 -0.7500
v 6.4521 -2.0288 0.7500
v 6.4433 -2.0297 0.7500
v 6.4877 -2.0282 -0.7500
v 6.4951 -2.0285 -0.7500
v 6.4951 -2.0285 0.7500
v 6.4877 -2.0282 0.7500
v 6.4951 -2.0285 -0.7500
v 6.5027 -2.0288 -0.7500
v 6.5027 -2.0288 0.7500
v 6.4951 -2.0285 0.7500
v 6.5027 -2.0288 -0.7500
v 6.5101 -2.0294 -0.7500
v 6.5101 -2.0294 0.7500
v 6.5027 -2.0288 0.7500
v 6.5101 -2.0294 -0.7500
v 6.5178 -2.0300 -0.7500
v 6.5178 -2.0300 0.7500
v 6.5101 -2.0294 0.7500
v 6.6155 -2.0524 -0.7500
v 6.6302 -2.0583 -0.7500
v 6.6302 -2.0583 0.7500
v 6.6155 -2.0524 0.7500
v 6.6302 -2.0583 -0.7500
v 6.6576 -1.9322 -0.7500
v 6.6576 -1.9322 0.7500
v 6.6302 -2.0583 0.7500
v 6.6576 -1.9322 -0.7500
v 6.6517 -1.9302 -0.7500
v 6.6517 -1.9302 0.7500
v 6.6576 -1.9322 0.7500
v 6.6517 -1.9302 -0.7500
v 6.6456 -1.9281 -0.7500
v 6.6456 -1.9281 0.7500
v 6.6517 -1.9302 0.7500
v 6.6388 -1.9264 -0.7500
v 6.6320 -1.9243 -0.7500
v 6.6320 -1.9243 0.7500
v 6.6388 -1.9264 0.7500
v 6.6320 -1.9243 -0.7500
v 6.6247 -1.9225 -0.7500
v 6.6247 -1.9225 0.7500
v 6.6320 -1.9243 0.7500
v 6.6247 -1.9225 -0.7500
v 6.6170 -1.9208 -0.7500
v 6.6170 -1.9208 0.7500
v 6.6247 -1.9225 0.7500
v 6.6170 -1.9208 -0.7500
v 6.6088 -1.9190 -0.7500
v 6.6088 -1.9190 0.7500
v 6.6170 -1.9208 0.7500
v 6.6005 -1.9175 -0.7500
v 6.5917 -1.9157 -0.7500
v 6.5917 -1.9157 0.7500
v 6.6005 -1.9175 0.7500
v 6.5917 -1.9157 -0.7500
v 6.5825 -1.9143 -0.7500
v 6.5825 -1.9143 0.7500
v 6.5917 -1.9157 0.7500
v 6.5825 -1.9143 -0.7500
v 6.5637 -1.9113 -0.7500
v 6.5637 -1.9113 0.7500
v 6.5825 -1.9143 0.7500
v 6.5637 -1.9113 -0.7500
v 6.5543 -1.9102 -0.7500
v 6.5543 -1.9102 0.7500
v 6.5637 -1.9113 0.7500
v 6.5543 -1.9102 -0.7500
v 6.5348 -1.9084 -0.7500
v 6.5348 -1.9084 0.7500
v 6.5543 -1.9102 0.7500
v 6.5348 -1.9084 -0.7500
v 6.5248 -1.9078 -0.7500
v 6.5248 -1.9078 0.7500
v 6.5348 -1.9084 0.7500
v 6.5248 -1.9078 -0.7500
v 6.5151 -1.9072 -0.7500
v 6.5151 -1.9072 0.7500
v 6.5248 -1.9078 0.7500
v 6.5151 -1.9072 -0.7500
v 6.5051 -1.9069 -0.7500
v 6.5051 -1.9069 0.7500
v 6.5151 -1.9072 0.7500
v 6.5051 -1.9069 -0.7500
v 6.4948 -1.9066 -0.7500
v 6.4948 -1.9066 0.7500
v 6.5051 -1.9069 0.7500
v 6.4948 -1.9066 -0.7500
v 6.4848 -1.9066 -0.7500
v 6.4848 -1.9066 0.7500
v 6.4948 -1.9066 0.7500
v 6.4848 -1.9066 -0.7500
v 6.4615 -1.9069 -0.7500
v 6.4615 -1.9069 0.7500
v 6.4848 -1.9066 0.7500
v 6.4615 -1.9069 -0.7500
v 6.4394 -1.9084 -0.7500
v 6.4394 -1.9084 0.7500
v 6.4615 -1.9069 0.7500
v 6.4394 -1.9084 -0.7500
v 6.4182 -1.9104 -0.7500
v 6.4182 -1.9104 0.7500
v 6.4394 -1.9084 0.7500
v 6.4182 -1.9104 -0.7500
v 6.3979 -1.9137 -0.7500
v 6.3979 -1.9137 0.7500
v 6.4182 -1.9104 0.7500
v 6.3979 -1.9137 -0.7500
v 6.3788 -1.9178 -0.7500
v 6.3788 -1.9178 0.7500
v 6.3979 -1.9137 0.7500
v 6.3788 -1.9178 -0.7500
v 6.3605 -1.9225 -0.7500
v 6.3605 -1.9225 0.7500
v 6.3788 -1.9178 0.7500
v 6.3605 -1.9225 -0.7500
v 6.3431 -1.9284 -0.7500
v 6.3431 -1.9284 0.7500
v 6.3605 -1.9225 0.7500
v 6.3431 -1.9284 -0.7500
v 6.3266 -1.9352 -0.7500
v 6.3266 -1.9352 0.7500
v 6.3431 -1.9284 0.7500
v 6.3266 -1.9352 -0.7500
v 6.3113 -1.9428 -0.7500
v 6.3113 -1.9428 0.7500
v 6.3266 -1.9352 0.7500
v 6.3113 -1.9428 -0.7500
v 6.2969 -1.9514 -0.7500
v 6.2969 -1.9514 0.7500
v 6.3113 -1.9428 0.7500
v 6.2969 -1.9514 -0.7500
v 6.2834 -1.9608 -0.7500
v 6.2834 -1.9608 0.7500
v 6.2969 -1.9514 0.7500
v 6.2834 -1.9608 -0.7500
v 6.2710 -1.9708 -0.7500
v 6.2710 -1.9708 0.7500
v 6.2834 -1.9608 0.7500
v 6.2710 -1.9708 -0.7500
v 6.2595 -1.9817 -0.7500
v 6.2595 -1.9817 0.7500
v 6.2710 -1.9708 0.7500
v 6.2595 -1.9817 -0.7500
v 6.2492 -1.9935 -0.7500
v 6.2492 -1.9935 0.7500
v 6.2595 -1.9817 0.7500
v 6.2492 -1.9935 -0.7500
v 6.2398 -2.0059 -0.7500
v 6.2398 -2.0059 0.7500
v 6.2492 -1.9935 0.7500
v 6.2398 -2.0059 -0.7500
v 6.2315 -2.0191 -0.7500
v 6.2315 -2.0191 0.7500
v 6.2398 -2.0059 0.7500
v 6.2315 -2.0191 -0.7500
v 6.2242 -2.0332 -0.7500
v 6.2242 -2.0332 0.7500
v 6.2315 -2.0191 0.7500
v 6.2242 -2.0332 -0.7500
v 6.2180 -2.0483 -0.7500
v 6.2180 -2.0483 0.7500
v 6.2242 -2.0332 0.7500
v 6.2180 -2.0483 -0.7500
v 6.2127 -2.0639 -0.7500
v 6.2127 -2.0639 0.7500
v 6.2180 -2.0483 0.7500
v 6.2127 -2.0639 -0.7500
v 6.2086 -2.0804 -0.7500
v 6.2086 -2.0804 0.7500
v 6.2127 -2.0639 0.7500
v 6.2086 -2.0804 -0.7500
v 6.2059 -2.0939 -0.7500
v 6.2059 -2.0939 0.7500
v 6.2086 -2.0804 0.7500
v 6.2059 -2.0939 -0.7500
v 6.2044 -2.1069 -0.7500
v 6.2044 -2.1069 0.7500
v 6.2059 -2.0939 0.7500
v 6.2044 -2.1069 -0.7500
v 6.2035 -2.1192 -0.7500
v 6.2035 -2.1192 0.7500
v 6.2044 -2.1069 0.7500
v 6.2035 -2.1192 -0.7500
v 6.2035 -2.1310 -0.7500
v 6.2035 -2.1310 0.7500
v 6.2035 -2.1192 0.7500
v 6.2035 -2.1310 -0.7500
v 6.2044 -2.1422 -0.7500
v 6.2044 -2.1422 0.7500
v 6.2035 -2.1310 0.7500
v 6.2044 -2.1422 -0.7500
v 6.2062 -2.1525 -0.7500
v 6.2062 -2.1525 0.7500
v 6.2044 -2.1422 0.7500
v 6.2062 -2.1525 -0.7500
v 6.2088 -2.1625 -0.7500
v 6.2088 -2.1625 0.7500
v 6.2062 -2.1525 0.7500
v 6.2088 -2.1625 -0.7500
v 6.2124 -2.1719 -0.7500
v 6.2124 -2.1719 0.7500
v 6.2088 -2.1625 0.7500
v 6.2124 -2.1719 -0.7500
v 6.2165 -2.1805 -0.7500
v 6.2165 -2.1805 0.7500
v 6.2124 -2.1719 0.7500
v 6.2165 -2.1805 -0.7500
v 6.2218 -2.1887 -0.7500
v 6.2218 -2.1887 0.7500
v 6.2165 -2.1805 0.7500
v 6.2218 -2.1887 -0.7500
v 6.2280 -2.1964 -0.7500
v 6.2280 -2.1964 0.7500
v 6.2218 -2.1887 0.7500
v 6.2280 -2.1964 -0.7500
v 6.2353 -2.2038 -0.7500
v 6.2353 -2.2038 0.7500
v 6.2280 -2.1964 0.7500
v 6.2353 -2.2038 -0.7500
v 6.2436 -2.2108 -0.7500
v 6.2436 -2.2108 0.7500
v 6.2353 -2.2038 0.7500
v 6.2436 -2.2108 -0.7500
v 6.2533 -2.2179 -0.7500
v 6.2533 -2.2179 0.7500
v 6.2436 -2.2108 0.7500
v 6.2533 -2.2179 -0.7500
v 6.2639 -2.2244 -0.7500
v 6.2639 -2.2244 0.7500
v 6.2533 -2.2179 0.7500
v 6.2639 -2.2244 -0.7500
v 6.2757 -2.2308 -0.7500
v 6.2757 -2.2308 0.7500
v 6.2639 -2.2244 0.7500
v 6.2757 -2.2308 -0.7500
v 6.2889 -2.2370 -0.7500
v 6.2889 -2.2370 0.7500
v 6.2757 -2.2308 0.7500
v 6.2889 -2.2370 -0.7500
v 6.3031 -2.2429 -0.7500
v 6.3031 -2.2429 0.7500
v 6.2889 -2.2370 0.7500
v 6.3031 -2.2429 -0.7500
v 6.3184 -2.2485 -0.7500
v 6.3184 -2.2485 0.7500
v 6.3031 -2.2429 0.7500
v 6.3184 -2.2485 -0.7500
v 6.3346 -2.2541 -0.7500
v 6.3346 -2.2541 0.7500
v 6.3184 -2.2485 0.7500
v 6.3440 -2.2568 -0.7500
v 6.3528 -2.2597 -0.7500
v 6.3528 -2.2597 0.7500
v 6.3440 -2.2568 0.7500
v 6.3528 -2.2597 -0.7500
v 6.3614 -2.2624 -0.7500
v 6.3614 -2.2624 0.7500
v 6.3528 -2.2597 0.7500
v 6.3696 -2.2650 -0.7500
v 6.3773 -2.2677 -0.7500
v 6.3773 -2.2677 0.7500
v 6.3696 -2.2650 0.7500
v 6.3773 -2.2677 -0.7500
v 6.3847 -2.2700 -0.7500
v 6.3847 -2.2700 0.7500
v 6.3773 -2.2677 0.7500
v 6.3847 -2.2700 -0.7500
v 6.3696 -2.2650 -0.7500
v 6.3696 -2.2650 0.7500
v 6.3847 -2.2700 0.7500
v 6.3982 -2.2747 -0.7500
v 6.4044 -2.2771 -0.7500
v 6.4044 -2.2771 0.7500
v 6.3982 -2.2747 0.7500
v 6.4044 -2.2771 -0.7500
v 6.4103 -2.2791 -0.7500
v 6.4103 -2.2791 0.7500
v 6.4044 -2.2771 0.7500
v 6.4156 -2.2812 -0.7500
v 6.4206 -2.2836 -0.7500
v 6.4206 -2.2836 0.7500
v 6.4156 -2.2812 0.7500
v 6.4206 -2.2836 -0.7500
v 6.4253 -2.2856 -0.7500
v 6.4253 -2.2856 0.7500
v 6.4206 -2.2836 0.7500
v 6.4297 -2.2880 -0.7500
v 6.4335 -2.2906 -0.7500
v 6.4335 -2.2906 0.7500
v 6.4297 -2.2880 0.7500
v 6.4335 -2.2906 -0.7500
v 6.4406 -2.2953 -0.7500
v 6.4406 -2.2953 0.7500
v 6.4335 -2.2906 0.7500
v 6.2884 -2.3913 -0.7500
v 6.2795 -2.3899 -0.7500
v 6.2795 -2.3899 0.7500
v 6.2884 -2.3913 0.7500
v 6.2795 -2.3899 -0.7500
v 6.2704 -2.3887 -0.7500
v 6.2704 -2.3887 0.7500
v 6.2795 -2.3899 0.7500
v 6.1667 -2.3581 -0.7500
v 6.1591 -2.3545 -0.7500
v 6.1591 -2.3545 0.7500
v 6.1667 -2.3581 0.7500
v 6.1591 -2.3545 -0.7500
v 6.1326 -2.4800 -0.7500
v 6.1326 -2.4800 0.7500
v 6.1591 -2.3545 0.7500
v 6.1326 -2.4800 -0.7500
v 6.1393 -2.4832 -0.7500
v 6.1393 -2.4832 0.7500
v 6.1326 -2.4800 0.7500
v 6.1393 -2.4832 -0.7500
v 6.1464 -2.4862 -0.7500
v 6.1464 -2.4862 0.7500
v 6.1393 -2.4832 0.7500
v 6.1464 -2.4862 -0.7500
v 6.1538 -2.4891 -0.7500
v 6.1538 -2.4891 0.7500
v 6.1464 -2.4862 0.7500
v 6.1538 -2.4891 -0.7500
v 6.1614 -2.4918 -0.7500
v 6.1614 -2.4918 0.7500
v 6.1538 -2.4891 0.7500
v 6.1614 -2.4918 -0.7500
v 6.1694 -2.4944 -0.7500
v 6.1694 -2.4944 0.7500
v 6.1614 -2.4918 0.7500
v 6.1694 -2.4944 -0.7500
v 6.1865 -2.4991 -0.7500
v 6.1865 -2.4991 0.7500
v 6.1694 -2.4944 0.7500
v 6.1865 -2.4991 -0.7500
v 6.2047 -2.5032 -0.7500
v 6.2047 -2.5032 0.7500
v 6.1865 -2.4991 0.7500
v 6.2047 -2.5032 -0.7500
v 6.2144 -2.5050 -0.7500
v 6.2144 -2.5050 0.7500
v 6.2047 -2.5032 0.7500
v 6.2144 -2.5050 -0.7500
v 6.2245 -2.5068 -0.7500
v 6.2245 -2.5068 0.7500
v 6.2144 -2.5050 0.7500
v 6.2245 -2.5068 -0.7500
v 6.2345 -2.5082 -0.7500
v 6.2345 -2.5082 0.7500
v 6.2245 -2.5068 0.7500
v 6.2345 -2.5082 -0.7500
v 6.2551 -2.5106 -0.7500
v 6.2551 -2.5106 0.7500
v 6.2345 -2.5082 0.7500
v 6.2551 -2.5106 -0.7500
v 6.2657 -2.5115 -0.7500
v 6.2657 -2.5115 0.7500
v 6.2551 -2.5106 0.7500
v 6.2657 -2.5115 -0.7500
v 6.2766 -2.5124 -0.7500
v 6.2766 -2.5124 0.7500
v 6.2657 -2.5115 0.7500
v 6.2766 -2.5124 -0.7500
v 6.2878 -2.5130 -0.7500
v 6.2878 -2.5130 0.7500
v 6.2766 -2.5124 0.7500
v 6.6046 -2.3401 -0.7500
v 6.6061 -2.3313 -0.7500
v 6.6061 -2.3313 0.7500
v 6.6046 -2.3401 0.7500
v 6.6085 -2.3145 -0.7500
v 6.6090 -2.3062 -0.7500
v 6.6090 -2.3062 0.7500
v 6.6085 -2.3145 0.7500
v 6.6082 -2.0497 -0.7500
v 6.6155 -2.0524 -0.7500
v 6.6155 -2.0524 0.7500
v 6.6082 -2.0497 0.7500
v 6.6456 -1.9281 -0.7500
v 6.6388 -1.9264 -0.7500
v 6.6388 -1.9264 0.7500
v 6.6456 -1.9281 0.7500
v 6.3346 -2.2541 -0.7500
v 6.3440 -2.2568 -0.7500
v 6.3440 -2.2568 0.7500
v 6.3346 -2.2541 0.7500
v 6.3614 -2.2624 -0.7500
v 6.3696 -2.2650 -0.7500
v 6.3696 -2.2650 0.7500
v 6.3614 -2.2624 0.7500
v 6.1744 -2.3613 -0.7500
v 6.1667 -2.3581 -0.7500
v 6.1667 -2.3581 0.7500
v 6.1744 -2.3613 0.7500
v 6.6005 -2.0471 -0.7500
v 6.6082 -2.0497 -0.7500
v 6.6082 -2.0497 0.7500
v 6.6005 -2.0471 0.7500
v 6.6088 -1.9190 -0.7500
v 6.6005 -1.9175 -0.7500
v 6.6005 -1.9175 0.7500
v 6.6088 -1.9190 0.7500
v 6.1823 -2.3645 -0.7500
v 6.1744 -2.3613 -0.7500
v 6.1744 -2.3613 0.7500
v 6.1823 -2.3645 0.7500
v 6.5931 -2.0447 -0.7500
v 6.6005 -2.0471 -0.7500
v 6.6005 -2.0471 0.7500
v 6.5931 -2.0447 0.7500
v 6.1988 -2.3704 -0.7500
v 6.1823 -2.3645 -0.7500
v 6.1823 -2.3645 0.7500
v 6.1988 -2.3704 0.7500
v 6.4789 -2.1563 -0.7500
v 6.4656 -2.1525 -0.7500
v 6.4656 -2.1525 0.7500
v 6.4789 -2.1563 0.7500
v 6.5858 -2.0427 -0.7500
v 6.5931 -2.0447 -0.7500
v 6.5931 -2.0447 0.7500
v 6.5858 -2.0427 0.7500
v 6.2159 -2.3757 -0.7500
v 6.1988 -2.3704 -0.7500
v 6.1988 -2.3704 0.7500
v 6.2159 -2.3757 0.7500
v 6.5781 -2.0406 -0.7500
v 6.5858 -2.0427 -0.7500
v 6.5858 -2.0427 0.7500
v 6.5781 -2.0406 0.7500
v 6.2247 -2.3784 -0.7500
v 6.2159 -2.3757 -0.7500
v 6.2159 -2.3757 0.7500
v 6.2247 -2.3784 0.7500
v 6.5708 -2.0388 -0.7500
v 6.5781 -2.0406 -0.7500
v 6.5781 -2.0406 0.7500
v 6.5708 -2.0388 0.7500
v 6.3696 -2.2650 -0.7500
v 6.3917 -2.2724 -0.7500
v 6.3917 -2.2724 0.7500
v 6.3696 -2.2650 0.7500
v 6.2336 -2.3807 -0.7500
v 6.2247 -2.3784 -0.7500
v 6.2247 -2.3784 0.7500
v 6.2336 -2.3807 0.7500
v 6.5555 -2.0353 -0.7500
v 6.5708 -2.0388 -0.7500
v 6.5708 -2.0388 0.7500
v 6.5555 -2.0353 0.7500
v 6.3917 -2.2724 -0.7500
v 6.3982 -2.2747 -0.7500
v 6.3982 -2.2747 0.7500
v 6.3917 -2.2724 0.7500
v 6.2427 -2.3831 -0.7500
v 6.2336 -2.3807 -0.7500
v 6.2336 -2.3807 0.7500
v 6.2427 -2.3831 0.7500
v 6.5481 -2.0341 -0.7500
v 6.5555 -2.0353 -0.7500
v 6.5555 -2.0353 0.7500
v 6.5481 -2.0341 0.7500
v 6.2521 -2.3852 -0.7500
v 6.2427 -2.3831 -0.7500
v 6.2427 -2.3831 0.7500
v 6.2521 -2.3852 0.7500
v 6.3870 -2.1269 -0.7500
v 6.3829 -2.1248 -0.7500
v 6.3829 -2.1248 0.7500
v 6.3870 -2.1269 0.7500
v 6.5328 -2.0318 -0.7500
v 6.5481 -2.0341 -0.7500
v 6.5481 -2.0341 0.7500
v 6.5328 -2.0318 0.7500
v 6.4103 -2.2791 -0.7500
v 6.4156 -2.2812 -0.7500
v 6.4156 -2.2812 0.7500
v 6.4103 -2.2791 0.7500
v 6.2704 -2.3887 -0.7500
v 6.2521 -2.3852 -0.7500
v 6.2521 -2.3852 0.7500
v 6.2704 -2.3887 0.7500
v 6.5254 -2.0309 -0.7500
v 6.5328 -2.0318 -0.7500
v 6.5328 -2.0318 0.7500
v 6.5254 -2.0309 0.7500
v 6.5178 -2.0300 -0.7500
v 6.5254 -2.0309 -0.7500
v 6.5254 -2.0309 0.7500
v 6.5178 -2.0300 0.7500
v 6.4253 -2.2856 -0.7500
v 6.4297 -2.2880 -0.7500
v 6.4297 -2.2880 0.7500
v 6.4253 -2.2856 0.7500
v 6.2975 -2.3922 -0.7500
v 6.2884 -2.3913 -0.7500
v 6.2884 -2.3913 0.7500
v 6.2975 -2.3922 0.7500
v 6.3152 -2.3934 -0.7500
v 6.2975 -2.3922 -0.7500
v 6.2975 -2.3922 0.7500
v 6.3152 -2.3934 0.7500
v 6.3328 -2.3940 -0.7500
v 6.3152 -2.3934 -0.7500
v 6.3152 -2.3934 0.7500
v 6.3328 -2.3940 0.7500
v 6.4703 -2.0282 -0.7500
v 6.4877 -2.0282 -0.7500
v 6.4877 -2.0282 0.7500
v 6.4703 -2.0282 0.7500
v 6.3437 -2.3937 -0.7500
v 6.3328 -2.3940 -0.7500
v 6.3328 -2.3940 0.7500
v 6.3437 -2.3937 0.7500
v 6.4609 -2.0285 -0.7500
v 6.4703 -2.0282 -0.7500
v 6.4703 -2.0282 0.7500
v 6.4609 -2.0285 0.7500
v 6.3537 -2.3934 -0.7500
v 6.3437 -2.3937 -0.7500
v 6.3437 -2.3937 0.7500
v 6.3537 -2.3934 0.7500
v 6.4521 -2.0288 -0.7500
v 6.4609 -2.0285 -0.7500
v 6.4609 -2.0285 0.7500
v 6.4521 -2.0288 0.7500
v 6.3634 -2.3931 -0.7500
v 6.3537 -2.3934 -0.7500
v 6.3537 -2.3934 0.7500
v 6.3634 -2.3931 0.7500
v 6.3726 -2.3922 -0.7500
v 6.3634 -2.3931 -0.7500
v 6.3634 -2.3931 0.7500
v 6.3726 -2.3922 0.7500
v 6.4271 -2.0315 -0.7500
v 6.4350 -2.0303 -0.7500
v 6.4350 -2.0303 0.7500
v 6.4271 -2.0315 0.7500
v 6.3814 -2.3913 -0.7500
v 6.3726 -2.3922 -0.7500
v 6.3726 -2.3922 0.7500
v 6.3814 -2.3913 0.7500
v 6.4194 -2.0327 -0.7500
v 6.4271 -2.0315 -0.7500
v 6.4271 -2.0315 0.7500
v 6.4194 -2.0327 0.7500
v 6.3894 -2.3905 -0.7500
v 6.3814 -2.3913 -0.7500
v 6.3814 -2.3913 0.7500
v 6.3894 -2.3905 0.7500
v 6.4120 -2.0338 -0.7500
v 6.4194 -2.0327 -0.7500
v 6.4194 -2.0327 0.7500
v 6.4120 -2.0338 0.7500
v 6.3970 -2.3890 -0.7500
v 6.3894 -2.3905 -0.7500
v 6.3894 -2.3905 0.7500
v 6.3970 -2.3890 0.7500
v 6.4050 -2.0356 -0.7500
v 6.4120 -2.0338 -0.7500
v 6.4120 -2.0338 0.7500
v 6.4050 -2.0356 0.7500
v 6.4044 -2.3875 -0.7500
v 6.3970 -2.3890 -0.7500
v 6.3970 -2.3890 0.7500
v 6.4044 -2.3875 0.7500
v 6.3982 -2.0374 -0.7500
v 6.4050 -2.0356 -0.7500
v 6.4050 -2.0356 0.7500
v 6.3982 -2.0374 0.7500
v 6.4109 -2.3857 -0.7500
v 6.4044 -2.3875 -0.7500
v 6.4044 -2.3875 0.7500
v 6.4109 -2.3857 0.7500
v 6.3920 -2.0394 -0.7500
v 6.3982 -2.0374 -0.7500
v 6.3982 -2.0374 0.7500
v 6.3920 -2.0394 0.7500
v 6.4170 -2.3840 -0.7500
v 6.4109 -2.3857 -0.7500
v 6.4109 -2.3857 0.7500
v 6.4170 -2.3840 0.7500
v 6.3864 -2.0418 -0.7500
v 6.3920 -2.0394 -0.7500
v 6.3920 -2.0394 0.7500
v 6.3864 -2.0418 0.7500
v 6.4226 -2.3816 -0.7500
v 6.4170 -2.3840 -0.7500
v 6.4170 -2.3840 0.7500
v 6.4226 -2.3816 0.7500
v 6.3811 -2.0450 -0.7500
v 6.3864 -2.0418 -0.7500
v 6.3864 -2.0418 0.7500
v 6.3811 -2.0450 0.7500
v 6.4279 -2.3790 -0.7500
v 6.4226 -2.3816 -0.7500
v 6.4226 -2.3816 0.7500
v 6.4279 -2.3790 0.7500
v 6.3764 -2.0483 -0.7500
v 6.3811 -2.0450 -0.7500
v 6.3811 -2.0450 0.7500
v 6.3764 -2.0483 0.7500
v 6.4327 -2.3757 -0.7500
v 6.4279 -2.3790 -0.7500
v 6.4279 -2.3790 0.7500
v 6.4327 -2.3757 0.7500
v 6.3720 -2.0524 -0.7500
v 6.3764 -2.0483 -0.7500
v 6.3764 -2.0483 0.7500
v 6.3720 -2.0524 0.7500
v 6.4368 -2.3719 -0.7500
v 6.4327 -2.3757 -0.7500
v 6.4327 -2.3757 0.7500
v 6.4368 -2.3719 0.7500
v 6.3685 -2.0568 -0.7500
v 6.3720 -2.0524 -0.7500
v 6.3720 -2.0524 0.7500
v 6.3685 -2.0568 0.7500
v 6.4409 -2.3678 -0.7500
v 6.4368 -2.3719 -0.7500
v 6.4368 -2.3719 0.7500
v 6.4409 -2.3678 0.7500
v 6.3652 -2.0618 -0.7500
v 6.3685 -2.0568 -0.7500
v 6.3685 -2.0568 0.7500
v 6.3652 -2.0618 0.7500
v 6.4441 -2.3634 -0.7500
v 6.4409 -2.3678 -0.7500
v 6.4409 -2.3678 0.7500
v 6.4441 -2.3634 0.7500
v 6.3626 -2.0671 -0.7500
v 6.3652 -2.0618 -0.7500
v 6.3652 -2.0618 0.7500
v 6.3626 -2.0671 0.7500
v 6.4474 -2.3581 -0.7500
v 6.4441 -2.3634 -0.7500
v 6.4441 -2.3634 0.7500
v 6.4474 -2.3581 0.7500
v 6.3602 -2.0730 -0.7500
v 6.3626 -2.0671 -0.7500
v 6.3626 -2.0671 0.7500
v 6.3602 -2.0730 0.7500
v 6.3584 -2.0795 -0.7500
v 6.3602 -2.0730 -0.7500
v 6.3602 -2.0730 0.7500
v 6.3584 -2.0795 0.7500
v 6.4497 -2.3525 -0.7500
v 6.4474 -2.3581 -0.7500
v 6.4474 -2.3581 0.7500
v 6.4497 -2.3525 0.7500
v 6.3579 -2.0830 -0.7500
v 6.3584 -2.0795 -0.7500
v 6.3584 -2.0795 0.7500
v 6.3579 -2.0830 0.7500
v 6.4518 -2.3466 -0.7500
v 6.4497 -2.3525 -0.7500
v 6.4497 -2.3525 0.7500
v 6.4518 -2.3466 0.7500
v 6.4536 -2.3401 -0.7500
v 6.4518 -2.3466 -0.7500
v 6.4518 -2.3466 0.7500
v 6.4536 -2.3401 0.7500
v 6.3579 -2.0966 -0.7500
v 6.3573 -2.0901 -0.7500
v 6.3573 -2.0901 0.7500
v 6.3579 -2.0966 0.7500
v 6.4544 -2.3354 -0.7500
v 6.4536 -2.3401 -0.7500
v 6.4536 -2.3401 0.7500
v 6.4544 -2.3354 0.7500
v 6.3584 -2.0995 -0.7500
v 6.3579 -2.0966 -0.7500
v 6.3579 -2.0966 0.7500
v 6.3584 -2.0995 0.7500
v 6.4550 -2.3271 -0.7500
v 6.4544 -2.3354 -0.7500
v 6.4544 -2.3354 0.7500
v 6.4550 -2.3271 0.7500
v 6.3593 -2.1025 -0.7500
v 6.3584 -2.0995 -0.7500
v 6.3584 -2.0995 0.7500
v 6.3593 -2.1025 0.7500
v 6.4550 -2.3230 -0.7500
v 6.4550 -2.3271 -0.7500
v 6.4550 -2.3271 0.7500
v 6.4550 -2.3230 0.7500
v 6.3602 -2.1051 -0.7500
v 6.3593 -2.1025 -0.7500
v 6.3593 -2.1025 0.7500
v 6.3602 -2.1051 0.7500
v 6.4539 -2.3159 -0.7500
v 6.4550 -2.3230 -0.7500
v 6.4550 -2.3230 0.7500
v 6.4539 -2.3159 0.7500
v 6.4530 -2.3124 -0.7500
v 6.4539 -2.3159 -0.7500
v 6.4539 -2.3159 0.7500
v 6.4530 -2.3124 0.7500
v 6.3614 -2.1078 -0.7500
v 6.3602 -2.1051 -0.7500
v 6.3602 -2.1051 0.7500
v 6.3614 -2.1078 0.7500
v 6.4515 -2.3092 -0.7500
v 6.4530 -2.3124 -0.7500
v 6.4530 -2.3124 0.7500
v 6.4515 -2.3092 0.7500
v 6.3632 -2.1101 -0.7500
v 6.3614 -2.1078 -0.7500
v 6.3614 -2.1078 0.7500
v 6.3632 -2.1101 0.7500
v 6.4500 -2.3062 -0.7500
v 6.4515 -2.3092 -0.7500
v 6.4515 -2.3092 0.7500
v 6.4500 -2.3062 0.7500
v 6.3649 -2.1122 -0.7500
v 6.3632 -2.1101 -0.7500
v 6.3632 -2.1101 0.7500
v 6.3649 -2.1122 0.7500
v 6.4480 -2.3033 -0.7500
v 6.4500 -2.3062 -0.7500
v 6.4500 -2.3062 0.7500
v 6.4480 -2.3033 0.7500
v 6.3670 -2.1145 -0.7500
v 6.3649 -2.1122 -0.7500
v 6.3649 -2.1122 0.7500
v 6.3670 -2.1145 0.7500
v 6.4459 -2.3006 -0.7500
v 6.4480 -2.3033 -0.7500
v 6.4480 -2.3033 0.7500
v 6.4459 -2.3006 0.7500
v 6.3723 -2.1186 -0.7500
v 6.3670 -2.1145 -0.7500
v 6.3670 -2.1145 0.7500
v 6.3723 -2.1186 0.7500
v 6.4406 -2.2953 -0.7500
v 6.4459 -2.3006 -0.7500
v 6.4459 -2.3006 0.7500
v 6.4406 -2.2953 0.7500
v 6.3755 -2.1207 -0.7500
v 6.3723 -2.1186 -0.7500
v 6.3723 -2.1186 0.7500
v 6.3755 -2.1207 0.7500
v 6.3791 -2.1228 -0.7500
v 6.3755 -2.1207 -0.7500
v 6.3755 -2.1207 0.7500
v 6.3791 -2.1228 0.7500
v 6.3829 -2.1248 -0.7500
v 6.3791 -2.1228 -0.7500
v 6.3791 -2.1228 0.7500
v 6.3829 -2.1248 0.7500
f 5813 5814 5567
f 5567 5568 5569
f 5569 5570 5571
f 5571 5572 5573
f 5573 5574 5575
f 5575 5576 5577
f 5577 5578 5579
f 5579 5580 5581
f 5581 5582 5583
f 5583 5584 5585
f 5585 5586 5587
f 5588 5589 5590
f 5591 5592 5593
f 5593 5594 5595
f 5595 5596 5597
f 5597 5598 5599
f 5599 5600 5601
f 5601 5602 5603
f 5603 5604 5605
f 5605 5606 5607
f 5607 5608 5609
f 5609 5610 5611
f 5611 5612 5613
f 5613 5614 5615
f 5616 5617 5618
f 5618 5619 5620
f 5620 5621 5622
f 5622 5623 5624
f 5624 5625 5626
f 5639 5640 5641
f 5657 5658 5659
f 5662 5663 5664
f 5664 5665 5666
f 5677 5678 5679
f 5679 5680 5681
f 5682 5683 5684
f 5684 5685 5686
f 5687 5688 5689
f 5689 5690 5691
f 5691 5692 5693
f 5693 5694 5695
f 5695 5696 5697
f 5697 5698 5699
f 5699 5700 5701
f 5701 5702 5703
f 5703 5704 5705
f 5705 5706 5707
f 5707 5708 5709
f 5709 5710 5711
f 5711 5712 5713
f 5713 5714 5715
f 5715 5716 5717
f 5717 5718 5719
f 5719 5720 5721
f 5721 5722 5723
f 5723 5724 5725
f 5725 5726 5727
f 5727 5728 5729
f 5729 5730 5731
f 5731 5732 5733
f 5733 5734 5735
f 5735 5736 5737
f 5738 5739 5740
f 5741 5742 5743
f 5745 5746 5747
f 5748 5749 5750
f 5751 5752 5753
f 5786 5787 5788
f 5797 5798 5799
f 5799 5800 5801
f 5801 5802 5803
f 5803 5804 5805
f 5805 5806 5807
f 5807 5808 5809
f 5809 5810 5811
f 5811 5812 5813
f 5813 5567 5569
f 5569 5571 5573
f 5573 5575 5577
f 5577 5579 5581
f 5581 5583 5585
f 5585 5587 5588
f 5588 5590 5591
f 5591 5593 5595
f 5595 5597 5599
f 5599 5601 5603
f 5603 5605 5607
f 5607 5609 5611
f 5611 5613 5615
f 5620 5622 5624
f 5676 5677 5679
f 5679 5681 5682
f 5682 5684 5686
f 5687 5689 5691
f 5691 5693 5695
f 5695 5697 5699
f 5699 5701 5703
f 5703 5705 5707
f 5707 5709 5711
f 5711 5713 5715
f 5715 5717 5719
f 5719 5721 5723
f 5723 5725 5727
f 5727 5729 5731
f 5731 5733 5735
f 5735 5737 5738
f 5738 5740 5741
f 5796 5797 5799
f 5799 5801 5803
f 5803 5805 5807
f 5807 5809 5811
f 5811 5813 5569
f 5569 5573 5577
f 5577 5581 5585
f 5585 5588 5591
f 5591 5595 5599
f 5599 5603 5607
f 5607 5611 5615
f 5675 5676 5679
f 5679 5682 5686
f 5686 5687 5691
f 5691 5695 5699
f 5699 5703 5707
f 5707 5711 5715
f 5715 5719 5723
f 5723 5727 5731
f 5731 5735 5738
f 5795 5796 5799
f 5799 5803 5807
f 5807 5811 5569
f 5569 5577 5585
f 5585 5591 5599
f 5599 5607 5615
f 5674 5675 5679
f 5679 5686 5691
f 5691 5699 5707
f 5707 5715 5723
f 5723 5731 5738
f 5794 5795 5799
f 5799 5807 5569
f 5569 5585 5599
f 5599 5615 5616
f 5673 5674 5679
f 5679 5691 5707
f 5707 5723 5738
f 5793 5794 5799
f 5599 5616 5618
f 5672 5673 5679
f 5707 5738 5741
f 5792 5793 5799
f 5599 5618 5620
f 5671 5672 5679
f 5707 5741 5744
f 5791 5792 5799
f 5599 5620 5624
f 5670 5671 5679
f 5707 5744 5745
f 5790 5791 5799
f 5599 5624 5626
f 5669 5670 5679
f 5707 5745 5747
f 5789 5790 5799
f 5599 5626 5627
f 5668 5669 5679
f 5707 5747 5748
f 5788 5789 5799
f 5667 5668 5679
f 5707 5748 5750
f 5786 5788 5799
f 5666 5667 5679
f 5707 5750 5751
f 5785 5786 5799
f 5664 5666 5679
f 5784 5785 5799
f 5662 5664 5679
f 5783 5784 5799
f 5661 5662 5679
f 5782 5783 5799
f 5660 5661 5679
f 5781 5782 5799
f 5659 5660 5679
f 5780 5781 5799
f 5657 5659 5679
f 5779 5780 5799
f 5656 5657 5679
f 5778 5779 5799
f 5655 5656 5679
f 5777 5778 5799
f 5654 5655 5679
f 5776 5777 5799
f 5653 5654 5679
f 5775 5776 5799
f 5652 5653 5679
f 5774 5775 5799
f 5651 5652 5679
f 5773 5774 5799
f 5651 5679 5707
f 5773 5799 5569
f 5650 5651 5707
f 5772 5773 5569
f 5649 5650 5707
f 5771 5772 5569
f 5648 5649 5707
f 5770 5771 5569
f 5647 5648 5707
f 5769 5770 5569
f 5646 5647 5707
f 5768 5769 5569
f 5645 5646 5707
f 5767 5768 5569
f 5644 5645 5707
f 5766 5767 5569
f 5643 5644 5707
f 5766 5569 5599
f 5642 5643 5707
f 5765 5766 5599
f 5641 5642 5707
f 5764 5765 5599
f 5639 5641 5707
f 5763 5764 5599
f 5638 5639 5707
f 5762 5763 5599
f 5637 5638 5707
f 5761 5762 5599
f 5636 5637 5707
f 5760 5761 5599
f 5635 5636 5707
f 5759 5760 5599
f 5635 5707 5751
f 5758 5759 5599
f 5634 5635 5751
f 5757 5758 5599
f 5633 5634 5751
f 5756 5757 5599
f 5632 5633 5751
f 5755 5756 5599
f 5631 5632 5751
f 5754 5755 5599
f 5630 5631 5751
f 5753 5754 5599
f 5629 5630 5751
f 5751 5753 5599
f 5628 5629 5751
f 5751 5599 5627
f 5627 5628 5751
f 6061 5815 6062
f 5815 5817 5816
f 5817 5819 5818
f 5819 5821 5820
f 5821 5823 5822
f 5823 5825 5824
f 5825 5827 5826
f 5827 5829 5828
f 5829 5831 5830
f 5831 5833 5832
f 5833 5835 5834
f 5836 5838 5837
f 5839 5841 5840
f 5841 5843 5842
f 5843 5845 5844
f 5845 5847 5846
f 5847 5849 5848
f 5849 5851 5850
f 5851 5853 5852
f 5853 5855 5854
f 5855 5857 5856
f 5857 5859 5858
f 5859 5861 5860
f 5861 5863 5862
f 5864 5866 5865
f 5866 5868 5867
f 5868 5870 5869
f 5870 5872 5871
f 5872 5874 5873
f 5887 5889 5888
f 5905 5907 5906
f 5910 5912 5911
f 5912 5914 5913
f 5925 5927 5926
f 5927 5929 5928
f 5930 5932 5931
f 5932 5934 5933
f 5935 5937 5936
f 5937 5939 5938
f 5939 5941 5940
f 5941 5943 5942
f 5943 5945 5944
f 5945 5947 5946
f 5947 5949 5948
f 5949 5951 5950
f 5951 5953 5952
f 5953 5955 5954
f 5955 5957 5956
f 5957 5959 5958
f 5959 5961 5960
f 5961 5963 5962
f 5963 5965 5964
f 5965 5967 5966
f 5967 5969 5968
f 5969 5971 5970
f 5971 5973 5972
f 5973 5975 5974
f 5975 5977 5976
f 5977 5979 5978
f 5979 5981 5980
f 5981 5983 5982
f 5983 5985 5984
f 5986 5988 5987
f 5989 5991 5990
f 5993 5995 5994
f 5996 5998 5997
f 5999 6001 6000
f 6034 6036 6035
f 6045 6047 6046
f 6047 6049 6048
f 6049 6051 6050
f 6051 6053 6052
f 6053 6055 6054
f 6055 6057 6056
f 6057 6059 6058
f 6059 6061 6060
f 6061 5817 5815
f 5817 5821 5819
f 5821 5825 5823
f 5825 5829 5827
f 5829 5833 5831
f 5833 5836 5835
f 5836 5839 5838
f 5839 5843 5841
f 5843 5847 5845
f 5847 5851 5849
f 5851 5855 5853
f 5855 5859 5857
f 5859 5863 5861
f 5868 5872 5870
f 5924 5927 5925
f 5927 5930 5929
f 5930 5934 5932
f 5935 5939 5937
f 5939 5943 5941
f 5943 5947 5945
f 5947 5951 5949
f 5951 5955 5953
f 5955 5959 5957
f 5959 5963 5961
f 5963 5967 5965
f 5967 5971 5969
f 5971 5975 5973
f 5975 5979 5977
f 5979 5983 5981
f 5983 5986 5985
f 5986 5989 5988
f 6044 6047 6045
f 6047 6051 6049
f 6051 6055 6053
f 6055 6059 6057
f 6059 5817 6061
f 5817 5825 5821
f 5825 5833 5829
f 5833 5839 5836
f 5839 5847 5843
f 5847 5855 5851
f 5855 5863 5859
f 5923 5927 5924
f 5927 5934 5930
f 5934 5939 5935
f 5939 5947 5943
f 5947 5955 5951
f 5955 5963 5959
f 5963 5971 5967
f 5971 5979 5975
f 5979 5986 5983
f 6043 6047 6044
f 6047 6055 6051
f 6055 5817 6059
f 5817 5833 5825
f 5833 5847 5839
f 5847 5863 5855
f 5922 5927 5923
f 5927 5939 5934
f 5939 5955 5947
f 5955 5971 5963
f 5971 5986 5979
f 6042 6047 6043
f 6047 5817 6055
f 5817 5847 5833
f 5847 5864 5863
f 5921 5927 5922
f 5927 5955 5939
f 5955 5986 5971
f 6041 6047 6042
f 5847 5866 5864
f 5920 5927 5921
f 5955 5989 5986
f 6040 6047 6041
f 5847 5868 5866
f 5919 5927 5920
f 5955 5992 5989
f 6039 6047 6040
f 5847 5872 5868
f 5918 5927 5919
f 5955 5993 5992
f 6038 6047 6039
f 5847 5874 5872
f 5917 5927 5918
f 5955 5995 5993
f 6037 6047 6038
f 5847 5875 5874
f 5916 5927 5917
f 5955 5996 5995
f 6036 6047 6037
f 5915 5927 5916
f 5955 5998 5996
f 6034 6047 6036
f 5914 5927 5915
f 5955 5999 5998
f 6033 6047 6034
f 5912 5927 5914
f 6032 6047 6033
f 5910 5927 5912
f 6031 6047 6032
f 5909 5927 5910
f 6030 6047 6031
f 5908 5927 5909
f 6029 6047 6030
f 5907 5927 5908
f 6028 6047 6029
f 5905 5927 5907
f 6027 6047 6028
f 5904 5927 5905
f 6026 6047 6027
f 5903 5927 5904
f 6025 6047 6026
f 5902 5927 5903
f 6024 6047 6025
f 5901 5927 5902
f 6023 6047 6024
f 5900 5927 5901
f 6022 6047 6023
f 5899 5927 5900
f 6021 6047 6022
f 5899 5955 5927
f 6021 5817 6047
f 5898 5955 5899
f 6020 5817 6021
f 5897 5955 5898
f 6019 5817 6020
f 5896 5955 5897
f 6018 5817 6019
f 5895 5955 5896
f 6017 5817 6018
f 5894 5955 5895
f 6016 5817 6017
f 5893 5955 5894
f 6015 5817 6016
f 5892 5955 5893
f 6014 5817 6015
f 5891 5955 5892
f 6014 5847 5817
f 5890 5955 5891
f 6013 5847 6014
f 5889 5955 5890
f 6012 5847 6013
f 5887 5955 5889
f 6011 5847 6012
f 5886 5955 5887
f 6010 5847 6011
f 5885 5955 5886
f 6009 5847 6010
f 5884 5955 5885
f 6008 5847 6009
f 5883 5955 5884
f 6007 5847 6008
f 5883 5999 5955
f 6006 5847 6007
f 5882 5999 5883
f 6005 5847 6006
f 5881 5999 5882
f 6004 5847 6005
f 5880 5999 5881
f 6003 5847 6004
f 5879 5999 5880
f 6002 5847 6003
f 5878 5999 5879
f 6001 5847 6002
f 5877 5999 5878
f 5999 5847 6001
f 5876 5999 5877
f 5999 5875 5847
f 5875 5999 5876
f 6063 6064 6065
f 6063 6065 6066
f 6067 6068 6069
f 6067 6069 6070
f 6071 6072 6073
f 6071 6073 6074
f 6075 6076 6077
f 6075 6077 6078
f 6079 6080 6081
f 6079 6081 6082
f 6083 6084 6085
f 6083 6085 6086
f 6087 6088 6089
f 6087 6089 6090
f 6091 6092 6093
f 6091 6093 6094
f 6095 6096 6097
f 6095 6097 6098
f 6099 6100 6101
f 6099 6101 6102
f 6103 6104 6105
f 6103 6105 6106
f 6107 6108 6109
f 6107 6109 6110
f 6111 6112 6113
f 6111 6113 6114
f 6115 6116 6117
f 6115 6117 6118
f 6119 6120 6121
f 6119 6121 6122
f 6123 6124 6125
f 6123 6125 6126
f 6127 6128 6129
f 6127 6129 6130
f 6131 6132 6133
f 6131 6133 6134
f 6135 6136 6137
f 6135 6137 6138
f 6139 6140 6141
f 6139 6141 6142
f 6143 6144 6145
f 6143 6145 6146
f 6147 6148 6149
f 6147 6149 6150
f 6151 6152 6153
f 6151 6153 6154
f 6155 6156 6157
f 6155 6157 6158
f 6159 6160 6161
f 6159 6161 6162
f 6163 6164 6165
f 6163 6165 6166
f 6167 6168 6169
f 6167 6169 6170
f 6171 6172 6173
f 6171 6173 6174
f 6175 6176 6177
f 6175 6177 6178
f 6179 6180 6181
f 6179 6181 6182
f 6183 6184 6185
f 6183 6185 6186
f 6187 6188 6189
f 6187 6189 6190
f 6191 6192 6193
f 6191 6193 6194
f 6195 6196 6197
f 6195 6197 6198
f 6199 6200 6201
f 6199 6201 6202
f 6203 6204 6205
f 6203 6205 6206
f 6207 6208 6209
f 6207 6209 6210
f 6211 6212 6213
f 6211 6213 6214
f 6215 6216 6217
f 6215 6217 6218
f 6219 6220 6221
f 6219 6221 6222
f 6223 6224 6225
f 6223 6225 6226
f 6227 6228 6229
f 6227 6229 6230
f 6231 6232 6233
f 6231 6233 6234
f 6235 6236 6237
f 6235 6237 6238
f 6239 6240 6241
f 6239 6241 6242
f 6243 6244 6245
f 6243 6245 6246
f 6247 6248 6249
f 6247 6249 6250
f 6251 6252 6253
f 6251 6253 6254
f 6255 6256 6257
f 6255 6257 6258
f 6259 6260 6261
f 6259 6261 6262
f 6263 6264 6265
f 6263 6265 6266
f 6267 6268 6269
f 6267 6269 6270
f 6271 6272 6273
f 6271 6273 6274
f 6275 6276 6277
f 6275 6277 6278
f 6279 6280 6281
f 6279 6281 6282
f 6283 6284 6285
f 6283 6285 6286
f 6287 6288 6289
f 6287 6289 6290
f 6291 6292 6293
f 6291 6293 6294
f 6295 6296 6297
f 6295 6297 6298
f 6299 6300 6301
f 6299 6301 6302
f 6303 6304 6305
f 6303 6305 6306
f 6307 6308 6309
f 6307 6309 6310
f 6311 6312 6313
f 6311 6313 6314
f 6315 6316 6317
f 6315 6317 6318
f 6319 6320 6321
f 6319 6321 6322
f 6323 6324 6325
f 6323 6325 6326
f 6327 6328 6329
f 6327 6329 6330
f 6331 6332 6333
f 6331 6333 6334
f 6335 6336 6337
f 6335 6337 6338
f 6339 6340 6341
f 6339 6341 6342
f 6343 6344 6345
f 6343 6345 6346
f 6347 6348 6349
f 6347 6349 6350
f 6351 6352 6353
f 6351 6353 6354
f 6355 6356 6357
f 6355 6357 6358
f 6359 6360 6361
f 6359 6361 6362
f 6363 6364 6365
f 6363 6365 6366
f 6367 6368 6369
f 6367 6369 6370
f 6371 6372 6373
f 6371 6373 6374
f 6375 6376 6377
f 6375 6377 6378
f 6379 6380 6381
f 6379 6381 6382
f 6383 6384 6385
f 6383 6385 6386
f 6387 6388 6389
f 6387 6389 6390
f 6391 6392 6393
f 6391 6393 6394
f 6395 6396 6397
f 6395 6397 6398
f 6399 6400 6401
f 6399 6401 6402
f 6403 6404 6405
f 6403 6405 6406
f 6407 6408 6409
f 6407 6409 6410
f 6411 6412 6413
f 6411 6413 6414
f 6415 6416 6417
f 6415 6417 6418
f 6419 6420 6421
f 6419 6421 6422
f 6423 6424 6425
f 6423 6425 6426
f 6427 6428 6429
f 6427 6429 6430
f 6431 6432 6433
f 6431 6433 6434
f 6435 6436 6437
f 6435 6437 6438
f 6439 6440 6441
f 6439 6441 6442
f 6443 6444 6445
f 6443 6445 6446
f 6447 6448 6449
f 6447 6449 6450
f 6451 6452 6453
f 6451 6453 6454
f 6455 6456 6457
f 6455 6457 6458
f 6459 6460 6461
f 6459 6461 6462
f 6463 6464 6465
f 6463 6465 6466
f 6467 6468 6469
f 6467 6469 6470
f 6471 6472 6473
f 6471 6473 6474
f 6475 6476 6477
f 6475 6477 6478
f 6479 6480 6481
f 6479 6481 6482
f 6483 6484 6485
f 6483 6485 6486
f 6487 6488 6489
f 6487 6489 6490
f 6491 6492 6493
f 6491 6493 6494
f 6495 6496 6497
f 6495 6497 6498
f 6499 6500 6501
f 6499 6501 6502
f 6503 6504 6505
f 6503 6505 6506
f 6507 6508 6509
f 6507 6509 6510
f 6511 6512 6513
f 6511 6513 6514
f 6515 6516 6517
f 6515 6517 6518
f 6519 6520 6521
f 6519 6521 6522
f 6523 6524 6525
f 6523 6525 6526
f 6527 6528 6529
f 6527 6529 6530
f 6531 6532 6533
f 6531 6533 6534
f 6535 6536 6537
f 6535 6537 6538
f 6539 6540 6541
f 6539 6541 6542
f 6543 6544 6545
f 6543 6545 6546
f 6547 6548 6549
f 6547 6549 6550
f 6551 6552 6553
f 6551 6553 6554
f 6555 6556 6557
f 6555 6557 6558
f 6559 6560 6561
f 6559 6561 6562
f 6563 6564 6565
f 6563 6565 6566
f 6567 6568 6569
f 6567 6569 6570
f 6571 6572 6573
f 6571 6573 6574
f 6575 6576 6577
f 6575 6577 6578
f 6579 6580 6581
f 6579 6581 6582
f 6583 6584 6585
f 6583 6585 6586
f 6587 6588 6589
f 6587 6589 6590
f 6591 6592 6593
f 6591 6593 6594
f 6595 6596 6597
f 6595 6597 6598
f 6599 6600 6601
f 6599 6601 6602
f 6603 6604 6605
f 6603 6605 6606
f 6607 6608 6609
f 6607 6609 6610
f 6611 6612 6613
f 6611 6613 6614
f 6615 6616 6617
f 6615 6617 6618
f 6619 6620 6621
f 6619 6621 6622
f 6623 6624 6625
f 6623 6625 6626
f 6627 6628 6629
f 6627 6629 6630
f 6631 6632 6633
f 6631 6633 6634
f 6635 6636 6637
f 6635 6637 6638
f 6639 6640 6641
f 6639 6641 6642
f 6643 6644 6645
f 6643 6645 6646
f 6647 6648 6649
f 6647 6649 6650
f 6651 6652 6653
f 6651 6653 6654
f 6655 6656 6657
f 6655 6657 6658
f 6659 6660 6661
f 6659 6661 6662
f 6663 6664 6665
f 6663 6665 6666
f 6667 6668 6669
f 6667 6669 6670
f 6671 6672 6673
f 6671 6673 6674
f 6675 6676 6677
f 6675 6677 6678
f 6679 6680 6681
f 6679 6681 6682
f 6683 6684 6685
f 6683 6685 6686
f 6687 6688 6689
f 6687 6689 6690
f 6691 6692 6693
f 6691 6693 6694
f 6695 6696 6697
f 6695 6697 6698
f 6699 6700 6701
f 6699 6701 6702
f 6703 6704 6705
f 6703 6705 6706
f 6707 6708 6709
f 6707 6709 6710
f 6711 6712 6713
f 6711 6713 6714
f 6715 6716 6717
f 6715 6717 6718
f 6719 6720 6721
f 6719 6721 6722
f 6723 6724 6725
f 6723 6725 6726
f 6727 6728 6729
f 6727 6729 6730
f 6731 6732 6733
f 6731 6733 6734
f 6735 6736 6737
f 6735 6737 6738
f 6739 6740 6741
f 6739 6741 6742
f 6743 6744 6745
f 6743 6745 6746
f 6747 6748 6749
f 6747 6749 6750
f 6751 6752 6753
f 6751 6753 6754
f 6755 6756 6757
f 6755 6757 6758
f 6759 6760 6761
f 6759 6761 6762
f 6763 6764 6765
f 6763 6765 6766
f 6767 6768 6769
f 6767 6769 6770
f 6771 6772 6773
f 6771 6773 6774
f 6775 6776 6777
f 6775 6777 6778
f 6779 6780 6781
f 6779 6781 6782
f 6783 6784 6785
f 6783 6785 6786
f 6787 6788 6789
f 6787 6789 6790
f 6791 6792 6793
f 6791 6793 6794
f 6795 6796 6797
f 6795 6797 6798
f 6799 6800 6801
f 6799 6801 6802
f 6803 6804 6805
f 6803 6805 6806
f 6807 6808 6809
f 6807 6809 6810
f 6811 6812 6813
f 6811 6813 6814
f 6815 6816 6817
f 6815 6817 6818
f 6819 6820 6821
f 6819 6821 6822
f 6823 6824 6825
f 6823 6825 6826
f 6827 6828 6829
f 6827 6829 6830
f 6831 6832 6833
f 6831 6833 6834
f 6835 6836 6837
f 6835 6837 6838
f 6839 6840 6841
f 6839 6841 6842
f 6843 6844 6845
f 6843 6845 6846
f 6847 6848 6849
f 6847 6849 6850
f 6851 6852 6853
f 6851 6853 6854
f 6855 6856 6857
f 6855 6857 6858
f 6859 6860 6861
f 6859 6861 6862
f 6863 6864 6865
f 6863 6865 6866
f 6867 6868 6869
f 6867 6869 6870
f 6871 6872 6873
f 6871 6873 6874
f 6875 6876 6877
f 6875 6877 6878
f 6879 6880 6881
f 6879 6881 6882
f 6883 6884 6885
f 6883 6885 6886
f 6887 6888 6889
f 6887 6889 6890
f 6891 6892 6893
f 6891 6893 6894
f 6895 6896 6897
f 6895 6897 6898
f 6899 6900 6901
f 6899 6901 6902
f 6903 6904 6905
f 6903 6905 6906
f 6907 6908 6909
f 6907 6909 6910
f 6911 6912 6913
f 6911 6913 6914
f 6915 6916 6917
f 6915 6917 6918
f 6919 6920 6921
f 6919 6921 6922
f 6923 6924 6925
f 6923 6925 6926
f 6927 6928 6929
f 6927 6929 6930
f 6931 6932 6933
f 6931 6933 6934
f 6935 6936 6937
f 6935 6937 6938
f 6939 6940 6941
f 6939 6941 6942
f 6943 6944 6945
f 6943 6945 6946
f 6947 6948 6949
f 6947 6949 6950
f 6951 6952 6953
f 6951 6953 6954
f 6955 6956 6957
f 6955 6957 6958
f 6959 6960 6961
f 6959 6961 6962
f 6963 6964 6965
f 6963 6965 6966
f 6967 6968 6969
f 6967 6969 6970
f 6971 6972 6973
f 6971 6973 6974
f 6975 6976 6977
f 6975 6977 6978
f 6979 6980 6981
f 6979 6981 6982
f 6983 6984 6985
f 6983 6985 6986
f 6987 6988 6989
f 6987 6989 6990
f 6991 6992 6993
f 6991 6993 6994
f 6995 6996 6997
f 6995 6997 6998
f 6999 7000 7001
f 6999 7001 7002
f 7003 7004 7005
f 7003 7005 7006
f 7007 7008 7009
f 7007 7009 7010
f 7011 7012 7013
f 7011 7013 7014
f 7015 7016 7017
f 7015 7017 7018
f 7019 7020 7021
f 7019 7021 7022
f 7023 7024 7025
f 7023 7025 7026
f 7027 7028 7029
f 7027 7029 7030
f 7031 7032 7033
f 7031 7033 7034
f 7035 7036 7037
f 7035 7037 7038
f 7039 7040 7041
f 7039 7041 7042
f 7043 7044 7045
f 7043 7045 7046
f 7047 7048 7049
f 7047 7049 7050
f 7051 7052 7053
f 7051 7053 7054
f 7055 7056 7057
f 7055 7057 7058
v 5.1422 -2.5047 0.7500
v 5.1658 -2.3913 0.7500
v 4.8869 -2.3913 0.7500
v 5.2435 -1.9979 0.7500
v 5.2609 -1.9157 0.7500
v 4.8056 -1.9157 0.7500
v 4.7809 -2.0327 0.7500
v 5.0433 -2.0327 0.7500
v 4.6831 -2.4296 0.7500
v 4.6675 -2.5047 0.7500
v 5.1422 -2.5047 -0.7500
v 5.1658 -2.3913 -0.7500
v 4.8869 -2.3913 -0.7500
v 5.2435 -1.9979 -0.7500
v 5.2609 -1.9157 -0.7500
v 4.8056 -1.9157 -0.7500
v 4.7809 -2.0327 -0.7500
v 5.0433 -2.0327 -0.7500
v 4.6831 -2.4296 -0.7500
v 4.6675 -2.5047 -0.7500
v 4.6831 -2.4296 -0.7500
v 4.6675 -2.5047 -0.7500
v 4.6675 -2.5047 0.7500
v 4.6831 -2.4296 0.7500
v 4.6675 -2.5047 -0.7500
v 5.1422 -2.5047 -0.7500
v 5.1422 -2.5047 0.7500
v 4.6675 -2.5047 0.7500
v 5.1422 -2.5047 -0.7500
v 5.1658 -2.3913 -0.7500
v 5.1658 -2.3913 0.7500
v 5.1422 -2.5047 0.7500
v 5.1658 -2.3913 -0.7500
v 4.8869 -2.3913 -0.7500
v 4.8869 -2.3913 0.7500
v 5.1658 -2.3913 0.7500
v 4.8869 -2.3913 -0.7500
v 5.2435 -1.9979 -0.7500
v 5.2435 -1.9979 0.7500
v 4.8869 -2.3913 0.7500
v 5.2435 -1.9979 -0.7500
v 5.2609 -1.9157 -0.7500
v 5.2609 -1.9157 0.7500
v 5.2435 -1.9979 0.7500
v 5.2609 -1.9157 -0.7500
v 4.8056 -1.9157 -0.7500
v 4.8056 -1.9157 0.7500
v 5.2609 -1.9157 0.7500
v 4.8056 -1.9157 -0.7500
v 4.7809 -2.0327 -0.7500
v 4.7809 -2.0327 0.7500
v 4.8056 -1.9157 0.7500
v 4.7809 -2.0327 -0.7500
v 5.0433 -2.0327 -0.7500
v 5.0433 -2.0327 0.7500
v 4.7809 -2.0327 0.7500
v 5.0433 -2.0327 -0.7500
v 4.6831 -2.4296 -0.7500
v 4.6831 -2.4296 0.7500
v 5.0433 -2.0327 0.7500
f 7067 7068 7059
f 7059 7060 7061
f 7061 7062 7063
f 7063 7064 7065
f 7067 7059 7061
f 7063 7065 7066
f 7066 7067 7061
f 7061 7063 7066
f 7077 7069 7078
f 7069 7071 7070
f 7071 7073 7072
f 7073 7075 7074
f 7077 7071 7069
f 7073 7076 7075
f 7076 7071 7077
f 7071 7076 7073
f 7079 7080 7081
f 7079 7081 7082
f 7083 7084 7085
f 7083 7085 7086
f 7087 7088 7089
f 7087 7089 7090
f 7091 7092 7093
f 7091 7093 7094
f 7095 7096 7097
f 7095 7097 7098
f 7099 7100 7101
f 7099 7101 7102
f 7103 7104 7105
f 7103 7105 7106
f 7107 7108 7109
f 7107 7109 7110
f 7111 7112 7113
f 7111 7113 7114
f 7115 7116 7117
f 7115 7117 7118
v 6.8917 -2.5047 0.7500
v 7.0390 -2.5047 0.7500
v 7.1394 -2.0291 0.7500
v 7.3123 -2.0291 0.7500
v 7.3361 -1.9157 0.7500
v 6.8432 -1.9157 0.7500
v 6.8193 -2.0291 0.7500
v 6.9922 -2.0291 0.7500
v 6.8917 -2.5047 -0.7500
v 7.0390 -2.5047 -0.7500
v 7.1394 -2.0291 -0.7500
v 7.3123 -2.0291 -0.7500
v 7.3361 -1.9157 -0.7500
v 6.8432 -1.9157 -0.7500
v 6.8193 -2.0291 -0.7500
v 6.9922 -2.0291 -0.7500
v 6.9922 -2.0291 -0.7500
v 6.8917 -2.5047 -0.7500
v 6.8917 -2.5047 0.7500
v 6.9922 -2.0291 0.7500
v 6.8917 -2.5047 -0.7500
v 7.0390 -2.5047 -0.7500
v 7.0390 -2.5047 0.7500
v 6.8917 -2.5047 0.7500
v 7.1394 -2.0291 -0.7500
v 7.3123 -2.0291 -0.7500
v 7.3123 -2.0291 0.7500
v 7.1394 -2.0291 0.7500
v 7.3123 -2.0291 -0.7500
v 7.3361 -1.9157 -0.7500
v 7.3361 -1.9157 0.7500
v 7.3123 -2.0291 0.7500
v 7.3361 -1.9157 -0.7500
v 6.8432 -1.9157 -0.7500
v 6.8432 -1.9157 0.7500
v 7.3361 -1.9157 0.7500
v 6.8432 -1.9157 -0.7500
v 6.8193 -2.0291 -0.7500
v 6.8193 -2.0291 0.7500
v 6.8432 -1.9157 0.7500
v 7.0390 -2.5047 -0.7500
v 7.1394 -2.0291 -0.7500
v 7.1394 -2.0291 0.7500
v 7.0390 -2.5047 0.7500
v 6.8193 -2.0291 -0.7500
v 6.9922 -2.0291 -0.7500
v 6.9922 -2.0291 0.7500
v 6.8193 -2.0291 0.7500
f 7126 7119 7120
f 7121 7122 7123
f 7123 7124 7125
f 7126 7120 7121
f 7123 7125 7126
f 7126 7121 7123
f 7134 7128 7127
f 7129 7131 7130
f 7131 7133 7132
f 7134 7129 7128
f 7131 7134 7133
f 7134 7131 7129
f 7135 7136 7137
f 7135 7137 7138
f 7139 7140 7141
f 7139 7141 7142
f 7143 7144 7145
f 7143 7145 7146
f 7147 7148 7149
f 7147 7149 7150
f 7151 7152 7153
f 7151 7153 7154
f 7155 7156 7157
f 7155 7157 7158
f 7159 7160 7161
f 7159 7161 7162
f 7163 7164 7165
f 7163 7165 7166
v 2.8238 -2.5047 0.7500
v 2.8476 -2.3913 0.7500
v 2.5696 -2.3913 0.7500
v 2.6701 -1.9157 0.7500
v 2.5228 -1.9157 0.7500
v 2.3986 -2.5047 0.7500
v 2.8238 -2.5047 -0.7500
v 2.8476 -2.3913 -0.7500
v 2.5696 -2.3913 -0.7500
v 2.6701 -1.9157 -0.7500
v 2.5228 -1.9157 -0.7500
v 2.3986 -2.5047 -0.7500
v 2.3986 -2.5047 -0.7500
v 2.8238 -2.5047 -0.7500
v 2.8238 -2.5047 0.7500
v 2.3986 -2.5047 0.7500
v 2.8238 -2.5047 -0.7500
v 2.8476 -2.3913 -0.7500
v 2.8476 -2.3913 0.7500
v 2.8238 -2.5047 0.7500
v 2.5696 -2.3913 -0.7500
v 2.6701 -1.9157 -0.7500
v 2.6701 -1.9157 0.7500
v 2.5696 -2.3913 0.7500
v 2.6701 -1.9157 -0.7500
v 2.5228 -1.9157 -0.7500
v 2.5228 -1.9157 0.7500
v 2.6701 -1.9157 0.7500
v 2.8476 -2.3913 -0.7500
v 2.5696 -2.3913 -0.7500
v 2.5696 -2.3913 0.7500
v 2.8476 -2.3913 0.7500
v 2.5228 -1.9157 -0.7500
v 2.3986 -2.5047 -0.7500
v 2.3986 -2.5047 0.7500
v 2.5228 -1.9157 0.7500
f 7172 7167 7168
f 7169 7170 7171
f 7172 7168 7169
f 7169 7171 7172
f 7178 7174 7173
f 7175 7177 7176
f 7178 7175 7174
f 7175 7178 7177
f 7179 7180 7181
f 7179 7181 7182
f 7183 7184 7185
f 7183 7185 7186
f 7187 7188 7189
f 7187 7189 7190
f 7191 7192 7193
f 7191 7193 7194
f 7195 7196 7197
f 7195 7197 7198
f 7199 7200 7201
f 7199 7201 7202
v 8.8306 -2.5047 0.7500
v 8.9779 -2.5047 0.7500
v 9.1021 -1.9157 0.7500
v 8.9549 -1.9157 0.7500
v 8.8306 -2.5047 -0.7500
v 8.9779 -2.5047 -0.7500
v 9.1021 -1.9157 -0.7500
v 8.9549 -1.9157 -0.7500
v 9.1021 -1.9157 -0.7500
v 8.9549 -1.9157 -0.7500
v 8.9549 -1.9157 0.7500
v 9.1021 -1.9157 0.7500
v 8.9549 -1.9157 -0.7500
v 8.8306 -2.5047 -0.7500
v 8.8306 -2.5047 0.7500
v 8.9549 -1.9157 0.7500
v 8.8306 -2.5047 -0.7500
v 8.9779 -2.5047 -0.7500
v 8.9779 -2.5047 0.7500
v 8.8306 -2.5047 0.7500
v 8.9779 -2.5047 -0.7500
v 9.1021 -1.9157 -0.7500
v 9.1021 -1.9157 0.7500
v 8.9779 -2.5047 0.7500
f 7205 7206 7203
f 7203 7204 7205
f 7209 7207 7210
f 7207 7209 7208
f 7211 7212 7213
f 7211 7213 7214
f 7215 7216 7217
f 7215 7217 7218
f 7219 7220 7221
f 7219 7221 7222
f 7223 7224 7225
f 7223 7225 7226
v 3.6065 -2.5047 0.7500
v 3.7538 -2.5047 0.7500
v 3.8783 -1.9157 0.7500
v 3.7311 -1.9157 0.7500
v 3.6065 -2.5047 -0.7500
v 3.7538 -2.5047 -0.7500
v 3.8783 -1.9157 -0.7500
v 3.7311 -1.9157 -0.7500
v 3.8783 -1.9157 -0.7500
v 3.7311 -1.9157 -0.7500
v 3.7311 -1.9157 0.7500
v 3.8783 -1.9157 0.7500
v 3.7311 -1.9157 -0.7500
v 3.6065 -2.5047 -0.7500
v 3.6065 -2.5047 0.7500
v 3.7311 -1.9157 0.7500
v 3.6065 -2.5047 -0.7500
v 3.7538 -2.5047 -0.7500
v 3.7538 -2.5047 0.7500
v 3.6065 -2.5047 0.7500
v 3.7538 -2.5047 -0.7500
v 3.8783 -1.9157 -0.7500
v 3.8783 -1.9157 0.7500
v 3.7538 -2.5047 0.7500
f 7229 7230 7227
f 7227 7228 7229
f 7233 7231 7234
f 7231 7233 7232
f 7235 7236 7237
f 7235 7237 7238
f 7239 7240 7241
f 7239 7241 7242
f 7243 7244 7245
f 7243 7245 7246
f 7247 7248 7249
f 7247 7249 7250
v -1.1420 -2.1979 0.7500
v 2.0243 0.8553 0.7500
v 0.6673 0.6669 0.7500
v 2.4012 2.5138 0.7500
v 1.4203 1.7293 0.7500
v 0.2851 0.5199 0.7500
v 1.6414 0.7084 0.7500
v 1.6417 0.7084 0.7500
v 1.6417 0.7078 0.7500
v 1.6414 0.7078 0.7500
v -0.5280 -1.3842 0.7500
v -1.1420 -2.1979 -0.7500
v 2.0243 0.8553 -0.7500
v 0.6673 0.6669 -0.7500
v 2.4012 2.5138 -0.7500
v 1.4203 1.7293 -0.7500
v 0.2851 0.5199 -0.7500
v 1.6414 0.7084 -0.7500
v 1.6417 0.7084 -0.7500
v 1.6417 0.7078 -0.7500
v 1.6414 0.7078 -0.7500
v -0.5280 -1.3842 -0.7500
v 1.6414 0.7078 -0.7500
v -0.5280 -1.3842 -0.7500
v -0.5280 -1.3842 0.7500
v 1.6414 0.7078 0.7500
v -0.5280 -1.3842 -0.7500
v -1.1420 -2.1979 -0.7500
v -1.1420 -2.1979 0.7500
v -0.5280 -1.3842 0.7500
v 0.6673 0.6669 -0.7500
v 2.4012 2.5138 -0.7500
v 2.4012 2.5138 0.7500
v 0.6673 0.6669 0.7500
v 2.4012 2.5138 -0.7500
v 1.4203 1.7293 -0.7500
v 1.4203 1.7293 0.7500
v 2.4012 2.5138 0.7500
v 1.6417 0.7078 -0.7500
v 1.6414 0.7078 -0.7500
v 1.6414 0.7078 0.7500
v 1.6417 0.7078 0.7500
v 1.4203 1.7293 -0.7500
v 0.2851 0.5199 -0.7500
v 0.2851 0.5199 0.7500
v 1.4203 1.7293 0.7500
v -1.1420 -2.1979 -0.7500
v 2.0243 0.8553 -0.7500
v 2.0243 0.8553 0.7500
v -1.1420 -2.1979 0.7500
v 2.0243 0.8553 -0.7500
v 0.6673 0.6669 -0.7500
v 0.6673 0.6669 0.7500
v 2.0243 0.8553 0.7500
v 1.6417 0.7084 -0.7500
v 1.6417 0.7078 -0.7500
v 1.6417 0.7078 0.7500
v 1.6417 0.7084 0.7500
v 0.2851 0.5199 -0.7500
v 1.6414 0.7084 -0.7500
v 1.6414 0.7084 0.7500
v 0.2851 0.5199 0.7500
v 1.6414 0.7084 -0.7500
v 1.6417 0.7084 -0.7500
v 1.6417 0.7084 0.7500
v 1.6414 0.7084 0.7500
f 7260 7261 7251
f 7253 7254 7255
f 7259 7260 7251
f 7253 7255 7256
f 7259 7251 7252
f 7252 7253 7256
f 7258 7259 7252
f 7252 7256 7257
f 7257 7258 7252
f 7271 7262 7272
f 7264 7266 7265
f 7270 7262 7271
f 7264 7267 7266
f 7270 7263 7262
f 7263 7267 7264
f 7269 7263 7270
f 7263 7268 7267
f 7268 7263 7269
f 7273 7274 7275
f 7273 7275 7276
f 7277 7278 7279
f 7277 7279 7280
f 7281 7282 7283
f 7281 7283 7284
f 7285 7286 7287
f 7285 7287 7288
f 7289 7290 7291
f 7289 7291 7292
f 7293 7294 7295
f 7293 7295 7296
f 7297 7298 7299
f 7297 7299 7300
f 7301 7302 7303
f 7301 7303 7304
f 7305 7306 7307
f 7305 7307 7308
f 7309 7310 7311
f 7309 7311 7312
f 7313 7314 7315
f 7313 7315 7316
v 1.7981 0.1014 0.7500
v 0.7754 -0.7352 0.7500
v 0.4352 -1.1015 0.7500
v 0.2000 -1.2060 0.7500
v 0.1396 -1.2555 0.7500
v 0.8181 -0.9540 0.7500
v 1.7981 0.1014 -0.7500
v 0.7754 -0.7352 -0.7500
v 0.4352 -1.1015 -0.7500
v 0.2000 -1.2060 -0.7500
v 0.1396 -1.2555 -0.7500
v 0.8181 -0.9540 -0.7500
v 0.8181 -0.9540 -0.7500
v 1.7981 0.1014 -0.7500
v 1.7981 0.1014 0.7500
v 0.8181 -0.9540 0.7500
v 1.7981 0.1014 -0.7500
v 0.7754 -0.7352 -0.7500
v 0.7754 -0.7352 0.7500
v 1.7981 0.1014 0.7500
v 0.4352 -1.1015 -0.7500
v 0.2000 -1.2060 -0.7500
v 0.2000 -1.2060 0.7500
v 0.4352 -1.1015 0.7500
v 0.2000 -1.2060 -0.7500
v 0.1396 -1.2555 -0.7500
v 0.1396 -1.2555 0.7500
v 0.2000 -1.2060 0.7500
v 0.7754 -0.7352 -0.7500
v 0.4352 -1.1015 -0.7500
v 0.4352 -1.1015 0.7500
v 0.7754 -0.7352 0.7500
v 0.1396 -1.2555 -0.7500
v 0.8181 -0.9540 -0.7500
v 0.8181 -0.9540 0.7500
v 0.1396 -1.2555 0.7500
f 7322 7317 7318
f 7319 7320 7321
f 7322 7318 7319
f 7319 7321 7322
f 7328 7324 7323
f 7325 7327 7326
f 7328 7325 7324
f 7325 7328 7327
f 7329 7330 7331
f 7329 7331 7332
f 7333 7334 7335
f 7333 7335 7336
f 7337 7338 7339
f 7337 7339 7340
f 7341 7342 7343
f 7341 7343 7344
f 7345 7346 7347
f 7345 7347 7348
f 7349 7350 7351
f 7349 7351 7352
v -0.0112 0.7799 0.7500
v 1.2704 1.9107 0.7500
v 0.2697 1.2181 0.7500
v -0.3575 0.6645 0.7500
v -0.0112 0.7799 -0.7500
v 1.2704 1.9107 -0.7500
v 0.2697 1.2181 -0.7500
v -0.3575 0.6645 -0.7500
v 0.2697 1.2181 -0.7500
v -0.3575 0.6645 -0.7500
v -0.3575 0.6645 0.7500
v 0.2697 1.2181 0.7500
v -0.3575 0.6645 -0.7500
v -0.0112 0.7799 -0.7500
v -0.0112 0.7799 0.7500
v -0.3575 0.6645 0.7500
v -0.0112 0.7799 -0.7500
v 1.2704 1.9107 -0.7500
v 1.2704 1.9107 0.7500
v -0.0112 0.7799 0.7500
v 1.2704 1.9107 -0.7500
v 0.2697 1.2181 -0.7500
v 0.2697 1.2181 0.7500
v 1.2704 1.9107 0.7500
f 7355 7356 7353
f 7353 7354 7355
f 7359 7357 7360
f 7357 7359 7358
f 7361 7362 7363
f 7361 7363 7364
f 7365 7366 7367
f 7365 7367 7368
f 7369 7370 7371
f 7369 7371 7372
f 7373 7374 7375
f 7373 7375 7376
o Emas
usemtl Emas
v -0.0171 -0.3473 0.7500
v -1.5248 -2.3451 0.7500
v 1.6414 0.7081 0.7500
v 0.2845 0.5196 0.7500
v 2.0184 2.3666 0.7500
v -1.7510 -0.6489 0.7500
v -0.0171 -0.3473 -0.7500
v -1.5248 -2.3451 -0.7500
v 1.6414 0.7081 -0.7500
v 0.2845 0.5196 -0.7500
v 2.0184 2.3666 -0.7500
v -1.7510 -0.6489 -0.7500
v -0.0171 -0.3473 -0.7500
v -1.5248 -2.3451 -0.7500
v -1.5248 -2.3451 0.7500
v -0.0171 -0.3473 0.7500
v -1.5248 -2.3451 -0.7500
v 1.6414 0.7081 -0.7500
v 1.6414 0.7081 0.7500
v -1.5248 -2.3451 0.7500
v 0.2845 0.5196 -0.7500
v 2.0184 2.3666 -0.7500
v 2.0184 2.3666 0.7500
v 0.2845 0.5196 0.7500
v 2.0184 2.3666 -0.7500
v -1.7510 -0.6489 -0.7500
v -1.7510 -0.6489 0.7500
v 2.0184 2.3666 0.7500
v -1.7510 -0.6489 -0.7500
v -0.0171 -0.3473 -0.7500
v -0.0171 -0.3473 0.7500
v -1.7510 -0.6489 0.7500
v 1.6414 0.7081 -0.7500
v 0.2845 0.5196 -0.7500
v 0.2845 0.5196 0.7500
v 1.6414 0.7081 0.7500
f 7377 7378 7379
f 7380 7381 7382
f 7382 7377 7379
f 7379 7380 7382
f 7383 7385 7384
f 7386 7388 7387
f 7388 7385 7383
f 7385 7388 7386
f 7389 7390 7391
f 7389 7391 7392
f 7393 7394 7395
f 7393 7395 7396
f 7397 7398 7399
f 7397 7399 7400
f 7401 7402 7403
f 7401 7403 7404
f 7405 7406 7407
f 7405 7407 7408
f 7409 7410 7411
f 7409 7411 7412
v -1.0725 0.4065 0.7500
v -0.3940 0.6327 0.7500
v 0.8876 1.7635 0.7500
v -1.0725 0.4065 -0.7500
v -0.3940 0.6327 -0.7500
v 0.8876 1.7635 -0.7500
v -0.3940 0.6327 -0.7500
v 0.8876 1.7635 -0.7500
v 0.8876 1.7635 0.7500
v -0.3940 0.6327 0.7500
v 0.8876 1.7635 -0.7500
v -1.0725 0.4065 -0.7500
v -1.0725 0.4065 0.7500
v 0.8876 1.7635 0.7500
v -1.0725 0.4065 -0.7500
v -0.3940 0.6327 -0.7500
v -0.3940 0.6327 0.7500
v -1.0725 0.4065 0.7500
f 7414 7415 7413
f 7417 7416 7418
f 7419 7420 7421
f 7419 7421 7422
f 7423 7424 7425
f 7423 7425 7426
f 7427 7428 7429
f 7427 7429 7430
v 0.4352 -1.1012 0.7500
v 1.4153 -0.0458 0.7500
v -0.2432 -1.4028 0.7500
v 0.4352 -1.1012 -0.7500
v 1.4153 -0.0458 -0.7500
v -0.2432 -1.4028 -0.7500
v 1.4153 -0.0458 -0.7500
v -0.2432 -1.4028 -0.7500
v -0.2432 -1.4028 0.7500
v 1.4153 -0.0458 0.7500
v -0.2432 -1.4028 -0.7500
v 0.4352 -1.1012 -0.7500
v 0.4352 -1.1012 0.7500
v -0.2432 -1.4028 0.7500
v 0.4352 -1.1012 -0.7500
v 1.4153 -0.0458 -0.7500
v 1.4153 -0.0458 0.7500
v 0.4352 -1.1012 0.7500
f 7432 7433 7431
f 7435 7434 7436
f 7437 7438 7439
f 7437 7439 7440
f 7441 7442 7443
f 7441 7443 7444
f 7445 7446 7447
f 7445 7447 7448
