# LNZ.STD logo - dibuat dari lnz-2-petir-di-Z.svg
mtllib lnz-2-petir-di-Z.mtl
o Putih
usemtl Putih
v -3.4901 -0.8936 0.7500
v -2.5381 -2.7972 0.7500
v -0.9970 -2.7972 0.7500
v 0.0299 2.0675 0.7500
v -1.7977 2.0675 0.7500
v -2.1981 0.1639 0.7500
v -3.1574 2.0675 0.7500
v -4.6912 2.0675 0.7500
v -5.7181 -2.7972 0.7500
v -3.8905 -2.7972 0.7500
v -3.4901 -0.8936 -0.7500
v -2.5381 -2.7972 -0.7500
v -0.9970 -2.7972 -0.7500
v 0.0299 2.0675 -0.7500
v -1.7977 2.0675 -0.7500
v -2.1981 0.1639 -0.7500
v -3.1574 2.0675 -0.7500
v -4.6912 2.0675 -0.7500
v -5.7181 -2.7972 -0.7500
v -3.8905 -2.7972 -0.7500
v -5.7181 -2.7972 -0.7500
v -3.8905 -2.7972 -0.7500
v -3.8905 -2.7972 0.7500
v -5.7181 -2.7972 0.7500
v -3.8905 -2.7972 -0.7500
v -3.4901 -0.8936 -0.7500
v -3.4901 -0.8936 0.7500
v -3.8905 -2.7972 0.7500
v -3.4901 -0.8936 -0.7500
v -2.5381 -2.7972 -0.7500
v -2.5381 -2.7972 0.7500
v -3.4901 -0.8936 0.7500
v -2.5381 -2.7972 -0.7500
v -0.9970 -2.7972 -0.7500
v -0.9970 -2.7972 0.7500
v -2.5381 -2.7972 0.7500
v -0.9970 -2.7972 -0.7500
v 0.0299 2.0675 -0.7500
v 0.0299 2.0675 0.7500
v -0.9970 -2.7972 0.7500
v 0.0299 2.0675 -0.7500
v -1.7977 2.0675 -0.7500
v -1.7977 2.0675 0.7500
v 0.0299 2.0675 0.7500
v -2.1981 0.1639 -0.7500
v -3.1574 2.0675 -0.7500
v -3.1574 2.0675 0.7500
v -2.1981 0.1639 0.7500
v -3.1574 2.0675 -0.7500
v -4.6912 2.0675 -0.7500
v -4.6912 2.0675 0.7500
v -3.1574 2.0675 0.7500
v -4.6912 2.0675 -0.7500
v -5.7181 -2.7972 -0.7500
v -5.7181 -2.7972 0.7500
v -4.6912 2.0675 0.7500
v -1.7977 2.0675 -0.7500
v -2.1981 0.1639 -0.7500
v -2.1981 0.1639 0.7500
v -1.7977 2.0675 0.7500
f 9 10 1
f 1 2 3
f 3 4 5
f 6 7 8
f 8 9 1
f 3 5 6
f 6 8 1
f 1 3 6
f 19 11 20
f 11 13 12
f 13 15 14
f 16 18 17
f 18 11 19
f 13 16 15
f 16 11 18
f 11 16 13
f 21 22 23
f 21 23 24
f 25 26 27
f 25 27 28
f 29 30 31
f 29 31 32
f 33 34 35
f 33 35 36
f 37 38 39
f 37 39 40
f 41 42 43
f 41 43 44
f 45 46 47
f 45 47 48
f 49 50 51
f 49 51 52
f 53 54 55
f 53 55 56
f 57 58 59
f 57 59 60
v -0.4308 -1.8982 0.7500
v -0.6195 -2.7972 0.7500
v 3.5320 -2.7972 0.7500
v 3.6516 -2.6386 0.7500
v 3.9129 -1.4073 0.7500
v 3.3919 -1.4073 0.7500
v 1.0325 -1.8174 0.7500
v 3.7528 0.3585 0.7500
v 4.0311 0.6567 0.7500
v 1.7170 -0.1143 0.7500
v 4.5540 1.8495 0.7500
v 4.6002 2.0675 0.7500
v 0.5135 2.0675 0.7500
v 0.1963 0.5716 0.7500
v 1.8731 0.5716 0.7500
v -0.4308 -1.8982 -0.7500
v -0.6195 -2.7972 -0.7500
v 3.5320 -2.7972 -0.7500
v 3.6516 -2.6386 -0.7500
v 3.9129 -1.4073 -0.7500
v 3.3919 -1.4073 -0.7500
v 1.0325 -1.8174 -0.7500
v 3.7528 0.3585 -0.7500
v 4.0311 0.6567 -0.7500
v 1.7170 -0.1143 -0.7500
v 4.5540 1.8495 -0.7500
v 4.6002 2.0675 -0.7500
v 0.5135 2.0675 -0.7500
v 0.1963 0.5716 -0.7500
v 1.8731 0.5716 -0.7500
v 1.8731 0.5716 -0.7500
v -0.4308 -1.8982 -0.7500
v -0.4308 -1.8982 0.7500
v 1.8731 0.5716 0.7500
v -0.4308 -1.8982 -0.7500
v -0.6195 -2.7972 -0.7500
v -0.6195 -2.7972 0.7500
v -0.4308 -1.8982 0.7500
v -0.6195 -2.7972 -0.7500
v 3.5320 -2.7972 -0.7500
v 3.5320 -2.7972 0.7500
v -0.6195 -2.7972 0.7500
v 3.5320 -2.7972 -0.7500
v 3.6516 -2.6386 -0.7500
v 3.6516 -2.6386 0.7500
v 3.5320 -2.7972 0.7500
v 3.6516 -2.6386 -0.7500
v 3.9129 -1.4073 -0.7500
v 3.9129 -1.4073 0.7500
v 3.6516 -2.6386 0.7500
v 3.9129 -1.4073 -0.7500
v 3.3919 -1.4073 -0.7500
v 3.3919 -1.4073 0.7500
v 3.9129 -1.4073 0.7500
v 1.0325 -1.8174 -0.7500
v 3.7528 0.3585 -0.7500
v 3.7528 0.3585 0.7500
v 1.0325 -1.8174 0.7500
v 3.7528 0.3585 -0.7500
v 4.0311 0.6567 -0.7500
v 4.0311 0.6567 0.7500
v 3.7528 0.3585 0.7500
v 1.7170 -0.1143 -0.7500
v 4.5540 1.8495 -0.7500
v 4.5540 1.8495 0.7500
v 1.7170 -0.1143 0.7500
v 4.5540 1.8495 -0.7500
v 4.6002 2.0675 -0.7500
v 4.6002 2.0675 0.7500
v 4.5540 1.8495 0.7500
v 4.6002 2.0675 -0.7500
v 0.5135 2.0675 -0.7500
v 0.5135 2.0675 0.7500
v 4.6002 2.0675 0.7500
v 0.5135 2.0675 -0.7500
v 0.1963 0.5716 -0.7500
v 0.1963 0.5716 0.7500
v 0.5135 2.0675 0.7500
v 4.0311 0.6567 -0.7500
v 1.7170 -0.1143 -0.7500
v 1.7170 -0.1143 0.7500
v 4.0311 0.6567 0.7500
v 0.1963 0.5716 -0.7500
v 1.8731 0.5716 -0.7500
v 1.8731 0.5716 0.7500
v 0.1963 0.5716 0.7500
v 3.3919 -1.4073 -0.7500
v 1.0325 -1.8174 -0.7500
v 1.0325 -1.8174 0.7500
v 3.3919 -1.4073 0.7500
f 75 61 62
f 62 63 64
f 64 65 66
f 67 68 69
f 70 71 72
f 72 73 74
f 62 64 66
f 67 69 70
f 72 74 75
f 62 66 67
f 70 72 75
f 75 62 67
f 67 70 75
f 90 77 76
f 77 79 78
f 79 81 80
f 82 84 83
f 85 87 86
f 87 89 88
f 77 81 79
f 82 85 84
f 87 90 89
f 77 82 81
f 85 90 87
f 90 82 77
f 82 90 85
f 91 92 93
f 91 93 94
f 95 96 97
f 95 97 98
f 99 100 101
f 99 101 102
f 103 104 105
f 103 105 106
f 107 108 109
f 107 109 110
f 111 112 113
f 111 113 114
f 115 116 117
f 115 117 118
f 119 120 121
f 119 121 122
f 123 124 125
f 123 125 126
f 127 128 129
f 127 129 130
f 131 132 133
f 131 133 134
f 135 136 137
f 135 137 138
f 139 140 141
f 139 141 142
f 143 144 145
f 143 145 146
f 147 148 149
f 147 149 150
v -5.6958 -1.4073 0.7500
v -7.6825 -1.4073 0.7500
v -6.9499 2.0675 0.7500
v -8.7775 2.0675 0.7500
v -9.8049 -2.7972 0.7500
v -5.9901 -2.7972 0.7500
v -5.6958 -1.4073 -0.7500
v -7.6825 -1.4073 -0.7500
v -6.9499 2.0675 -0.7500
v -8.7775 2.0675 -0.7500
v -9.8049 -2.7972 -0.7500
v -5.9901 -2.7972 -0.7500
v -9.8049 -2.7972 -0.7500
v -5.9901 -2.7972 -0.7500
v -5.9901 -2.7972 0.7500
v -9.8049 -2.7972 0.7500
v -5.9901 -2.7972 -0.7500
v -5.6958 -1.4073 -0.7500
v -5.6958 -1.4073 0.7500
v -5.9901 -2.7972 0.7500
v -7.6825 -1.4073 -0.7500
v -6.9499 2.0675 -0.7500
v -6.9499 2.0675 0.7500
v -7.6825 -1.4073 0.7500
v -6.9499 2.0675 -0.7500
v -8.7775 2.0675 -0.7500
v -8.7775 2.0675 0.7500
v -6.9499 2.0675 0.7500
v -5.6958 -1.4073 -0.7500
v -7.6825 -1.4073 -0.7500
v -7.6825 -1.4073 0.7500
v -5.6958 -1.4073 0.7500
v -8.7775 2.0675 -0.7500
v -9.8049 -2.7972 -0.7500
v -9.8049 -2.7972 0.7500
v -8.7775 2.0675 0.7500
f 155 156 151
f 152 153 154
f 155 151 152
f 152 154 155
f 161 157 162
f 158 160 159
f 161 158 157
f 158 161 160
f 163 164 165
f 163 165 166
f 167 168 169
f 167 169 170
f 171 172 173
f 171 173 174
f 175 176 177
f 175 177 178
f 179 180 181
f 179 181 182
f 183 184 185
f 183 185 186
v 1.6270 -4.3835 0.7500
v 1.6552 -4.3840 0.7500
v 1.7038 -4.3830 0.7500
v 1.7501 -4.3792 0.7500
v 1.7948 -4.3733 0.7500
v 1.8371 -4.3646 0.7500
v 1.8770 -4.3539 0.7500
v 1.9155 -4.3407 0.7500
v 1.9515 -4.3247 0.7500
v 1.9855 -4.3067 0.7500
v 2.0176 -4.2862 0.7500
v 2.0473 -4.2634 0.7500
v 2.0755 -4.2376 0.7500
v 2.1013 -4.2094 0.7500
v 2.1256 -4.1787 0.7500
v 2.1485 -4.1452 0.7500
v 2.1694 -4.1087 0.7500
v 2.1879 -4.0698 0.7500
v 2.2054 -4.0279 0.7500
v 2.2205 -3.9837 0.7500
v 2.2341 -3.9370 0.7500
v 2.2462 -3.8868 0.7500
v 2.2526 -3.8528 0.7500
v 2.2579 -3.8192 0.7500
v 2.2618 -3.7876 0.7500
v 2.2642 -3.7570 0.7500
v 2.2652 -3.7278 0.7500
v 2.2642 -3.6996 0.7500
v 2.2623 -3.6728 0.7500
v 2.2584 -3.6470 0.7500
v 2.2535 -3.6232 0.7500
v 2.2467 -3.5998 0.7500
v 2.2390 -3.5784 0.7500
v 2.2297 -3.5575 0.7500
v 2.2190 -3.5381 0.7500
v 2.2073 -3.5201 0.7500
v 2.1947 -3.5025 0.7500
v 2.1806 -3.4870 0.7500
v 2.1655 -3.4719 0.7500
v 2.1490 -3.4583 0.7500
v 2.1310 -3.4456 0.7500
v 2.1125 -3.4344 0.7500
v 2.0925 -3.4242 0.7500
v 2.0716 -3.4155 0.7500
v 2.0497 -3.4072 0.7500
v 2.0269 -3.4004 0.7500
v 2.0030 -3.3945 0.7500
v 1.9782 -3.3897 0.7500
v 1.9524 -3.3858 0.7500
v 1.9262 -3.3829 0.7500
v 1.8984 -3.3814 0.7500
v 1.8697 -3.3809 0.7500
v 1.8211 -3.3819 0.7500
v 1.7744 -3.3858 0.7500
v 1.7296 -3.3916 0.7500
v 1.6873 -3.3999 0.7500
v 1.6469 -3.4106 0.7500
v 1.6090 -3.4232 0.7500
v 1.5725 -3.4388 0.7500
v 1.5384 -3.4563 0.7500
v 1.5068 -3.4763 0.7500
v 1.4771 -3.4987 0.7500
v 1.4494 -3.5239 0.7500
v 1.4232 -3.5522 0.7500
v 1.3988 -3.5833 0.7500
v 1.3760 -3.6173 0.7500
v 1.3550 -3.6548 0.7500
v 1.3356 -3.6952 0.7500
v 1.3181 -3.7385 0.7500
v 1.3025 -3.7852 0.7500
v 1.2884 -3.8343 0.7500
v 1.2762 -3.8868 0.7500
v 1.2694 -3.9199 0.7500
v 1.2646 -3.9520 0.7500
v 1.2612 -3.9827 0.7500
v 1.2587 -4.0119 0.7500
v 1.2582 -4.0406 0.7500
v 1.2592 -4.0678 0.7500
v 1.2616 -4.0936 0.7500
v 1.2655 -4.1184 0.7500
v 1.2709 -4.1422 0.7500
v 1.2777 -4.1651 0.7500
v 1.2860 -4.1865 0.7500
v 1.2952 -4.2069 0.7500
v 1.3054 -4.2259 0.7500
v 1.3176 -4.2444 0.7500
v 1.3302 -4.2614 0.7500
v 1.3443 -4.2770 0.7500
v 1.3599 -4.2921 0.7500
v 1.3765 -4.3057 0.7500
v 1.3940 -4.3183 0.7500
v 1.4129 -4.3295 0.7500
v 1.4329 -4.3402 0.7500
v 1.4538 -4.3495 0.7500
v 1.4757 -4.3573 0.7500
v 1.4986 -4.3646 0.7500
v 1.5224 -4.3704 0.7500
v 1.5467 -4.3753 0.7500
v 1.5725 -4.3792 0.7500
v 1.5993 -4.3821 0.7500
v 1.6990 -4.1773 0.7500
v 1.6815 -4.1768 0.7500
v 1.6644 -4.1758 0.7500
v 1.6489 -4.1743 0.7500
v 1.6338 -4.1724 0.7500
v 1.6197 -4.1700 0.7500
v 1.6065 -4.1666 0.7500
v 1.5944 -4.1632 0.7500
v 1.5832 -4.1588 0.7500
v 1.5725 -4.1539 0.7500
v 1.5633 -4.1486 0.7500
v 1.5545 -4.1422 0.7500
v 1.5467 -4.1354 0.7500
v 1.5394 -4.1281 0.7500
v 1.5331 -4.1199 0.7500
v 1.5273 -4.1106 0.7500
v 1.5224 -4.1014 0.7500
v 1.5180 -4.0907 0.7500
v 1.5146 -4.0800 0.7500
v 1.5122 -4.0678 0.7500
v 1.5102 -4.0557 0.7500
v 1.5083 -4.0284 0.7500
v 1.5083 -4.0133 0.7500
v 1.5088 -3.9978 0.7500
v 1.5097 -3.9812 0.7500
v 1.5117 -3.9642 0.7500
v 1.5136 -3.9462 0.7500
v 1.5166 -3.9272 0.7500
v 1.5200 -3.9073 0.7500
v 1.5238 -3.8868 0.7500
v 1.5311 -3.8552 0.7500
v 1.5394 -3.8256 0.7500
v 1.5482 -3.7978 0.7500
v 1.5574 -3.7720 0.7500
v 1.5676 -3.7477 0.7500
v 1.5788 -3.7258 0.7500
v 1.5905 -3.7054 0.7500
v 1.6027 -3.6874 0.7500
v 1.6158 -3.6709 0.7500
v 1.6294 -3.6568 0.7500
v 1.6445 -3.6441 0.7500
v 1.6601 -3.6324 0.7500
v 1.6771 -3.6222 0.7500
v 1.6951 -3.6135 0.7500
v 1.7141 -3.6062 0.7500
v 1.7340 -3.6003 0.7500
v 1.7549 -3.5955 0.7500
v 1.7773 -3.5921 0.7500
v 1.8002 -3.5901 0.7500
v 1.8245 -3.5896 0.7500
v 1.8420 -3.5896 0.7500
v 1.8585 -3.5906 0.7500
v 1.8741 -3.5921 0.7500
v 1.8887 -3.5940 0.7500
v 1.9028 -3.5964 0.7500
v 1.9159 -3.5993 0.7500
v 1.9281 -3.6028 0.7500
v 1.9398 -3.6066 0.7500
v 1.9500 -3.6115 0.7500
v 1.9597 -3.6164 0.7500
v 1.9685 -3.6222 0.7500
v 1.9767 -3.6290 0.7500
v 1.9840 -3.6363 0.7500
v 1.9904 -3.6446 0.7500
v 1.9962 -3.6533 0.7500
v 2.0011 -3.6631 0.7500
v 2.0054 -3.6733 0.7500
v 2.0089 -3.6845 0.7500
v 2.0113 -3.6962 0.7500
v 2.0132 -3.7088 0.7500
v 2.0147 -3.7224 0.7500
v 2.0152 -3.7365 0.7500
v 2.0152 -3.7521 0.7500
v 2.0142 -3.7686 0.7500
v 2.0127 -3.7857 0.7500
v 2.0108 -3.8041 0.7500
v 2.0084 -3.8236 0.7500
v 2.0050 -3.8436 0.7500
v 2.0011 -3.8650 0.7500
v 1.9967 -3.8868 0.7500
v 1.9899 -3.9160 0.7500
v 1.9826 -3.9438 0.7500
v 1.9743 -3.9695 0.7500
v 1.9651 -3.9939 0.7500
v 1.9549 -4.0167 0.7500
v 1.9442 -4.0381 0.7500
v 1.9325 -4.0576 0.7500
v 1.9203 -4.0756 0.7500
v 1.9072 -4.0921 0.7500
v 1.8931 -4.1067 0.7500
v 1.8785 -4.1204 0.7500
v 1.8624 -4.1320 0.7500
v 1.8454 -4.1427 0.7500
v 1.8279 -4.1520 0.7500
v 1.8089 -4.1598 0.7500
v 1.7890 -4.1661 0.7500
v 1.7681 -4.1709 0.7500
v 1.7462 -4.1743 0.7500
v 1.7233 -4.1763 0.7500
v 1.6270 -4.3835 -0.7500
v 1.6552 -4.3840 -0.7500
v 1.7038 -4.3830 -0.7500
v 1.7501 -4.3792 -0.7500
v 1.7948 -4.3733 -0.7500
v 1.8371 -4.3646 -0.7500
v 1.8770 -4.3539 -0.7500
v 1.9155 -4.3407 -0.7500
v 1.9515 -4.3247 -0.7500
v 1.9855 -4.3067 -0.7500
v 2.0176 -4.2862 -0.7500
v 2.0473 -4.2634 -0.7500
v 2.0755 -4.2376 -0.7500
v 2.1013 -4.2094 -0.7500
v 2.1256 -4.1787 -0.7500
v 2.1485 -4.1452 -0.7500
v 2.1694 -4.1087 -0.7500
v 2.1879 -4.0698 -0.7500
v 2.2054 -4.0279 -0.7500
v 2.2205 -3.9837 -0.7500
v 2.2341 -3.9370 -0.7500
v 2.2462 -3.8868 -0.7500
v 2.2526 -3.8528 -0.7500
v 2.2579 -3.8192 -0.7500
v 2.2618 -3.7876 -0.7500
v 2.2642 -3.7570 -0.7500
v 2.2652 -3.7278 -0.7500
v 2.2642 -3.6996 -0.7500
v 2.2623 -3.6728 -0.7500
v 2.2584 -3.6470 -0.7500
v 2.2535 -3.6232 -0.7500
v 2.2467 -3.5998 -0.7500
v 2.2390 -3.5784 -0.7500
v 2.2297 -3.5575 -0.7500
v 2.2190 -3.5381 -0.7500
v 2.2073 -3.5201 -0.7500
v 2.1947 -3.5025 -0.7500
v 2.1806 -3.4870 -0.7500
v 2.1655 -3.4719 -0.7500
v 2.1490 -3.4583 -0.7500
v 2.1310 -3.4456 -0.7500
v 2.1125 -3.4344 -0.7500
v 2.0925 -3.4242 -0.7500
v 2.0716 -3.4155 -0.7500
v 2.0497 -3.4072 -0.7500
v 2.0269 -3.4004 -0.7500
v 2.0030 -3.3945 -0.7500
v 1.9782 -3.3897 -0.7500
v 1.9524 -3.3858 -0.7500
v 1.9262 -3.3829 -0.7500
v 1.8984 -3.3814 -0.7500
v 1.8697 -3.3809 -0.7500
v 1.8211 -3.3819 -0.7500
v 1.7744 -3.3858 -0.7500
v 1.7296 -3.3916 -0.7500
v 1.6873 -3.3999 -0.7500
v 1.6469 -3.4106 -0.7500
v 1.6090 -3.4232 -0.7500
v 1.5725 -3.4388 -0.7500
v 1.5384 -3.4563 -0.7500
v 1.5068 -3.4763 -0.7500
v 1.4771 -3.4987 -0.7500
v 1.4494 -3.5239 -0.7500
v 1.4232 -3.5522 -0.7500
v 1.3988 -3.5833 -0.7500
v 1.3760 -3.6173 -0.7500
v 1.3550 -3.6548 -0.7500
v 1.3356 -3.6952 -0.7500
v 1.3181 -3.7385 -0.7500
v 1.3025 -3.7852 -0.7500
v 1.2884 -3.8343 -0.7500
v 1.2762 -3.8868 -0.7500
v 1.2694 -3.9199 -0.7500
v 1.2646 -3.9520 -0.7500
v 1.2612 -3.9827 -0.7500
v 1.2587 -4.0119 -0.7500
v 1.2582 -4.0406 -0.7500
v 1.2592 -4.0678 -0.7500
v 1.2616 -4.0936 -0.7500
v 1.2655 -4.1184 -0.7500
v 1.2709 -4.1422 -0.7500
v 1.2777 -4.1651 -0.7500
v 1.2860 -4.1865 -0.7500
v 1.2952 -4.2069 -0.7500
v 1.3054 -4.2259 -0.7500
v 1.3176 -4.2444 -0.7500
v 1.3302 -4.2614 -0.7500
v 1.3443 -4.2770 -0.7500
v 1.3599 -4.2921 -0.7500
v 1.3765 -4.3057 -0.7500
v 1.3940 -4.3183 -0.7500
v 1.4129 -4.3295 -0.7500
v 1.4329 -4.3402 -0.7500
v 1.4538 -4.3495 -0.7500
v 1.4757 -4.3573 -0.7500
v 1.4986 -4.3646 -0.7500
v 1.5224 -4.3704 -0.7500
v 1.5467 -4.3753 -0.7500
v 1.5725 -4.3792 -0.7500
v 1.5993 -4.3821 -0.7500
v 1.6990 -4.1773 -0.7500
v 1.6815 -4.1768 -0.7500
v 1.6644 -4.1758 -0.7500
v 1.6489 -4.1743 -0.7500
v 1.6338 -4.1724 -0.7500
v 1.6197 -4.1700 -0.7500
v 1.6065 -4.1666 -0.7500
v 1.5944 -4.1632 -0.7500
v 1.5832 -4.1588 -0.7500
v 1.5725 -4.1539 -0.7500
v 1.5633 -4.1486 -0.7500
v 1.5545 -4.1422 -0.7500
v 1.5467 -4.1354 -0.7500
v 1.5394 -4.1281 -0.7500
v 1.5331 -4.1199 -0.7500
v 1.5273 -4.1106 -0.7500
v 1.5224 -4.1014 -0.7500
v 1.5180 -4.0907 -0.7500
v 1.5146 -4.0800 -0.7500
v 1.5122 -4.0678 -0.7500
v 1.5102 -4.0557 -0.7500
v 1.5083 -4.0284 -0.7500
v 1.5083 -4.0133 -0.7500
v 1.5088 -3.9978 -0.7500
v 1.5097 -3.9812 -0.7500
v 1.5117 -3.9642 -0.7500
v 1.5136 -3.9462 -0.7500
v 1.5166 -3.9272 -0.7500
v 1.5200 -3.9073 -0.7500
v 1.5238 -3.8868 -0.7500
v 1.5311 -3.8552 -0.7500
v 1.5394 -3.8256 -0.7500
v 1.5482 -3.7978 -0.7500
v 1.5574 -3.7720 -0.7500
v 1.5676 -3.7477 -0.7500
v 1.5788 -3.7258 -0.7500
v 1.5905 -3.7054 -0.7500
v 1.6027 -3.6874 -0.7500
v 1.6158 -3.6709 -0.7500
v 1.6294 -3.6568 -0.7500
v 1.6445 -3.6441 -0.7500
v 1.6601 -3.6324 -0.7500
v 1.6771 -3.6222 -0.7500
v 1.6951 -3.6135 -0.7500
v 1.7141 -3.6062 -0.7500
v 1.7340 -3.6003 -0.7500
v 1.7549 -3.5955 -0.7500
v 1.7773 -3.5921 -0.7500
v 1.8002 -3.5901 -0.7500
v 1.8245 -3.5896 -0.7500
v 1.8420 -3.5896 -0.7500
v 1.8585 -3.5906 -0.7500
v 1.8741 -3.5921 -0.7500
v 1.8887 -3.5940 -0.7500
v 1.9028 -3.5964 -0.7500
v 1.9159 -3.5993 -0.7500
v 1.9281 -3.6028 -0.7500
v 1.9398 -3.6066 -0.7500
v 1.9500 -3.6115 -0.7500
v 1.9597 -3.6164 -0.7500
v 1.9685 -3.6222 -0.7500
v 1.9767 -3.6290 -0.7500
v 1.9840 -3.6363 -0.7500
v 1.9904 -3.6446 -0.7500
v 1.9962 -3.6533 -0.7500
v 2.0011 -3.6631 -0.7500
v 2.0054 -3.6733 -0.7500
v 2.0089 -3.6845 -0.7500
v 2.0113 -3.6962 -0.7500
v 2.0132 -3.7088 -0.7500
v 2.0147 -3.7224 -0.7500
v 2.0152 -3.7365 -0.7500
v 2.0152 -3.7521 -0.7500
v 2.0142 -3.7686 -0.7500
v 2.0127 -3.7857 -0.7500
v 2.0108 -3.8041 -0.7500
v 2.0084 -3.8236 -0.7500
v 2.0050 -3.8436 -0.7500
v 2.0011 -3.8650 -0.7500
v 1.9967 -3.8868 -0.7500
v 1.9899 -3.9160 -0.7500
v 1.9826 -3.9438 -0.7500
v 1.9743 -3.9695 -0.7500
v 1.9651 -3.9939 -0.7500
v 1.9549 -4.0167 -0.7500
v 1.9442 -4.0381 -0.7500
v 1.9325 -4.0576 -0.7500
v 1.9203 -4.0756 -0.7500
v 1.9072 -4.0921 -0.7500
v 1.8931 -4.1067 -0.7500
v 1.8785 -4.1204 -0.7500
v 1.8624 -4.1320 -0.7500
v 1.8454 -4.1427 -0.7500
v 1.8279 -4.1520 -0.7500
v 1.8089 -4.1598 -0.7500
v 1.7890 -4.1661 -0.7500
v 1.7681 -4.1709 -0.7500
v 1.7462 -4.1743 -0.7500
v 1.7233 -4.1763 -0.7500
v 1.5083 -4.0284 -0.7500
v 1.5083 -4.0133 -0.7500
v 1.5083 -4.0133 0.7500
v 1.5083 -4.0284 0.7500
v 1.5097 -3.9812 -0.7500
v 1.5117 -3.9642 -0.7500
v 1.5117 -3.9642 0.7500
v 1.5097 -3.9812 0.7500
v 1.5117 -3.9642 -0.7500
v 1.5136 -3.9462 -0.7500
v 1.5136 -3.9462 0.7500
v 1.5117 -3.9642 0.7500
v 1.5102 -4.0557 -0.7500
v 1.5083 -4.0284 -0.7500
v 1.5083 -4.0284 0.7500
v 1.5102 -4.0557 0.7500
v 1.2582 -4.0406 -0.7500
v 1.2592 -4.0678 -0.7500
v 1.2592 -4.0678 0.7500
v 1.2582 -4.0406 0.7500
v 1.2592 -4.0678 -0.7500
v 1.2616 -4.0936 -0.7500
v 1.2616 -4.0936 0.7500
v 1.2592 -4.0678 0.7500
v 1.2616 -4.0936 -0.7500
v 1.2655 -4.1184 -0.7500
v 1.2655 -4.1184 0.7500
v 1.2616 -4.0936 0.7500
v 1.2655 -4.1184 -0.7500
v 1.2709 -4.1422 -0.7500
v 1.2709 -4.1422 0.7500
v 1.2655 -4.1184 0.7500
v 1.2709 -4.1422 -0.7500
v 1.2777 -4.1651 -0.7500
v 1.2777 -4.1651 0.7500
v 1.2709 -4.1422 0.7500
v 1.2777 -4.1651 -0.7500
v 1.2860 -4.1865 -0.7500
v 1.2860 -4.1865 0.7500
v 1.2777 -4.1651 0.7500
v 1.2860 -4.1865 -0.7500
v 1.2952 -4.2069 -0.7500
v 1.2952 -4.2069 0.7500
v 1.2860 -4.1865 0.7500
v 1.2952 -4.2069 -0.7500
v 1.3054 -4.2259 -0.7500
v 1.3054 -4.2259 0.7500
v 1.2952 -4.2069 0.7500
v 1.3054 -4.2259 -0.7500
v 1.3176 -4.2444 -0.7500
v 1.3176 -4.2444 0.7500
v 1.3054 -4.2259 0.7500
v 1.3176 -4.2444 -0.7500
v 1.3302 -4.2614 -0.7500
v 1.3302 -4.2614 0.7500
v 1.3176 -4.2444 0.7500
v 1.3302 -4.2614 -0.7500
v 1.3443 -4.2770 -0.7500
v 1.3443 -4.2770 0.7500
v 1.3302 -4.2614 0.7500
v 1.3443 -4.2770 -0.7500
v 1.3599 -4.2921 -0.7500
v 1.3599 -4.2921 0.7500
v 1.3443 -4.2770 0.7500
v 1.3599 -4.2921 -0.7500
v 1.3765 -4.3057 -0.7500
v 1.3765 -4.3057 0.7500
v 1.3599 -4.2921 0.7500
v 1.3765 -4.3057 -0.7500
v 1.3940 -4.3183 -0.7500
v 1.3940 -4.3183 0.7500
v 1.3765 -4.3057 0.7500
v 1.3940 -4.3183 -0.7500
v 1.4129 -4.3295 -0.7500
v 1.4129 -4.3295 0.7500
v 1.3940 -4.3183 0.7500
v 1.4129 -4.3295 -0.7500
v 1.4329 -4.3402 -0.7500
v 1.4329 -4.3402 0.7500
v 1.4129 -4.3295 0.7500
v 1.4329 -4.3402 -0.7500
v 1.4538 -4.3495 -0.7500
v 1.4538 -4.3495 0.7500
v 1.4329 -4.3402 0.7500
v 1.4538 -4.3495 -0.7500
v 1.4757 -4.3573 -0.7500
v 1.4757 -4.3573 0.7500
v 1.4538 -4.3495 0.7500
v 1.4757 -4.3573 -0.7500
v 1.4986 -4.3646 -0.7500
v 1.4986 -4.3646 0.7500
v 1.4757 -4.3573 0.7500
v 1.4986 -4.3646 -0.7500
v 1.5224 -4.3704 -0.7500
v 1.5224 -4.3704 0.7500
v 1.4986 -4.3646 0.7500
v 1.5224 -4.3704 -0.7500
v 1.5467 -4.3753 -0.7500
v 1.5467 -4.3753 0.7500
v 1.5224 -4.3704 0.7500
v 1.5467 -4.3753 -0.7500
v 1.5725 -4.3792 -0.7500
v 1.5725 -4.3792 0.7500
v 1.5467 -4.3753 0.7500
v 1.5725 -4.3792 -0.7500
v 1.5993 -4.3821 -0.7500
v 1.5993 -4.3821 0.7500
v 1.5725 -4.3792 0.7500
v 1.5993 -4.3821 -0.7500
v 1.6270 -4.3835 -0.7500
v 1.6270 -4.3835 0.7500
v 1.5993 -4.3821 0.7500
v 1.6270 -4.3835 -0.7500
v 1.6552 -4.3840 -0.7500
v 1.6552 -4.3840 0.7500
v 1.6270 -4.3835 0.7500
v 1.6552 -4.3840 -0.7500
v 1.7038 -4.3830 -0.7500
v 1.7038 -4.3830 0.7500
v 1.6552 -4.3840 0.7500
v 1.7038 -4.3830 -0.7500
v 1.7501 -4.3792 -0.7500
v 1.7501 -4.3792 0.7500
v 1.7038 -4.3830 0.7500
v 1.7501 -4.3792 -0.7500
v 1.7948 -4.3733 -0.7500
v 1.7948 -4.3733 0.7500
v 1.7501 -4.3792 0.7500
v 1.7948 -4.3733 -0.7500
v 1.8371 -4.3646 -0.7500
v 1.8371 -4.3646 0.7500
v 1.7948 -4.3733 0.7500
v 1.8371 -4.3646 -0.7500
v 1.8770 -4.3539 -0.7500
v 1.8770 -4.3539 0.7500
v 1.8371 -4.3646 0.7500
v 1.8770 -4.3539 -0.7500
v 1.9155 -4.3407 -0.7500
v 1.9155 -4.3407 0.7500
v 1.8770 -4.3539 0.7500
v 1.9155 -4.3407 -0.7500
v 1.9515 -4.3247 -0.7500
v 1.9515 -4.3247 0.7500
v 1.9155 -4.3407 0.7500
v 1.9515 -4.3247 -0.7500
v 1.9855 -4.3067 -0.7500
v 1.9855 -4.3067 0.7500
v 1.9515 -4.3247 0.7500
v 1.9855 -4.3067 -0.7500
v 2.0176 -4.2862 -0.7500
v 2.0176 -4.2862 0.7500
v 1.9855 -4.3067 0.7500
v 2.0176 -4.2862 -0.7500
v 2.0473 -4.2634 -0.7500
v 2.0473 -4.2634 0.7500
v 2.0176 -4.2862 0.7500
v 2.0473 -4.2634 -0.7500
v 2.0755 -4.2376 -0.7500
v 2.0755 -4.2376 0.7500
v 2.0473 -4.2634 0.7500
v 2.0755 -4.2376 -0.7500
v 2.1013 -4.2094 -0.7500
v 2.1013 -4.2094 0.7500
v 2.0755 -4.2376 0.7500
v 2.1013 -4.2094 -0.7500
v 2.1256 -4.1787 -0.7500
v 2.1256 -4.1787 0.7500
v 2.1013 -4.2094 0.7500
v 2.1256 -4.1787 -0.7500
v 2.1485 -4.1452 -0.7500
v 2.1485 -4.1452 0.7500
v 2.1256 -4.1787 0.7500
v 2.1485 -4.1452 -0.7500
v 2.1694 -4.1087 -0.7500
v 2.1694 -4.1087 0.7500
v 2.1485 -4.1452 0.7500
v 2.1694 -4.1087 -0.7500
v 2.1879 -4.0698 -0.7500
v 2.1879 -4.0698 0.7500
v 2.1694 -4.1087 0.7500
v 2.1879 -4.0698 -0.7500
v 2.2054 -4.0279 -0.7500
v 2.2054 -4.0279 0.7500
v 2.1879 -4.0698 0.7500
v 2.2054 -4.0279 -0.7500
v 2.2205 -3.9837 -0.7500
v 2.2205 -3.9837 0.7500
v 2.2054 -4.0279 0.7500
v 2.2205 -3.9837 -0.7500
v 2.2341 -3.9370 -0.7500
v 2.2341 -3.9370 0.7500
v 2.2205 -3.9837 0.7500
v 2.2341 -3.9370 -0.7500
v 2.2462 -3.8868 -0.7500
v 2.2462 -3.8868 0.7500
v 2.2341 -3.9370 0.7500
v 2.2462 -3.8868 -0.7500
v 2.2526 -3.8528 -0.7500
v 2.2526 -3.8528 0.7500
v 2.2462 -3.8868 0.7500
v 2.2526 -3.8528 -0.7500
v 2.2579 -3.8192 -0.7500
v 2.2579 -3.8192 0.7500
v 2.2526 -3.8528 0.7500
v 2.2579 -3.8192 -0.7500
v 2.2618 -3.7876 -0.7500
v 2.2618 -3.7876 0.7500
v 2.2579 -3.8192 0.7500
v 2.2618 -3.7876 -0.7500
v 2.2642 -3.7570 -0.7500
v 2.2642 -3.7570 0.7500
v 2.2618 -3.7876 0.7500
v 2.2642 -3.7570 -0.7500
v 2.2652 -3.7278 -0.7500
v 2.2652 -3.7278 0.7500
v 2.2642 -3.7570 0.7500
v 2.2652 -3.7278 -0.7500
v 2.2642 -3.6996 -0.7500
v 2.2642 -3.6996 0.7500
v 2.2652 -3.7278 0.7500
v 2.2642 -3.6996 -0.7500
v 2.2623 -3.6728 -0.7500
v 2.2623 -3.6728 0.7500
v 2.2642 -3.6996 0.7500
v 2.2623 -3.6728 -0.7500
v 2.2584 -3.6470 -0.7500
v 2.2584 -3.6470 0.7500
v 2.2623 -3.6728 0.7500
v 2.2584 -3.6470 -0.7500
v 2.2535 -3.6232 -0.7500
v 2.2535 -3.6232 0.7500
v 2.2584 -3.6470 0.7500
v 2.2535 -3.6232 -0.7500
v 2.2467 -3.5998 -0.7500
v 2.2467 -3.5998 0.7500
v 2.2535 -3.6232 0.7500
v 2.2467 -3.5998 -0.7500
v 2.2390 -3.5784 -0.7500
v 2.2390 -3.5784 0.7500
v 2.2467 -3.5998 0.7500
v 2.2390 -3.5784 -0.7500
v 2.2297 -3.5575 -0.7500
v 2.2297 -3.5575 0.7500
v 2.2390 -3.5784 0.7500
v 2.2297 -3.5575 -0.7500
v 2.2190 -3.5381 -0.7500
v 2.2190 -3.5381 0.7500
v 2.2297 -3.5575 0.7500
v 2.2190 -3.5381 -0.7500
v 2.2073 -3.5201 -0.7500
v 2.2073 -3.5201 0.7500
v 2.2190 -3.5381 0.7500
v 2.2073 -3.5201 -0.7500
v 2.1947 -3.5025 -0.7500
v 2.1947 -3.5025 0.7500
v 2.2073 -3.5201 0.7500
v 2.1947 -3.5025 -0.7500
v 2.1806 -3.4870 -0.7500
v 2.1806 -3.4870 0.7500
v 2.1947 -3.5025 0.7500
v 2.1806 -3.4870 -0.7500
v 2.1655 -3.4719 -0.7500
v 2.1655 -3.4719 0.7500
v 2.1806 -3.4870 0.7500
v 2.1655 -3.4719 -0.7500
v 2.1490 -3.4583 -0.7500
v 2.1490 -3.4583 0.7500
v 2.1655 -3.4719 0.7500
v 2.1490 -3.4583 -0.7500
v 2.1310 -3.4456 -0.7500
v 2.1310 -3.4456 0.7500
v 2.1490 -3.4583 0.7500
v 2.1310 -3.4456 -0.7500
v 2.1125 -3.4344 -0.7500
v 2.1125 -3.4344 0.7500
v 2.1310 -3.4456 0.7500
v 2.1125 -3.4344 -0.7500
v 2.0925 -3.4242 -0.7500
v 2.0925 -3.4242 0.7500
v 2.1125 -3.4344 0.7500
v 2.0925 -3.4242 -0.7500
v 2.0716 -3.4155 -0.7500
v 2.0716 -3.4155 0.7500
v 2.0925 -3.4242 0.7500
v 2.0716 -3.4155 -0.7500
v 2.0497 -3.4072 -0.7500
v 2.0497 -3.4072 0.7500
v 2.0716 -3.4155 0.7500
v 2.0497 -3.4072 -0.7500
v 2.0269 -3.4004 -0.7500
v 2.0269 -3.4004 0.7500
v 2.0497 -3.4072 0.7500
v 2.0269 -3.4004 -0.7500
v 2.0030 -3.3945 -0.7500
v 2.0030 -3.3945 0.7500
v 2.0269 -3.4004 0.7500
v 2.0030 -3.3945 -0.7500
v 1.9782 -3.3897 -0.7500
v 1.9782 -3.3897 0.7500
v 2.0030 -3.3945 0.7500
v 1.9782 -3.3897 -0.7500
v 1.9524 -3.3858 -0.7500
v 1.9524 -3.3858 0.7500
v 1.9782 -3.3897 0.7500
v 1.9524 -3.3858 -0.7500
v 1.9262 -3.3829 -0.7500
v 1.9262 -3.3829 0.7500
v 1.9524 -3.3858 0.7500
v 1.9262 -3.3829 -0.7500
v 1.8984 -3.3814 -0.7500
v 1.8984 -3.3814 0.7500
v 1.9262 -3.3829 0.7500
v 1.8984 -3.3814 -0.7500
v 1.8697 -3.3809 -0.7500
v 1.8697 -3.3809 0.7500
v 1.8984 -3.3814 0.7500
v 1.8697 -3.3809 -0.7500
v 1.8211 -3.3819 -0.7500
v 1.8211 -3.3819 0.7500
v 1.8697 -3.3809 0.7500
v 1.8211 -3.3819 -0.7500
v 1.7744 -3.3858 -0.7500
v 1.7744 -3.3858 0.7500
v 1.8211 -3.3819 0.7500
v 1.7744 -3.3858 -0.7500
v 1.7296 -3.3916 -0.7500
v 1.7296 -3.3916 0.7500
v 1.7744 -3.3858 0.7500
v 1.7296 -3.3916 -0.7500
v 1.6873 -3.3999 -0.7500
v 1.6873 -3.3999 0.7500
v 1.7296 -3.3916 0.7500
v 1.6873 -3.3999 -0.7500
v 1.6469 -3.4106 -0.7500
v 1.6469 -3.4106 0.7500
v 1.6873 -3.3999 0.7500
v 1.6469 -3.4106 -0.7500
v 1.6090 -3.4232 -0.7500
v 1.6090 -3.4232 0.7500
v 1.6469 -3.4106 0.7500
v 1.6090 -3.4232 -0.7500
v 1.5725 -3.4388 -0.7500
v 1.5725 -3.4388 0.7500
v 1.6090 -3.4232 0.7500
v 1.5725 -3.4388 -0.7500
v 1.5384 -3.4563 -0.7500
v 1.5384 -3.4563 0.7500
v 1.5725 -3.4388 0.7500
v 1.5384 -3.4563 -0.7500
v 1.5068 -3.4763 -0.7500
v 1.5068 -3.4763 0.7500
v 1.5384 -3.4563 0.7500
v 1.5068 -3.4763 -0.7500
v 1.4771 -3.4987 -0.7500
v 1.4771 -3.4987 0.7500
v 1.5068 -3.4763 0.7500
v 1.4771 -3.4987 -0.7500
v 1.4494 -3.5239 -0.7500
v 1.4494 -3.5239 0.7500
v 1.4771 -3.4987 0.7500
v 1.4494 -3.5239 -0.7500
v 1.4232 -3.5522 -0.7500
v 1.4232 -3.5522 0.7500
v 1.4494 -3.5239 0.7500
v 1.4232 -3.5522 -0.7500
v 1.3988 -3.5833 -0.7500
v 1.3988 -3.5833 0.7500
v 1.4232 -3.5522 0.7500
v 1.3988 -3.5833 -0.7500
v 1.3760 -3.6173 -0.7500
v 1.3760 -3.6173 0.7500
v 1.3988 -3.5833 0.7500
v 1.3760 -3.6173 -0.7500
v 1.3550 -3.6548 -0.7500
v 1.3550 -3.6548 0.7500
v 1.3760 -3.6173 0.7500
v 1.3550 -3.6548 -0.7500
v 1.3356 -3.6952 -0.7500
v 1.3356 -3.6952 0.7500
v 1.3550 -3.6548 0.7500
v 1.3356 -3.6952 -0.7500
v 1.3181 -3.7385 -0.7500
v 1.3181 -3.7385 0.7500
v 1.3356 -3.6952 0.7500
v 1.3181 -3.7385 -0.7500
v 1.3025 -3.7852 -0.7500
v 1.3025 -3.7852 0.7500
v 1.3181 -3.7385 0.7500
v 1.3025 -3.7852 -0.7500
v 1.2884 -3.8343 -0.7500
v 1.2884 -3.8343 0.7500
v 1.3025 -3.7852 0.7500
v 1.2884 -3.8343 -0.7500
v 1.2762 -3.8868 -0.7500
v 1.2762 -3.8868 0.7500
v 1.2884 -3.8343 0.7500
v 1.2762 -3.8868 -0.7500
v 1.2694 -3.9199 -0.7500
v 1.2694 -3.9199 0.7500
v 1.2762 -3.8868 0.7500
v 1.2694 -3.9199 -0.7500
v 1.2646 -3.9520 -0.7500
v 1.2646 -3.9520 0.7500
v 1.2694 -3.9199 0.7500
v 1.2646 -3.9520 -0.7500
v 1.2612 -3.9827 -0.7500
v 1.2612 -3.9827 0.7500
v 1.2646 -3.9520 0.7500
v 1.2612 -3.9827 -0.7500
v 1.2587 -4.0119 -0.7500
v 1.2587 -4.0119 0.7500
v 1.2612 -3.9827 0.7500
v 1.2587 -4.0119 -0.7500
v 1.2582 -4.0406 -0.7500
v 1.2582 -4.0406 0.7500
v 1.2587 -4.0119 0.7500
v 1.5083 -4.0133 -0.7500
v 1.5088 -3.9978 -0.7500
v 1.5088 -3.9978 0.7500
v 1.5083 -4.0133 0.7500
v 1.5122 -4.0678 -0.7500
v 1.5102 -4.0557 -0.7500
v 1.5102 -4.0557 0.7500
v 1.5122 -4.0678 0.7500
v 1.5088 -3.9978 -0.7500
v 1.5097 -3.9812 -0.7500
v 1.5097 -3.9812 0.7500
v 1.5088 -3.9978 0.7500
v 1.5146 -4.0800 -0.7500
v 1.5122 -4.0678 -0.7500
v 1.5122 -4.0678 0.7500
v 1.5146 -4.0800 0.7500
v 1.5180 -4.0907 -0.7500
v 1.5146 -4.0800 -0.7500
v 1.5146 -4.0800 0.7500
v 1.5180 -4.0907 0.7500
v 1.5224 -4.1014 -0.7500
v 1.5180 -4.0907 -0.7500
v 1.5180 -4.0907 0.7500
v 1.5224 -4.1014 0.7500
v 1.5136 -3.9462 -0.7500
v 1.5166 -3.9272 -0.7500
v 1.5166 -3.9272 0.7500
v 1.5136 -3.9462 0.7500
v 1.5273 -4.1106 -0.7500
v 1.5224 -4.1014 -0.7500
v 1.5224 -4.1014 0.7500
v 1.5273 -4.1106 0.7500
v 1.5166 -3.9272 -0.7500
v 1.5200 -3.9073 -0.7500
v 1.5200 -3.9073 0.7500
v 1.5166 -3.9272 0.7500
v 1.5331 -4.1199 -0.7500
v 1.5273 -4.1106 -0.7500
v 1.5273 -4.1106 0.7500
v 1.5331 -4.1199 0.7500
v 1.5200 -3.9073 -0.7500
v 1.5238 -3.8868 -0.7500
v 1.5238 -3.8868 0.7500
v 1.5200 -3.9073 0.7500
v 1.5394 -4.1281 -0.7500
v 1.5331 -4.1199 -0.7500
v 1.5331 -4.1199 0.7500
v 1.5394 -4.1281 0.7500
v 1.5238 -3.8868 -0.7500
v 1.5311 -3.8552 -0.7500
v 1.5311 -3.8552 0.7500
v 1.5238 -3.8868 0.7500
v 1.5467 -4.1354 -0.7500
v 1.5394 -4.1281 -0.7500
v 1.5394 -4.1281 0.7500
v 1.5467 -4.1354 0.7500
v 1.5545 -4.1422 -0.7500
v 1.5467 -4.1354 -0.7500
v 1.5467 -4.1354 0.7500
v 1.5545 -4.1422 0.7500
v 1.5311 -3.8552 -0.7500
v 1.5394 -3.8256 -0.7500
v 1.5394 -3.8256 0.7500
v 1.5311 -3.8552 0.7500
v 1.5633 -4.1486 -0.7500
v 1.5545 -4.1422 -0.7500
v 1.5545 -4.1422 0.7500
v 1.5633 -4.1486 0.7500
v 1.5394 -3.8256 -0.7500
v 1.5482 -3.7978 -0.7500
v 1.5482 -3.7978 0.7500
v 1.5394 -3.8256 0.7500
v 1.5725 -4.1539 -0.7500
v 1.5633 -4.1486 -0.7500
v 1.5633 -4.1486 0.7500
v 1.5725 -4.1539 0.7500
v 1.5482 -3.7978 -0.7500
v 1.5574 -3.7720 -0.7500
v 1.5574 -3.7720 0.7500
v 1.5482 -3.7978 0.7500
v 1.5832 -4.1588 -0.7500
v 1.5725 -4.1539 -0.7500
v 1.5725 -4.1539 0.7500
v 1.5832 -4.1588 0.7500
v 1.5574 -3.7720 -0.7500
v 1.5676 -3.7477 -0.7500
v 1.5676 -3.7477 0.7500
v 1.5574 -3.7720 0.7500
v 1.5944 -4.1632 -0.7500
v 1.5832 -4.1588 -0.7500
v 1.5832 -4.1588 0.7500
v 1.5944 -4.1632 0.7500
v 1.5676 -3.7477 -0.7500
v 1.5788 -3.7258 -0.7500
v 1.5788 -3.7258 0.7500
v 1.5676 -3.7477 0.7500
v 1.5788 -3.7258 -0.7500
v 1.5905 -3.7054 -0.7500
v 1.5905 -3.7054 0.7500
v 1.5788 -3.7258 0.7500
v 1.6065 -4.1666 -0.7500
v 1.5944 -4.1632 -0.7500
v 1.5944 -4.1632 0.7500
v 1.6065 -4.1666 0.7500
v 1.5905 -3.7054 -0.7500
v 1.6027 -3.6874 -0.7500
v 1.6027 -3.6874 0.7500
v 1.5905 -3.7054 0.7500
v 1.6197 -4.1700 -0.7500
v 1.6065 -4.1666 -0.7500
v 1.6065 -4.1666 0.7500
v 1.6197 -4.1700 0.7500
v 1.6027 -3.6874 -0.7500
v 1.6158 -3.6709 -0.7500
v 1.6158 -3.6709 0.7500
v 1.6027 -3.6874 0.7500
v 1.6338 -4.1724 -0.7500
v 1.6197 -4.1700 -0.7500
v 1.6197 -4.1700 0.7500
v 1.6338 -4.1724 0.7500
v 1.6158 -3.6709 -0.7500
v 1.6294 -3.6568 -0.7500
v 1.6294 -3.6568 0.7500
v 1.6158 -3.6709 0.7500
v 1.6489 -4.1743 -0.7500
v 1.6338 -4.1724 -0.7500
v 1.6338 -4.1724 0.7500
v 1.6489 -4.1743 0.7500
v 1.6294 -3.6568 -0.7500
v 1.6445 -3.6441 -0.7500
v 1.6445 -3.6441 0.7500
v 1.6294 -3.6568 0.7500
v 1.6644 -4.1758 -0.7500
v 1.6489 -4.1743 -0.7500
v 1.6489 -4.1743 0.7500
v 1.6644 -4.1758 0.7500
v 1.6445 -3.6441 -0.7500
v 1.6601 -3.6324 -0.7500
v 1.6601 -3.6324 0.7500
v 1.6445 -3.6441 0.7500
v 1.6815 -4.1768 -0.7500
v 1.6644 -4.1758 -0.7500
v 1.6644 -4.1758 0.7500
v 1.6815 -4.1768 0.7500
v 1.6601 -3.6324 -0.7500
v 1.6771 -3.6222 -0.7500
v 1.6771 -3.6222 0.7500
v 1.6601 -3.6324 0.7500
v 1.6990 -4.1773 -0.7500
v 1.6815 -4.1768 -0.7500
v 1.6815 -4.1768 0.7500
v 1.6990 -4.1773 0.7500
v 1.6771 -3.6222 -0.7500
v 1.6951 -3.6135 -0.7500
v 1.6951 -3.6135 0.7500
v 1.6771 -3.6222 0.7500
v 1.7233 -4.1763 -0.7500
v 1.6990 -4.1773 -0.7500
v 1.6990 -4.1773 0.7500
v 1.7233 -4.1763 0.7500
v 1.7462 -4.1743 -0.7500
v 1.7233 -4.1763 -0.7500
v 1.7233 -4.1763 0.7500
v 1.7462 -4.1743 0.7500
v 1.6951 -3.6135 -0.7500
v 1.7141 -3.6062 -0.7500
v 1.7141 -3.6062 0.7500
v 1.6951 -3.6135 0.7500
v 1.7681 -4.1709 -0.7500
v 1.7462 -4.1743 -0.7500
v 1.7462 -4.1743 0.7500
v 1.7681 -4.1709 0.7500
v 1.7141 -3.6062 -0.7500
v 1.7340 -3.6003 -0.7500
v 1.7340 -3.6003 0.7500
v 1.7141 -3.6062 0.7500
v 1.7890 -4.1661 -0.7500
v 1.7681 -4.1709 -0.7500
v 1.7681 -4.1709 0.7500
v 1.7890 -4.1661 0.7500
v 1.7340 -3.6003 -0.7500
v 1.7549 -3.5955 -0.7500
v 1.7549 -3.5955 0.7500
v 1.7340 -3.6003 0.7500
v 1.8089 -4.1598 -0.7500
v 1.7890 -4.1661 -0.7500
v 1.7890 -4.1661 0.7500
v 1.8089 -4.1598 0.7500
v 1.7549 -3.5955 -0.7500
v 1.7773 -3.5921 -0.7500
v 1.7773 -3.5921 0.7500
v 1.7549 -3.5955 0.7500
v 1.8279 -4.1520 -0.7500
v 1.8089 -4.1598 -0.7500
v 1.8089 -4.1598 0.7500
v 1.8279 -4.1520 0.7500
v 1.7773 -3.5921 -0.7500
v 1.8002 -3.5901 -0.7500
v 1.8002 -3.5901 0.7500
v 1.7773 -3.5921 0.7500
v 1.8454 -4.1427 -0.7500
v 1.8279 -4.1520 -0.7500
v 1.8279 -4.1520 0.7500
v 1.8454 -4.1427 0.7500
v 1.8002 -3.5901 -0.7500
v 1.8245 -3.5896 -0.7500
v 1.8245 -3.5896 0.7500
v 1.8002 -3.5901 0.7500
v 1.8624 -4.1320 -0.7500
v 1.8454 -4.1427 -0.7500
v 1.8454 -4.1427 0.7500
v 1.8624 -4.1320 0.7500
v 1.8245 -3.5896 -0.7500
v 1.8420 -3.5896 -0.7500
v 1.8420 -3.5896 0.7500
v 1.8245 -3.5896 0.7500
v 1.8785 -4.1204 -0.7500
v 1.8624 -4.1320 -0.7500
v 1.8624 -4.1320 0.7500
v 1.8785 -4.1204 0.7500
v 1.8420 -3.5896 -0.7500
v 1.8585 -3.5906 -0.7500
v 1.8585 -3.5906 0.7500
v 1.8420 -3.5896 0.7500
v 1.8931 -4.1067 -0.7500
v 1.8785 -4.1204 -0.7500
v 1.8785 -4.1204 0.7500
v 1.8931 -4.1067 0.7500
v 1.8585 -3.5906 -0.7500
v 1.8741 -3.5921 -0.7500
v 1.8741 -3.5921 0.7500
v 1.8585 -3.5906 0.7500
v 1.9072 -4.0921 -0.7500
v 1.8931 -4.1067 -0.7500
v 1.8931 -4.1067 0.7500
v 1.9072 -4.0921 0.7500
v 1.8741 -3.5921 -0.7500
v 1.8887 -3.5940 -0.7500
v 1.8887 -3.5940 0.7500
v 1.8741 -3.5921 0.7500
v 1.9203 -4.0756 -0.7500
v 1.9072 -4.0921 -0.7500
v 1.9072 -4.0921 0.7500
v 1.9203 -4.0756 0.7500
v 1.8887 -3.5940 -0.7500
v 1.9028 -3.5964 -0.7500
v 1.9028 -3.5964 0.7500
v 1.8887 -3.5940 0.7500
v 1.9325 -4.0576 -0.7500
v 1.9203 -4.0756 -0.7500
v 1.9203 -4.0756 0.7500
v 1.9325 -4.0576 0.7500
v 1.9028 -3.5964 -0.7500
v 1.9159 -3.5993 -0.7500
v 1.9159 -3.5993 0.7500
v 1.9028 -3.5964 0.7500
v 1.9442 -4.0381 -0.7500
v 1.9325 -4.0576 -0.7500
v 1.9325 -4.0576 0.7500
v 1.9442 -4.0381 0.7500
v 1.9159 -3.5993 -0.7500
v 1.9281 -3.6028 -0.7500
v 1.9281 -3.6028 0.7500
v 1.9159 -3.5993 0.7500
v 1.9549 -4.0167 -0.7500
v 1.9442 -4.0381 -0.7500
v 1.9442 -4.0381 0.7500
v 1.9549 -4.0167 0.7500
v 1.9281 -3.6028 -0.7500
v 1.9398 -3.6066 -0.7500
v 1.9398 -3.6066 0.7500
v 1.9281 -3.6028 0.7500
v 1.9651 -3.9939 -0.7500
v 1.9549 -4.0167 -0.7500
v 1.9549 -4.0167 0.7500
v 1.9651 -3.9939 0.7500
v 1.9398 -3.6066 -0.7500
v 1.9500 -3.6115 -0.7500
v 1.9500 -3.6115 0.7500
v 1.9398 -3.6066 0.7500
v 1.9743 -3.9695 -0.7500
v 1.9651 -3.9939 -0.7500
v 1.9651 -3.9939 0.7500
v 1.9743 -3.9695 0.7500
v 1.9500 -3.6115 -0.7500
v 1.9597 -3.6164 -0.7500
v 1.9597 -3.6164 0.7500
v 1.9500 -3.6115 0.7500
v 1.9826 -3.9438 -0.7500
v 1.9743 -3.9695 -0.7500
v 1.9743 -3.9695 0.7500
v 1.9826 -3.9438 0.7500
v 1.9597 -3.6164 -0.7500
v 1.9685 -3.6222 -0.7500
v 1.9685 -3.6222 0.7500
v 1.9597 -3.6164 0.7500
v 1.9899 -3.9160 -0.7500
v 1.9826 -3.9438 -0.7500
v 1.9826 -3.9438 0.7500
v 1.9899 -3.9160 0.7500
v 1.9685 -3.6222 -0.7500
v 1.9767 -3.6290 -0.7500
v 1.9767 -3.6290 0.7500
v 1.9685 -3.6222 0.7500
v 1.9967 -3.8868 -0.7500
v 1.9899 -3.9160 -0.7500
v 1.9899 -3.9160 0.7500
v 1.9967 -3.8868 0.7500
v 1.9767 -3.6290 -0.7500
v 1.9840 -3.6363 -0.7500
v 1.9840 -3.6363 0.7500
v 1.9767 -3.6290 0.7500
v 2.0011 -3.8650 -0.7500
v 1.9967 -3.8868 -0.7500
v 1.9967 -3.8868 0.7500
v 2.0011 -3.8650 0.7500
v 1.9840 -3.6363 -0.7500
v 1.9904 -3.6446 -0.7500
v 1.9904 -3.6446 0.7500
v 1.9840 -3.6363 0.7500
v 2.0050 -3.8436 -0.7500
v 2.0011 -3.8650 -0.7500
v 2.0011 -3.8650 0.7500
v 2.0050 -3.8436 0.7500
v 1.9904 -3.6446 -0.7500
v 1.9962 -3.6533 -0.7500
v 1.9962 -3.6533 0.7500
v 1.9904 -3.6446 0.7500
v 2.0084 -3.8236 -0.7500
v 2.0050 -3.8436 -0.7500
v 2.0050 -3.8436 0.7500
v 2.0084 -3.8236 0.7500
v 1.9962 -3.6533 -0.7500
v 2.0011 -3.6631 -0.7500
v 2.0011 -3.6631 0.7500
v 1.9962 -3.6533 0.7500
v 2.0108 -3.8041 -0.7500
v 2.0084 -3.8236 -0.7500
v 2.0084 -3.8236 0.7500
v 2.0108 -3.8041 0.7500
v 2.0011 -3.6631 -0.7500
v 2.0054 -3.6733 -0.7500
v 2.0054 -3.6733 0.7500
v 2.0011 -3.6631 0.7500
v 2.0054 -3.6733 -0.7500
v 2.0089 -3.6845 -0.7500
v 2.0089 -3.6845 0.7500
v 2.0054 -3.6733 0.7500
v 2.0127 -3.7857 -0.7500
v 2.0108 -3.8041 -0.7500
v 2.0108 -3.8041 0.7500
v 2.0127 -3.7857 0.7500
v 2.0089 -3.6845 -0.7500
v 2.0113 -3.6962 -0.7500
v 2.0113 -3.6962 0.7500
v 2.0089 -3.6845 0.7500
v 2.0142 -3.7686 -0.7500
v 2.0127 -3.7857 -0.7500
v 2.0127 -3.7857 0.7500
v 2.0142 -3.7686 0.7500
v 2.0113 -3.6962 -0.7500
v 2.0132 -3.7088 -0.7500
v 2.0132 -3.7088 0.7500
v 2.0113 -3.6962 0.7500
v 2.0152 -3.7521 -0.7500
v 2.0142 -3.7686 -0.7500
v 2.0142 -3.7686 0.7500
v 2.0152 -3.7521 0.7500
v 2.0132 -3.7088 -0.7500
v 2.0147 -3.7224 -0.7500
v 2.0147 -3.7224 0.7500
v 2.0132 -3.7088 0.7500
v 2.0152 -3.7365 -0.7500
v 2.0152 -3.7521 -0.7500
v 2.0152 -3.7521 0.7500
v 2.0152 -3.7365 0.7500
v 2.0147 -3.7224 -0.7500
v 2.0152 -3.7365 -0.7500
v 2.0152 -3.7365 0.7500
v 2.0147 -3.7224 0.7500
f 263 308 309
f 311 312 313
f 307 308 263
f 263 264 265
f 265 266 267
f 267 268 269
f 269 270 271
f 271 272 273
f 273 274 275
f 275 276 277
f 277 278 279
f 279 280 281
f 281 282 283
f 283 284 285
f 285 286 187
f 187 188 189
f 189 190 191
f 191 192 193
f 193 194 195
f 195 196 197
f 197 198 199
f 199 200 201
f 201 202 203
f 203 204 205
f 205 206 207
f 207 208 209
f 209 210 211
f 211 212 213
f 213 214 215
f 215 216 217
f 217 218 219
f 219 220 221
f 221 222 223
f 223 224 225
f 225 226 227
f 227 228 229
f 229 230 231
f 231 232 233
f 233 234 235
f 235 236 237
f 237 238 239
f 239 240 241
f 241 242 243
f 243 244 245
f 245 246 247
f 247 248 249
f 249 250 251
f 251 252 253
f 253 254 255
f 255 256 257
f 257 258 259
f 259 260 261
f 261 262 263
f 263 309 310
f 306 307 263
f 263 265 267
f 267 269 271
f 271 273 275
f 275 277 279
f 279 281 283
f 283 285 187
f 187 189 191
f 191 193 195
f 195 197 199
f 199 201 203
f 203 205 207
f 207 209 211
f 211 213 215
f 215 217 219
f 219 221 223
f 223 225 227
f 227 229 231
f 231 233 235
f 235 237 239
f 239 241 243
f 243 245 247
f 247 249 251
f 251 253 255
f 255 257 259
f 259 261 263
f 263 310 311
f 305 306 263
f 263 267 271
f 271 275 279
f 279 283 187
f 187 191 195
f 195 199 203
f 203 207 211
f 211 215 219
f 219 223 227
f 227 231 235
f 235 239 243
f 243 247 251
f 251 255 259
f 259 263 311
f 304 305 263
f 263 271 279
f 279 187 195
f 195 203 211
f 211 219 227
f 227 235 243
f 243 251 259
f 259 311 313
f 303 304 263
f 263 279 195
f 195 211 227
f 259 313 314
f 302 303 263
f 259 314 315
f 301 302 263
f 259 315 316
f 300 301 263
f 259 316 317
f 299 300 263
f 243 259 317
f 298 299 263
f 243 317 318
f 297 298 263
f 243 318 319
f 296 297 263
f 243 319 320
f 295 296 263
f 243 320 321
f 294 295 263
f 243 321 322
f 294 263 195
f 243 322 323
f 293 294 195
f 243 323 324
f 292 293 195
f 243 324 325
f 291 292 195
f 243 325 326
f 290 291 195
f 243 326 327
f 289 290 195
f 243 327 328
f 288 289 195
f 243 328 329
f 287 288 195
f 243 329 330
f 385 287 195
f 227 243 330
f 384 385 195
f 227 330 331
f 383 384 195
f 227 331 332
f 382 383 195
f 227 332 333
f 381 382 195
f 227 333 334
f 380 381 195
f 227 334 335
f 379 380 195
f 227 335 336
f 378 379 195
f 227 336 337
f 377 378 195
f 227 337 338
f 376 377 195
f 227 338 339
f 375 376 195
f 227 339 340
f 374 375 195
f 227 340 341
f 373 374 195
f 227 341 342
f 372 373 195
f 227 342 343
f 371 372 195
f 227 343 344
f 370 371 195
f 227 344 345
f 369 370 195
f 227 345 346
f 368 369 195
f 227 346 347
f 367 368 195
f 227 347 348
f 366 367 195
f 227 348 349
f 365 366 195
f 227 349 350
f 364 365 195
f 227 350 351
f 363 364 195
f 227 351 352
f 362 363 195
f 227 352 353
f 362 195 227
f 227 353 354
f 361 362 227
f 227 354 355
f 360 361 227
f 227 355 356
f 359 360 227
f 227 356 357
f 358 359 227
f 227 357 358
f 462 508 507
f 510 512 511
f 506 462 507
f 462 464 463
f 464 466 465
f 466 468 467
f 468 470 469
f 470 472 471
f 472 474 473
f 474 476 475
f 476 478 477
f 478 480 479
f 480 482 481
f 482 484 483
f 484 386 485
f 386 388 387
f 388 390 389
f 390 392 391
f 392 394 393
f 394 396 395
f 396 398 397
f 398 400 399
f 400 402 401
f 402 404 403
f 404 406 405
f 406 408 407
f 408 410 409
f 410 412 411
f 412 414 413
f 414 416 415
f 416 418 417
f 418 420 419
f 420 422 421
f 422 424 423
f 424 426 425
f 426 428 427
f 428 430 429
f 430 432 431
f 432 434 433
f 434 436 435
f 436 438 437
f 438 440 439
f 440 442 441
f 442 444 443
f 444 446 445
f 446 448 447
f 448 450 449
f 450 452 451
f 452 454 453
f 454 456 455
f 456 458 457
f 458 460 459
f 460 462 461
f 462 509 508
f 505 462 506
f 462 466 464
f 466 470 468
f 470 474 472
f 474 478 476
f 478 482 480
f 482 386 484
f 386 390 388
f 390 394 392
f 394 398 396
f 398 402 400
f 402 406 404
f 406 410 408
f 410 414 412
f 414 418 416
f 418 422 420
f 422 426 424
f 426 430 428
f 430 434 432
f 434 438 436
f 438 442 440
f 442 446 444
f 446 450 448
f 450 454 452
f 454 458 456
f 458 462 460
f 462 510 509
f 504 462 505
f 462 470 466
f 470 478 474
f 478 386 482
f 386 394 390
f 394 402 398
f 402 410 406
f 410 418 414
f 418 426 422
f 426 434 430
f 434 442 438
f 442 450 446
f 450 458 454
f 458 510 462
f 503 462 504
f 462 478 470
f 478 394 386
f 394 410 402
f 410 426 418
f 426 442 434
f 442 458 450
f 458 512 510
f 502 462 503
f 462 394 478
f 394 426 410
f 458 513 512
f 501 462 502
f 458 514 513
f 500 462 501
f 458 515 514
f 499 462 500
f 458 516 515
f 498 462 499
f 442 516 458
f 497 462 498
f 442 517 516
f 496 462 497
f 442 518 517
f 495 462 496
f 442 519 518
f 494 462 495
f 442 520 519
f 493 462 494
f 442 521 520
f 493 394 462
f 442 522 521
f 492 394 493
f 442 523 522
f 491 394 492
f 442 524 523
f 490 394 491
f 442 525 524
f 489 394 490
f 442 526 525
f 488 394 489
f 442 527 526
f 487 394 488
f 442 528 527
f 486 394 487
f 442 529 528
f 584 394 486
f 426 529 442
f 583 394 584
f 426 530 529
f 582 394 583
f 426 531 530
f 581 394 582
f 426 532 531
f 580 394 581
f 426 533 532
f 579 394 580
f 426 534 533
f 578 394 579
f 426 535 534
f 577 394 578
f 426 536 535
f 576 394 577
f 426 537 536
f 575 394 576
f 426 538 537
f 574 394 575
f 426 539 538
f 573 394 574
f 426 540 539
f 572 394 573
f 426 541 540
f 571 394 572
f 426 542 541
f 570 394 571
f 426 543 542
f 569 394 570
f 426 544 543
f 568 394 569
f 426 545 544
f 567 394 568
f 426 546 545
f 566 394 567
f 426 547 546
f 565 394 566
f 426 548 547
f 564 394 565
f 426 549 548
f 563 394 564
f 426 550 549
f 562 394 563
f 426 551 550
f 561 394 562
f 426 552 551
f 561 426 394
f 426 553 552
f 560 426 561
f 426 554 553
f 559 426 560
f 426 555 554
f 558 426 559
f 426 556 555
f 557 426 558
f 426 557 556
f 585 586 587
f 585 587 588
f 589 590 591
f 589 591 592
f 593 594 595
f 593 595 596
f 597 598 599
f 597 599 600
f 601 602 603
f 601 603 604
f 605 606 607
f 605 607 608
f 609 610 611
f 609 611 612
f 613 614 615
f 613 615 616
f 617 618 619
f 617 619 620
f 621 622 623
f 621 623 624
f 625 626 627
f 625 627 628
f 629 630 631
f 629 631 632
f 633 634 635
f 633 635 636
f 637 638 639
f 637 639 640
f 641 642 643
f 641 643 644
f 645 646 647
f 645 647 648
f 649 650 651
f 649 651 652
f 653 654 655
f 653 655 656
f 657 658 659
f 657 659 660
f 661 662 663
f 661 663 664
f 665 666 667
f 665 667 668
f 669 670 671
f 669 671 672
f 673 674 675
f 673 675 676
f 677 678 679
f 677 679 680
f 681 682 683
f 681 683 684
f 685 686 687
f 685 687 688
f 689 690 691
f 689 691 692
f 693 694 695
f 693 695 696
f 697 698 699
f 697 699 700
f 701 702 703
f 701 703 704
f 705 706 707
f 705 707 708
f 709 710 711
f 709 711 712
f 713 714 715
f 713 715 716
f 717 718 719
f 717 719 720
f 721 722 723
f 721 723 724
f 725 726 727
f 725 727 728
f 729 730 731
f 729 731 732
f 733 734 735
f 733 735 736
f 737 738 739
f 737 739 740
f 741 742 743
f 741 743 744
f 745 746 747
f 745 747 748
f 749 750 751
f 749 751 752
f 753 754 755
f 753 755 756
f 757 758 759
f 757 759 760
f 761 762 763
f 761 763 764
f 765 766 767
f 765 767 768
f 769 770 771
f 769 771 772
f 773 774 775
f 773 775 776
f 777 778 779
f 777 779 780
f 781 782 783
f 781 783 784
f 785 786 787
f 785 787 788
f 789 790 791
f 789 791 792
f 793 794 795
f 793 795 796
f 797 798 799
f 797 799 800
f 801 802 803
f 801 803 804
f 805 806 807
f 805 807 808
f 809 810 811
f 809 811 812
f 813 814 815
f 813 815 816
f 817 818 819
f 817 819 820
f 821 822 823
f 821 823 824
f 825 826 827
f 825 827 828
f 829 830 831
f 829 831 832
f 833 834 835
f 833 835 836
f 837 838 839
f 837 839 840
f 841 842 843
f 841 843 844
f 845 846 847
f 845 847 848
f 849 850 851
f 849 851 852
f 853 854 855
f 853 855 856
f 857 858 859
f 857 859 860
f 861 862 863
f 861 863 864
f 865 866 867
f 865 867 868
f 869 870 871
f 869 871 872
f 873 874 875
f 873 875 876
f 877 878 879
f 877 879 880
f 881 882 883
f 881 883 884
f 885 886 887
f 885 887 888
f 889 890 891
f 889 891 892
f 893 894 895
f 893 895 896
f 897 898 899
f 897 899 900
f 901 902 903
f 901 903 904
f 905 906 907
f 905 907 908
f 909 910 911
f 909 911 912
f 913 914 915
f 913 915 916
f 917 918 919
f 917 919 920
f 921 922 923
f 921 923 924
f 925 926 927
f 925 927 928
f 929 930 931
f 929 931 932
f 933 934 935
f 933 935 936
f 937 938 939
f 937 939 940
f 941 942 943
f 941 943 944
f 945 946 947
f 945 947 948
f 949 950 951
f 949 951 952
f 953 954 955
f 953 955 956
f 957 958 959
f 957 959 960
f 961 962 963
f 961 963 964
f 965 966 967
f 965 967 968
f 969 970 971
f 969 971 972
f 973 974 975
f 973 975 976
f 977 978 979
f 977 979 980
f 981 982 983
f 981 983 984
f 985 986 987
f 985 987 988
f 989 990 991
f 989 991 992
f 993 994 995
f 993 995 996
f 997 998 999
f 997 999 1000
f 1001 1002 1003
f 1001 1003 1004
f 1005 1006 1007
f 1005 1007 1008
f 1009 1010 1011
f 1009 1011 1012
f 1013 1014 1015
f 1013 1015 1016
f 1017 1018 1019
f 1017 1019 1020
f 1021 1022 1023
f 1021 1023 1024
f 1025 1026 1027
f 1025 1027 1028
f 1029 1030 1031
f 1029 1031 1032
f 1033 1034 1035
f 1033 1035 1036
f 1037 1038 1039
f 1037 1039 1040
f 1041 1042 1043
f 1041 1043 1044
f 1045 1046 1047
f 1045 1047 1048
f 1049 1050 1051
f 1049 1051 1052
f 1053 1054 1055
f 1053 1055 1056
f 1057 1058 1059
f 1057 1059 1060
f 1061 1062 1063
f 1061 1063 1064
f 1065 1066 1067
f 1065 1067 1068
f 1069 1070 1071
f 1069 1071 1072
f 1073 1074 1075
f 1073 1075 1076
f 1077 1078 1079
f 1077 1079 1080
f 1081 1082 1083
f 1081 1083 1084
f 1085 1086 1087
f 1085 1087 1088
f 1089 1090 1091
f 1089 1091 1092
f 1093 1094 1095
f 1093 1095 1096
f 1097 1098 1099
f 1097 1099 1100
f 1101 1102 1103
f 1101 1103 1104
f 1105 1106 1107
f 1105 1107 1108
f 1109 1110 1111
f 1109 1111 1112
f 1113 1114 1115
f 1113 1115 1116
f 1117 1118 1119
f 1117 1119 1120
f 1121 1122 1123
f 1121 1123 1124
f 1125 1126 1127
f 1125 1127 1128
f 1129 1130 1131
f 1129 1131 1132
f 1133 1134 1135
f 1133 1135 1136
f 1137 1138 1139
f 1137 1139 1140
f 1141 1142 1143
f 1141 1143 1144
f 1145 1146 1147
f 1145 1147 1148
f 1149 1150 1151
f 1149 1151 1152
f 1153 1154 1155
f 1153 1155 1156
f 1157 1158 1159
f 1157 1159 1160
f 1161 1162 1163
f 1161 1163 1164
f 1165 1166 1167
f 1165 1167 1168
f 1169 1170 1171
f 1169 1171 1172
f 1173 1174 1175
f 1173 1175 1176
f 1177 1178 1179
f 1177 1179 1180
f 1181 1182 1183
f 1181 1183 1184
f 1185 1186 1187
f 1185 1187 1188
f 1189 1190 1191
f 1189 1191 1192
f 1193 1194 1195
f 1193 1195 1196
f 1197 1198 1199
f 1197 1199 1200
f 1201 1202 1203
f 1201 1203 1204
f 1205 1206 1207
f 1205 1207 1208
f 1209 1210 1211
f 1209 1211 1212
f 1213 1214 1215
f 1213 1215 1216
f 1217 1218 1219
f 1217 1219 1220
f 1221 1222 1223
f 1221 1223 1224
f 1225 1226 1227
f 1225 1227 1228
f 1229 1230 1231
f 1229 1231 1232
f 1233 1234 1235
f 1233 1235 1236
f 1237 1238 1239
f 1237 1239 1240
f 1241 1242 1243
f 1241 1243 1244
f 1245 1246 1247
f 1245 1247 1248
f 1249 1250 1251
f 1249 1251 1252
f 1253 1254 1255
f 1253 1255 1256
f 1257 1258 1259
f 1257 1259 1260
f 1261 1262 1263
f 1261 1263 1264
f 1265 1266 1267
f 1265 1267 1268
f 1269 1270 1271
f 1269 1271 1272
f 1273 1274 1275
f 1273 1275 1276
f 1277 1278 1279
f 1277 1279 1280
f 1281 1282 1283
f 1281 1283 1284
f 1285 1286 1287
f 1285 1287 1288
f 1289 1290 1291
f 1289 1291 1292
f 1293 1294 1295
f 1293 1295 1296
f 1297 1298 1299
f 1297 1299 1300
f 1301 1302 1303
f 1301 1303 1304
f 1305 1306 1307
f 1305 1307 1308
f 1309 1310 1311
f 1309 1311 1312
f 1313 1314 1315
f 1313 1315 1316
f 1317 1318 1319
f 1317 1319 1320
f 1321 1322 1323
f 1321 1323 1324
f 1325 1326 1327
f 1325 1327 1328
f 1329 1330 1331
f 1329 1331 1332
f 1333 1334 1335
f 1333 1335 1336
f 1337 1338 1339
f 1337 1339 1340
f 1341 1342 1343
f 1341 1343 1344
f 1345 1346 1347
f 1345 1347 1348
f 1349 1350 1351
f 1349 1351 1352
f 1353 1354 1355
f 1353 1355 1356
f 1357 1358 1359
f 1357 1359 1360
f 1361 1362 1363
f 1361 1363 1364
f 1365 1366 1367
f 1365 1367 1368
f 1369 1370 1371
f 1369 1371 1372
f 1373 1374 1375
f 1373 1375 1376
f 1377 1378 1379
f 1377 1379 1380
v -0.5577 -4.3689 0.7500
v -0.1170 -4.3689 0.7500
v -0.0854 -4.3684 0.7500
v -0.0547 -4.3670 0.7500
v -0.0255 -4.3646 0.7500
v 0.0027 -4.3607 0.7500
v 0.0299 -4.3563 0.7500
v 0.0562 -4.3509 0.7500
v 0.0810 -4.3441 0.7500
v 0.1053 -4.3363 0.7500
v 0.1282 -4.3281 0.7500
v 0.1496 -4.3183 0.7500
v 0.1705 -4.3076 0.7500
v 0.1909 -4.2960 0.7500
v 0.2099 -4.2828 0.7500
v 0.2284 -4.2687 0.7500
v 0.2459 -4.2536 0.7500
v 0.2624 -4.2376 0.7500
v 0.2785 -4.2201 0.7500
v 0.2936 -4.2016 0.7500
v 0.3077 -4.1821 0.7500
v 0.3213 -4.1612 0.7500
v 0.3340 -4.1393 0.7500
v 0.3461 -4.1165 0.7500
v 0.3578 -4.0921 0.7500
v 0.3685 -4.0664 0.7500
v 0.3787 -4.0396 0.7500
v 0.3884 -4.0119 0.7500
v 0.3977 -3.9827 0.7500
v 0.4060 -3.9525 0.7500
v 0.4137 -3.9214 0.7500
v 0.4210 -3.8883 0.7500
v 0.4274 -3.8543 0.7500
v 0.4327 -3.8212 0.7500
v 0.4366 -3.7896 0.7500
v 0.4385 -3.7589 0.7500
v 0.4395 -3.7297 0.7500
v 0.4390 -3.7020 0.7500
v 0.4371 -3.6757 0.7500
v 0.4337 -3.6509 0.7500
v 0.4288 -3.6271 0.7500
v 0.4225 -3.6047 0.7500
v 0.4152 -3.5833 0.7500
v 0.4064 -3.5633 0.7500
v 0.3967 -3.5444 0.7500
v 0.3855 -3.5269 0.7500
v 0.3734 -3.5103 0.7500
v 0.3602 -3.4952 0.7500
v 0.3456 -3.4811 0.7500
v 0.3301 -3.4680 0.7500
v 0.3135 -3.4563 0.7500
v 0.2955 -3.4461 0.7500
v 0.2766 -3.4364 0.7500
v 0.2571 -3.4281 0.7500
v 0.2367 -3.4203 0.7500
v 0.2153 -3.4140 0.7500
v 0.1929 -3.4087 0.7500
v 0.1700 -3.4038 0.7500
v 0.1457 -3.4004 0.7500
v 0.1209 -3.3980 0.7500
v 0.0956 -3.3965 0.7500
v 0.0688 -3.3960 0.7500
v -0.3524 -3.3960 0.7500
v -0.1486 -3.5833 0.7500
v -0.0036 -3.5833 0.7500
v 0.0163 -3.5838 0.7500
v 0.0348 -3.5843 0.7500
v 0.0523 -3.5857 0.7500
v 0.0688 -3.5877 0.7500
v 0.0839 -3.5901 0.7500
v 0.0980 -3.5930 0.7500
v 0.1112 -3.5964 0.7500
v 0.1233 -3.6003 0.7500
v 0.1340 -3.6047 0.7500
v 0.1438 -3.6096 0.7500
v 0.1525 -3.6154 0.7500
v 0.1608 -3.6217 0.7500
v 0.1676 -3.6290 0.7500
v 0.1739 -3.6373 0.7500
v 0.1793 -3.6460 0.7500
v 0.1841 -3.6558 0.7500
v 0.1880 -3.6660 0.7500
v 0.1909 -3.6772 0.7500
v 0.1929 -3.6893 0.7500
v 0.1943 -3.7020 0.7500
v 0.1948 -3.7156 0.7500
v 0.1948 -3.7307 0.7500
v 0.1943 -3.7463 0.7500
v 0.1934 -3.7633 0.7500
v 0.1914 -3.7813 0.7500
v 0.1890 -3.8007 0.7500
v 0.1861 -3.8212 0.7500
v 0.1822 -3.8426 0.7500
v 0.1783 -3.8650 0.7500
v 0.1734 -3.8883 0.7500
v 0.1681 -3.9117 0.7500
v 0.1627 -3.9340 0.7500
v 0.1569 -3.9550 0.7500
v 0.1510 -3.9749 0.7500
v 0.1447 -3.9939 0.7500
v 0.1384 -4.0119 0.7500
v 0.1316 -4.0284 0.7500
v 0.1248 -4.0435 0.7500
v 0.1180 -4.0581 0.7500
v 0.1107 -4.0712 0.7500
v 0.1029 -4.0839 0.7500
v 0.0951 -4.0951 0.7500
v 0.0863 -4.1058 0.7500
v 0.0776 -4.1155 0.7500
v 0.0683 -4.1247 0.7500
v 0.0586 -4.1330 0.7500
v 0.0489 -4.1408 0.7500
v 0.0382 -4.1471 0.7500
v 0.0275 -4.1529 0.7500
v 0.0163 -4.1583 0.7500
v 0.0041 -4.1627 0.7500
v -0.0080 -4.1666 0.7500
v -0.0212 -4.1700 0.7500
v -0.0348 -4.1734 0.7500
v -0.0494 -4.1758 0.7500
v -0.0640 -4.1778 0.7500
v -0.0800 -4.1797 0.7500
v -0.0961 -4.1807 0.7500
v -0.1131 -4.1812 0.7500
v -0.1306 -4.1816 0.7500
v -0.2756 -4.1816 0.7500
v -0.5577 -4.3689 -0.7500
v -0.1170 -4.3689 -0.7500
v -0.0854 -4.3684 -0.7500
v -0.0547 -4.3670 -0.7500
v -0.0255 -4.3646 -0.7500
v 0.0027 -4.3607 -0.7500
v 0.0299 -4.3563 -0.7500
v 0.0562 -4.3509 -0.7500
v 0.0810 -4.3441 -0.7500
v 0.1053 -4.3363 -0.7500
v 0.1282 -4.3281 -0.7500
v 0.1496 -4.3183 -0.7500
v 0.1705 -4.3076 -0.7500
v 0.1909 -4.2960 -0.7500
v 0.2099 -4.2828 -0.7500
v 0.2284 -4.2687 -0.7500
v 0.2459 -4.2536 -0.7500
v 0.2624 -4.2376 -0.7500
v 0.2785 -4.2201 -0.7500
v 0.2936 -4.2016 -0.7500
v 0.3077 -4.1821 -0.7500
v 0.3213 -4.1612 -0.7500
v 0.3340 -4.1393 -0.7500
v 0.3461 -4.1165 -0.7500
v 0.3578 -4.0921 -0.7500
v 0.3685 -4.0664 -0.7500
v 0.3787 -4.0396 -0.7500
v 0.3884 -4.0119 -0.7500
v 0.3977 -3.9827 -0.7500
v 0.4060 -3.9525 -0.7500
v 0.4137 -3.9214 -0.7500
v 0.4210 -3.8883 -0.7500
v 0.4274 -3.8543 -0.7500
v 0.4327 -3.8212 -0.7500
v 0.4366 -3.7896 -0.7500
v 0.4385 -3.7589 -0.7500
v 0.4395 -3.7297 -0.7500
v 0.4390 -3.7020 -0.7500
v 0.4371 -3.6757 -0.7500
v 0.4337 -3.6509 -0.7500
v 0.4288 -3.6271 -0.7500
v 0.4225 -3.6047 -0.7500
v 0.4152 -3.5833 -0.7500
v 0.4064 -3.5633 -0.7500
v 0.3967 -3.5444 -0.7500
v 0.3855 -3.5269 -0.7500
v 0.3734 -3.5103 -0.7500
v 0.3602 -3.4952 -0.7500
v 0.3456 -3.4811 -0.7500
v 0.3301 -3.4680 -0.7500
v 0.3135 -3.4563 -0.7500
v 0.2955 -3.4461 -0.7500
v 0.2766 -3.4364 -0.7500
v 0.2571 -3.4281 -0.7500
v 0.2367 -3.4203 -0.7500
v 0.2153 -3.4140 -0.7500
v 0.1929 -3.4087 -0.7500
v 0.1700 -3.4038 -0.7500
v 0.1457 -3.4004 -0.7500
v 0.1209 -3.3980 -0.7500
v 0.0956 -3.3965 -0.7500
v 0.0688 -3.3960 -0.7500
v -0.3524 -3.3960 -0.7500
v -0.1486 -3.5833 -0.7500
v -0.0036 -3.5833 -0.7500
v 0.0163 -3.5838 -0.7500
v 0.0348 -3.5843 -0.7500
v 0.0523 -3.5857 -0.7500
v 0.0688 -3.5877 -0.7500
v 0.0839 -3.5901 -0.7500
v 0.0980 -3.5930 -0.7500
v 0.1112 -3.5964 -0.7500
v 0.1233 -3.6003 -0.7500
v 0.1340 -3.6047 -0.7500
v 0.1438 -3.6096 -0.7500
v 0.1525 -3.6154 -0.7500
v 0.1608 -3.6217 -0.7500
v 0.1676 -3.6290 -0.7500
v 0.1739 -3.6373 -0.7500
v 0.1793 -3.6460 -0.7500
v 0.1841 -3.6558 -0.7500
v 0.1880 -3.6660 -0.7500
v 0.1909 -3.6772 -0.7500
v 0.1929 -3.6893 -0.7500
v 0.1943 -3.7020 -0.7500
v 0.1948 -3.7156 -0.7500
v 0.1948 -3.7307 -0.7500
v 0.1943 -3.7463 -0.7500
v 0.1934 -3.7633 -0.7500
v 0.1914 -3.7813 -0.7500
v 0.1890 -3.8007 -0.7500
v 0.1861 -3.8212 -0.7500
v 0.1822 -3.8426 -0.7500
v 0.1783 -3.8650 -0.7500
v 0.1734 -3.8883 -0.7500
v 0.1681 -3.9117 -0.7500
v 0.1627 -3.9340 -0.7500
v 0.1569 -3.9550 -0.7500
v 0.1510 -3.9749 -0.7500
v 0.1447 -3.9939 -0.7500
v 0.1384 -4.0119 -0.7500
v 0.1316 -4.0284 -0.7500
v 0.1248 -4.0435 -0.7500
v 0.1180 -4.0581 -0.7500
v 0.1107 -4.0712 -0.7500
v 0.1029 -4.0839 -0.7500
v 0.0951 -4.0951 -0.7500
v 0.0863 -4.1058 -0.7500
v 0.0776 -4.1155 -0.7500
v 0.0683 -4.1247 -0.7500
v 0.0586 -4.1330 -0.7500
v 0.0489 -4.1408 -0.7500
v 0.0382 -4.1471 -0.7500
v 0.0275 -4.1529 -0.7500
v 0.0163 -4.1583 -0.7500
v 0.0041 -4.1627 -0.7500
v -0.0080 -4.1666 -0.7500
v -0.0212 -4.1700 -0.7500
v -0.0348 -4.1734 -0.7500
v -0.0494 -4.1758 -0.7500
v -0.0640 -4.1778 -0.7500
v -0.0800 -4.1797 -0.7500
v -0.0961 -4.1807 -0.7500
v -0.1131 -4.1812 -0.7500
v -0.1306 -4.1816 -0.7500
v -0.2756 -4.1816 -0.7500
v -0.2756 -4.1816 -0.7500
v -0.1486 -3.5833 -0.7500
v -0.1486 -3.5833 0.7500
v -0.2756 -4.1816 0.7500
v 0.1861 -3.8212 -0.7500
v 0.1822 -3.8426 -0.7500
v 0.1822 -3.8426 0.7500
v 0.1861 -3.8212 0.7500
v 0.1822 -3.8426 -0.7500
v 0.1783 -3.8650 -0.7500
v 0.1783 -3.8650 0.7500
v 0.1822 -3.8426 0.7500
v -0.1306 -4.1816 -0.7500
v -0.2756 -4.1816 -0.7500
v -0.2756 -4.1816 0.7500
v -0.1306 -4.1816 0.7500
v -0.5577 -4.3689 -0.7500
v -0.1170 -4.3689 -0.7500
v -0.1170 -4.3689 0.7500
v -0.5577 -4.3689 0.7500
v -0.1170 -4.3689 -0.7500
v -0.0854 -4.3684 -0.7500
v -0.0854 -4.3684 0.7500
v -0.1170 -4.3689 0.7500
v -0.0854 -4.3684 -0.7500
v -0.0547 -4.3670 -0.7500
v -0.0547 -4.3670 0.7500
v -0.0854 -4.3684 0.7500
v -0.0547 -4.3670 -0.7500
v -0.0255 -4.3646 -0.7500
v -0.0255 -4.3646 0.7500
v -0.0547 -4.3670 0.7500
v -0.0255 -4.3646 -0.7500
v 0.0027 -4.3607 -0.7500
v 0.0027 -4.3607 0.7500
v -0.0255 -4.3646 0.7500
v 0.0027 -4.3607 -0.7500
v 0.0299 -4.3563 -0.7500
v 0.0299 -4.3563 0.7500
v 0.0027 -4.3607 0.7500
v 0.0299 -4.3563 -0.7500
v 0.0562 -4.3509 -0.7500
v 0.0562 -4.3509 0.7500
v 0.0299 -4.3563 0.7500
v 0.0562 -4.3509 -0.7500
v 0.0810 -4.3441 -0.7500
v 0.0810 -4.3441 0.7500
v 0.0562 -4.3509 0.7500
v 0.0810 -4.3441 -0.7500
v 0.1053 -4.3363 -0.7500
v 0.1053 -4.3363 0.7500
v 0.0810 -4.3441 0.7500
v 0.1053 -4.3363 -0.7500
v 0.1282 -4.3281 -0.7500
v 0.1282 -4.3281 0.7500
v 0.1053 -4.3363 0.7500
v 0.1282 -4.3281 -0.7500
v 0.1496 -4.3183 -0.7500
v 0.1496 -4.3183 0.7500
v 0.1282 -4.3281 0.7500
v 0.1496 -4.3183 -0.7500
v 0.1705 -4.3076 -0.7500
v 0.1705 -4.3076 0.7500
v 0.1496 -4.3183 0.7500
v 0.1705 -4.3076 -0.7500
v 0.1909 -4.2960 -0.7500
v 0.1909 -4.2960 0.7500
v 0.1705 -4.3076 0.7500
v 0.1909 -4.2960 -0.7500
v 0.2099 -4.2828 -0.7500
v 0.2099 -4.2828 0.7500
v 0.1909 -4.2960 0.7500
v 0.2099 -4.2828 -0.7500
v 0.2284 -4.2687 -0.7500
v 0.2284 -4.2687 0.7500
v 0.2099 -4.2828 0.7500
v 0.2284 -4.2687 -0.7500
v 0.2459 -4.2536 -0.7500
v 0.2459 -4.2536 0.7500
v 0.2284 -4.2687 0.7500
v 0.2459 -4.2536 -0.7500
v 0.2624 -4.2376 -0.7500
v 0.2624 -4.2376 0.7500
v 0.2459 -4.2536 0.7500
v 0.2624 -4.2376 -0.7500
v 0.2785 -4.2201 -0.7500
v 0.2785 -4.2201 0.7500
v 0.2624 -4.2376 0.7500
v 0.2785 -4.2201 -0.7500
v 0.2936 -4.2016 -0.7500
v 0.2936 -4.2016 0.7500
v 0.2785 -4.2201 0.7500
v 0.2936 -4.2016 -0.7500
v 0.3077 -4.1821 -0.7500
v 0.3077 -4.1821 0.7500
v 0.2936 -4.2016 0.7500
v 0.3077 -4.1821 -0.7500
v 0.3213 -4.1612 -0.7500
v 0.3213 -4.1612 0.7500
v 0.3077 -4.1821 0.7500
v 0.3213 -4.1612 -0.7500
v 0.3340 -4.1393 -0.7500
v 0.3340 -4.1393 0.7500
v 0.3213 -4.1612 0.7500
v 0.3340 -4.1393 -0.7500
v 0.3461 -4.1165 -0.7500
v 0.3461 -4.1165 0.7500
v 0.3340 -4.1393 0.7500
v 0.3461 -4.1165 -0.7500
v 0.3578 -4.0921 -0.7500
v 0.3578 -4.0921 0.7500
v 0.3461 -4.1165 0.7500
v 0.3578 -4.0921 -0.7500
v 0.3685 -4.0664 -0.7500
v 0.3685 -4.0664 0.7500
v 0.3578 -4.0921 0.7500
v 0.3685 -4.0664 -0.7500
v 0.3787 -4.0396 -0.7500
v 0.3787 -4.0396 0.7500
v 0.3685 -4.0664 0.7500
v 0.3787 -4.0396 -0.7500
v 0.3884 -4.0119 -0.7500
v 0.3884 -4.0119 0.7500
v 0.3787 -4.0396 0.7500
v 0.3884 -4.0119 -0.7500
v 0.3977 -3.9827 -0.7500
v 0.3977 -3.9827 0.7500
v 0.3884 -4.0119 0.7500
v 0.3977 -3.9827 -0.7500
v 0.4060 -3.9525 -0.7500
v 0.4060 -3.9525 0.7500
v 0.3977 -3.9827 0.7500
v 0.4060 -3.9525 -0.7500
v 0.4137 -3.9214 -0.7500
v 0.4137 -3.9214 0.7500
v 0.4060 -3.9525 0.7500
v 0.4137 -3.9214 -0.7500
v 0.4210 -3.8883 -0.7500
v 0.4210 -3.8883 0.7500
v 0.4137 -3.9214 0.7500
v 0.4210 -3.8883 -0.7500
v 0.4274 -3.8543 -0.7500
v 0.4274 -3.8543 0.7500
v 0.4210 -3.8883 0.7500
v 0.4274 -3.8543 -0.7500
v 0.4327 -3.8212 -0.7500
v 0.4327 -3.8212 0.7500
v 0.4274 -3.8543 0.7500
v 0.4327 -3.8212 -0.7500
v 0.4366 -3.7896 -0.7500
v 0.4366 -3.7896 0.7500
v 0.4327 -3.8212 0.7500
v 0.4366 -3.7896 -0.7500
v 0.4385 -3.7589 -0.7500
v 0.4385 -3.7589 0.7500
v 0.4366 -3.7896 0.7500
v 0.4385 -3.7589 -0.7500
v 0.4395 -3.7297 -0.7500
v 0.4395 -3.7297 0.7500
v 0.4385 -3.7589 0.7500
v 0.4395 -3.7297 -0.7500
v 0.4390 -3.7020 -0.7500
v 0.4390 -3.7020 0.7500
v 0.4395 -3.7297 0.7500
v 0.4390 -3.7020 -0.7500
v 0.4371 -3.6757 -0.7500
v 0.4371 -3.6757 0.7500
v 0.4390 -3.7020 0.7500
v 0.4371 -3.6757 -0.7500
v 0.4337 -3.6509 -0.7500
v 0.4337 -3.6509 0.7500
v 0.4371 -3.6757 0.7500
v 0.4337 -3.6509 -0.7500
v 0.4288 -3.6271 -0.7500
v 0.4288 -3.6271 0.7500
v 0.4337 -3.6509 0.7500
v 0.4288 -3.6271 -0.7500
v 0.4225 -3.6047 -0.7500
v 0.4225 -3.6047 0.7500
v 0.4288 -3.6271 0.7500
v 0.4225 -3.6047 -0.7500
v 0.4152 -3.5833 -0.7500
v 0.4152 -3.5833 0.7500
v 0.4225 -3.6047 0.7500
v 0.4152 -3.5833 -0.7500
v 0.4064 -3.5633 -0.7500
v 0.4064 -3.5633 0.7500
v 0.4152 -3.5833 0.7500
v 0.4064 -3.5633 -0.7500
v 0.3967 -3.5444 -0.7500
v 0.3967 -3.5444 0.7500
v 0.4064 -3.5633 0.7500
v 0.3967 -3.5444 -0.7500
v 0.3855 -3.5269 -0.7500
v 0.3855 -3.5269 0.7500
v 0.3967 -3.5444 0.7500
v 0.3855 -3.5269 -0.7500
v 0.3734 -3.5103 -0.7500
v 0.3734 -3.5103 0.7500
v 0.3855 -3.5269 0.7500
v 0.3734 -3.5103 -0.7500
v 0.3602 -3.4952 -0.7500
v 0.3602 -3.4952 0.7500
v 0.3734 -3.5103 0.7500
v 0.3602 -3.4952 -0.7500
v 0.3456 -3.4811 -0.7500
v 0.3456 -3.4811 0.7500
v 0.3602 -3.4952 0.7500
v 0.3456 -3.4811 -0.7500
v 0.3301 -3.4680 -0.7500
v 0.3301 -3.4680 0.7500
v 0.3456 -3.4811 0.7500
v 0.3301 -3.4680 -0.7500
v 0.3135 -3.4563 -0.7500
v 0.3135 -3.4563 0.7500
v 0.3301 -3.4680 0.7500
v 0.3135 -3.4563 -0.7500
v 0.2955 -3.4461 -0.7500
v 0.2955 -3.4461 0.7500
v 0.3135 -3.4563 0.7500
v 0.2955 -3.4461 -0.7500
v 0.2766 -3.4364 -0.7500
v 0.2766 -3.4364 0.7500
v 0.2955 -3.4461 0.7500
v 0.2766 -3.4364 -0.7500
v 0.2571 -3.4281 -0.7500
v 0.2571 -3.4281 0.7500
v 0.2766 -3.4364 0.7500
v 0.2571 -3.4281 -0.7500
v 0.2367 -3.4203 -0.7500
v 0.2367 -3.4203 0.7500
v 0.2571 -3.4281 0.7500
v 0.2367 -3.4203 -0.7500
v 0.2153 -3.4140 -0.7500
v 0.2153 -3.4140 0.7500
v 0.2367 -3.4203 0.7500
v 0.2153 -3.4140 -0.7500
v 0.1929 -3.4087 -0.7500
v 0.1929 -3.4087 0.7500
v 0.2153 -3.4140 0.7500
v 0.1929 -3.4087 -0.7500
v 0.1700 -3.4038 -0.7500
v 0.1700 -3.4038 0.7500
v 0.1929 -3.4087 0.7500
v 0.1700 -3.4038 -0.7500
v 0.1457 -3.4004 -0.7500
v 0.1457 -3.4004 0.7500
v 0.1700 -3.4038 0.7500
v 0.1457 -3.4004 -0.7500
v 0.1209 -3.3980 -0.7500
v 0.1209 -3.3980 0.7500
v 0.1457 -3.4004 0.7500
v 0.1209 -3.3980 -0.7500
v 0.0956 -3.3965 -0.7500
v 0.0956 -3.3965 0.7500
v 0.1209 -3.3980 0.7500
v 0.0956 -3.3965 -0.7500
v 0.0688 -3.3960 -0.7500
v 0.0688 -3.3960 0.7500
v 0.0956 -3.3965 0.7500
v 0.0688 -3.3960 -0.7500
v -0.3524 -3.3960 -0.7500
v -0.3524 -3.3960 0.7500
v 0.0688 -3.3960 0.7500
v -0.3524 -3.3960 -0.7500
v -0.5577 -4.3689 -0.7500
v -0.5577 -4.3689 0.7500
v -0.3524 -3.3960 0.7500
v -0.1131 -4.1812 -0.7500
v -0.1306 -4.1816 -0.7500
v -0.1306 -4.1816 0.7500
v -0.1131 -4.1812 0.7500
v -0.0961 -4.1807 -0.7500
v -0.1131 -4.1812 -0.7500
v -0.1131 -4.1812 0.7500
v -0.0961 -4.1807 0.7500
v -0.0800 -4.1797 -0.7500
v -0.0961 -4.1807 -0.7500
v -0.0961 -4.1807 0.7500
v -0.0800 -4.1797 0.7500
v -0.0640 -4.1778 -0.7500
v -0.0800 -4.1797 -0.7500
v -0.0800 -4.1797 0.7500
v -0.0640 -4.1778 0.7500
v -0.1486 -3.5833 -0.7500
v -0.0036 -3.5833 -0.7500
v -0.0036 -3.5833 0.7500
v -0.1486 -3.5833 0.7500
v -0.0494 -4.1758 -0.7500
v -0.0640 -4.1778 -0.7500
v -0.0640 -4.1778 0.7500
v -0.0494 -4.1758 0.7500
v -0.0036 -3.5833 -0.7500
v 0.0163 -3.5838 -0.7500
v 0.0163 -3.5838 0.7500
v -0.0036 -3.5833 0.7500
v -0.0348 -4.1734 -0.7500
v -0.0494 -4.1758 -0.7500
v -0.0494 -4.1758 0.7500
v -0.0348 -4.1734 0.7500
v 0.0163 -3.5838 -0.7500
v 0.0348 -3.5843 -0.7500
v 0.0348 -3.5843 0.7500
v 0.0163 -3.5838 0.7500
v -0.0212 -4.1700 -0.7500
v -0.0348 -4.1734 -0.7500
v -0.0348 -4.1734 0.7500
v -0.0212 -4.1700 0.7500
v 0.0348 -3.5843 -0.7500
v 0.0523 -3.5857 -0.7500
v 0.0523 -3.5857 0.7500
v 0.0348 -3.5843 0.7500
v -0.0080 -4.1666 -0.7500
v -0.0212 -4.1700 -0.7500
v -0.0212 -4.1700 0.7500
v -0.0080 -4.1666 0.7500
v 0.0523 -3.5857 -0.7500
v 0.0688 -3.5877 -0.7500
v 0.0688 -3.5877 0.7500
v 0.0523 -3.5857 0.7500
v 0.0041 -4.1627 -0.7500
v -0.0080 -4.1666 -0.7500
v -0.0080 -4.1666 0.7500
v 0.0041 -4.1627 0.7500
v 0.0688 -3.5877 -0.7500
v 0.0839 -3.5901 -0.7500
v 0.0839 -3.5901 0.7500
v 0.0688 -3.5877 0.7500
v 0.0163 -4.1583 -0.7500
v 0.0041 -4.1627 -0.7500
v 0.0041 -4.1627 0.7500
v 0.0163 -4.1583 0.7500
v 0.0839 -3.5901 -0.7500
v 0.0980 -3.5930 -0.7500
v 0.0980 -3.5930 0.7500
v 0.0839 -3.5901 0.7500
v 0.0980 -3.5930 -0.7500
v 0.1112 -3.5964 -0.7500
v 0.1112 -3.5964 0.7500
v 0.0980 -3.5930 0.7500
v 0.0275 -4.1529 -0.7500
v 0.0163 -4.1583 -0.7500
v 0.0163 -4.1583 0.7500
v 0.0275 -4.1529 0.7500
v 0.1112 -3.5964 -0.7500
v 0.1233 -3.6003 -0.7500
v 0.1233 -3.6003 0.7500
v 0.1112 -3.5964 0.7500
v 0.0382 -4.1471 -0.7500
v 0.0275 -4.1529 -0.7500
v 0.0275 -4.1529 0.7500
v 0.0382 -4.1471 0.7500
v 0.1233 -3.6003 -0.7500
v 0.1340 -3.6047 -0.7500
v 0.1340 -3.6047 0.7500
v 0.1233 -3.6003 0.7500
v 0.0489 -4.1408 -0.7500
v 0.0382 -4.1471 -0.7500
v 0.0382 -4.1471 0.7500
v 0.0489 -4.1408 0.7500
v 0.1340 -3.6047 -0.7500
v 0.1438 -3.6096 -0.7500
v 0.1438 -3.6096 0.7500
v 0.1340 -3.6047 0.7500
v 0.0586 -4.1330 -0.7500
v 0.0489 -4.1408 -0.7500
v 0.0489 -4.1408 0.7500
v 0.0586 -4.1330 0.7500
v 0.1438 -3.6096 -0.7500
v 0.1525 -3.6154 -0.7500
v 0.1525 -3.6154 0.7500
v 0.1438 -3.6096 0.7500
v 0.0683 -4.1247 -0.7500
v 0.0586 -4.1330 -0.7500
v 0.0586 -4.1330 0.7500
v 0.0683 -4.1247 0.7500
v 0.1525 -3.6154 -0.7500
v 0.1608 -3.6217 -0.7500
v 0.1608 -3.6217 0.7500
v 0.1525 -3.6154 0.7500
v 0.0776 -4.1155 -0.7500
v 0.0683 -4.1247 -0.7500
v 0.0683 -4.1247 0.7500
v 0.0776 -4.1155 0.7500
v 0.1608 -3.6217 -0.7500
v 0.1676 -3.6290 -0.7500
v 0.1676 -3.6290 0.7500
v 0.1608 -3.6217 0.7500
v 0.0863 -4.1058 -0.7500
v 0.0776 -4.1155 -0.7500
v 0.0776 -4.1155 0.7500
v 0.0863 -4.1058 0.7500
v 0.1676 -3.6290 -0.7500
v 0.1739 -3.6373 -0.7500
v 0.1739 -3.6373 0.7500
v 0.1676 -3.6290 0.7500
v 0.0951 -4.0951 -0.7500
v 0.0863 -4.1058 -0.7500
v 0.0863 -4.1058 0.7500
v 0.0951 -4.0951 0.7500
v 0.1739 -3.6373 -0.7500
v 0.1793 -3.6460 -0.7500
v 0.1793 -3.6460 0.7500
v 0.1739 -3.6373 0.7500
v 0.1029 -4.0839 -0.7500
v 0.0951 -4.0951 -0.7500
v 0.0951 -4.0951 0.7500
v 0.1029 -4.0839 0.7500
v 0.1793 -3.6460 -0.7500
v 0.1841 -3.6558 -0.7500
v 0.1841 -3.6558 0.7500
v 0.1793 -3.6460 0.7500
v 0.1107 -4.0712 -0.7500
v 0.1029 -4.0839 -0.7500
v 0.1029 -4.0839 0.7500
v 0.1107 -4.0712 0.7500
v 0.1841 -3.6558 -0.7500
v 0.1880 -3.6660 -0.7500
v 0.1880 -3.6660 0.7500
v 0.1841 -3.6558 0.7500
v 0.1180 -4.0581 -0.7500
v 0.1107 -4.0712 -0.7500
v 0.1107 -4.0712 0.7500
v 0.1180 -4.0581 0.7500
v 0.1880 -3.6660 -0.7500
v 0.1909 -3.6772 -0.7500
v 0.1909 -3.6772 0.7500
v 0.1880 -3.6660 0.7500
v 0.1248 -4.0435 -0.7500
v 0.1180 -4.0581 -0.7500
v 0.1180 -4.0581 0.7500
v 0.1248 -4.0435 0.7500
v 0.1909 -3.6772 -0.7500
v 0.1929 -3.6893 -0.7500
v 0.1929 -3.6893 0.7500
v 0.1909 -3.6772 0.7500
v 0.1316 -4.0284 -0.7500
v 0.1248 -4.0435 -0.7500
v 0.1248 -4.0435 0.7500
v 0.1316 -4.0284 0.7500
v 0.1929 -3.6893 -0.7500
v 0.1943 -3.7020 -0.7500
v 0.1943 -3.7020 0.7500
v 0.1929 -3.6893 0.7500
v 0.1384 -4.0119 -0.7500
v 0.1316 -4.0284 -0.7500
v 0.1316 -4.0284 0.7500
v 0.1384 -4.0119 0.7500
v 0.1447 -3.9939 -0.7500
v 0.1384 -4.0119 -0.7500
v 0.1384 -4.0119 0.7500
v 0.1447 -3.9939 0.7500
v 0.1943 -3.7020 -0.7500
v 0.1948 -3.7156 -0.7500
v 0.1948 -3.7156 0.7500
v 0.1943 -3.7020 0.7500
v 0.1510 -3.9749 -0.7500
v 0.1447 -3.9939 -0.7500
v 0.1447 -3.9939 0.7500
v 0.1510 -3.9749 0.7500
v 0.1948 -3.7156 -0.7500
v 0.1948 -3.7307 -0.7500
v 0.1948 -3.7307 0.7500
v 0.1948 -3.7156 0.7500
v 0.1569 -3.9550 -0.7500
v 0.1510 -3.9749 -0.7500
v 0.1510 -3.9749 0.7500
v 0.1569 -3.9550 0.7500
v 0.1948 -3.7307 -0.7500
v 0.1943 -3.7463 -0.7500
v 0.1943 -3.7463 0.7500
v 0.1948 -3.7307 0.7500
v 0.1627 -3.9340 -0.7500
v 0.1569 -3.9550 -0.7500
v 0.1569 -3.9550 0.7500
v 0.1627 -3.9340 0.7500
v 0.1943 -3.7463 -0.7500
v 0.1934 -3.7633 -0.7500
v 0.1934 -3.7633 0.7500
v 0.1943 -3.7463 0.7500
v 0.1681 -3.9117 -0.7500
v 0.1627 -3.9340 -0.7500
v 0.1627 -3.9340 0.7500
v 0.1681 -3.9117 0.7500
v 0.1934 -3.7633 -0.7500
v 0.1914 -3.7813 -0.7500
v 0.1914 -3.7813 0.7500
v 0.1934 -3.7633 0.7500
v 0.1734 -3.8883 -0.7500
v 0.1681 -3.9117 -0.7500
v 0.1681 -3.9117 0.7500
v 0.1734 -3.8883 0.7500
v 0.1914 -3.7813 -0.7500
v 0.1890 -3.8007 -0.7500
v 0.1890 -3.8007 0.7500
v 0.1914 -3.7813 0.7500
v 0.1783 -3.8650 -0.7500
v 0.1734 -3.8883 -0.7500
v 0.1734 -3.8883 0.7500
v 0.1783 -3.8650 0.7500
v 0.1890 -3.8007 -0.7500
v 0.1861 -3.8212 -0.7500
v 0.1861 -3.8212 0.7500
v 0.1890 -3.8007 0.7500
f 1381 1506 1444
f 1472 1473 1474
f 1505 1506 1381
f 1381 1382 1383
f 1383 1384 1385
f 1385 1386 1387
f 1387 1388 1389
f 1389 1390 1391
f 1391 1392 1393
f 1393 1394 1395
f 1395 1396 1397
f 1397 1398 1399
f 1399 1400 1401
f 1401 1402 1403
f 1403 1404 1405
f 1405 1406 1407
f 1407 1408 1409
f 1409 1410 1411
f 1411 1412 1413
f 1413 1414 1415
f 1415 1416 1417
f 1417 1418 1419
f 1419 1420 1421
f 1421 1422 1423
f 1423 1424 1425
f 1425 1426 1427
f 1427 1428 1429
f 1429 1430 1431
f 1431 1432 1433
f 1433 1434 1435
f 1435 1436 1437
f 1437 1438 1439
f 1439 1440 1441
f 1441 1442 1443
f 1443 1381 1444
f 1504 1505 1381
f 1381 1383 1385
f 1385 1387 1389
f 1389 1391 1393
f 1393 1395 1397
f 1397 1399 1401
f 1401 1403 1405
f 1405 1407 1409
f 1409 1411 1413
f 1413 1415 1417
f 1417 1419 1421
f 1421 1423 1425
f 1425 1427 1429
f 1429 1431 1433
f 1433 1435 1437
f 1437 1439 1441
f 1441 1443 1444
f 1503 1504 1381
f 1381 1385 1389
f 1389 1393 1397
f 1397 1401 1405
f 1405 1409 1413
f 1413 1417 1421
f 1421 1425 1429
f 1429 1433 1437
f 1437 1441 1444
f 1502 1503 1381
f 1381 1389 1397
f 1397 1405 1413
f 1413 1421 1429
f 1429 1437 1444
f 1501 1502 1381
f 1397 1413 1429
f 1429 1444 1445
f 1500 1501 1381
f 1429 1445 1446
f 1499 1500 1381
f 1429 1446 1447
f 1498 1499 1381
f 1429 1447 1448
f 1497 1498 1381
f 1429 1448 1449
f 1496 1497 1381
f 1429 1449 1450
f 1495 1496 1381
f 1429 1450 1451
f 1495 1381 1397
f 1429 1451 1452
f 1494 1495 1397
f 1429 1452 1453
f 1493 1494 1397
f 1429 1453 1454
f 1492 1493 1397
f 1429 1454 1455
f 1491 1492 1397
f 1429 1455 1456
f 1490 1491 1397
f 1429 1456 1457
f 1489 1490 1397
f 1429 1457 1458
f 1488 1489 1397
f 1429 1458 1459
f 1487 1488 1397
f 1429 1459 1460
f 1486 1487 1397
f 1429 1460 1461
f 1485 1486 1397
f 1429 1461 1462
f 1484 1485 1397
f 1429 1462 1463
f 1483 1484 1397
f 1429 1463 1464
f 1482 1483 1397
f 1429 1464 1465
f 1481 1482 1397
f 1397 1429 1465
f 1480 1481 1397
f 1397 1465 1466
f 1479 1480 1397
f 1397 1466 1467
f 1478 1479 1397
f 1397 1467 1468
f 1477 1478 1397
f 1397 1468 1469
f 1476 1477 1397
f 1397 1469 1470
f 1475 1476 1397
f 1397 1470 1471
f 1474 1475 1397
f 1397 1471 1472
f 1472 1474 1397
f 1507 1570 1632
f 1598 1600 1599
f 1631 1507 1632
f 1507 1509 1508
f 1509 1511 1510
f 1511 1513 1512
f 1513 1515 1514
f 1515 1517 1516
f 1517 1519 1518
f 1519 1521 1520
f 1521 1523 1522
f 1523 1525 1524
f 1525 1527 1526
f 1527 1529 1528
f 1529 1531 1530
f 1531 1533 1532
f 1533 1535 1534
f 1535 1537 1536
f 1537 1539 1538
f 1539 1541 1540
f 1541 1543 1542
f 1543 1545 1544
f 1545 1547 1546
f 1547 1549 1548
f 1549 1551 1550
f 1551 1553 1552
f 1553 1555 1554
f 1555 1557 1556
f 1557 1559 1558
f 1559 1561 1560
f 1561 1563 1562
f 1563 1565 1564
f 1565 1567 1566
f 1567 1569 1568
f 1569 1570 1507
f 1630 1507 1631
f 1507 1511 1509
f 1511 1515 1513
f 1515 1519 1517
f 1519 1523 1521
f 1523 1527 1525
f 1527 1531 1529
f 1531 1535 1533
f 1535 1539 1537
f 1539 1543 1541
f 1543 1547 1545
f 1547 1551 1549
f 1551 1555 1553
f 1555 1559 1557
f 1559 1563 1561
f 1563 1567 1565
f 1567 1570 1569
f 1629 1507 1630
f 1507 1515 1511
f 1515 1523 1519
f 1523 1531 1527
f 1531 1539 1535
f 1539 1547 1543
f 1547 1555 1551
f 1555 1563 1559
f 1563 1570 1567
f 1628 1507 1629
f 1507 1523 1515
f 1523 1539 1531
f 1539 1555 1547
f 1555 1570 1563
f 1627 1507 1628
f 1523 1555 1539
f 1555 1571 1570
f 1626 1507 1627
f 1555 1572 1571
f 1625 1507 1626
f 1555 1573 1572
f 1624 1507 1625
f 1555 1574 1573
f 1623 1507 1624
f 1555 1575 1574
f 1622 1507 1623
f 1555 1576 1575
f 1621 1507 1622
f 1555 1577 1576
f 1621 1523 1507
f 1555 1578 1577
f 1620 1523 1621
f 1555 1579 1578
f 1619 1523 1620
f 1555 1580 1579
f 1618 1523 1619
f 1555 1581 1580
f 1617 1523 1618
f 1555 1582 1581
f 1616 1523 1617
f 1555 1583 1582
f 1615 1523 1616
f 1555 1584 1583
f 1614 1523 1615
f 1555 1585 1584
f 1613 1523 1614
f 1555 1586 1585
f 1612 1523 1613
f 1555 1587 1586
f 1611 1523 1612
f 1555 1588 1587
f 1610 1523 1611
f 1555 1589 1588
f 1609 1523 1610
f 1555 1590 1589
f 1608 1523 1609
f 1555 1591 1590
f 1607 1523 1608
f 1523 1591 1555
f 1606 1523 1607
f 1523 1592 1591
f 1605 1523 1606
f 1523 1593 1592
f 1604 1523 1605
f 1523 1594 1593
f 1603 1523 1604
f 1523 1595 1594
f 1602 1523 1603
f 1523 1596 1595
f 1601 1523 1602
f 1523 1597 1596
f 1600 1523 1601
f 1523 1598 1597
f 1598 1523 1600
f 1633 1634 1635
f 1633 1635 1636
f 1637 1638 1639
f 1637 1639 1640
f 1641 1642 1643
f 1641 1643 1644
f 1645 1646 1647
f 1645 1647 1648
f 1649 1650 1651
f 1649 1651 1652
f 1653 1654 1655
f 1653 1655 1656
f 1657 1658 1659
f 1657 1659 1660
f 1661 1662 1663
f 1661 1663 1664
f 1665 1666 1667
f 1665 1667 1668
f 1669 1670 1671
f 1669 1671 1672
f 1673 1674 1675
f 1673 1675 1676
f 1677 1678 1679
f 1677 1679 1680
f 1681 1682 1683
f 1681 1683 1684
f 1685 1686 1687
f 1685 1687 1688
f 1689 1690 1691
f 1689 1691 1692
f 1693 1694 1695
f 1693 1695 1696
f 1697 1698 1699
f 1697 1699 1700
f 1701 1702 1703
f 1701 1703 1704
f 1705 1706 1707
f 1705 1707 1708
f 1709 1710 1711
f 1709 1711 1712
f 1713 1714 1715
f 1713 1715 1716
f 1717 1718 1719
f 1717 1719 1720
f 1721 1722 1723
f 1721 1723 1724
f 1725 1726 1727
f 1725 1727 1728
f 1729 1730 1731
f 1729 1731 1732
f 1733 1734 1735
f 1733 1735 1736
f 1737 1738 1739
f 1737 1739 1740
f 1741 1742 1743
f 1741 1743 1744
f 1745 1746 1747
f 1745 1747 1748
f 1749 1750 1751
f 1749 1751 1752
f 1753 1754 1755
f 1753 1755 1756
f 1757 1758 1759
f 1757 1759 1760
f 1761 1762 1763
f 1761 1763 1764
f 1765 1766 1767
f 1765 1767 1768
f 1769 1770 1771
f 1769 1771 1772
f 1773 1774 1775
f 1773 1775 1776
f 1777 1778 1779
f 1777 1779 1780
f 1781 1782 1783
f 1781 1783 1784
f 1785 1786 1787
f 1785 1787 1788
f 1789 1790 1791
f 1789 1791 1792
f 1793 1794 1795
f 1793 1795 1796
f 1797 1798 1799
f 1797 1799 1800
f 1801 1802 1803
f 1801 1803 1804
f 1805 1806 1807
f 1805 1807 1808
f 1809 1810 1811
f 1809 1811 1812
f 1813 1814 1815
f 1813 1815 1816
f 1817 1818 1819
f 1817 1819 1820
f 1821 1822 1823
f 1821 1823 1824
f 1825 1826 1827
f 1825 1827 1828
f 1829 1830 1831
f 1829 1831 1832
f 1833 1834 1835
f 1833 1835 1836
f 1837 1838 1839
f 1837 1839 1840
f 1841 1842 1843
f 1841 1843 1844
f 1845 1846 1847
f 1845 1847 1848
f 1849 1850 1851
f 1849 1851 1852
f 1853 1854 1855
f 1853 1855 1856
f 1857 1858 1859
f 1857 1859 1860
f 1861 1862 1863
f 1861 1863 1864
f 1865 1866 1867
f 1865 1867 1868
f 1869 1870 1871
f 1869 1871 1872
f 1873 1874 1875
f 1873 1875 1876
f 1877 1878 1879
f 1877 1879 1880
f 1881 1882 1883
f 1881 1883 1884
f 1885 1886 1887
f 1885 1887 1888
f 1889 1890 1891
f 1889 1891 1892
f 1893 1894 1895
f 1893 1895 1896
f 1897 1898 1899
f 1897 1899 1900
f 1901 1902 1903
f 1901 1903 1904
f 1905 1906 1907
f 1905 1907 1908
f 1909 1910 1911
f 1909 1911 1912
f 1913 1914 1915
f 1913 1915 1916
f 1917 1918 1919
f 1917 1919 1920
f 1921 1922 1923
f 1921 1923 1924
f 1925 1926 1927
f 1925 1927 1928
f 1929 1930 1931
f 1929 1931 1932
f 1933 1934 1935
f 1933 1935 1936
f 1937 1938 1939
f 1937 1939 1940
f 1941 1942 1943
f 1941 1943 1944
f 1945 1946 1947
f 1945 1947 1948
f 1949 1950 1951
f 1949 1951 1952
f 1953 1954 1955
f 1953 1955 1956
f 1957 1958 1959
f 1957 1959 1960
f 1961 1962 1963
f 1961 1963 1964
f 1965 1966 1967
f 1965 1967 1968
f 1969 1970 1971
f 1969 1971 1972
f 1973 1974 1975
f 1973 1975 1976
f 1977 1978 1979
f 1977 1979 1980
f 1981 1982 1983
f 1981 1983 1984
f 1985 1986 1987
f 1985 1987 1988
f 1989 1990 1991
f 1989 1991 1992
f 1993 1994 1995
f 1993 1995 1996
f 1997 1998 1999
f 1997 1999 2000
f 2001 2002 2003
f 2001 2003 2004
f 2005 2006 2007
f 2005 2007 2008
f 2009 2010 2011
f 2009 2011 2012
f 2013 2014 2015
f 2013 2015 2016
f 2017 2018 2019
f 2017 2019 2020
f 2021 2022 2023
f 2021 2023 2024
f 2025 2026 2027
f 2025 2027 2028
f 2029 2030 2031
f 2029 2031 2032
f 2033 2034 2035
f 2033 2035 2036
f 2037 2038 2039
f 2037 2039 2040
f 2041 2042 2043
f 2041 2043 2044
f 2045 2046 2047
f 2045 2047 2048
f 2049 2050 2051
f 2049 2051 2052
f 2053 2054 2055
f 2053 2055 2056
f 2057 2058 2059
f 2057 2059 2060
f 2061 2062 2063
f 2061 2063 2064
f 2065 2066 2067
f 2065 2067 2068
f 2069 2070 2071
f 2069 2071 2072
f 2073 2074 2075
f 2073 2075 2076
f 2077 2078 2079
f 2077 2079 2080
f 2081 2082 2083
f 2081 2083 2084
f 2085 2086 2087
f 2085 2087 2088
f 2089 2090 2091
f 2089 2091 2092
f 2093 2094 2095
f 2093 2095 2096
f 2097 2098 2099
f 2097 2099 2100
f 2101 2102 2103
f 2101 2103 2104
f 2105 2106 2107
f 2105 2107 2108
f 2109 2110 2111
f 2109 2111 2112
f 2113 2114 2115
f 2113 2115 2116
f 2117 2118 2119
f 2117 2119 2120
f 2121 2122 2123
f 2121 2123 2124
f 2125 2126 2127
f 2125 2127 2128
f 2129 2130 2131
f 2129 2131 2132
f 2133 2134 2135
f 2133 2135 2136
v -7.1809 -4.3689 0.7500
v -7.0588 -3.7891 0.7500
v -6.7670 -4.3689 0.7500
v -6.5573 -4.3689 0.7500
v -6.3515 -3.3960 0.7500
v -6.5967 -3.3960 0.7500
v -6.7188 -3.9778 0.7500
v -7.0102 -3.3960 0.7500
v -7.2189 -3.3960 0.7500
v -7.4242 -4.3689 0.7500
v -7.1809 -4.3689 -0.7500
v -7.0588 -3.7891 -0.7500
v -6.7670 -4.3689 -0.7500
v -6.5573 -4.3689 -0.7500
v -6.3515 -3.3960 -0.7500
v -6.5967 -3.3960 -0.7500
v -6.7188 -3.9778 -0.7500
v -7.0102 -3.3960 -0.7500
v -7.2189 -3.3960 -0.7500
v -7.4242 -4.3689 -0.7500
v -7.2189 -3.3960 -0.7500
v -7.4242 -4.3689 -0.7500
v -7.4242 -4.3689 0.7500
v -7.2189 -3.3960 0.7500
v -7.4242 -4.3689 -0.7500
v -7.1809 -4.3689 -0.7500
v -7.1809 -4.3689 0.7500
v -7.4242 -4.3689 0.7500
v -7.0588 -3.7891 -0.7500
v -6.7670 -4.3689 -0.7500
v -6.7670 -4.3689 0.7500
v -7.0588 -3.7891 0.7500
v -6.7670 -4.3689 -0.7500
v -6.5573 -4.3689 -0.7500
v -6.5573 -4.3689 0.7500
v -6.7670 -4.3689 0.7500
v -6.5573 -4.3689 -0.7500
v -6.3515 -3.3960 -0.7500
v -6.3515 -3.3960 0.7500
v -6.5573 -4.3689 0.7500
v -6.3515 -3.3960 -0.7500
v -6.5967 -3.3960 -0.7500
v -6.5967 -3.3960 0.7500
v -6.3515 -3.3960 0.7500
v -6.7188 -3.9778 -0.7500
v -7.0102 -3.3960 -0.7500
v -7.0102 -3.3960 0.7500
v -6.7188 -3.9778 0.7500
v -7.0102 -3.3960 -0.7500
v -7.2189 -3.3960 -0.7500
v -7.2189 -3.3960 0.7500
v -7.0102 -3.3960 0.7500
v -7.1809 -4.3689 -0.7500
v -7.0588 -3.7891 -0.7500
v -7.0588 -3.7891 0.7500
v -7.1809 -4.3689 0.7500
v -6.5967 -3.3960 -0.7500
v -6.7188 -3.9778 -0.7500
v -6.7188 -3.9778 0.7500
v -6.5967 -3.3960 0.7500
f 2145 2146 2137
f 2138 2139 2140
f 2140 2141 2142
f 2143 2144 2145
f 2145 2137 2138
f 2140 2142 2143
f 2143 2145 2138
f 2138 2140 2143
f 2155 2147 2156
f 2148 2150 2149
f 2150 2152 2151
f 2153 2155 2154
f 2155 2148 2147
f 2150 2153 2152
f 2153 2148 2155
f 2148 2153 2150
f 2157 2158 2159
f 2157 2159 2160
f 2161 2162 2163
f 2161 2163 2164
f 2165 2166 2167
f 2165 2167 2168
f 2169 2170 2171
f 2169 2171 2172
f 2173 2174 2175
f 2173 2175 2176
f 2177 2178 2179
f 2177 2179 2180
f 2181 2182 2183
f 2181 2183 2184
f 2185 2186 2187
f 2185 2187 2188
f 2189 2190 2191
f 2189 2191 2192
f 2193 2194 2195
f 2193 2195 2196
v -1.2967 -4.3830 0.7500
v -1.2558 -4.3801 0.7500
v -1.2164 -4.3757 0.7500
v -1.1789 -4.3689 0.7500
v -1.1429 -4.3607 0.7500
v -1.1084 -4.3500 0.7500
v -1.0758 -4.3378 0.7500
v -1.0447 -4.3237 0.7500
v -1.0150 -4.3076 0.7500
v -0.9868 -4.2896 0.7500
v -0.9605 -4.2697 0.7500
v -0.9362 -4.2478 0.7500
v -0.9138 -4.2240 0.7500
v -0.8934 -4.1977 0.7500
v -0.8744 -4.1700 0.7500
v -0.8574 -4.1398 0.7500
v -0.8428 -4.1077 0.7500
v -0.8292 -4.0732 0.7500
v -0.8180 -4.0372 0.7500
v -0.8087 -3.9987 0.7500
v -0.6818 -3.3960 0.7500
v -0.9250 -3.3960 0.7500
v -1.0476 -3.9764 0.7500
v -1.0520 -3.9958 0.7500
v -1.0573 -4.0148 0.7500
v -1.0632 -4.0323 0.7500
v -1.0700 -4.0488 0.7500
v -1.0778 -4.0644 0.7500
v -1.0860 -4.0790 0.7500
v -1.0948 -4.0926 0.7500
v -1.1045 -4.1053 0.7500
v -1.1147 -4.1169 0.7500
v -1.1259 -4.1272 0.7500
v -1.1381 -4.1369 0.7500
v -1.1512 -4.1452 0.7500
v -1.1653 -4.1525 0.7500
v -1.1804 -4.1593 0.7500
v -1.1969 -4.1646 0.7500
v -1.2145 -4.1690 0.7500
v -1.2329 -4.1724 0.7500
v -1.2529 -4.1753 0.7500
v -1.2733 -4.1768 0.7500
v -1.2952 -4.1773 0.7500
v -1.3166 -4.1768 0.7500
v -1.3366 -4.1753 0.7500
v -1.3546 -4.1724 0.7500
v -1.3716 -4.1690 0.7500
v -1.3867 -4.1646 0.7500
v -1.4008 -4.1593 0.7500
v -1.4129 -4.1525 0.7500
v -1.4236 -4.1452 0.7500
v -1.4334 -4.1369 0.7500
v -1.4412 -4.1272 0.7500
v -1.4475 -4.1169 0.7500
v -1.4528 -4.1053 0.7500
v -1.4572 -4.0926 0.7500
v -1.4601 -4.0790 0.7500
v -1.4626 -4.0644 0.7500
v -1.4630 -4.0488 0.7500
v -1.4630 -4.0323 0.7500
v -1.4616 -4.0148 0.7500
v -1.4591 -3.9958 0.7500
v -1.4553 -3.9764 0.7500
v -1.3332 -3.3960 0.7500
v -1.5764 -3.3960 0.7500
v -1.7034 -3.9987 0.7500
v -1.7072 -4.0216 0.7500
v -1.7102 -4.0440 0.7500
v -1.7116 -4.0659 0.7500
v -1.7121 -4.0873 0.7500
v -1.7111 -4.1077 0.7500
v -1.7087 -4.1276 0.7500
v -1.7053 -4.1471 0.7500
v -1.7004 -4.1661 0.7500
v -1.6941 -4.1846 0.7500
v -1.6863 -4.2021 0.7500
v -1.6781 -4.2191 0.7500
v -1.6683 -4.2352 0.7500
v -1.6576 -4.2507 0.7500
v -1.6460 -4.2653 0.7500
v -1.6328 -4.2789 0.7500
v -1.6192 -4.2921 0.7500
v -1.6046 -4.3042 0.7500
v -1.5890 -4.3159 0.7500
v -1.5720 -4.3266 0.7500
v -1.5545 -4.3363 0.7500
v -1.5355 -4.3456 0.7500
v -1.5166 -4.3539 0.7500
v -1.4966 -4.3607 0.7500
v -1.4762 -4.3670 0.7500
v -1.4548 -4.3723 0.7500
v -1.4329 -4.3762 0.7500
v -1.4105 -4.3796 0.7500
v -1.3872 -4.3821 0.7500
v -1.3633 -4.3835 0.7500
v -1.3390 -4.3840 0.7500
v -1.2967 -4.3830 -0.7500
v -1.2558 -4.3801 -0.7500
v -1.2164 -4.3757 -0.7500
v -1.1789 -4.3689 -0.7500
v -1.1429 -4.3607 -0.7500
v -1.1084 -4.3500 -0.7500
v -1.0758 -4.3378 -0.7500
v -1.0447 -4.3237 -0.7500
v -1.0150 -4.3076 -0.7500
v -0.9868 -4.2896 -0.7500
v -0.9605 -4.2697 -0.7500
v -0.9362 -4.2478 -0.7500
v -0.9138 -4.2240 -0.7500
v -0.8934 -4.1977 -0.7500
v -0.8744 -4.1700 -0.7500
v -0.8574 -4.1398 -0.7500
v -0.8428 -4.1077 -0.7500
v -0.8292 -4.0732 -0.7500
v -0.8180 -4.0372 -0.7500
v -0.8087 -3.9987 -0.7500
v -0.6818 -3.3960 -0.7500
v -0.9250 -3.3960 -0.7500
v -1.0476 -3.9764 -0.7500
v -1.0520 -3.9958 -0.7500
v -1.0573 -4.0148 -0.7500
v -1.0632 -4.0323 -0.7500
v -1.0700 -4.0488 -0.7500
v -1.0778 -4.0644 -0.7500
v -1.0860 -4.0790 -0.7500
v -1.0948 -4.0926 -0.7500
v -1.1045 -4.1053 -0.7500
v -1.1147 -4.1169 -0.7500
v -1.1259 -4.1272 -0.7500
v -1.1381 -4.1369 -0.7500
v -1.1512 -4.1452 -0.7500
v -1.1653 -4.1525 -0.7500
v -1.1804 -4.1593 -0.7500
v -1.1969 -4.1646 -0.7500
v -1.2145 -4.1690 -0.7500
v -1.2329 -4.1724 -0.7500
v -1.2529 -4.1753 -0.7500
v -1.2733 -4.1768 -0.7500
v -1.2952 -4.1773 -0.7500
v -1.3166 -4.1768 -0.7500
v -1.3366 -4.1753 -0.7500
v -1.3546 -4.1724 -0.7500
v -1.3716 -4.1690 -0.7500
v -1.3867 -4.1646 -0.7500
v -1.4008 -4.1593 -0.7500
v -1.4129 -4.1525 -0.7500
v -1.4236 -4.1452 -0.7500
v -1.4334 -4.1369 -0.7500
v -1.4412 -4.1272 -0.7500
v -1.4475 -4.1169 -0.7500
v -1.4528 -4.1053 -0.7500
v -1.4572 -4.0926 -0.7500
v -1.4601 -4.0790 -0.7500
v -1.4626 -4.0644 -0.7500
v -1.4630 -4.0488 -0.7500
v -1.4630 -4.0323 -0.7500
v -1.4616 -4.0148 -0.7500
v -1.4591 -3.9958 -0.7500
v -1.4553 -3.9764 -0.7500
v -1.3332 -3.3960 -0.7500
v -1.5764 -3.3960 -0.7500
v -1.7034 -3.9987 -0.7500
v -1.7072 -4.0216 -0.7500
v -1.7102 -4.0440 -0.7500
v -1.7116 -4.0659 -0.7500
v -1.7121 -4.0873 -0.7500
v -1.7111 -4.1077 -0.7500
v -1.7087 -4.1276 -0.7500
v -1.7053 -4.1471 -0.7500
v -1.7004 -4.1661 -0.7500
v -1.6941 -4.1846 -0.7500
v -1.6863 -4.2021 -0.7500
v -1.6781 -4.2191 -0.7500
v -1.6683 -4.2352 -0.7500
v -1.6576 -4.2507 -0.7500
v -1.6460 -4.2653 -0.7500
v -1.6328 -4.2789 -0.7500
v -1.6192 -4.2921 -0.7500
v -1.6046 -4.3042 -0.7500
v -1.5890 -4.3159 -0.7500
v -1.5720 -4.3266 -0.7500
v -1.5545 -4.3363 -0.7500
v -1.5355 -4.3456 -0.7500
v -1.5166 -4.3539 -0.7500
v -1.4966 -4.3607 -0.7500
v -1.4762 -4.3670 -0.7500
v -1.4548 -4.3723 -0.7500
v -1.4329 -4.3762 -0.7500
v -1.4105 -4.3796 -0.7500
v -1.3872 -4.3821 -0.7500
v -1.3633 -4.3835 -0.7500
v -1.3390 -4.3840 -0.7500
v -1.3633 -4.3835 -0.7500
v -1.3390 -4.3840 -0.7500
v -1.3390 -4.3840 0.7500
v -1.3633 -4.3835 0.7500
v -1.3390 -4.3840 -0.7500
v -1.2967 -4.3830 -0.7500
v -1.2967 -4.3830 0.7500
v -1.3390 -4.3840 0.7500
v -1.2967 -4.3830 -0.7500
v -1.2558 -4.3801 -0.7500
v -1.2558 -4.3801 0.7500
v -1.2967 -4.3830 0.7500
v -1.2558 -4.3801 -0.7500
v -1.2164 -4.3757 -0.7500
v -1.2164 -4.3757 0.7500
v -1.2558 -4.3801 0.7500
v -1.2164 -4.3757 -0.7500
v -1.1789 -4.3689 -0.7500
v -1.1789 -4.3689 0.7500
v -1.2164 -4.3757 0.7500
v -1.1789 -4.3689 -0.7500
v -1.1429 -4.3607 -0.7500
v -1.1429 -4.3607 0.7500
v -1.1789 -4.3689 0.7500
v -1.1429 -4.3607 -0.7500
v -1.1084 -4.3500 -0.7500
v -1.1084 -4.3500 0.7500
v -1.1429 -4.3607 0.7500
v -1.1084 -4.3500 -0.7500
v -1.0758 -4.3378 -0.7500
v -1.0758 -4.3378 0.7500
v -1.1084 -4.3500 0.7500
v -1.0758 -4.3378 -0.7500
v -1.0447 -4.3237 -0.7500
v -1.0447 -4.3237 0.7500
v -1.0758 -4.3378 0.7500
v -1.0447 -4.3237 -0.7500
v -1.0150 -4.3076 -0.7500
v -1.0150 -4.3076 0.7500
v -1.0447 -4.3237 0.7500
v -1.0150 -4.3076 -0.7500
v -0.9868 -4.2896 -0.7500
v -0.9868 -4.2896 0.7500
v -1.0150 -4.3076 0.7500
v -0.9868 -4.2896 -0.7500
v -0.9605 -4.2697 -0.7500
v -0.9605 -4.2697 0.7500
v -0.9868 -4.2896 0.7500
v -0.9605 -4.2697 -0.7500
v -0.9362 -4.2478 -0.7500
v -0.9362 -4.2478 0.7500
v -0.9605 -4.2697 0.7500
v -0.9362 -4.2478 -0.7500
v -0.9138 -4.2240 -0.7500
v -0.9138 -4.2240 0.7500
v -0.9362 -4.2478 0.7500
v -0.9138 -4.2240 -0.7500
v -0.8934 -4.1977 -0.7500
v -0.8934 -4.1977 0.7500
v -0.9138 -4.2240 0.7500
v -0.8934 -4.1977 -0.7500
v -0.8744 -4.1700 -0.7500
v -0.8744 -4.1700 0.7500
v -0.8934 -4.1977 0.7500
v -0.8744 -4.1700 -0.7500
v -0.8574 -4.1398 -0.7500
v -0.8574 -4.1398 0.7500
v -0.8744 -4.1700 0.7500
v -0.8574 -4.1398 -0.7500
v -0.8428 -4.1077 -0.7500
v -0.8428 -4.1077 0.7500
v -0.8574 -4.1398 0.7500
v -0.8428 -4.1077 -0.7500
v -0.8292 -4.0732 -0.7500
v -0.8292 -4.0732 0.7500
v -0.8428 -4.1077 0.7500
v -0.8292 -4.0732 -0.7500
v -0.8180 -4.0372 -0.7500
v -0.8180 -4.0372 0.7500
v -0.8292 -4.0732 0.7500
v -0.8180 -4.0372 -0.7500
v -0.8087 -3.9987 -0.7500
v -0.8087 -3.9987 0.7500
v -0.8180 -4.0372 0.7500
v -0.8087 -3.9987 -0.7500
v -0.6818 -3.3960 -0.7500
v -0.6818 -3.3960 0.7500
v -0.8087 -3.9987 0.7500
v -0.6818 -3.3960 -0.7500
v -0.9250 -3.3960 -0.7500
v -0.9250 -3.3960 0.7500
v -0.6818 -3.3960 0.7500
v -0.9250 -3.3960 -0.7500
v -1.0476 -3.9764 -0.7500
v -1.0476 -3.9764 0.7500
v -0.9250 -3.3960 0.7500
v -1.4553 -3.9764 -0.7500
v -1.3332 -3.3960 -0.7500
v -1.3332 -3.3960 0.7500
v -1.4553 -3.9764 0.7500
v -1.3332 -3.3960 -0.7500
v -1.5764 -3.3960 -0.7500
v -1.5764 -3.3960 0.7500
v -1.3332 -3.3960 0.7500
v -1.5764 -3.3960 -0.7500
v -1.7034 -3.9987 -0.7500
v -1.7034 -3.9987 0.7500
v -1.5764 -3.3960 0.7500
v -1.7034 -3.9987 -0.7500
v -1.7072 -4.0216 -0.7500
v -1.7072 -4.0216 0.7500
v -1.7034 -3.9987 0.7500
v -1.7072 -4.0216 -0.7500
v -1.7102 -4.0440 -0.7500
v -1.7102 -4.0440 0.7500
v -1.7072 -4.0216 0.7500
v -1.7102 -4.0440 -0.7500
v -1.7116 -4.0659 -0.7500
v -1.7116 -4.0659 0.7500
v -1.7102 -4.0440 0.7500
v -1.7116 -4.0659 -0.7500
v -1.7121 -4.0873 -0.7500
v -1.7121 -4.0873 0.7500
v -1.7116 -4.0659 0.7500
v -1.7121 -4.0873 -0.7500
v -1.7111 -4.1077 -0.7500
v -1.7111 -4.1077 0.7500
v -1.7121 -4.0873 0.7500
v -1.7111 -4.1077 -0.7500
v -1.7087 -4.1276 -0.7500
v -1.7087 -4.1276 0.7500
v -1.7111 -4.1077 0.7500
v -1.7087 -4.1276 -0.7500
v -1.7053 -4.1471 -0.7500
v -1.7053 -4.1471 0.7500
v -1.7087 -4.1276 0.7500
v -1.7053 -4.1471 -0.7500
v -1.7004 -4.1661 -0.7500
v -1.7004 -4.1661 0.7500
v -1.7053 -4.1471 0.7500
v -1.7004 -4.1661 -0.7500
v -1.6941 -4.1846 -0.7500
v -1.6941 -4.1846 0.7500
v -1.7004 -4.1661 0.7500
v -1.6941 -4.1846 -0.7500
v -1.6863 -4.2021 -0.7500
v -1.6863 -4.2021 0.7500
v -1.6941 -4.1846 0.7500
v -1.6863 -4.2021 -0.7500
v -1.6781 -4.2191 -0.7500
v -1.6781 -4.2191 0.7500
v -1.6863 -4.2021 0.7500
v -1.6781 -4.2191 -0.7500
v -1.6683 -4.2352 -0.7500
v -1.6683 -4.2352 0.7500
v -1.6781 -4.2191 0.7500
v -1.6683 -4.2352 -0.7500
v -1.6576 -4.2507 -0.7500
v -1.6576 -4.2507 0.7500
v -1.6683 -4.2352 0.7500
v -1.6576 -4.2507 -0.7500
v -1.6460 -4.2653 -0.7500
v -1.6460 -4.2653 0.7500
v -1.6576 -4.2507 0.7500
v -1.6460 -4.2653 -0.7500
v -1.6328 -4.2789 -0.7500
v -1.6328 -4.2789 0.7500
v -1.6460 -4.2653 0.7500
v -1.6328 -4.2789 -0.7500
v -1.6192 -4.2921 -0.7500
v -1.6192 -4.2921 0.7500
v -1.6328 -4.2789 0.7500
v -1.6192 -4.2921 -0.7500
v -1.6046 -4.3042 -0.7500
v -1.6046 -4.3042 0.7500
v -1.6192 -4.2921 0.7500
v -1.6046 -4.3042 -0.7500
v -1.5890 -4.3159 -0.7500
v -1.5890 -4.3159 0.7500
v -1.6046 -4.3042 0.7500
v -1.5890 -4.3159 -0.7500
v -1.5720 -4.3266 -0.7500
v -1.5720 -4.3266 0.7500
v -1.5890 -4.3159 0.7500
v -1.5720 -4.3266 -0.7500
v -1.5545 -4.3363 -0.7500
v -1.5545 -4.3363 0.7500
v -1.5720 -4.3266 0.7500
v -1.5545 -4.3363 -0.7500
v -1.5355 -4.3456 -0.7500
v -1.5355 -4.3456 0.7500
v -1.5545 -4.3363 0.7500
v -1.5355 -4.3456 -0.7500
v -1.5166 -4.3539 -0.7500
v -1.5166 -4.3539 0.7500
v -1.5355 -4.3456 0.7500
v -1.5166 -4.3539 -0.7500
v -1.4966 -4.3607 -0.7500
v -1.4966 -4.3607 0.7500
v -1.5166 -4.3539 0.7500
v -1.4966 -4.3607 -0.7500
v -1.4762 -4.3670 -0.7500
v -1.4762 -4.3670 0.7500
v -1.4966 -4.3607 0.7500
v -1.4762 -4.3670 -0.7500
v -1.4548 -4.3723 -0.7500
v -1.4548 -4.3723 0.7500
v -1.4762 -4.3670 0.7500
v -1.4548 -4.3723 -0.7500
v -1.4329 -4.3762 -0.7500
v -1.4329 -4.3762 0.7500
v -1.4548 -4.3723 0.7500
v -1.4329 -4.3762 -0.7500
v -1.4105 -4.3796 -0.7500
v -1.4105 -4.3796 0.7500
v -1.4329 -4.3762 0.7500
v -1.4105 -4.3796 -0.7500
v -1.3872 -4.3821 -0.7500
v -1.3872 -4.3821 0.7500
v -1.4105 -4.3796 0.7500
v -1.3872 -4.3821 -0.7500
v -1.3633 -4.3835 -0.7500
v -1.3633 -4.3835 0.7500
v -1.3872 -4.3821 0.7500
v -1.4591 -3.9958 -0.7500
v -1.4553 -3.9764 -0.7500
v -1.4553 -3.9764 0.7500
v -1.4591 -3.9958 0.7500
v -1.0476 -3.9764 -0.7500
v -1.0520 -3.9958 -0.7500
v -1.0520 -3.9958 0.7500
v -1.0476 -3.9764 0.7500
v -1.4616 -4.0148 -0.7500
v -1.4591 -3.9958 -0.7500
v -1.4591 -3.9958 0.7500
v -1.4616 -4.0148 0.7500
v -1.0520 -3.9958 -0.7500
v -1.0573 -4.0148 -0.7500
v -1.0573 -4.0148 0.7500
v -1.0520 -3.9958 0.7500
v -1.4630 -4.0323 -0.7500
v -1.4616 -4.0148 -0.7500
v -1.4616 -4.0148 0.7500
v -1.4630 -4.0323 0.7500
v -1.0573 -4.0148 -0.7500
v -1.0632 -4.0323 -0.7500
v -1.0632 -4.0323 0.7500
v -1.0573 -4.0148 0.7500
v -1.4630 -4.0488 -0.7500
v -1.4630 -4.0323 -0.7500
v -1.4630 -4.0323 0.7500
v -1.4630 -4.0488 0.7500
v -1.0632 -4.0323 -0.7500
v -1.0700 -4.0488 -0.7500
v -1.0700 -4.0488 0.7500
v -1.0632 -4.0323 0.7500
v -1.4626 -4.0644 -0.7500
v -1.4630 -4.0488 -0.7500
v -1.4630 -4.0488 0.7500
v -1.4626 -4.0644 0.7500
v -1.4601 -4.0790 -0.7500
v -1.4626 -4.0644 -0.7500
v -1.4626 -4.0644 0.7500
v -1.4601 -4.0790 0.7500
v -1.0700 -4.0488 -0.7500
v -1.0778 -4.0644 -0.7500
v -1.0778 -4.0644 0.7500
v -1.0700 -4.0488 0.7500
v -1.0778 -4.0644 -0.7500
v -1.0860 -4.0790 -0.7500
v -1.0860 -4.0790 0.7500
v -1.0778 -4.0644 0.7500
v -1.4572 -4.0926 -0.7500
v -1.4601 -4.0790 -0.7500
v -1.4601 -4.0790 0.7500
v -1.4572 -4.0926 0.7500
v -1.0860 -4.0790 -0.7500
v -1.0948 -4.0926 -0.7500
v -1.0948 -4.0926 0.7500
v -1.0860 -4.0790 0.7500
v -1.4528 -4.1053 -0.7500
v -1.4572 -4.0926 -0.7500
v -1.4572 -4.0926 0.7500
v -1.4528 -4.1053 0.7500
v -1.0948 -4.0926 -0.7500
v -1.1045 -4.1053 -0.7500
v -1.1045 -4.1053 0.7500
v -1.0948 -4.0926 0.7500
v -1.4475 -4.1169 -0.7500
v -1.4528 -4.1053 -0.7500
v -1.4528 -4.1053 0.7500
v -1.4475 -4.1169 0.7500
v -1.1045 -4.1053 -0.7500
v -1.1147 -4.1169 -0.7500
v -1.1147 -4.1169 0.7500
v -1.1045 -4.1053 0.7500
v -1.4412 -4.1272 -0.7500
v -1.4475 -4.1169 -0.7500
v -1.4475 -4.1169 0.7500
v -1.4412 -4.1272 0.7500
v -1.1147 -4.1169 -0.7500
v -1.1259 -4.1272 -0.7500
v -1.1259 -4.1272 0.7500
v -1.1147 -4.1169 0.7500
v -1.4334 -4.1369 -0.7500
v -1.4412 -4.1272 -0.7500
v -1.4412 -4.1272 0.7500
v -1.4334 -4.1369 0.7500
v -1.1259 -4.1272 -0.7500
v -1.1381 -4.1369 -0.7500
v -1.1381 -4.1369 0.7500
v -1.1259 -4.1272 0.7500
v -1.4236 -4.1452 -0.7500
v -1.4334 -4.1369 -0.7500
v -1.4334 -4.1369 0.7500
v -1.4236 -4.1452 0.7500
v -1.1381 -4.1369 -0.7500
v -1.1512 -4.1452 -0.7500
v -1.1512 -4.1452 0.7500
v -1.1381 -4.1369 0.7500
v -1.4129 -4.1525 -0.7500
v -1.4236 -4.1452 -0.7500
v -1.4236 -4.1452 0.7500
v -1.4129 -4.1525 0.7500
v -1.1512 -4.1452 -0.7500
v -1.1653 -4.1525 -0.7500
v -1.1653 -4.1525 0.7500
v -1.1512 -4.1452 0.7500
v -1.4008 -4.1593 -0.7500
v -1.4129 -4.1525 -0.7500
v -1.4129 -4.1525 0.7500
v -1.4008 -4.1593 0.7500
v -1.1653 -4.1525 -0.7500
v -1.1804 -4.1593 -0.7500
v -1.1804 -4.1593 0.7500
v -1.1653 -4.1525 0.7500
v -1.3867 -4.1646 -0.7500
v -1.4008 -4.1593 -0.7500
v -1.4008 -4.1593 0.7500
v -1.3867 -4.1646 0.7500
v -1.1804 -4.1593 -0.7500
v -1.1969 -4.1646 -0.7500
v -1.1969 -4.1646 0.7500
v -1.1804 -4.1593 0.7500
v -1.3716 -4.1690 -0.7500
v -1.3867 -4.1646 -0.7500
v -1.3867 -4.1646 0.7500
v -1.3716 -4.1690 0.7500
v -1.3546 -4.1724 -0.7500
v -1.3716 -4.1690 -0.7500
v -1.3716 -4.1690 0.7500
v -1.3546 -4.1724 0.7500
v -1.1969 -4.1646 -0.7500
v -1.2145 -4.1690 -0.7500
v -1.2145 -4.1690 0.7500
v -1.1969 -4.1646 0.7500
v -1.3366 -4.1753 -0.7500
v -1.3546 -4.1724 -0.7500
v -1.3546 -4.1724 0.7500
v -1.3366 -4.1753 0.7500
v -1.2145 -4.1690 -0.7500
v -1.2329 -4.1724 -0.7500
v -1.2329 -4.1724 0.7500
v -1.2145 -4.1690 0.7500
v -1.3166 -4.1768 -0.7500
v -1.3366 -4.1753 -0.7500
v -1.3366 -4.1753 0.7500
v -1.3166 -4.1768 0.7500
v -1.2329 -4.1724 -0.7500
v -1.2529 -4.1753 -0.7500
v -1.2529 -4.1753 0.7500
v -1.2329 -4.1724 0.7500
v -1.2952 -4.1773 -0.7500
v -1.3166 -4.1768 -0.7500
v -1.3166 -4.1768 0.7500
v -1.2952 -4.1773 0.7500
v -1.2529 -4.1753 -0.7500
v -1.2733 -4.1768 -0.7500
v -1.2733 -4.1768 0.7500
v -1.2529 -4.1753 0.7500
v -1.2733 -4.1768 -0.7500
v -1.2952 -4.1773 -0.7500
v -1.2952 -4.1773 0.7500
v -1.2733 -4.1768 0.7500
f 2291 2292 2197
f 2197 2198 2199
f 2199 2200 2201
f 2201 2202 2203
f 2203 2204 2205
f 2205 2206 2207
f 2207 2208 2209
f 2209 2210 2211
f 2211 2212 2213
f 2213 2214 2215
f 2215 2216 2217
f 2217 2218 2219
f 2259 2260 2261
f 2261 2262 2263
f 2263 2264 2265
f 2265 2266 2267
f 2267 2268 2269
f 2269 2270 2271
f 2271 2272 2273
f 2273 2274 2275
f 2275 2276 2277
f 2277 2278 2279
f 2279 2280 2281
f 2281 2282 2283
f 2283 2284 2285
f 2285 2286 2287
f 2287 2288 2289
f 2289 2290 2291
f 2291 2197 2199
f 2199 2201 2203
f 2203 2205 2207
f 2207 2209 2211
f 2211 2213 2215
f 2215 2217 2219
f 2258 2259 2261
f 2261 2263 2265
f 2265 2267 2269
f 2269 2271 2273
f 2273 2275 2277
f 2277 2279 2281
f 2281 2283 2285
f 2285 2287 2289
f 2289 2291 2199
f 2199 2203 2207
f 2207 2211 2215
f 2215 2219 2220
f 2257 2258 2261
f 2261 2265 2269
f 2269 2273 2277
f 2277 2281 2285
f 2285 2289 2199
f 2199 2207 2215
f 2215 2220 2221
f 2256 2257 2261
f 2261 2269 2277
f 2277 2285 2199
f 2215 2221 2222
f 2255 2256 2261
f 2215 2222 2223
f 2254 2255 2261
f 2199 2215 2223
f 2253 2254 2261
f 2199 2223 2224
f 2253 2261 2277
f 2199 2224 2225
f 2252 2253 2277
f 2199 2225 2226
f 2251 2252 2277
f 2199 2226 2227
f 2250 2251 2277
f 2199 2227 2228
f 2249 2250 2277
f 2199 2228 2229
f 2248 2249 2277
f 2199 2229 2230
f 2247 2248 2277
f 2199 2230 2231
f 2246 2247 2277
f 2199 2231 2232
f 2245 2246 2277
f 2199 2232 2233
f 2244 2245 2277
f 2199 2233 2234
f 2243 2244 2277
f 2277 2199 2234
f 2242 2243 2277
f 2277 2234 2235
f 2241 2242 2277
f 2277 2235 2236
f 2240 2241 2277
f 2277 2236 2237
f 2239 2240 2277
f 2277 2237 2238
f 2238 2239 2277
f 2387 2293 2388
f 2293 2295 2294
f 2295 2297 2296
f 2297 2299 2298
f 2299 2301 2300
f 2301 2303 2302
f 2303 2305 2304
f 2305 2307 2306
f 2307 2309 2308
f 2309 2311 2310
f 2311 2313 2312
f 2313 2315 2314
f 2355 2357 2356
f 2357 2359 2358
f 2359 2361 2360
f 2361 2363 2362
f 2363 2365 2364
f 2365 2367 2366
f 2367 2369 2368
f 2369 2371 2370
f 2371 2373 2372
f 2373 2375 2374
f 2375 2377 2376
f 2377 2379 2378
f 2379 2381 2380
f 2381 2383 2382
f 2383 2385 2384
f 2385 2387 2386
f 2387 2295 2293
f 2295 2299 2297
f 2299 2303 2301
f 2303 2307 2305
f 2307 2311 2309
f 2311 2315 2313
f 2354 2357 2355
f 2357 2361 2359
f 2361 2365 2363
f 2365 2369 2367
f 2369 2373 2371
f 2373 2377 2375
f 2377 2381 2379
f 2381 2385 2383
f 2385 2295 2387
f 2295 2303 2299
f 2303 2311 2307
f 2311 2316 2315
f 2353 2357 2354
f 2357 2365 2361
f 2365 2373 2369
f 2373 2381 2377
f 2381 2295 2385
f 2295 2311 2303
f 2311 2317 2316
f 2352 2357 2353
f 2357 2373 2365
f 2373 2295 2381
f 2311 2318 2317
f 2351 2357 2352
f 2311 2319 2318
f 2350 2357 2351
f 2295 2319 2311
f 2349 2357 2350
f 2295 2320 2319
f 2349 2373 2357
f 2295 2321 2320
f 2348 2373 2349
f 2295 2322 2321
f 2347 2373 2348
f 2295 2323 2322
f 2346 2373 2347
f 2295 2324 2323
f 2345 2373 2346
f 2295 2325 2324
f 2344 2373 2345
f 2295 2326 2325
f 2343 2373 2344
f 2295 2327 2326
f 2342 2373 2343
f 2295 2328 2327
f 2341 2373 2342
f 2295 2329 2328
f 2340 2373 2341
f 2295 2330 2329
f 2339 2373 2340
f 2373 2330 2295
f 2338 2373 2339
f 2373 2331 2330
f 2337 2373 2338
f 2373 2332 2331
f 2336 2373 2337
f 2373 2333 2332
f 2335 2373 2336
f 2373 2334 2333
f 2334 2373 2335
f 2389 2390 2391
f 2389 2391 2392
f 2393 2394 2395
f 2393 2395 2396
f 2397 2398 2399
f 2397 2399 2400
f 2401 2402 2403
f 2401 2403 2404
f 2405 2406 2407
f 2405 2407 2408
f 2409 2410 2411
f 2409 2411 2412
f 2413 2414 2415
f 2413 2415 2416
f 2417 2418 2419
f 2417 2419 2420
f 2421 2422 2423
f 2421 2423 2424
f 2425 2426 2427
f 2425 2427 2428
f 2429 2430 2431
f 2429 2431 2432
f 2433 2434 2435
f 2433 2435 2436
f 2437 2438 2439
f 2437 2439 2440
f 2441 2442 2443
f 2441 2443 2444
f 2445 2446 2447
f 2445 2447 2448
f 2449 2450 2451
f 2449 2451 2452
f 2453 2454 2455
f 2453 2455 2456
f 2457 2458 2459
f 2457 2459 2460
f 2461 2462 2463
f 2461 2463 2464
f 2465 2466 2467
f 2465 2467 2468
f 2469 2470 2471
f 2469 2471 2472
f 2473 2474 2475
f 2473 2475 2476
f 2477 2478 2479
f 2477 2479 2480
f 2481 2482 2483
f 2481 2483 2484
f 2485 2486 2487
f 2485 2487 2488
f 2489 2490 2491
f 2489 2491 2492
f 2493 2494 2495
f 2493 2495 2496
f 2497 2498 2499
f 2497 2499 2500
f 2501 2502 2503
f 2501 2503 2504
f 2505 2506 2507
f 2505 2507 2508
f 2509 2510 2511
f 2509 2511 2512
f 2513 2514 2515
f 2513 2515 2516
f 2517 2518 2519
f 2517 2519 2520
f 2521 2522 2523
f 2521 2523 2524
f 2525 2526 2527
f 2525 2527 2528
f 2529 2530 2531
f 2529 2531 2532
f 2533 2534 2535
f 2533 2535 2536
f 2537 2538 2539
f 2537 2539 2540
f 2541 2542 2543
f 2541 2543 2544
f 2545 2546 2547
f 2545 2547 2548
f 2549 2550 2551
f 2549 2551 2552
f 2553 2554 2555
f 2553 2555 2556
f 2557 2558 2559
f 2557 2559 2560
f 2561 2562 2563
f 2561 2563 2564
f 2565 2566 2567
f 2565 2567 2568
f 2569 2570 2571
f 2569 2571 2572
f 2573 2574 2575
f 2573 2575 2576
f 2577 2578 2579
f 2577 2579 2580
f 2581 2582 2583
f 2581 2583 2584
f 2585 2586 2587
f 2585 2587 2588
f 2589 2590 2591
f 2589 2591 2592
f 2593 2594 2595
f 2593 2595 2596
f 2597 2598 2599
f 2597 2599 2600
f 2601 2602 2603
f 2601 2603 2604
f 2605 2606 2607
f 2605 2607 2608
f 2609 2610 2611
f 2609 2611 2612
f 2613 2614 2615
f 2613 2615 2616
f 2617 2618 2619
f 2617 2619 2620
f 2621 2622 2623
f 2621 2623 2624
f 2625 2626 2627
f 2625 2627 2628
f 2629 2630 2631
f 2629 2631 2632
f 2633 2634 2635
f 2633 2635 2636
f 2637 2638 2639
f 2637 2639 2640
f 2641 2642 2643
f 2641 2643 2644
f 2645 2646 2647
f 2645 2647 2648
f 2649 2650 2651
f 2649 2651 2652
f 2653 2654 2655
f 2653 2655 2656
f 2657 2658 2659
f 2657 2659 2660
f 2661 2662 2663
f 2661 2663 2664
f 2665 2666 2667
f 2665 2667 2668
f 2669 2670 2671
f 2669 2671 2672
f 2673 2674 2675
f 2673 2675 2676
f 2677 2678 2679
f 2677 2679 2680
f 2681 2682 2683
f 2681 2683 2684
f 2685 2686 2687
f 2685 2687 2688
f 2689 2690 2691
f 2689 2691 2692
f 2693 2694 2695
f 2693 2695 2696
f 2697 2698 2699
f 2697 2699 2700
f 2701 2702 2703
f 2701 2703 2704
f 2705 2706 2707
f 2705 2707 2708
f 2709 2710 2711
f 2709 2711 2712
f 2713 2714 2715
f 2713 2715 2716
f 2717 2718 2719
f 2717 2719 2720
f 2721 2722 2723
f 2721 2723 2724
f 2725 2726 2727
f 2725 2727 2728
f 2729 2730 2731
f 2729 2731 2732
f 2733 2734 2735
f 2733 2735 2736
f 2737 2738 2739
f 2737 2739 2740
f 2741 2742 2743
f 2741 2743 2744
f 2745 2746 2747
f 2745 2747 2748
f 2749 2750 2751
f 2749 2751 2752
f 2753 2754 2755
f 2753 2755 2756
f 2757 2758 2759
f 2757 2759 2760
f 2761 2762 2763
f 2761 2763 2764
f 2765 2766 2767
f 2765 2767 2768
f 2769 2770 2771
f 2769 2771 2772
v -9.0212 -4.3689 0.7500
v -8.3037 -4.3689 0.7500
v -8.2643 -4.1816 0.7500
v -8.7386 -4.1816 0.7500
v -8.6948 -3.9778 0.7500
v -8.2765 -3.9778 0.7500
v -8.2371 -3.7871 0.7500
v -8.6554 -3.7871 0.7500
v -8.6116 -3.5833 0.7500
v -8.1373 -3.5833 0.7500
v -8.0979 -3.3960 0.7500
v -8.8159 -3.3960 0.7500
v -9.0212 -4.3689 -0.7500
v -8.3037 -4.3689 -0.7500
v -8.2643 -4.1816 -0.7500
v -8.7386 -4.1816 -0.7500
v -8.6948 -3.9778 -0.7500
v -8.2765 -3.9778 -0.7500
v -8.2371 -3.7871 -0.7500
v -8.6554 -3.7871 -0.7500
v -8.6116 -3.5833 -0.7500
v -8.1373 -3.5833 -0.7500
v -8.0979 -3.3960 -0.7500
v -8.8159 -3.3960 -0.7500
v -9.0212 -4.3689 -0.7500
v -8.3037 -4.3689 -0.7500
v -8.3037 -4.3689 0.7500
v -9.0212 -4.3689 0.7500
v -8.3037 -4.3689 -0.7500
v -8.2643 -4.1816 -0.7500
v -8.2643 -4.1816 0.7500
v -8.3037 -4.3689 0.7500
v -8.6948 -3.9778 -0.7500
v -8.2765 -3.9778 -0.7500
v -8.2765 -3.9778 0.7500
v -8.6948 -3.9778 0.7500
v -8.2765 -3.9778 -0.7500
v -8.2371 -3.7871 -0.7500
v -8.2371 -3.7871 0.7500
v -8.2765 -3.9778 0.7500
v -8.6116 -3.5833 -0.7500
v -8.1373 -3.5833 -0.7500
v -8.1373 -3.5833 0.7500
v -8.6116 -3.5833 0.7500
v -8.1373 -3.5833 -0.7500
v -8.0979 -3.3960 -0.7500
v -8.0979 -3.3960 0.7500
v -8.1373 -3.5833 0.7500
v -8.2643 -4.1816 -0.7500
v -8.7386 -4.1816 -0.7500
v -8.7386 -4.1816 0.7500
v -8.2643 -4.1816 0.7500
v -8.2371 -3.7871 -0.7500
v -8.6554 -3.7871 -0.7500
v -8.6554 -3.7871 0.7500
v -8.2371 -3.7871 0.7500
v -8.0979 -3.3960 -0.7500
v -8.8159 -3.3960 -0.7500
v -8.8159 -3.3960 0.7500
v -8.0979 -3.3960 0.7500
v -8.8159 -3.3960 -0.7500
v -9.0212 -4.3689 -0.7500
v -9.0212 -4.3689 0.7500
v -8.8159 -3.3960 0.7500
v -8.7386 -4.1816 -0.7500
v -8.6948 -3.9778 -0.7500
v -8.6948 -3.9778 0.7500
v -8.7386 -4.1816 0.7500
v -8.6554 -3.7871 -0.7500
v -8.6116 -3.5833 -0.7500
v -8.6116 -3.5833 0.7500
v -8.6554 -3.7871 0.7500
f 2773 2774 2775
f 2777 2778 2779
f 2781 2782 2783
f 2773 2775 2776
f 2777 2779 2780
f 2781 2783 2784
f 2784 2773 2776
f 2776 2777 2780
f 2780 2781 2784
f 2784 2776 2780
f 2785 2787 2786
f 2789 2791 2790
f 2793 2795 2794
f 2785 2788 2787
f 2789 2792 2791
f 2793 2796 2795
f 2796 2788 2785
f 2788 2792 2789
f 2792 2796 2793
f 2796 2792 2788
f 2797 2798 2799
f 2797 2799 2800
f 2801 2802 2803
f 2801 2803 2804
f 2805 2806 2807
f 2805 2807 2808
f 2809 2810 2811
f 2809 2811 2812
f 2813 2814 2815
f 2813 2815 2816
f 2817 2818 2819
f 2817 2819 2820
f 2821 2822 2823
f 2821 2823 2824
f 2825 2826 2827
f 2825 2827 2828
f 2829 2830 2831
f 2829 2831 2832
f 2833 2834 2835
f 2833 2835 2836
f 2837 2838 2839
f 2837 2839 2840
f 2841 2842 2843
f 2841 2843 2844
v -5.1660 -4.3689 0.7500
v -4.4480 -4.3689 0.7500
v -4.4091 -4.1816 0.7500
v -4.8834 -4.1816 0.7500
v -4.8396 -3.9778 0.7500
v -4.4207 -3.9778 0.7500
v -4.3818 -3.7871 0.7500
v -4.8002 -3.7871 0.7500
v -4.7564 -3.5833 0.7500
v -4.2821 -3.5833 0.7500
v -4.2427 -3.3960 0.7500
v -4.9602 -3.3960 0.7500
v -5.1660 -4.3689 -0.7500
v -4.4480 -4.3689 -0.7500
v -4.4091 -4.1816 -0.7500
v -4.8834 -4.1816 -0.7500
v -4.8396 -3.9778 -0.7500
v -4.4207 -3.9778 -0.7500
v -4.3818 -3.7871 -0.7500
v -4.8002 -3.7871 -0.7500
v -4.7564 -3.5833 -0.7500
v -4.2821 -3.5833 -0.7500
v -4.2427 -3.3960 -0.7500
v -4.9602 -3.3960 -0.7500
v -5.1660 -4.3689 -0.7500
v -4.4480 -4.3689 -0.7500
v -4.4480 -4.3689 0.7500
v -5.1660 -4.3689 0.7500
v -4.4480 -4.3689 -0.7500
v -4.4091 -4.1816 -0.7500
v -4.4091 -4.1816 0.7500
v -4.4480 -4.3689 0.7500
v -4.8396 -3.9778 -0.7500
v -4.4207 -3.9778 -0.7500
v -4.4207 -3.9778 0.7500
v -4.8396 -3.9778 0.7500
v -4.4207 -3.9778 -0.7500
v -4.3818 -3.7871 -0.7500
v -4.3818 -3.7871 0.7500
v -4.4207 -3.9778 0.7500
v -4.7564 -3.5833 -0.7500
v -4.2821 -3.5833 -0.7500
v -4.2821 -3.5833 0.7500
v -4.7564 -3.5833 0.7500
v -4.2821 -3.5833 -0.7500
v -4.2427 -3.3960 -0.7500
v -4.2427 -3.3960 0.7500
v -4.2821 -3.5833 0.7500
v -4.4091 -4.1816 -0.7500
v -4.8834 -4.1816 -0.7500
v -4.8834 -4.1816 0.7500
v -4.4091 -4.1816 0.7500
v -4.3818 -3.7871 -0.7500
v -4.8002 -3.7871 -0.7500
v -4.8002 -3.7871 0.7500
v -4.3818 -3.7871 0.7500
v -4.2427 -3.3960 -0.7500
v -4.9602 -3.3960 -0.7500
v -4.9602 -3.3960 0.7500
v -4.2427 -3.3960 0.7500
v -4.9602 -3.3960 -0.7500
v -5.1660 -4.3689 -0.7500
v -5.1660 -4.3689 0.7500
v -4.9602 -3.3960 0.7500
v -4.8834 -4.1816 -0.7500
v -4.8396 -3.9778 -0.7500
v -4.8396 -3.9778 0.7500
v -4.8834 -4.1816 0.7500
v -4.8002 -3.7871 -0.7500
v -4.7564 -3.5833 -0.7500
v -4.7564 -3.5833 0.7500
v -4.8002 -3.7871 0.7500
f 2845 2846 2847
f 2849 2850 2851
f 2853 2854 2855
f 2845 2847 2848
f 2849 2851 2852
f 2853 2855 2856
f 2856 2845 2848
f 2848 2849 2852
f 2852 2853 2856
f 2856 2848 2852
f 2857 2859 2858
f 2861 2863 2862
f 2865 2867 2866
f 2857 2860 2859
f 2861 2864 2863
f 2865 2868 2867
f 2868 2860 2857
f 2860 2864 2861
f 2864 2868 2865
f 2868 2864 2860
f 2869 2870 2871
f 2869 2871 2872
f 2873 2874 2875
f 2873 2875 2876
f 2877 2878 2879
f 2877 2879 2880
f 2881 2882 2883
f 2881 2883 2884
f 2885 2886 2887
f 2885 2887 2888
f 2889 2890 2891
f 2889 2891 2892
f 2893 2894 2895
f 2893 2895 2896
f 2897 2898 2899
f 2897 2899 2900
f 2901 2902 2903
f 2901 2903 2904
f 2905 2906 2907
f 2905 2907 2908
f 2909 2910 2911
f 2909 2911 2912
f 2913 2914 2915
f 2913 2915 2916
v -3.5188 -4.3840 0.7500
v -3.4789 -4.3830 0.7500
v -3.4405 -4.3811 0.7500
v -3.4035 -4.3767 0.7500
v -3.3690 -4.3714 0.7500
v -3.3354 -4.3641 0.7500
v -3.3043 -4.3553 0.7500
v -3.2746 -4.3451 0.7500
v -3.2469 -4.3334 0.7500
v -3.2206 -4.3198 0.7500
v -3.1963 -4.3047 0.7500
v -3.1739 -4.2882 0.7500
v -3.1535 -4.2712 0.7500
v -3.1345 -4.2527 0.7500
v -3.1170 -4.2332 0.7500
v -3.1019 -4.2133 0.7500
v -3.0883 -4.1919 0.7500
v -3.0766 -4.1695 0.7500
v -3.0669 -4.1466 0.7500
v -3.0586 -4.1223 0.7500
v -3.0523 -4.0970 0.7500
v -3.0494 -4.0829 0.7500
v -3.0455 -4.0547 0.7500
v -3.0445 -4.0415 0.7500
v -3.0440 -4.0279 0.7500
v -3.0440 -4.0153 0.7500
v -3.0445 -4.0026 0.7500
v -3.0455 -3.9900 0.7500
v -3.0470 -3.9783 0.7500
v -3.0494 -3.9661 0.7500
v -3.0518 -3.9550 0.7500
v -3.0557 -3.9438 0.7500
v -3.0601 -3.9326 0.7500
v -3.0655 -3.9219 0.7500
v -3.0718 -3.9117 0.7500
v -3.0786 -3.9014 0.7500
v -3.0864 -3.8917 0.7500
v -3.0951 -3.8820 0.7500
v -3.1044 -3.8727 0.7500
v -3.1151 -3.8635 0.7500
v -3.1263 -3.8547 0.7500
v -3.1389 -3.8465 0.7500
v -3.1525 -3.8382 0.7500
v -3.1676 -3.8299 0.7500
v -3.1837 -3.8221 0.7500
v -3.2007 -3.8149 0.7500
v -3.2192 -3.8076 0.7500
v -3.2391 -3.8007 0.7500
v -3.2596 -3.7939 0.7500
v -3.2819 -3.7871 0.7500
v -3.2960 -3.7832 0.7500
v -3.3097 -3.7793 0.7500
v -3.3228 -3.7750 0.7500
v -3.3350 -3.7716 0.7500
v -3.3466 -3.7677 0.7500
v -3.3578 -3.7643 0.7500
v -3.3783 -3.7574 0.7500
v -3.3875 -3.7540 0.7500
v -3.4040 -3.7482 0.7500
v -3.4113 -3.7448 0.7500
v -3.4181 -3.7419 0.7500
v -3.4245 -3.7385 0.7500
v -3.4303 -3.7351 0.7500
v -3.4357 -3.7317 0.7500
v -3.4405 -3.7283 0.7500
v -3.4444 -3.7244 0.7500
v -3.4483 -3.7210 0.7500
v -3.4512 -3.7171 0.7500
v -3.4537 -3.7132 0.7500
v -3.4575 -3.7044 0.7500
v -3.4590 -3.7000 0.7500
v -3.4600 -3.6952 0.7500
v -3.4605 -3.6898 0.7500
v -3.4605 -3.6786 0.7500
v -3.4595 -3.6728 0.7500
v -3.4585 -3.6665 0.7500
v -3.4556 -3.6558 0.7500
v -3.4522 -3.6460 0.7500
v -3.4478 -3.6373 0.7500
v -3.4425 -3.6290 0.7500
v -3.4361 -3.6217 0.7500
v -3.4293 -3.6154 0.7500
v -3.4215 -3.6096 0.7500
v -3.4128 -3.6047 0.7500
v -3.4031 -3.6003 0.7500
v -3.3928 -3.5969 0.7500
v -3.3817 -3.5940 0.7500
v -3.3705 -3.5916 0.7500
v -3.3583 -3.5891 0.7500
v -3.3457 -3.5872 0.7500
v -3.3184 -3.5843 0.7500
v -3.3043 -3.5833 0.7500
v -3.2892 -3.5823 0.7500
v -3.2737 -3.5818 0.7500
v -3.2454 -3.5818 0.7500
v -3.2328 -3.5823 0.7500
v -3.2206 -3.5828 0.7500
v -3.1953 -3.5848 0.7500
v -3.1832 -3.5862 0.7500
v -3.1705 -3.5877 0.7500
v -3.1579 -3.5896 0.7500
v -3.1457 -3.5916 0.7500
v -3.1204 -3.5964 0.7500
v -3.1083 -3.5993 0.7500
v -3.0956 -3.6023 0.7500
v -3.0835 -3.6057 0.7500
v -3.0708 -3.6096 0.7500
v -3.0465 -3.6173 0.7500
v -3.0343 -3.6222 0.7500
v -3.0222 -3.6266 0.7500
v -3.0100 -3.6319 0.7500
v -2.9648 -3.4232 0.7500
v -2.9745 -3.4198 0.7500
v -2.9847 -3.4169 0.7500
v -2.9954 -3.4135 0.7500
v -3.0188 -3.4077 0.7500
v -3.0450 -3.4018 0.7500
v -3.0586 -3.3989 0.7500
v -3.0732 -3.3965 0.7500
v -3.0883 -3.3936 0.7500
v -3.1039 -3.3911 0.7500
v -3.1195 -3.3892 0.7500
v -3.1355 -3.3872 0.7500
v -3.1837 -3.3829 0.7500
v -3.2002 -3.3819 0.7500
v -3.2333 -3.3809 0.7500
v -3.2503 -3.3809 0.7500
v -3.2883 -3.3819 0.7500
v -3.3247 -3.3838 0.7500
v -3.3598 -3.3877 0.7500
v -3.3933 -3.3926 0.7500
v -3.4250 -3.3994 0.7500
v -3.4556 -3.4077 0.7500
v -3.4843 -3.4174 0.7500
v -3.5111 -3.4281 0.7500
v -3.5368 -3.4408 0.7500
v -3.5607 -3.4549 0.7500
v -3.5831 -3.4704 0.7500
v -3.6035 -3.4870 0.7500
v -3.6225 -3.5050 0.7500
v -3.6395 -3.5244 0.7500
v -3.6550 -3.5454 0.7500
v -3.6687 -3.5672 0.7500
v -3.6803 -3.5906 0.7500
v -3.6910 -3.6149 0.7500
v -3.6993 -3.6407 0.7500
v -3.7066 -3.6679 0.7500
v -3.7105 -3.6903 0.7500
v -3.7134 -3.7117 0.7500
v -3.7144 -3.7322 0.7500
v -3.7144 -3.7516 0.7500
v -3.7129 -3.7701 0.7500
v -3.7100 -3.7876 0.7500
v -3.7056 -3.8041 0.7500
v -3.7003 -3.8192 0.7500
v -3.6930 -3.8338 0.7500
v -3.6842 -3.8470 0.7500
v -3.6745 -3.8596 0.7500
v -3.6623 -3.8718 0.7500
v -3.6482 -3.8834 0.7500
v -3.6327 -3.8951 0.7500
v -3.6147 -3.9063 0.7500
v -3.5952 -3.9165 0.7500
v -3.5738 -3.9267 0.7500
v -3.5505 -3.9365 0.7500
v -3.5252 -3.9462 0.7500
v -3.4979 -3.9550 0.7500
v -3.4824 -3.9598 0.7500
v -3.4678 -3.9642 0.7500
v -3.4537 -3.9691 0.7500
v -3.4400 -3.9734 0.7500
v -3.4274 -3.9773 0.7500
v -3.4152 -3.9817 0.7500
v -3.3928 -3.9895 0.7500
v -3.3826 -3.9929 0.7500
v -3.3734 -3.9968 0.7500
v -3.3641 -4.0002 0.7500
v -3.3559 -4.0036 0.7500
v -3.3481 -4.0075 0.7500
v -3.3345 -4.0153 0.7500
v -3.3286 -4.0192 0.7500
v -3.3233 -4.0235 0.7500
v -3.3184 -4.0279 0.7500
v -3.3140 -4.0323 0.7500
v -3.3106 -4.0367 0.7500
v -3.3077 -4.0411 0.7500
v -3.3048 -4.0464 0.7500
v -3.3009 -4.0571 0.7500
v -3.2999 -4.0629 0.7500
v -3.2990 -4.0756 0.7500
v -3.2994 -4.0824 0.7500
v -3.3014 -4.0970 0.7500
v -3.3043 -4.1077 0.7500
v -3.3077 -4.1179 0.7500
v -3.3121 -4.1272 0.7500
v -3.3170 -4.1354 0.7500
v -3.3228 -4.1432 0.7500
v -3.3291 -4.1500 0.7500
v -3.3364 -4.1559 0.7500
v -3.3442 -4.1612 0.7500
v -3.3525 -4.1656 0.7500
v -3.3617 -4.1695 0.7500
v -3.3719 -4.1729 0.7500
v -3.3831 -4.1753 0.7500
v -3.3948 -4.1782 0.7500
v -3.4074 -4.1802 0.7500
v -3.4211 -4.1821 0.7500
v -3.4352 -4.1836 0.7500
v -3.4502 -4.1846 0.7500
v -3.4663 -4.1855 0.7500
v -3.4833 -4.1860 0.7500
v -3.5154 -4.1860 0.7500
v -3.5300 -4.1855 0.7500
v -3.5446 -4.1846 0.7500
v -3.5597 -4.1831 0.7500
v -3.5743 -4.1816 0.7500
v -3.5894 -4.1797 0.7500
v -3.6045 -4.1773 0.7500
v -3.6346 -4.1714 0.7500
v -3.6497 -4.1680 0.7500
v -3.6799 -4.1602 0.7500
v -3.6945 -4.1563 0.7500
v -3.7086 -4.1520 0.7500
v -3.7227 -4.1471 0.7500
v -3.7363 -4.1422 0.7500
v -3.7494 -4.1374 0.7500
v -3.7626 -4.1320 0.7500
v -3.7879 -4.1213 0.7500
v -3.8316 -4.3281 0.7500
v -3.8204 -4.3334 0.7500
v -3.8088 -4.3388 0.7500
v -3.7966 -4.3432 0.7500
v -3.7840 -4.3480 0.7500
v -3.7708 -4.3524 0.7500
v -3.7572 -4.3563 0.7500
v -3.7426 -4.3602 0.7500
v -3.7280 -4.3636 0.7500
v -3.7125 -4.3665 0.7500
v -3.6964 -4.3699 0.7500
v -3.6803 -4.3723 0.7500
v -3.6638 -4.3748 0.7500
v -3.6468 -4.3772 0.7500
v -3.6293 -4.3787 0.7500
v -3.6118 -4.3806 0.7500
v -3.5758 -4.3826 0.7500
v -3.5573 -4.3835 0.7500
v -3.5383 -4.3840 0.7500
v -3.5188 -4.3840 -0.7500
v -3.4789 -4.3830 -0.7500
v -3.4405 -4.3811 -0.7500
v -3.4035 -4.3767 -0.7500
v -3.3690 -4.3714 -0.7500
v -3.3354 -4.3641 -0.7500
v -3.3043 -4.3553 -0.7500
v -3.2746 -4.3451 -0.7500
v -3.2469 -4.3334 -0.7500
v -3.2206 -4.3198 -0.7500
v -3.1963 -4.3047 -0.7500
v -3.1739 -4.2882 -0.7500
v -3.1535 -4.2712 -0.7500
v -3.1345 -4.2527 -0.7500
v -3.1170 -4.2332 -0.7500
v -3.1019 -4.2133 -0.7500
v -3.0883 -4.1919 -0.7500
v -3.0766 -4.1695 -0.7500
v -3.0669 -4.1466 -0.7500
v -3.0586 -4.1223 -0.7500
v -3.0523 -4.0970 -0.7500
v -3.0494 -4.0829 -0.7500
v -3.0455 -4.0547 -0.7500
v -3.0445 -4.0415 -0.7500
v -3.0440 -4.0279 -0.7500
v -3.0440 -4.0153 -0.7500
v -3.0445 -4.0026 -0.7500
v -3.0455 -3.9900 -0.7500
v -3.0470 -3.9783 -0.7500
v -3.0494 -3.9661 -0.7500
v -3.0518 -3.9550 -0.7500
v -3.0557 -3.9438 -0.7500
v -3.0601 -3.9326 -0.7500
v -3.0655 -3.9219 -0.7500
v -3.0718 -3.9117 -0.7500
v -3.0786 -3.9014 -0.7500
v -3.0864 -3.8917 -0.7500
v -3.0951 -3.8820 -0.7500
v -3.1044 -3.8727 -0.7500
v -3.1151 -3.8635 -0.7500
v -3.1263 -3.8547 -0.7500
v -3.1389 -3.8465 -0.7500
v -3.1525 -3.8382 -0.7500
v -3.1676 -3.8299 -0.7500
v -3.1837 -3.8221 -0.7500
v -3.2007 -3.8149 -0.7500
v -3.2192 -3.8076 -0.7500
v -3.2391 -3.8007 -0.7500
v -3.2596 -3.7939 -0.7500
v -3.2819 -3.7871 -0.7500
v -3.2960 -3.7832 -0.7500
v -3.3097 -3.7793 -0.7500
v -3.3228 -3.7750 -0.7500
v -3.3350 -3.7716 -0.7500
v -3.3466 -3.7677 -0.7500
v -3.3578 -3.7643 -0.7500
v -3.3783 -3.7574 -0.7500
v -3.3875 -3.7540 -0.7500
v -3.4040 -3.7482 -0.7500
v -3.4113 -3.7448 -0.7500
v -3.4181 -3.7419 -0.7500
v -3.4245 -3.7385 -0.7500
v -3.4303 -3.7351 -0.7500
v -3.4357 -3.7317 -0.7500
v -3.4405 -3.7283 -0.7500
v -3.4444 -3.7244 -0.7500
v -3.4483 -3.7210 -0.7500
v -3.4512 -3.7171 -0.7500
v -3.4537 -3.7132 -0.7500
v -3.4575 -3.7044 -0.7500
v -3.4590 -3.7000 -0.7500
v -3.4600 -3.6952 -0.7500
v -3.4605 -3.6898 -0.7500
v -3.4605 -3.6786 -0.7500
v -3.4595 -3.6728 -0.7500
v -3.4585 -3.6665 -0.7500
v -3.4556 -3.6558 -0.7500
v -3.4522 -3.6460 -0.7500
v -3.4478 -3.6373 -0.7500
v -3.4425 -3.6290 -0.7500
v -3.4361 -3.6217 -0.7500
v -3.4293 -3.6154 -0.7500
v -3.4215 -3.6096 -0.7500
v -3.4128 -3.6047 -0.7500
v -3.4031 -3.6003 -0.7500
v -3.3928 -3.5969 -0.7500
v -3.3817 -3.5940 -0.7500
v -3.3705 -3.5916 -0.7500
v -3.3583 -3.5891 -0.7500
v -3.3457 -3.5872 -0.7500
v -3.3184 -3.5843 -0.7500
v -3.3043 -3.5833 -0.7500
v -3.2892 -3.5823 -0.7500
v -3.2737 -3.5818 -0.7500
v -3.2454 -3.5818 -0.7500
v -3.2328 -3.5823 -0.7500
v -3.2206 -3.5828 -0.7500
v -3.1953 -3.5848 -0.7500
v -3.1832 -3.5862 -0.7500
v -3.1705 -3.5877 -0.7500
v -3.1579 -3.5896 -0.7500
v -3.1457 -3.5916 -0.7500
v -3.1204 -3.5964 -0.7500
v -3.1083 -3.5993 -0.7500
v -3.0956 -3.6023 -0.7500
v -3.0835 -3.6057 -0.7500
v -3.0708 -3.6096 -0.7500
v -3.0465 -3.6173 -0.7500
v -3.0343 -3.6222 -0.7500
v -3.0222 -3.6266 -0.7500
v -3.0100 -3.6319 -0.7500
v -2.9648 -3.4232 -0.7500
v -2.9745 -3.4198 -0.7500
v -2.9847 -3.4169 -0.7500
v -2.9954 -3.4135 -0.7500
v -3.0188 -3.4077 -0.7500
v -3.0450 -3.4018 -0.7500
v -3.0586 -3.3989 -0.7500
v -3.0732 -3.3965 -0.7500
v -3.0883 -3.3936 -0.7500
v -3.1039 -3.3911 -0.7500
v -3.1195 -3.3892 -0.7500
v -3.1355 -3.3872 -0.7500
v -3.1837 -3.3829 -0.7500
v -3.2002 -3.3819 -0.7500
v -3.2333 -3.3809 -0.7500
v -3.2503 -3.3809 -0.7500
v -3.2883 -3.3819 -0.7500
v -3.3247 -3.3838 -0.7500
v -3.3598 -3.3877 -0.7500
v -3.3933 -3.3926 -0.7500
v -3.4250 -3.3994 -0.7500
v -3.4556 -3.4077 -0.7500
v -3.4843 -3.4174 -0.7500
v -3.5111 -3.4281 -0.7500
v -3.5368 -3.4408 -0.7500
v -3.5607 -3.4549 -0.7500
v -3.5831 -3.4704 -0.7500
v -3.6035 -3.4870 -0.7500
v -3.6225 -3.5050 -0.7500
v -3.6395 -3.5244 -0.7500
v -3.6550 -3.5454 -0.7500
v -3.6687 -3.5672 -0.7500
v -3.6803 -3.5906 -0.7500
v -3.6910 -3.6149 -0.7500
v -3.6993 -3.6407 -0.7500
v -3.7066 -3.6679 -0.7500
v -3.7105 -3.6903 -0.7500
v -3.7134 -3.7117 -0.7500
v -3.7144 -3.7322 -0.7500
v -3.7144 -3.7516 -0.7500
v -3.7129 -3.7701 -0.7500
v -3.7100 -3.7876 -0.7500
v -3.7056 -3.8041 -0.7500
v -3.7003 -3.8192 -0.7500
v -3.6930 -3.8338 -0.7500
v -3.6842 -3.8470 -0.7500
v -3.6745 -3.8596 -0.7500
v -3.6623 -3.8718 -0.7500
v -3.6482 -3.8834 -0.7500
v -3.6327 -3.8951 -0.7500
v -3.6147 -3.9063 -0.7500
v -3.5952 -3.9165 -0.7500
v -3.5738 -3.9267 -0.7500
v -3.5505 -3.9365 -0.7500
v -3.5252 -3.9462 -0.7500
v -3.4979 -3.9550 -0.7500
v -3.4824 -3.9598 -0.7500
v -3.4678 -3.9642 -0.7500
v -3.4537 -3.9691 -0.7500
v -3.4400 -3.9734 -0.7500
v -3.4274 -3.9773 -0.7500
v -3.4152 -3.9817 -0.7500
v -3.3928 -3.9895 -0.7500
v -3.3826 -3.9929 -0.7500
v -3.3734 -3.9968 -0.7500
v -3.3641 -4.0002 -0.7500
v -3.3559 -4.0036 -0.7500
v -3.3481 -4.0075 -0.7500
v -3.3345 -4.0153 -0.7500
v -3.3286 -4.0192 -0.7500
v -3.3233 -4.0235 -0.7500
v -3.3184 -4.0279 -0.7500
v -3.3140 -4.0323 -0.7500
v -3.3106 -4.0367 -0.7500
v -3.3077 -4.0411 -0.7500
v -3.3048 -4.0464 -0.7500
v -3.3009 -4.0571 -0.7500
v -3.2999 -4.0629 -0.7500
v -3.2990 -4.0756 -0.7500
v -3.2994 -4.0824 -0.7500
v -3.3014 -4.0970 -0.7500
v -3.3043 -4.1077 -0.7500
v -3.3077 -4.1179 -0.7500
v -3.3121 -4.1272 -0.7500
v -3.3170 -4.1354 -0.7500
v -3.3228 -4.1432 -0.7500
v -3.3291 -4.1500 -0.7500
v -3.3364 -4.1559 -0.7500
v -3.3442 -4.1612 -0.7500
v -3.3525 -4.1656 -0.7500
v -3.3617 -4.1695 -0.7500
v -3.3719 -4.1729 -0.7500
v -3.3831 -4.1753 -0.7500
v -3.3948 -4.1782 -0.7500
v -3.4074 -4.1802 -0.7500
v -3.4211 -4.1821 -0.7500
v -3.4352 -4.1836 -0.7500
v -3.4502 -4.1846 -0.7500
v -3.4663 -4.1855 -0.7500
v -3.4833 -4.1860 -0.7500
v -3.5154 -4.1860 -0.7500
v -3.5300 -4.1855 -0.7500
v -3.5446 -4.1846 -0.7500
v -3.5597 -4.1831 -0.7500
v -3.5743 -4.1816 -0.7500
v -3.5894 -4.1797 -0.7500
v -3.6045 -4.1773 -0.7500
v -3.6346 -4.1714 -0.7500
v -3.6497 -4.1680 -0.7500
v -3.6799 -4.1602 -0.7500
v -3.6945 -4.1563 -0.7500
v -3.7086 -4.1520 -0.7500
v -3.7227 -4.1471 -0.7500
v -3.7363 -4.1422 -0.7500
v -3.7494 -4.1374 -0.7500
v -3.7626 -4.1320 -0.7500
v -3.7879 -4.1213 -0.7500
v -3.8316 -4.3281 -0.7500
v -3.8204 -4.3334 -0.7500
v -3.8088 -4.3388 -0.7500
v -3.7966 -4.3432 -0.7500
v -3.7840 -4.3480 -0.7500
v -3.7708 -4.3524 -0.7500
v -3.7572 -4.3563 -0.7500
v -3.7426 -4.3602 -0.7500
v -3.7280 -4.3636 -0.7500
v -3.7125 -4.3665 -0.7500
v -3.6964 -4.3699 -0.7500
v -3.6803 -4.3723 -0.7500
v -3.6638 -4.3748 -0.7500
v -3.6468 -4.3772 -0.7500
v -3.6293 -4.3787 -0.7500
v -3.6118 -4.3806 -0.7500
v -3.5758 -4.3826 -0.7500
v -3.5573 -4.3835 -0.7500
v -3.5383 -4.3840 -0.7500
v -3.5573 -4.3835 -0.7500
v -3.5383 -4.3840 -0.7500
v -3.5383 -4.3840 0.7500
v -3.5573 -4.3835 0.7500
v -3.5383 -4.3840 -0.7500
v -3.5188 -4.3840 -0.7500
v -3.5188 -4.3840 0.7500
v -3.5383 -4.3840 0.7500
v -3.5188 -4.3840 -0.7500
v -3.4789 -4.3830 -0.7500
v -3.4789 -4.3830 0.7500
v -3.5188 -4.3840 0.7500
v -3.4789 -4.3830 -0.7500
v -3.4405 -4.3811 -0.7500
v -3.4405 -4.3811 0.7500
v -3.4789 -4.3830 0.7500
v -3.4405 -4.3811 -0.7500
v -3.4035 -4.3767 -0.7500
v -3.4035 -4.3767 0.7500
v -3.4405 -4.3811 0.7500
v -3.4035 -4.3767 -0.7500
v -3.3690 -4.3714 -0.7500
v -3.3690 -4.3714 0.7500
v -3.4035 -4.3767 0.7500
v -3.3690 -4.3714 -0.7500
v -3.3354 -4.3641 -0.7500
v -3.3354 -4.3641 0.7500
v -3.3690 -4.3714 0.7500
v -3.3354 -4.3641 -0.7500
v -3.3043 -4.3553 -0.7500
v -3.3043 -4.3553 0.7500
v -3.3354 -4.3641 0.7500
v -3.3043 -4.3553 -0.7500
v -3.2746 -4.3451 -0.7500
v -3.2746 -4.3451 0.7500
v -3.3043 -4.3553 0.7500
v -3.2746 -4.3451 -0.7500
v -3.2469 -4.3334 -0.7500
v -3.2469 -4.3334 0.7500
v -3.2746 -4.3451 0.7500
v -3.2469 -4.3334 -0.7500
v -3.2206 -4.3198 -0.7500
v -3.2206 -4.3198 0.7500
v -3.2469 -4.3334 0.7500
v -3.2206 -4.3198 -0.7500
v -3.1963 -4.3047 -0.7500
v -3.1963 -4.3047 0.7500
v -3.2206 -4.3198 0.7500
v -3.1963 -4.3047 -0.7500
v -3.1739 -4.2882 -0.7500
v -3.1739 -4.2882 0.7500
v -3.1963 -4.3047 0.7500
v -3.1739 -4.2882 -0.7500
v -3.1535 -4.2712 -0.7500
v -3.1535 -4.2712 0.7500
v -3.1739 -4.2882 0.7500
v -3.1535 -4.2712 -0.7500
v -3.1345 -4.2527 -0.7500
v -3.1345 -4.2527 0.7500
v -3.1535 -4.2712 0.7500
v -3.1345 -4.2527 -0.7500
v -3.1170 -4.2332 -0.7500
v -3.1170 -4.2332 0.7500
v -3.1345 -4.2527 0.7500
v -3.1170 -4.2332 -0.7500
v -3.1019 -4.2133 -0.7500
v -3.1019 -4.2133 0.7500
v -3.1170 -4.2332 0.7500
v -3.1019 -4.2133 -0.7500
v -3.0883 -4.1919 -0.7500
v -3.0883 -4.1919 0.7500
v -3.1019 -4.2133 0.7500
v -3.0883 -4.1919 -0.7500
v -3.0766 -4.1695 -0.7500
v -3.0766 -4.1695 0.7500
v -3.0883 -4.1919 0.7500
v -3.0766 -4.1695 -0.7500
v -3.0669 -4.1466 -0.7500
v -3.0669 -4.1466 0.7500
v -3.0766 -4.1695 0.7500
v -3.0669 -4.1466 -0.7500
v -3.0586 -4.1223 -0.7500
v -3.0586 -4.1223 0.7500
v -3.0669 -4.1466 0.7500
v -3.0586 -4.1223 -0.7500
v -3.0523 -4.0970 -0.7500
v -3.0523 -4.0970 0.7500
v -3.0586 -4.1223 0.7500
v -3.0523 -4.0970 -0.7500
v -3.0494 -4.0829 -0.7500
v -3.0494 -4.0829 0.7500
v -3.0523 -4.0970 0.7500
v -3.0494 -4.0829 -0.7500
v -3.0455 -4.0547 -0.7500
v -3.0455 -4.0547 0.7500
v -3.0494 -4.0829 0.7500
v -3.0455 -4.0547 -0.7500
v -3.0445 -4.0415 -0.7500
v -3.0445 -4.0415 0.7500
v -3.0455 -4.0547 0.7500
v -3.0445 -4.0415 -0.7500
v -3.0440 -4.0279 -0.7500
v -3.0440 -4.0279 0.7500
v -3.0445 -4.0415 0.7500
v -3.0440 -4.0279 -0.7500
v -3.0440 -4.0153 -0.7500
v -3.0440 -4.0153 0.7500
v -3.0440 -4.0279 0.7500
v -3.0440 -4.0153 -0.7500
v -3.0445 -4.0026 -0.7500
v -3.0445 -4.0026 0.7500
v -3.0440 -4.0153 0.7500
v -3.0445 -4.0026 -0.7500
v -3.0455 -3.9900 -0.7500
v -3.0455 -3.9900 0.7500
v -3.0445 -4.0026 0.7500
v -3.0455 -3.9900 -0.7500
v -3.0470 -3.9783 -0.7500
v -3.0470 -3.9783 0.7500
v -3.0455 -3.9900 0.7500
v -3.0470 -3.9783 -0.7500
v -3.0494 -3.9661 -0.7500
v -3.0494 -3.9661 0.7500
v -3.0470 -3.9783 0.7500
v -3.0494 -3.9661 -0.7500
v -3.0518 -3.9550 -0.7500
v -3.0518 -3.9550 0.7500
v -3.0494 -3.9661 0.7500
v -3.0518 -3.9550 -0.7500
v -3.0557 -3.9438 -0.7500
v -3.0557 -3.9438 0.7500
v -3.0518 -3.9550 0.7500
v -3.0557 -3.9438 -0.7500
v -3.0601 -3.9326 -0.7500
v -3.0601 -3.9326 0.7500
v -3.0557 -3.9438 0.7500
v -3.0601 -3.9326 -0.7500
v -3.0655 -3.9219 -0.7500
v -3.0655 -3.9219 0.7500
v -3.0601 -3.9326 0.7500
v -3.0655 -3.9219 -0.7500
v -3.0718 -3.9117 -0.7500
v -3.0718 -3.9117 0.7500
v -3.0655 -3.9219 0.7500
v -3.0718 -3.9117 -0.7500
v -3.0786 -3.9014 -0.7500
v -3.0786 -3.9014 0.7500
v -3.0718 -3.9117 0.7500
v -3.0786 -3.9014 -0.7500
v -3.0864 -3.8917 -0.7500
v -3.0864 -3.8917 0.7500
v -3.0786 -3.9014 0.7500
v -3.0864 -3.8917 -0.7500
v -3.0951 -3.8820 -0.7500
v -3.0951 -3.8820 0.7500
v -3.0864 -3.8917 0.7500
v -3.0951 -3.8820 -0.7500
v -3.1044 -3.8727 -0.7500
v -3.1044 -3.8727 0.7500
v -3.0951 -3.8820 0.7500
v -3.1044 -3.8727 -0.7500
v -3.1151 -3.8635 -0.7500
v -3.1151 -3.8635 0.7500
v -3.1044 -3.8727 0.7500
v -3.1151 -3.8635 -0.7500
v -3.1263 -3.8547 -0.7500
v -3.1263 -3.8547 0.7500
v -3.1151 -3.8635 0.7500
v -3.1263 -3.8547 -0.7500
v -3.1389 -3.8465 -0.7500
v -3.1389 -3.8465 0.7500
v -3.1263 -3.8547 0.7500
v -3.1389 -3.8465 -0.7500
v -3.1525 -3.8382 -0.7500
v -3.1525 -3.8382 0.7500
v -3.1389 -3.8465 0.7500
v -3.1525 -3.8382 -0.7500
v -3.1676 -3.8299 -0.7500
v -3.1676 -3.8299 0.7500
v -3.1525 -3.8382 0.7500
v -3.1676 -3.8299 -0.7500
v -3.1837 -3.8221 -0.7500
v -3.1837 -3.8221 0.7500
v -3.1676 -3.8299 0.7500
v -3.1837 -3.8221 -0.7500
v -3.2007 -3.8149 -0.7500
v -3.2007 -3.8149 0.7500
v -3.1837 -3.8221 0.7500
v -3.2007 -3.8149 -0.7500
v -3.2192 -3.8076 -0.7500
v -3.2192 -3.8076 0.7500
v -3.2007 -3.8149 0.7500
v -3.2192 -3.8076 -0.7500
v -3.2391 -3.8007 -0.7500
v -3.2391 -3.8007 0.7500
v -3.2192 -3.8076 0.7500
v -3.2391 -3.8007 -0.7500
v -3.2596 -3.7939 -0.7500
v -3.2596 -3.7939 0.7500
v -3.2391 -3.8007 0.7500
v -3.2596 -3.7939 -0.7500
v -3.2819 -3.7871 -0.7500
v -3.2819 -3.7871 0.7500
v -3.2596 -3.7939 0.7500
v -3.2819 -3.7871 -0.7500
v -3.2960 -3.7832 -0.7500
v -3.2960 -3.7832 0.7500
v -3.2819 -3.7871 0.7500
v -3.3097 -3.7793 -0.7500
v -3.3228 -3.7750 -0.7500
v -3.3228 -3.7750 0.7500
v -3.3097 -3.7793 0.7500
v -3.3228 -3.7750 -0.7500
v -3.3350 -3.7716 -0.7500
v -3.3350 -3.7716 0.7500
v -3.3228 -3.7750 0.7500
v -3.3350 -3.7716 -0.7500
v -3.3466 -3.7677 -0.7500
v -3.3466 -3.7677 0.7500
v -3.3350 -3.7716 0.7500
v -3.3466 -3.7677 -0.7500
v -3.3578 -3.7643 -0.7500
v -3.3578 -3.7643 0.7500
v -3.3466 -3.7677 0.7500
v -3.3783 -3.7574 -0.7500
v -3.3875 -3.7540 -0.7500
v -3.3875 -3.7540 0.7500
v -3.3783 -3.7574 0.7500
v -3.3875 -3.7540 -0.7500
v -3.4040 -3.7482 -0.7500
v -3.4040 -3.7482 0.7500
v -3.3875 -3.7540 0.7500
v -3.4040 -3.7482 -0.7500
v -3.4113 -3.7448 -0.7500
v -3.4113 -3.7448 0.7500
v -3.4040 -3.7482 0.7500
v -3.4113 -3.7448 -0.7500
v -3.4181 -3.7419 -0.7500
v -3.4181 -3.7419 0.7500
v -3.4113 -3.7448 0.7500
v -3.4405 -3.7283 -0.7500
v -3.4444 -3.7244 -0.7500
v -3.4444 -3.7244 0.7500
v -3.4405 -3.7283 0.7500
v -3.4444 -3.7244 -0.7500
v -3.4483 -3.7210 -0.7500
v -3.4483 -3.7210 0.7500
v -3.4444 -3.7244 0.7500
v -3.4605 -3.6786 -0.7500
v -3.4595 -3.6728 -0.7500
v -3.4595 -3.6728 0.7500
v -3.4605 -3.6786 0.7500
v -3.4595 -3.6728 -0.7500
v -3.4585 -3.6665 -0.7500
v -3.4585 -3.6665 0.7500
v -3.4595 -3.6728 0.7500
v -3.1953 -3.5848 -0.7500
v -3.1832 -3.5862 -0.7500
v -3.1832 -3.5862 0.7500
v -3.1953 -3.5848 0.7500
v -3.1832 -3.5862 -0.7500
v -3.1705 -3.5877 -0.7500
v -3.1705 -3.5877 0.7500
v -3.1832 -3.5862 0.7500
v -3.1204 -3.5964 -0.7500
v -3.1083 -3.5993 -0.7500
v -3.1083 -3.5993 0.7500
v -3.1204 -3.5964 0.7500
v -3.1083 -3.5993 -0.7500
v -3.0956 -3.6023 -0.7500
v -3.0956 -3.6023 0.7500
v -3.1083 -3.5993 0.7500
v -3.0465 -3.6173 -0.7500
v -3.0343 -3.6222 -0.7500
v -3.0343 -3.6222 0.7500
v -3.0465 -3.6173 0.7500
v -3.0343 -3.6222 -0.7500
v -3.0222 -3.6266 -0.7500
v -3.0222 -3.6266 0.7500
v -3.0343 -3.6222 0.7500
v -3.0222 -3.6266 -0.7500
v -3.0100 -3.6319 -0.7500
v -3.0100 -3.6319 0.7500
v -3.0222 -3.6266 0.7500
v -3.0100 -3.6319 -0.7500
v -2.9648 -3.4232 -0.7500
v -2.9648 -3.4232 0.7500
v -3.0100 -3.6319 0.7500
v -2.9648 -3.4232 -0.7500
v -2.9745 -3.4198 -0.7500
v -2.9745 -3.4198 0.7500
v -2.9648 -3.4232 0.7500
v -2.9745 -3.4198 -0.7500
v -2.9847 -3.4169 -0.7500
v -2.9847 -3.4169 0.7500
v -2.9745 -3.4198 0.7500
v -2.9847 -3.4169 -0.7500
v -2.9954 -3.4135 -0.7500
v -2.9954 -3.4135 0.7500
v -2.9847 -3.4169 0.7500
v -2.9954 -3.4135 -0.7500
v -3.0188 -3.4077 -0.7500
v -3.0188 -3.4077 0.7500
v -2.9954 -3.4135 0.7500
v -3.0188 -3.4077 -0.7500
v -3.0450 -3.4018 -0.7500
v -3.0450 -3.4018 0.7500
v -3.0188 -3.4077 0.7500
v -3.0450 -3.4018 -0.7500
v -3.0586 -3.3989 -0.7500
v -3.0586 -3.3989 0.7500
v -3.0450 -3.4018 0.7500
v -3.0732 -3.3965 -0.7500
v -3.0883 -3.3936 -0.7500
v -3.0883 -3.3936 0.7500
v -3.0732 -3.3965 0.7500
v -3.0883 -3.3936 -0.7500
v -3.1039 -3.3911 -0.7500
v -3.1039 -3.3911 0.7500
v -3.0883 -3.3936 0.7500
v -3.1039 -3.3911 -0.7500
v -3.1195 -3.3892 -0.7500
v -3.1195 -3.3892 0.7500
v -3.1039 -3.3911 0.7500
v -3.1195 -3.3892 -0.7500
v -3.1355 -3.3872 -0.7500
v -3.1355 -3.3872 0.7500
v -3.1195 -3.3892 0.7500
v -3.1355 -3.3872 -0.7500
v -3.1837 -3.3829 -0.7500
v -3.1837 -3.3829 0.7500
v -3.1355 -3.3872 0.7500
v -3.1837 -3.3829 -0.7500
v -3.2002 -3.3819 -0.7500
v -3.2002 -3.3819 0.7500
v -3.1837 -3.3829 0.7500
v -3.2002 -3.3819 -0.7500
v -3.2333 -3.3809 -0.7500
v -3.2333 -3.3809 0.7500
v -3.2002 -3.3819 0.7500
v -3.2333 -3.3809 -0.7500
v -3.2503 -3.3809 -0.7500
v -3.2503 -3.3809 0.7500
v -3.2333 -3.3809 0.7500
v -3.2503 -3.3809 -0.7500
v -3.2883 -3.3819 -0.7500
v -3.2883 -3.3819 0.7500
v -3.2503 -3.3809 0.7500
v -3.2883 -3.3819 -0.7500
v -3.3247 -3.3838 -0.7500
v -3.3247 -3.3838 0.7500
v -3.2883 -3.3819 0.7500
v -3.3247 -3.3838 -0.7500
v -3.3598 -3.3877 -0.7500
v -3.3598 -3.3877 0.7500
v -3.3247 -3.3838 0.7500
v -3.3598 -3.3877 -0.7500
v -3.3933 -3.3926 -0.7500
v -3.3933 -3.3926 0.7500
v -3.3598 -3.3877 0.7500
v -3.3933 -3.3926 -0.7500
v -3.4250 -3.3994 -0.7500
v -3.4250 -3.3994 0.7500
v -3.3933 -3.3926 0.7500
v -3.4250 -3.3994 -0.7500
v -3.4556 -3.4077 -0.7500
v -3.4556 -3.4077 0.7500
v -3.4250 -3.3994 0.7500
v -3.4556 -3.4077 -0.7500
v -3.4843 -3.4174 -0.7500
v -3.4843 -3.4174 0.7500
v -3.4556 -3.4077 0.7500
v -3.4843 -3.4174 -0.7500
v -3.5111 -3.4281 -0.7500
v -3.5111 -3.4281 0.7500
v -3.4843 -3.4174 0.7500
v -3.5111 -3.4281 -0.7500
v -3.5368 -3.4408 -0.7500
v -3.5368 -3.4408 0.7500
v -3.5111 -3.4281 0.7500
v -3.5368 -3.4408 -0.7500
v -3.5607 -3.4549 -0.7500
v -3.5607 -3.4549 0.7500
v -3.5368 -3.4408 0.7500
v -3.5607 -3.4549 -0.7500
v -3.5831 -3.4704 -0.7500
v -3.5831 -3.4704 0.7500
v -3.5607 -3.4549 0.7500
v -3.5831 -3.4704 -0.7500
v -3.6035 -3.4870 -0.7500
v -3.6035 -3.4870 0.7500
v -3.5831 -3.4704 0.7500
v -3.6035 -3.4870 -0.7500
v -3.6225 -3.5050 -0.7500
v -3.6225 -3.5050 0.7500
v -3.6035 -3.4870 0.7500
v -3.6225 -3.5050 -0.7500
v -3.6395 -3.5244 -0.7500
v -3.6395 -3.5244 0.7500
v -3.6225 -3.5050 0.7500
v -3.6395 -3.5244 -0.7500
v -3.6550 -3.5454 -0.7500
v -3.6550 -3.5454 0.7500
v -3.6395 -3.5244 0.7500
v -3.6550 -3.5454 -0.7500
v -3.6687 -3.5672 -0.7500
v -3.6687 -3.5672 0.7500
v -3.6550 -3.5454 0.7500
v -3.6687 -3.5672 -0.7500
v -3.6803 -3.5906 -0.7500
v -3.6803 -3.5906 0.7500
v -3.6687 -3.5672 0.7500
v -3.6803 -3.5906 -0.7500
v -3.6910 -3.6149 -0.7500
v -3.6910 -3.6149 0.7500
v -3.6803 -3.5906 0.7500
v -3.6910 -3.6149 -0.7500
v -3.6993 -3.6407 -0.7500
v -3.6993 -3.6407 0.7500
v -3.6910 -3.6149 0.7500
v -3.6993 -3.6407 -0.7500
v -3.7066 -3.6679 -0.7500
v -3.7066 -3.6679 0.7500
v -3.6993 -3.6407 0.7500
v -3.7066 -3.6679 -0.7500
v -3.7105 -3.6903 -0.7500
v -3.7105 -3.6903 0.7500
v -3.7066 -3.6679 0.7500
v -3.7105 -3.6903 -0.7500
v -3.7134 -3.7117 -0.7500
v -3.7134 -3.7117 0.7500
v -3.7105 -3.6903 0.7500
v -3.7134 -3.7117 -0.7500
v -3.7144 -3.7322 -0.7500
v -3.7144 -3.7322 0.7500
v -3.7134 -3.7117 0.7500
v -3.7144 -3.7322 -0.7500
v -3.7144 -3.7516 -0.7500
v -3.7144 -3.7516 0.7500
v -3.7144 -3.7322 0.7500
v -3.7144 -3.7516 -0.7500
v -3.7129 -3.7701 -0.7500
v -3.7129 -3.7701 0.7500
v -3.7144 -3.7516 0.7500
v -3.7129 -3.7701 -0.7500
v -3.7100 -3.7876 -0.7500
v -3.7100 -3.7876 0.7500
v -3.7129 -3.7701 0.7500
v -3.7100 -3.7876 -0.7500
v -3.7056 -3.8041 -0.7500
v -3.7056 -3.8041 0.7500
v -3.7100 -3.7876 0.7500
v -3.7056 -3.8041 -0.7500
v -3.7003 -3.8192 -0.7500
v -3.7003 -3.8192 0.7500
v -3.7056 -3.8041 0.7500
v -3.7003 -3.8192 -0.7500
v -3.6930 -3.8338 -0.7500
v -3.6930 -3.8338 0.7500
v -3.7003 -3.8192 0.7500
v -3.6930 -3.8338 -0.7500
v -3.6842 -3.8470 -0.7500
v -3.6842 -3.8470 0.7500
v -3.6930 -3.8338 0.7500
v -3.6842 -3.8470 -0.7500
v -3.6745 -3.8596 -0.7500
v -3.6745 -3.8596 0.7500
v -3.6842 -3.8470 0.7500
v -3.6745 -3.8596 -0.7500
v -3.6623 -3.8718 -0.7500
v -3.6623 -3.8718 0.7500
v -3.6745 -3.8596 0.7500
v -3.6623 -3.8718 -0.7500
v -3.6482 -3.8834 -0.7500
v -3.6482 -3.8834 0.7500
v -3.6623 -3.8718 0.7500
v -3.6482 -3.8834 -0.7500
v -3.6327 -3.8951 -0.7500
v -3.6327 -3.8951 0.7500
v -3.6482 -3.8834 0.7500
v -3.6327 -3.8951 -0.7500
v -3.6147 -3.9063 -0.7500
v -3.6147 -3.9063 0.7500
v -3.6327 -3.8951 0.7500
v -3.6147 -3.9063 -0.7500
v -3.5952 -3.9165 -0.7500
v -3.5952 -3.9165 0.7500
v -3.6147 -3.9063 0.7500
v -3.5952 -3.9165 -0.7500
v -3.5738 -3.9267 -0.7500
v -3.5738 -3.9267 0.7500
v -3.5952 -3.9165 0.7500
v -3.5738 -3.9267 -0.7500
v -3.5505 -3.9365 -0.7500
v -3.5505 -3.9365 0.7500
v -3.5738 -3.9267 0.7500
v -3.5505 -3.9365 -0.7500
v -3.5252 -3.9462 -0.7500
v -3.5252 -3.9462 0.7500
v -3.5505 -3.9365 0.7500
v -3.5252 -3.9462 -0.7500
v -3.4979 -3.9550 -0.7500
v -3.4979 -3.9550 0.7500
v -3.5252 -3.9462 0.7500
v -3.4979 -3.9550 -0.7500
v -3.4824 -3.9598 -0.7500
v -3.4824 -3.9598 0.7500
v -3.4979 -3.9550 0.7500
v -3.4824 -3.9598 -0.7500
v -3.4678 -3.9642 -0.7500
v -3.4678 -3.9642 0.7500
v -3.4824 -3.9598 0.7500
v -3.4678 -3.9642 -0.7500
v -3.4537 -3.9691 -0.7500
v -3.4537 -3.9691 0.7500
v -3.4678 -3.9642 0.7500
v -3.4537 -3.9691 -0.7500
v -3.4400 -3.9734 -0.7500
v -3.4400 -3.9734 0.7500
v -3.4537 -3.9691 0.7500
v -3.4274 -3.9773 -0.7500
v -3.4152 -3.9817 -0.7500
v -3.4152 -3.9817 0.7500
v -3.4274 -3.9773 0.7500
v -3.4152 -3.9817 -0.7500
v -3.3928 -3.9895 -0.7500
v -3.3928 -3.9895 0.7500
v -3.4152 -3.9817 0.7500
v -3.3826 -3.9929 -0.7500
v -3.3734 -3.9968 -0.7500
v -3.3734 -3.9968 0.7500
v -3.3826 -3.9929 0.7500
v -3.3734 -3.9968 -0.7500
v -3.3641 -4.0002 -0.7500
v -3.3641 -4.0002 0.7500
v -3.3734 -3.9968 0.7500
v -3.3719 -4.1729 -0.7500
v -3.3831 -4.1753 -0.7500
v -3.3831 -4.1753 0.7500
v -3.3719 -4.1729 0.7500
v -3.3831 -4.1753 -0.7500
v -3.3948 -4.1782 -0.7500
v -3.3948 -4.1782 0.7500
v -3.3831 -4.1753 0.7500
v -3.7626 -4.1320 -0.7500
v -3.7879 -4.1213 -0.7500
v -3.7879 -4.1213 0.7500
v -3.7626 -4.1320 0.7500
v -3.7879 -4.1213 -0.7500
v -3.8316 -4.3281 -0.7500
v -3.8316 -4.3281 0.7500
v -3.7879 -4.1213 0.7500
v -3.8316 -4.3281 -0.7500
v -3.8204 -4.3334 -0.7500
v -3.8204 -4.3334 0.7500
v -3.8316 -4.3281 0.7500
v -3.8204 -4.3334 -0.7500
v -3.8088 -4.3388 -0.7500
v -3.8088 -4.3388 0.7500
v -3.8204 -4.3334 0.7500
v -3.7966 -4.3432 -0.7500
v -3.7840 -4.3480 -0.7500
v -3.7840 -4.3480 0.7500
v -3.7966 -4.3432 0.7500
v -3.7840 -4.3480 -0.7500
v -3.7708 -4.3524 -0.7500
v -3.7708 -4.3524 0.7500
v -3.7840 -4.3480 0.7500
v -3.7708 -4.3524 -0.7500
v -3.7572 -4.3563 -0.7500
v -3.7572 -4.3563 0.7500
v -3.7708 -4.3524 0.7500
v -3.7572 -4.3563 -0.7500
v -3.7426 -4.3602 -0.7500
v -3.7426 -4.3602 0.7500
v -3.7572 -4.3563 0.7500
v -3.7426 -4.3602 -0.7500
v -3.7280 -4.3636 -0.7500
v -3.7280 -4.3636 0.7500
v -3.7426 -4.3602 0.7500
v -3.7280 -4.3636 -0.7500
v -3.7125 -4.3665 -0.7500
v -3.7125 -4.3665 0.7500
v -3.7280 -4.3636 0.7500
v -3.7125 -4.3665 -0.7500
v -3.6964 -4.3699 -0.7500
v -3.6964 -4.3699 0.7500
v -3.7125 -4.3665 0.7500
v -3.6964 -4.3699 -0.7500
v -3.6803 -4.3723 -0.7500
v -3.6803 -4.3723 0.7500
v -3.6964 -4.3699 0.7500
v -3.6803 -4.3723 -0.7500
v -3.6638 -4.3748 -0.7500
v -3.6638 -4.3748 0.7500
v -3.6803 -4.3723 0.7500
v -3.6638 -4.3748 -0.7500
v -3.6468 -4.3772 -0.7500
v -3.6468 -4.3772 0.7500
v -3.6638 -4.3748 0.7500
v -3.6293 -4.3787 -0.7500
v -3.6118 -4.3806 -0.7500
v -3.6118 -4.3806 0.7500
v -3.6293 -4.3787 0.7500
v -3.6118 -4.3806 -0.7500
v -3.5758 -4.3826 -0.7500
v -3.5758 -4.3826 0.7500
v -3.6118 -4.3806 0.7500
v -3.5758 -4.3826 -0.7500
v -3.5573 -4.3835 -0.7500
v -3.5573 -4.3835 0.7500
v -3.5758 -4.3826 0.7500
v -3.2960 -3.7832 -0.7500
v -3.3097 -3.7793 -0.7500
v -3.3097 -3.7793 0.7500
v -3.2960 -3.7832 0.7500
v -3.0586 -3.3989 -0.7500
v -3.0732 -3.3965 -0.7500
v -3.0732 -3.3965 0.7500
v -3.0586 -3.3989 0.7500
v -3.4400 -3.9734 -0.7500
v -3.4274 -3.9773 -0.7500
v -3.4274 -3.9773 0.7500
v -3.4400 -3.9734 0.7500
v -3.3928 -3.9895 -0.7500
v -3.3826 -3.9929 -0.7500
v -3.3826 -3.9929 0.7500
v -3.3928 -3.9895 0.7500
v -3.7494 -4.1374 -0.7500
v -3.7626 -4.1320 -0.7500
v -3.7626 -4.1320 0.7500
v -3.7494 -4.1374 0.7500
v -3.8088 -4.3388 -0.7500
v -3.7966 -4.3432 -0.7500
v -3.7966 -4.3432 0.7500
v -3.8088 -4.3388 0.7500
v -3.6468 -4.3772 -0.7500
v -3.6293 -4.3787 -0.7500
v -3.6293 -4.3787 0.7500
v -3.6468 -4.3772 0.7500
v -3.0708 -3.6096 -0.7500
v -3.0465 -3.6173 -0.7500
v -3.0465 -3.6173 0.7500
v -3.0708 -3.6096 0.7500
v -3.7363 -4.1422 -0.7500
v -3.7494 -4.1374 -0.7500
v -3.7494 -4.1374 0.7500
v -3.7363 -4.1422 0.7500
v -3.0835 -3.6057 -0.7500
v -3.0708 -3.6096 -0.7500
v -3.0708 -3.6096 0.7500
v -3.0835 -3.6057 0.7500
v -3.7227 -4.1471 -0.7500
v -3.7363 -4.1422 -0.7500
v -3.7363 -4.1422 0.7500
v -3.7227 -4.1471 0.7500
v -3.0956 -3.6023 -0.7500
v -3.0835 -3.6057 -0.7500
v -3.0835 -3.6057 0.7500
v -3.0956 -3.6023 0.7500
v -3.7086 -4.1520 -0.7500
v -3.7227 -4.1471 -0.7500
v -3.7227 -4.1471 0.7500
v -3.7086 -4.1520 0.7500
v -3.6945 -4.1563 -0.7500
v -3.7086 -4.1520 -0.7500
v -3.7086 -4.1520 0.7500
v -3.6945 -4.1563 0.7500
v -3.1457 -3.5916 -0.7500
v -3.1204 -3.5964 -0.7500
v -3.1204 -3.5964 0.7500
v -3.1457 -3.5916 0.7500
v -3.6799 -4.1602 -0.7500
v -3.6945 -4.1563 -0.7500
v -3.6945 -4.1563 0.7500
v -3.6799 -4.1602 0.7500
v -3.3578 -3.7643 -0.7500
v -3.3783 -3.7574 -0.7500
v -3.3783 -3.7574 0.7500
v -3.3578 -3.7643 0.7500
v -3.1579 -3.5896 -0.7500
v -3.1457 -3.5916 -0.7500
v -3.1457 -3.5916 0.7500
v -3.1579 -3.5896 0.7500
v -3.6497 -4.1680 -0.7500
v -3.6799 -4.1602 -0.7500
v -3.6799 -4.1602 0.7500
v -3.6497 -4.1680 0.7500
v -3.1705 -3.5877 -0.7500
v -3.1579 -3.5896 -0.7500
v -3.1579 -3.5896 0.7500
v -3.1705 -3.5877 0.7500
v -3.3641 -4.0002 -0.7500
v -3.3559 -4.0036 -0.7500
v -3.3559 -4.0036 0.7500
v -3.3641 -4.0002 0.7500
v -3.6346 -4.1714 -0.7500
v -3.6497 -4.1680 -0.7500
v -3.6497 -4.1680 0.7500
v -3.6346 -4.1714 0.7500
v -3.3559 -4.0036 -0.7500
v -3.3481 -4.0075 -0.7500
v -3.3481 -4.0075 0.7500
v -3.3559 -4.0036 0.7500
v -3.6045 -4.1773 -0.7500
v -3.6346 -4.1714 -0.7500
v -3.6346 -4.1714 0.7500
v -3.6045 -4.1773 0.7500
v -3.4181 -3.7419 -0.7500
v -3.4245 -3.7385 -0.7500
v -3.4245 -3.7385 0.7500
v -3.4181 -3.7419 0.7500
v -3.2206 -3.5828 -0.7500
v -3.1953 -3.5848 -0.7500
v -3.1953 -3.5848 0.7500
v -3.2206 -3.5828 0.7500
v -3.3481 -4.0075 -0.7500
v -3.3345 -4.0153 -0.7500
v -3.3345 -4.0153 0.7500
v -3.3481 -4.0075 0.7500
v -3.5894 -4.1797 -0.7500
v -3.6045 -4.1773 -0.7500
v -3.6045 -4.1773 0.7500
v -3.5894 -4.1797 0.7500
v -3.4245 -3.7385 -0.7500
v -3.4303 -3.7351 -0.7500
v -3.4303 -3.7351 0.7500
v -3.4245 -3.7385 0.7500
v -3.2328 -3.5823 -0.7500
v -3.2206 -3.5828 -0.7500
v -3.2206 -3.5828 0.7500
v -3.2328 -3.5823 0.7500
v -3.3345 -4.0153 -0.7500
v -3.3286 -4.0192 -0.7500
v -3.3286 -4.0192 0.7500
v -3.3345 -4.0153 0.7500
v -3.5743 -4.1816 -0.7500
v -3.5894 -4.1797 -0.7500
v -3.5894 -4.1797 0.7500
v -3.5743 -4.1816 0.7500
v -3.4303 -3.7351 -0.7500
v -3.4357 -3.7317 -0.7500
v -3.4357 -3.7317 0.7500
v -3.4303 -3.7351 0.7500
v -3.2454 -3.5818 -0.7500
v -3.2328 -3.5823 -0.7500
v -3.2328 -3.5823 0.7500
v -3.2454 -3.5818 0.7500
v -3.3286 -4.0192 -0.7500
v -3.3233 -4.0235 -0.7500
v -3.3233 -4.0235 0.7500
v -3.3286 -4.0192 0.7500
v -3.5597 -4.1831 -0.7500
v -3.5743 -4.1816 -0.7500
v -3.5743 -4.1816 0.7500
v -3.5597 -4.1831 0.7500
v -3.4357 -3.7317 -0.7500
v -3.4405 -3.7283 -0.7500
v -3.4405 -3.7283 0.7500
v -3.4357 -3.7317 0.7500
v -3.2737 -3.5818 -0.7500
v -3.2454 -3.5818 -0.7500
v -3.2454 -3.5818 0.7500
v -3.2737 -3.5818 0.7500
v -3.3233 -4.0235 -0.7500
v -3.3184 -4.0279 -0.7500
v -3.3184 -4.0279 0.7500
v -3.3233 -4.0235 0.7500
v -3.5446 -4.1846 -0.7500
v -3.5597 -4.1831 -0.7500
v -3.5597 -4.1831 0.7500
v -3.5446 -4.1846 0.7500
v -3.2892 -3.5823 -0.7500
v -3.2737 -3.5818 -0.7500
v -3.2737 -3.5818 0.7500
v -3.2892 -3.5823 0.7500
v -3.3184 -4.0279 -0.7500
v -3.3140 -4.0323 -0.7500
v -3.3140 -4.0323 0.7500
v -3.3184 -4.0279 0.7500
v -3.5300 -4.1855 -0.7500
v -3.5446 -4.1846 -0.7500
v -3.5446 -4.1846 0.7500
v -3.5300 -4.1855 0.7500
v -3.3043 -3.5833 -0.7500
v -3.2892 -3.5823 -0.7500
v -3.2892 -3.5823 0.7500
v -3.3043 -3.5833 0.7500
v -3.3140 -4.0323 -0.7500
v -3.3106 -4.0367 -0.7500
v -3.3106 -4.0367 0.7500
v -3.3140 -4.0323 0.7500
v -3.5154 -4.1860 -0.7500
v -3.5300 -4.1855 -0.7500
v -3.5300 -4.1855 0.7500
v -3.5154 -4.1860 0.7500
v -3.3184 -3.5843 -0.7500
v -3.3043 -3.5833 -0.7500
v -3.3043 -3.5833 0.7500
v -3.3184 -3.5843 0.7500
v -3.4833 -4.1860 -0.7500
v -3.5154 -4.1860 -0.7500
v -3.5154 -4.1860 0.7500
v -3.4833 -4.1860 0.7500
v -3.3457 -3.5872 -0.7500
v -3.3184 -3.5843 -0.7500
v -3.3184 -3.5843 0.7500
v -3.3457 -3.5872 0.7500
v -3.4663 -4.1855 -0.7500
v -3.4833 -4.1860 -0.7500
v -3.4833 -4.1860 0.7500
v -3.4663 -4.1855 0.7500
v -3.3583 -3.5891 -0.7500
v -3.3457 -3.5872 -0.7500
v -3.3457 -3.5872 0.7500
v -3.3583 -3.5891 0.7500
v -3.4502 -4.1846 -0.7500
v -3.4663 -4.1855 -0.7500
v -3.4663 -4.1855 0.7500
v -3.4502 -4.1846 0.7500
v -3.3705 -3.5916 -0.7500
v -3.3583 -3.5891 -0.7500
v -3.3583 -3.5891 0.7500
v -3.3705 -3.5916 0.7500
v -3.4352 -4.1836 -0.7500
v -3.4502 -4.1846 -0.7500
v -3.4502 -4.1846 0.7500
v -3.4352 -4.1836 0.7500
v -3.3817 -3.5940 -0.7500
v -3.3705 -3.5916 -0.7500
v -3.3705 -3.5916 0.7500
v -3.3817 -3.5940 0.7500
v -3.4211 -4.1821 -0.7500
v -3.4352 -4.1836 -0.7500
v -3.4352 -4.1836 0.7500
v -3.4211 -4.1821 0.7500
v -3.3928 -3.5969 -0.7500
v -3.3817 -3.5940 -0.7500
v -3.3817 -3.5940 0.7500
v -3.3928 -3.5969 0.7500
v -3.4074 -4.1802 -0.7500
v -3.4211 -4.1821 -0.7500
v -3.4211 -4.1821 0.7500
v -3.4074 -4.1802 0.7500
v -3.4031 -3.6003 -0.7500
v -3.3928 -3.5969 -0.7500
v -3.3928 -3.5969 0.7500
v -3.4031 -3.6003 0.7500
v -3.3948 -4.1782 -0.7500
v -3.4074 -4.1802 -0.7500
v -3.4074 -4.1802 0.7500
v -3.3948 -4.1782 0.7500
v -3.4128 -3.6047 -0.7500
v -3.4031 -3.6003 -0.7500
v -3.4031 -3.6003 0.7500
v -3.4128 -3.6047 0.7500
v -3.3617 -4.1695 -0.7500
v -3.3719 -4.1729 -0.7500
v -3.3719 -4.1729 0.7500
v -3.3617 -4.1695 0.7500
v -3.4215 -3.6096 -0.7500
v -3.4128 -3.6047 -0.7500
v -3.4128 -3.6047 0.7500
v -3.4215 -3.6096 0.7500
v -3.4293 -3.6154 -0.7500
v -3.4215 -3.6096 -0.7500
v -3.4215 -3.6096 0.7500
v -3.4293 -3.6154 0.7500
v -3.3525 -4.1656 -0.7500
v -3.3617 -4.1695 -0.7500
v -3.3617 -4.1695 0.7500
v -3.3525 -4.1656 0.7500
v -3.4361 -3.6217 -0.7500
v -3.4293 -3.6154 -0.7500
v -3.4293 -3.6154 0.7500
v -3.4361 -3.6217 0.7500
v -3.3442 -4.1612 -0.7500
v -3.3525 -4.1656 -0.7500
v -3.3525 -4.1656 0.7500
v -3.3442 -4.1612 0.7500
v -3.4425 -3.6290 -0.7500
v -3.4361 -3.6217 -0.7500
v -3.4361 -3.6217 0.7500
v -3.4425 -3.6290 0.7500
v -3.3364 -4.1559 -0.7500
v -3.3442 -4.1612 -0.7500
v -3.3442 -4.1612 0.7500
v -3.3364 -4.1559 0.7500
v -3.4478 -3.6373 -0.7500
v -3.4425 -3.6290 -0.7500
v -3.4425 -3.6290 0.7500
v -3.4478 -3.6373 0.7500
v -3.4522 -3.6460 -0.7500
v -3.4478 -3.6373 -0.7500
v -3.4478 -3.6373 0.7500
v -3.4522 -3.6460 0.7500
v -3.3291 -4.1500 -0.7500
v -3.3364 -4.1559 -0.7500
v -3.3364 -4.1559 0.7500
v -3.3291 -4.1500 0.7500
v -3.4556 -3.6558 -0.7500
v -3.4522 -3.6460 -0.7500
v -3.4522 -3.6460 0.7500
v -3.4556 -3.6558 0.7500
v -3.3228 -4.1432 -0.7500
v -3.3291 -4.1500 -0.7500
v -3.3291 -4.1500 0.7500
v -3.3228 -4.1432 0.7500
v -3.4585 -3.6665 -0.7500
v -3.4556 -3.6558 -0.7500
v -3.4556 -3.6558 0.7500
v -3.4585 -3.6665 0.7500
v -3.3170 -4.1354 -0.7500
v -3.3228 -4.1432 -0.7500
v -3.3228 -4.1432 0.7500
v -3.3170 -4.1354 0.7500
v -3.3121 -4.1272 -0.7500
v -3.3170 -4.1354 -0.7500
v -3.3170 -4.1354 0.7500
v -3.3121 -4.1272 0.7500
v -3.4605 -3.6898 -0.7500
v -3.4605 -3.6786 -0.7500
v -3.4605 -3.6786 0.7500
v -3.4605 -3.6898 0.7500
v -3.3077 -4.1179 -0.7500
v -3.3121 -4.1272 -0.7500
v -3.3121 -4.1272 0.7500
v -3.3077 -4.1179 0.7500
v -3.4600 -3.6952 -0.7500
v -3.4605 -3.6898 -0.7500
v -3.4605 -3.6898 0.7500
v -3.4600 -3.6952 0.7500
v -3.3043 -4.1077 -0.7500
v -3.3077 -4.1179 -0.7500
v -3.3077 -4.1179 0.7500
v -3.3043 -4.1077 0.7500
v -3.4590 -3.7000 -0.7500
v -3.4600 -3.6952 -0.7500
v -3.4600 -3.6952 0.7500
v -3.4590 -3.7000 0.7500
v -3.3014 -4.0970 -0.7500
v -3.3043 -4.1077 -0.7500
v -3.3043 -4.1077 0.7500
v -3.3014 -4.0970 0.7500
v -3.4575 -3.7044 -0.7500
v -3.4590 -3.7000 -0.7500
v -3.4590 -3.7000 0.7500
v -3.4575 -3.7044 0.7500
v -3.2994 -4.0824 -0.7500
v -3.3014 -4.0970 -0.7500
v -3.3014 -4.0970 0.7500
v -3.2994 -4.0824 0.7500
v -3.4537 -3.7132 -0.7500
v -3.4575 -3.7044 -0.7500
v -3.4575 -3.7044 0.7500
v -3.4537 -3.7132 0.7500
v -3.2990 -4.0756 -0.7500
v -3.2994 -4.0824 -0.7500
v -3.2994 -4.0824 0.7500
v -3.2990 -4.0756 0.7500
v -3.4512 -3.7171 -0.7500
v -3.4537 -3.7132 -0.7500
v -3.4537 -3.7132 0.7500
v -3.4512 -3.7171 0.7500
v -3.2999 -4.0629 -0.7500
v -3.2990 -4.0756 -0.7500
v -3.2990 -4.0756 0.7500
v -3.2999 -4.0629 0.7500
v -3.4483 -3.7210 -0.7500
v -3.4512 -3.7171 -0.7500
v -3.4512 -3.7171 0.7500
v -3.4483 -3.7210 0.7500
v -3.3009 -4.0571 -0.7500
v -3.2999 -4.0629 -0.7500
v -3.2999 -4.0629 0.7500
v -3.3009 -4.0571 0.7500
v -3.3048 -4.0464 -0.7500
v -3.3009 -4.0571 -0.7500
v -3.3009 -4.0571 0.7500
v -3.3048 -4.0464 0.7500
v -3.3077 -4.0411 -0.7500
v -3.3048 -4.0464 -0.7500
v -3.3048 -4.0464 0.7500
v -3.3077 -4.0411 0.7500
v -3.3106 -4.0367 -0.7500
v -3.3077 -4.0411 -0.7500
v -3.3077 -4.0411 0.7500
v -3.3106 -4.0367 0.7500
f 3162 3163 2917
f 2917 2918 2919
f 2919 2920 2921
f 2921 2922 2923
f 2923 2924 2925
f 2925 2926 2927
f 2927 2928 2929
f 2929 2930 2931
f 2931 2932 2933
f 2933 2934 2935
f 2935 2936 2937
f 2937 2938 2939
f 2939 2940 2941
f 2941 2942 2943
f 2943 2944 2945
f 2945 2946 2947
f 2947 2948 2949
f 2949 2950 2951
f 2951 2952 2953
f 2953 2954 2955
f 2955 2956 2957
f 2957 2958 2959
f 2959 2960 2961
f 2961 2962 2963
f 2963 2964 2965
f 2965 2966 2967
f 2968 2969 2970
f 2970 2971 2972
f 2973 2974 2975
f 2975 2976 2977
f 2981 2982 2983
f 2990 2991 2992
f 3014 3015 3016
f 3019 3020 3021
f 3024 3025 3026
f 3026 3027 3028
f 3028 3029 3030
f 3030 3031 3032
f 3032 3033 3034
f 3035 3036 3037
f 3037 3038 3039
f 3039 3040 3041
f 3041 3042 3043
f 3043 3044 3045
f 3045 3046 3047
f 3047 3048 3049
f 3049 3050 3051
f 3051 3052 3053
f 3053 3054 3055
f 3055 3056 3057
f 3057 3058 3059
f 3059 3060 3061
f 3061 3062 3063
f 3063 3064 3065
f 3065 3066 3067
f 3067 3068 3069
f 3069 3070 3071
f 3071 3072 3073
f 3073 3074 3075
f 3075 3076 3077
f 3077 3078 3079
f 3079 3080 3081
f 3081 3082 3083
f 3083 3084 3085
f 3085 3086 3087
f 3088 3089 3090
f 3091 3092 3093
f 3119 3120 3121
f 3143 3144 3145
f 3145 3146 3147
f 3148 3149 3150
f 3150 3151 3152
f 3152 3153 3154
f 3154 3155 3156
f 3156 3157 3158
f 3159 3160 3161
f 3161 3162 2917
f 2917 2919 2921
f 2921 2923 2925
f 2925 2927 2929
f 2929 2931 2933
f 2933 2935 2937
f 2937 2939 2941
f 2941 2943 2945
f 2945 2947 2949
f 2949 2951 2953
f 2953 2955 2957
f 2957 2959 2961
f 2961 2963 2965
f 2965 2967 2968
f 3024 3026 3028
f 3028 3030 3032
f 3032 3034 3035
f 3035 3037 3039
f 3039 3041 3043
f 3043 3045 3047
f 3047 3049 3051
f 3051 3053 3055
f 3055 3057 3059
f 3059 3061 3063
f 3063 3065 3067
f 3067 3069 3071
f 3071 3073 3075
f 3075 3077 3079
f 3079 3081 3083
f 3085 3087 3088
f 3088 3090 3091
f 3142 3143 3145
f 3145 3147 3148
f 3148 3150 3152
f 3152 3154 3156
f 3156 3158 3159
f 3159 3161 2917
f 2917 2921 2925
f 2925 2929 2933
f 2933 2937 2941
f 2941 2945 2949
f 2949 2953 2957
f 2957 2961 2965
f 3023 3024 3028
f 3028 3032 3035
f 3035 3039 3043
f 3043 3047 3051
f 3051 3055 3059
f 3059 3063 3067
f 3067 3071 3075
f 3075 3079 3083
f 3141 3142 3145
f 3145 3148 3152
f 3152 3156 3159
f 3159 2917 2925
f 2925 2933 2941
f 2941 2949 2957
f 2957 2965 2968
f 3022 3023 3028
f 3028 3035 3043
f 3043 3051 3059
f 3059 3067 3075
f 3075 3083 3085
f 3140 3141 3145
f 3145 3152 3159
f 3159 2925 2941
f 2941 2957 2968
f 3021 3022 3028
f 3028 3043 3059
f 3059 3075 3085
f 3139 3140 3145
f 2941 2968 2970
f 3019 3021 3028
f 3059 3085 3088
f 3138 3139 3145
f 2941 2970 2972
f 3018 3019 3028
f 3059 3088 3091
f 3137 3138 3145
f 2941 2972 2973
f 3017 3018 3028
f 3059 3091 3093
f 3136 3137 3145
f 2941 2973 2975
f 3016 3017 3028
f 3059 3093 3094
f 3135 3136 3145
f 2941 2975 2977
f 3014 3016 3028
f 3059 3094 3095
f 3134 3135 3145
f 2941 2977 2978
f 3013 3014 3028
f 3059 3095 3096
f 3133 3134 3145
f 2941 2978 2979
f 3012 3013 3028
f 3059 3096 3097
f 3132 3133 3145
f 2941 2979 2980
f 3011 3012 3028
f 3059 3097 3098
f 3131 3132 3145
f 2941 2980 2981
f 3010 3011 3028
f 3059 3098 3099
f 3130 3131 3145
f 3009 3010 3028
f 3059 3099 3100
f 3129 3130 3145
f 3008 3009 3028
f 3059 3100 3101
f 3128 3129 3145
f 3007 3008 3028
f 3127 3128 3145
f 3006 3007 3028
f 3126 3127 3145
f 3005 3006 3028
f 3125 3126 3145
f 3004 3005 3028
f 3124 3125 3145
f 3003 3004 3028
f 3123 3124 3145
f 3002 3003 3028
f 3122 3123 3145
f 3001 3002 3028
f 3121 3122 3145
f 3001 3028 3059
f 3119 3121 3145
f 3000 3001 3059
f 3118 3119 3145
f 2999 3000 3059
f 3118 3145 3159
f 2998 2999 3059
f 3117 3118 3159
f 2997 2998 3059
f 3116 3117 3159
f 2996 2997 3059
f 3115 3116 3159
f 2995 2996 3059
f 3115 3159 2941
f 2994 2995 3059
f 3114 3115 2941
f 2993 2994 3059
f 3113 3114 2941
f 2992 2993 3059
f 3112 3113 2941
f 2990 2992 3059
f 3111 3112 2941
f 2989 2990 3059
f 3110 3111 2941
f 2988 2989 3059
f 3109 3110 2941
f 2987 2988 3059
f 3108 3109 2941
f 2986 2987 3059
f 3107 3108 2941
f 2985 2986 3059
f 3106 3107 2941
f 2984 2985 3059
f 3105 3106 2941
f 2983 2984 3059
f 3104 3105 2941
f 2981 2983 3059
f 3103 3104 2941
f 2941 2981 3059
f 3102 3103 2941
f 2941 3059 3101
f 3101 3102 2941
f 3409 3164 3410
f 3164 3166 3165
f 3166 3168 3167
f 3168 3170 3169
f 3170 3172 3171
f 3172 3174 3173
f 3174 3176 3175
f 3176 3178 3177
f 3178 3180 3179
f 3180 3182 3181
f 3182 3184 3183
f 3184 3186 3185
f 3186 3188 3187
f 3188 3190 3189
f 3190 3192 3191
f 3192 3194 3193
f 3194 3196 3195
f 3196 3198 3197
f 3198 3200 3199
f 3200 3202 3201
f 3202 3204 3203
f 3204 3206 3205
f 3206 3208 3207
f 3208 3210 3209
f 3210 3212 3211
f 3212 3214 3213
f 3215 3217 3216
f 3217 3219 3218
f 3220 3222 3221
f 3222 3224 3223
f 3228 3230 3229
f 3237 3239 3238
f 3261 3263 3262
f 3266 3268 3267
f 3271 3273 3272
f 3273 3275 3274
f 3275 3277 3276
f 3277 3279 3278
f 3279 3281 3280
f 3282 3284 3283
f 3284 3286 3285
f 3286 3288 3287
f 3288 3290 3289
f 3290 3292 3291
f 3292 3294 3293
f 3294 3296 3295
f 3296 3298 3297
f 3298 3300 3299
f 3300 3302 3301
f 3302 3304 3303
f 3304 3306 3305
f 3306 3308 3307
f 3308 3310 3309
f 3310 3312 3311
f 3312 3314 3313
f 3314 3316 3315
f 3316 3318 3317
f 3318 3320 3319
f 3320 3322 3321
f 3322 3324 3323
f 3324 3326 3325
f 3326 3328 3327
f 3328 3330 3329
f 3330 3332 3331
f 3332 3334 3333
f 3335 3337 3336
f 3338 3340 3339
f 3366 3368 3367
f 3390 3392 3391
f 3392 3394 3393
f 3395 3397 3396
f 3397 3399 3398
f 3399 3401 3400
f 3401 3403 3402
f 3403 3405 3404
f 3406 3408 3407
f 3408 3164 3409
f 3164 3168 3166
f 3168 3172 3170
f 3172 3176 3174
f 3176 3180 3178
f 3180 3184 3182
f 3184 3188 3186
f 3188 3192 3190
f 3192 3196 3194
f 3196 3200 3198
f 3200 3204 3202
f 3204 3208 3206
f 3208 3212 3210
f 3212 3215 3214
f 3271 3275 3273
f 3275 3279 3277
f 3279 3282 3281
f 3282 3286 3284
f 3286 3290 3288
f 3290 3294 3292
f 3294 3298 3296
f 3298 3302 3300
f 3302 3306 3304
f 3306 3310 3308
f 3310 3314 3312
f 3314 3318 3316
f 3318 3322 3320
f 3322 3326 3324
f 3326 3330 3328
f 3332 3335 3334
f 3335 3338 3337
f 3389 3392 3390
f 3392 3395 3394
f 3395 3399 3397
f 3399 3403 3401
f 3403 3406 3405
f 3406 3164 3408
f 3164 3172 3168
f 3172 3180 3176
f 3180 3188 3184
f 3188 3196 3192
f 3196 3204 3200
f 3204 3212 3208
f 3270 3275 3271
f 3275 3282 3279
f 3282 3290 3286
f 3290 3298 3294
f 3298 3306 3302
f 3306 3314 3310
f 3314 3322 3318
f 3322 3330 3326
f 3388 3392 3389
f 3392 3399 3395
f 3399 3406 3403
f 3406 3172 3164
f 3172 3188 3180
f 3188 3204 3196
f 3204 3215 3212
f 3269 3275 3270
f 3275 3290 3282
f 3290 3306 3298
f 3306 3322 3314
f 3322 3332 3330
f 3387 3392 3388
f 3392 3406 3399
f 3406 3188 3172
f 3188 3215 3204
f 3268 3275 3269
f 3275 3306 3290
f 3306 3332 3322
f 3386 3392 3387
f 3188 3217 3215
f 3266 3275 3268
f 3306 3335 3332
f 3385 3392 3386
f 3188 3219 3217
f 3265 3275 3266
f 3306 3338 3335
f 3384 3392 3385
f 3188 3220 3219
f 3264 3275 3265
f 3306 3340 3338
f 3383 3392 3384
f 3188 3222 3220
f 3263 3275 3264
f 3306 3341 3340
f 3382 3392 3383
f 3188 3224 3222
f 3261 3275 3263
f 3306 3342 3341
f 3381 3392 3382
f 3188 3225 3224
f 3260 3275 3261
f 3306 3343 3342
f 3380 3392 3381
f 3188 3226 3225
f 3259 3275 3260
f 3306 3344 3343
f 3379 3392 3380
f 3188 3227 3226
f 3258 3275 3259
f 3306 3345 3344
f 3378 3392 3379
f 3188 3228 3227
f 3257 3275 3258
f 3306 3346 3345
f 3377 3392 3378
f 3256 3275 3257
f 3306 3347 3346
f 3376 3392 3377
f 3255 3275 3256
f 3306 3348 3347
f 3375 3392 3376
f 3254 3275 3255
f 3374 3392 3375
f 3253 3275 3254
f 3373 3392 3374
f 3252 3275 3253
f 3372 3392 3373
f 3251 3275 3252
f 3371 3392 3372
f 3250 3275 3251
f 3370 3392 3371
f 3249 3275 3250
f 3369 3392 3370
f 3248 3275 3249
f 3368 3392 3369
f 3248 3306 3275
f 3366 3392 3368
f 3247 3306 3248
f 3365 3392 3366
f 3246 3306 3247
f 3365 3406 3392
f 3245 3306 3246
f 3364 3406 3365
f 3244 3306 3245
f 3363 3406 3364
f 3243 3306 3244
f 3362 3406 3363
f 3242 3306 3243
f 3362 3188 3406
f 3241 3306 3242
f 3361 3188 3362
f 3240 3306 3241
f 3360 3188 3361
f 3239 3306 3240
f 3359 3188 3360
f 3237 3306 3239
f 3358 3188 3359
f 3236 3306 3237
f 3357 3188 3358
f 3235 3306 3236
f 3356 3188 3357
f 3234 3306 3235
f 3355 3188 3356
f 3233 3306 3234
f 3354 3188 3355
f 3232 3306 3233
f 3353 3188 3354
f 3231 3306 3232
f 3352 3188 3353
f 3230 3306 3231
f 3351 3188 3352
f 3228 3306 3230
f 3350 3188 3351
f 3188 3306 3228
f 3349 3188 3350
f 3188 3348 3306
f 3348 3188 3349
f 3411 3412 3413
f 3411 3413 3414
f 3415 3416 3417
f 3415 3417 3418
f 3419 3420 3421
f 3419 3421 3422
f 3423 3424 3425
f 3423 3425 3426
f 3427 3428 3429
f 3427 3429 3430
f 3431 3432 3433
f 3431 3433 3434
f 3435 3436 3437
f 3435 3437 3438
f 3439 3440 3441
f 3439 3441 3442
f 3443 3444 3445
f 3443 3445 3446
f 3447 3448 3449
f 3447 3449 3450
f 3451 3452 3453
f 3451 3453 3454
f 3455 3456 3457
f 3455 3457 3458
f 3459 3460 3461
f 3459 3461 3462
f 3463 3464 3465
f 3463 3465 3466
f 3467 3468 3469
f 3467 3469 3470
f 3471 3472 3473
f 3471 3473 3474
f 3475 3476 3477
f 3475 3477 3478
f 3479 3480 3481
f 3479 3481 3482
f 3483 3484 3485
f 3483 3485 3486
f 3487 3488 3489
f 3487 3489 3490
f 3491 3492 3493
f 3491 3493 3494
f 3495 3496 3497
f 3495 3497 3498
f 3499 3500 3501
f 3499 3501 3502
f 3503 3504 3505
f 3503 3505 3506
f 3507 3508 3509
f 3507 3509 3510
f 3511 3512 3513
f 3511 3513 3514
f 3515 3516 3517
f 3515 3517 3518
f 3519 3520 3521
f 3519 3521 3522
f 3523 3524 3525
f 3523 3525 3526
f 3527 3528 3529
f 3527 3529 3530
f 3531 3532 3533
f 3531 3533 3534
f 3535 3536 3537
f 3535 3537 3538
f 3539 3540 3541
f 3539 3541 3542
f 3543 3544 3545
f 3543 3545 3546
f 3547 3548 3549
f 3547 3549 3550
f 3551 3552 3553
f 3551 3553 3554
f 3555 3556 3557
f 3555 3557 3558
f 3559 3560 3561
f 3559 3561 3562
f 3563 3564 3565
f 3563 3565 3566
f 3567 3568 3569
f 3567 3569 3570
f 3571 3572 3573
f 3571 3573 3574
f 3575 3576 3577
f 3575 3577 3578
f 3579 3580 3581
f 3579 3581 3582
f 3583 3584 3585
f 3583 3585 3586
f 3587 3588 3589
f 3587 3589 3590
f 3591 3592 3593
f 3591 3593 3594
f 3595 3596 3597
f 3595 3597 3598
f 3599 3600 3601
f 3599 3601 3602
f 3603 3604 3605
f 3603 3605 3606
f 3607 3608 3609
f 3607 3609 3610
f 3611 3612 3613
f 3611 3613 3614
f 3615 3616 3617
f 3615 3617 3618
f 3619 3620 3621
f 3619 3621 3622
f 3623 3624 3625
f 3623 3625 3626
f 3627 3628 3629
f 3627 3629 3630
f 3631 3632 3633
f 3631 3633 3634
f 3635 3636 3637
f 3635 3637 3638
f 3639 3640 3641
f 3639 3641 3642
f 3643 3644 3645
f 3643 3645 3646
f 3647 3648 3649
f 3647 3649 3650
f 3651 3652 3653
f 3651 3653 3654
f 3655 3656 3657
f 3655 3657 3658
f 3659 3660 3661
f 3659 3661 3662
f 3663 3664 3665
f 3663 3665 3666
f 3667 3668 3669
f 3667 3669 3670
f 3671 3672 3673
f 3671 3673 3674
f 3675 3676 3677
f 3675 3677 3678
f 3679 3680 3681
f 3679 3681 3682
f 3683 3684 3685
f 3683 3685 3686
f 3687 3688 3689
f 3687 3689 3690
f 3691 3692 3693
f 3691 3693 3694
f 3695 3696 3697
f 3695 3697 3698
f 3699 3700 3701
f 3699 3701 3702
f 3703 3704 3705
f 3703 3705 3706
f 3707 3708 3709
f 3707 3709 3710
f 3711 3712 3713
f 3711 3713 3714
f 3715 3716 3717
f 3715 3717 3718
f 3719 3720 3721
f 3719 3721 3722
f 3723 3724 3725
f 3723 3725 3726
f 3727 3728 3729
f 3727 3729 3730
f 3731 3732 3733
f 3731 3733 3734
f 3735 3736 3737
f 3735 3737 3738
f 3739 3740 3741
f 3739 3741 3742
f 3743 3744 3745
f 3743 3745 3746
f 3747 3748 3749
f 3747 3749 3750
f 3751 3752 3753
f 3751 3753 3754
f 3755 3756 3757
f 3755 3757 3758
f 3759 3760 3761
f 3759 3761 3762
f 3763 3764 3765
f 3763 3765 3766
f 3767 3768 3769
f 3767 3769 3770
f 3771 3772 3773
f 3771 3773 3774
f 3775 3776 3777
f 3775 3777 3778
f 3779 3780 3781
f 3779 3781 3782
f 3783 3784 3785
f 3783 3785 3786
f 3787 3788 3789
f 3787 3789 3790
f 3791 3792 3793
f 3791 3793 3794
f 3795 3796 3797
f 3795 3797 3798
f 3799 3800 3801
f 3799 3801 3802
f 3803 3804 3805
f 3803 3805 3806
f 3807 3808 3809
f 3807 3809 3810
f 3811 3812 3813
f 3811 3813 3814
f 3815 3816 3817
f 3815 3817 3818
f 3819 3820 3821
f 3819 3821 3822
f 3823 3824 3825
f 3823 3825 3826
f 3827 3828 3829
f 3827 3829 3830
f 3831 3832 3833
f 3831 3833 3834
f 3835 3836 3837
f 3835 3837 3838
f 3839 3840 3841
f 3839 3841 3842
f 3843 3844 3845
f 3843 3845 3846
f 3847 3848 3849
f 3847 3849 3850
f 3851 3852 3853
f 3851 3853 3854
f 3855 3856 3857
f 3855 3857 3858
f 3859 3860 3861
f 3859 3861 3862
f 3863 3864 3865
f 3863 3865 3866
f 3867 3868 3869
f 3867 3869 3870
f 3871 3872 3873
f 3871 3873 3874
f 3875 3876 3877
f 3875 3877 3878
f 3879 3880 3881
f 3879 3881 3882
f 3883 3884 3885
f 3883 3885 3886
f 3887 3888 3889
f 3887 3889 3890
f 3891 3892 3893
f 3891 3893 3894
f 3895 3896 3897
f 3895 3897 3898
f 3899 3900 3901
f 3899 3901 3902
f 3903 3904 3905
f 3903 3905 3906
f 3907 3908 3909
f 3907 3909 3910
f 3911 3912 3913
f 3911 3913 3914
f 3915 3916 3917
f 3915 3917 3918
f 3919 3920 3921
f 3919 3921 3922
f 3923 3924 3925
f 3923 3925 3926
f 3927 3928 3929
f 3927 3929 3930
f 3931 3932 3933
f 3931 3933 3934
f 3935 3936 3937
f 3935 3937 3938
f 3939 3940 3941
f 3939 3941 3942
f 3943 3944 3945
f 3943 3945 3946
f 3947 3948 3949
f 3947 3949 3950
f 3951 3952 3953
f 3951 3953 3954
f 3955 3956 3957
f 3955 3957 3958
f 3959 3960 3961
f 3959 3961 3962
f 3963 3964 3965
f 3963 3965 3966
f 3967 3968 3969
f 3967 3969 3970
f 3971 3972 3973
f 3971 3973 3974
f 3975 3976 3977
f 3975 3977 3978
f 3979 3980 3981
f 3979 3981 3982
f 3983 3984 3985
f 3983 3985 3986
f 3987 3988 3989
f 3987 3989 3990
f 3991 3992 3993
f 3991 3993 3994
f 3995 3996 3997
f 3995 3997 3998
f 3999 4000 4001
f 3999 4001 4002
f 4003 4004 4005
f 4003 4005 4006
f 4007 4008 4009
f 4007 4009 4010
f 4011 4012 4013
f 4011 4013 4014
f 4015 4016 4017
f 4015 4017 4018
f 4019 4020 4021
f 4019 4021 4022
f 4023 4024 4025
f 4023 4025 4026
f 4027 4028 4029
f 4027 4029 4030
f 4031 4032 4033
f 4031 4033 4034
f 4035 4036 4037
f 4035 4037 4038
f 4039 4040 4041
f 4039 4041 4042
f 4043 4044 4045
f 4043 4045 4046
f 4047 4048 4049
f 4047 4049 4050
f 4051 4052 4053
f 4051 4053 4054
f 4055 4056 4057
f 4055 4057 4058
f 4059 4060 4061
f 4059 4061 4062
f 4063 4064 4065
f 4063 4065 4066
f 4067 4068 4069
f 4067 4069 4070
f 4071 4072 4073
f 4071 4073 4074
f 4075 4076 4077
f 4075 4077 4078
f 4079 4080 4081
f 4079 4081 4082
f 4083 4084 4085
f 4083 4085 4086
f 4087 4088 4089
f 4087 4089 4090
f 4091 4092 4093
f 4091 4093 4094
f 4095 4096 4097
f 4095 4097 4098
f 4099 4100 4101
f 4099 4101 4102
f 4103 4104 4105
f 4103 4105 4106
f 4107 4108 4109
f 4107 4109 4110
f 4111 4112 4113
f 4111 4113 4114
f 4115 4116 4117
f 4115 4117 4118
f 4119 4120 4121
f 4119 4121 4122
f 4123 4124 4125
f 4123 4125 4126
f 4127 4128 4129
f 4127 4129 4130
f 4131 4132 4133
f 4131 4133 4134
f 4135 4136 4137
f 4135 4137 4138
f 4139 4140 4141
f 4139 4141 4142
f 4143 4144 4145
f 4143 4145 4146
f 4147 4148 4149
f 4147 4149 4150
f 4151 4152 4153
f 4151 4153 4154
f 4155 4156 4157
f 4155 4157 4158
f 4159 4160 4161
f 4159 4161 4162
f 4163 4164 4165
f 4163 4165 4166
f 4167 4168 4169
f 4167 4169 4170
f 4171 4172 4173
f 4171 4173 4174
f 4175 4176 4177
f 4175 4177 4178
f 4179 4180 4181
f 4179 4181 4182
f 4183 4184 4185
f 4183 4185 4186
f 4187 4188 4189
f 4187 4189 4190
f 4191 4192 4193
f 4191 4193 4194
f 4195 4196 4197
f 4195 4197 4198
f 4199 4200 4201
f 4199 4201 4202
f 4203 4204 4205
f 4203 4205 4206
f 4207 4208 4209
f 4207 4209 4210
f 4211 4212 4213
f 4211 4213 4214
f 4215 4216 4217
f 4215 4217 4218
f 4219 4220 4221
f 4219 4221 4222
f 4223 4224 4225
f 4223 4225 4226
f 4227 4228 4229
f 4227 4229 4230
f 4231 4232 4233
f 4231 4233 4234
f 4235 4236 4237
f 4235 4237 4238
f 4239 4240 4241
f 4239 4241 4242
f 4243 4244 4245
f 4243 4245 4246
f 4247 4248 4249
f 4247 4249 4250
f 4251 4252 4253
f 4251 4253 4254
f 4255 4256 4257
f 4255 4257 4258
f 4259 4260 4261
f 4259 4261 4262
f 4263 4264 4265
f 4263 4265 4266
f 4267 4268 4269
f 4267 4269 4270
f 4271 4272 4273
f 4271 4273 4274
f 4275 4276 4277
f 4275 4277 4278
f 4279 4280 4281
f 4279 4281 4282
f 4283 4284 4285
f 4283 4285 4286
f 4287 4288 4289
f 4287 4289 4290
f 4291 4292 4293
f 4291 4293 4294
f 4295 4296 4297
f 4295 4297 4298
f 4299 4300 4301
f 4299 4301 4302
f 4303 4304 4305
f 4303 4305 4306
f 4307 4308 4309
f 4307 4309 4310
f 4311 4312 4313
f 4311 4313 4314
f 4315 4316 4317
f 4315 4317 4318
f 4319 4320 4321
f 4319 4321 4322
f 4323 4324 4325
f 4323 4325 4326
f 4327 4328 4329
f 4327 4329 4330
f 4331 4332 4333
f 4331 4333 4334
f 4335 4336 4337
f 4335 4337 4338
f 4339 4340 4341
f 4339 4341 4342
f 4343 4344 4345
f 4343 4345 4346
f 4347 4348 4349
f 4347 4349 4350
f 4351 4352 4353
f 4351 4353 4354
f 4355 4356 4357
f 4355 4357 4358
f 4359 4360 4361
f 4359 4361 4362
f 4363 4364 4365
f 4363 4365 4366
f 4367 4368 4369
f 4367 4369 4370
f 4371 4372 4373
f 4371 4373 4374
f 4375 4376 4377
f 4375 4377 4378
f 4379 4380 4381
f 4379 4381 4382
f 4383 4384 4385
f 4383 4385 4386
f 4387 4388 4389
f 4387 4389 4390
f 4391 4392 4393
f 4391 4393 4394
f 4395 4396 4397
f 4395 4397 4398
v -6.2518 -4.3689 0.7500
v -5.4681 -4.3689 0.7500
v -5.4287 -4.1816 0.7500
v -5.8894 -4.1816 0.7500
v -5.3003 -3.5322 0.7500
v -5.2716 -3.3960 0.7500
v -6.0236 -3.3960 0.7500
v -6.0645 -3.5896 0.7500
v -5.6311 -3.5896 0.7500
v -6.2265 -4.2449 0.7500
v -6.2518 -4.3689 -0.7500
v -5.4681 -4.3689 -0.7500
v -5.4287 -4.1816 -0.7500
v -5.8894 -4.1816 -0.7500
v -5.3003 -3.5322 -0.7500
v -5.2716 -3.3960 -0.7500
v -6.0236 -3.3960 -0.7500
v -6.0645 -3.5896 -0.7500
v -5.6311 -3.5896 -0.7500
v -6.2265 -4.2449 -0.7500
v -5.6311 -3.5896 -0.7500
v -6.2265 -4.2449 -0.7500
v -6.2265 -4.2449 0.7500
v -5.6311 -3.5896 0.7500
v -6.2265 -4.2449 -0.7500
v -6.2518 -4.3689 -0.7500
v -6.2518 -4.3689 0.7500
v -6.2265 -4.2449 0.7500
v -6.2518 -4.3689 -0.7500
v -5.4681 -4.3689 -0.7500
v -5.4681 -4.3689 0.7500
v -6.2518 -4.3689 0.7500
v -5.4681 -4.3689 -0.7500
v -5.4287 -4.1816 -0.7500
v -5.4287 -4.1816 0.7500
v -5.4681 -4.3689 0.7500
v -5.8894 -4.1816 -0.7500
v -5.3003 -3.5322 -0.7500
v -5.3003 -3.5322 0.7500
v -5.8894 -4.1816 0.7500
v -5.3003 -3.5322 -0.7500
v -5.2716 -3.3960 -0.7500
v -5.2716 -3.3960 0.7500
v -5.3003 -3.5322 0.7500
v -5.2716 -3.3960 -0.7500
v -6.0236 -3.3960 -0.7500
v -6.0236 -3.3960 0.7500
v -5.2716 -3.3960 0.7500
v -6.0236 -3.3960 -0.7500
v -6.0645 -3.5896 -0.7500
v -6.0645 -3.5896 0.7500
v -6.0236 -3.3960 0.7500
v -5.4287 -4.1816 -0.7500
v -5.8894 -4.1816 -0.7500
v -5.8894 -4.1816 0.7500
v -5.4287 -4.1816 0.7500
v -6.0645 -3.5896 -0.7500
v -5.6311 -3.5896 -0.7500
v -5.6311 -3.5896 0.7500
v -6.0645 -3.5896 0.7500
f 4407 4408 4399
f 4399 4400 4401
f 4402 4403 4404
f 4404 4405 4406
f 4399 4401 4402
f 4404 4406 4407
f 4407 4399 4402
f 4402 4404 4407
f 4417 4409 4418
f 4409 4411 4410
f 4412 4414 4413
f 4414 4416 4415
f 4409 4412 4411
f 4414 4417 4416
f 4417 4412 4409
f 4412 4417 4414
f 4419 4420 4421
f 4419 4421 4422
f 4423 4424 4425
f 4423 4425 4426
f 4427 4428 4429
f 4427 4429 4430
f 4431 4432 4433
f 4431 4433 4434
f 4435 4436 4437
f 4435 4437 4438
f 4439 4440 4441
f 4439 4441 4442
f 4443 4444 4445
f 4443 4445 4446
f 4447 4448 4449
f 4447 4449 4450
f 4451 4452 4453
f 4451 4453 4454
f 4455 4456 4457
f 4455 4457 4458
v -2.5780 -4.3689 0.7500
v -2.3348 -4.3689 0.7500
v -2.1684 -3.5833 0.7500
v -1.8829 -3.5833 0.7500
v -1.8435 -3.3960 0.7500
v -2.6578 -3.3960 0.7500
v -2.6972 -3.5833 0.7500
v -2.4116 -3.5833 0.7500
v -2.5780 -4.3689 -0.7500
v -2.3348 -4.3689 -0.7500
v -2.1684 -3.5833 -0.7500
v -1.8829 -3.5833 -0.7500
v -1.8435 -3.3960 -0.7500
v -2.6578 -3.3960 -0.7500
v -2.6972 -3.5833 -0.7500
v -2.4116 -3.5833 -0.7500
v -2.4116 -3.5833 -0.7500
v -2.5780 -4.3689 -0.7500
v -2.5780 -4.3689 0.7500
v -2.4116 -3.5833 0.7500
v -2.5780 -4.3689 -0.7500
v -2.3348 -4.3689 -0.7500
v -2.3348 -4.3689 0.7500
v -2.5780 -4.3689 0.7500
v -2.1684 -3.5833 -0.7500
v -1.8829 -3.5833 -0.7500
v -1.8829 -3.5833 0.7500
v -2.1684 -3.5833 0.7500
v -1.8829 -3.5833 -0.7500
v -1.8435 -3.3960 -0.7500
v -1.8435 -3.3960 0.7500
v -1.8829 -3.5833 0.7500
v -1.8435 -3.3960 -0.7500
v -2.6578 -3.3960 -0.7500
v -2.6578 -3.3960 0.7500
v -1.8435 -3.3960 0.7500
v -2.6578 -3.3960 -0.7500
v -2.6972 -3.5833 -0.7500
v -2.6972 -3.5833 0.7500
v -2.6578 -3.3960 0.7500
v -2.3348 -4.3689 -0.7500
v -2.1684 -3.5833 -0.7500
v -2.1684 -3.5833 0.7500
v -2.3348 -4.3689 0.7500
v -2.6972 -3.5833 -0.7500
v -2.4116 -3.5833 -0.7500
v -2.4116 -3.5833 0.7500
v -2.6972 -3.5833 0.7500
f 4466 4459 4460
f 4461 4462 4463
f 4463 4464 4465
f 4466 4460 4461
f 4463 4465 4466
f 4466 4461 4463
f 4474 4468 4467
f 4469 4471 4470
f 4471 4473 4472
f 4474 4469 4468
f 4471 4474 4473
f 4474 4471 4469
f 4475 4476 4477
f 4475 4477 4478
f 4479 4480 4481
f 4479 4481 4482
f 4483 4484 4485
f 4483 4485 4486
f 4487 4488 4489
f 4487 4489 4490
f 4491 4492 4493
f 4491 4493 4494
f 4495 4496 4497
f 4495 4497 4498
f 4499 4500 4501
f 4499 4501 4502
f 4503 4504 4505
f 4503 4505 4506
v -9.2975 -4.3689 0.7500
v -9.2586 -4.1816 0.7500
v -9.7179 -4.1816 0.7500
v -9.5515 -3.3960 0.7500
v -9.7947 -3.3960 0.7500
v -10.0000 -4.3689 0.7500
v -9.2975 -4.3689 -0.7500
v -9.2586 -4.1816 -0.7500
v -9.7179 -4.1816 -0.7500
v -9.5515 -3.3960 -0.7500
v -9.7947 -3.3960 -0.7500
v -10.0000 -4.3689 -0.7500
v -10.0000 -4.3689 -0.7500
v -9.2975 -4.3689 -0.7500
v -9.2975 -4.3689 0.7500
v -10.0000 -4.3689 0.7500
v -9.2975 -4.3689 -0.7500
v -9.2586 -4.1816 -0.7500
v -9.2586 -4.1816 0.7500
v -9.2975 -4.3689 0.7500
v -9.7179 -4.1816 -0.7500
v -9.5515 -3.3960 -0.7500
v -9.5515 -3.3960 0.7500
v -9.7179 -4.1816 0.7500
v -9.5515 -3.3960 -0.7500
v -9.7947 -3.3960 -0.7500
v -9.7947 -3.3960 0.7500
v -9.5515 -3.3960 0.7500
v -9.2586 -4.1816 -0.7500
v -9.7179 -4.1816 -0.7500
v -9.7179 -4.1816 0.7500
v -9.2586 -4.1816 0.7500
v -9.7947 -3.3960 -0.7500
v -10.0000 -4.3689 -0.7500
v -10.0000 -4.3689 0.7500
v -9.7947 -3.3960 0.7500
f 4512 4507 4508
f 4509 4510 4511
f 4512 4508 4509
f 4509 4511 4512
f 4518 4514 4513
f 4515 4517 4516
f 4518 4515 4514
f 4515 4518 4517
f 4519 4520 4521
f 4519 4521 4522
f 4523 4524 4525
f 4523 4525 4526
f 4527 4528 4529
f 4527 4529 4530
f 4531 4532 4533
f 4531 4533 4534
f 4535 4536 4537
f 4535 4537 4538
f 4539 4540 4541
f 4539 4541 4542
v 0.6249 -4.3689 0.7500
v 0.8681 -4.3689 0.7500
v 1.0739 -3.3960 0.7500
v 0.8306 -3.3960 0.7500
v 0.6249 -4.3689 -0.7500
v 0.8681 -4.3689 -0.7500
v 1.0739 -3.3960 -0.7500
v 0.8306 -3.3960 -0.7500
v 1.0739 -3.3960 -0.7500
v 0.8306 -3.3960 -0.7500
v 0.8306 -3.3960 0.7500
v 1.0739 -3.3960 0.7500
v 0.8306 -3.3960 -0.7500
v 0.6249 -4.3689 -0.7500
v 0.6249 -4.3689 0.7500
v 0.8306 -3.3960 0.7500
v 0.6249 -4.3689 -0.7500
v 0.8681 -4.3689 -0.7500
v 0.8681 -4.3689 0.7500
v 0.6249 -4.3689 0.7500
v 0.8681 -4.3689 -0.7500
v 1.0739 -3.3960 -0.7500
v 1.0739 -3.3960 0.7500
v 0.8681 -4.3689 0.7500
f 4545 4546 4543
f 4543 4544 4545
f 4549 4547 4550
f 4547 4549 4548
f 4551 4552 4553
f 4551 4553 4554
f 4555 4556 4557
f 4555 4557 4558
f 4559 4560 4561
f 4559 4561 4562
f 4563 4564 4565
f 4563 4565 4566
v -8.0045 -4.3689 0.7500
v -7.7613 -4.3689 0.7500
v -7.5560 -3.3960 0.7500
v -7.7992 -3.3960 0.7500
v -8.0045 -4.3689 -0.7500
v -7.7613 -4.3689 -0.7500
v -7.5560 -3.3960 -0.7500
v -7.7992 -3.3960 -0.7500
v -7.5560 -3.3960 -0.7500
v -7.7992 -3.3960 -0.7500
v -7.7992 -3.3960 0.7500
v -7.5560 -3.3960 0.7500
v -7.7992 -3.3960 -0.7500
v -8.0045 -4.3689 -0.7500
v -8.0045 -4.3689 0.7500
v -7.7992 -3.3960 0.7500
v -8.0045 -4.3689 -0.7500
v -7.7613 -4.3689 -0.7500
v -7.7613 -4.3689 0.7500
v -8.0045 -4.3689 0.7500
v -7.7613 -4.3689 -0.7500
v -7.5560 -3.3960 -0.7500
v -7.5560 -3.3960 0.7500
v -7.7613 -4.3689 0.7500
f 4569 4570 4567
f 4567 4568 4569
f 4573 4571 4574
f 4571 4573 4572
f 4575 4576 4577
f 4575 4577 4578
f 4579 4580 4581
f 4579 4581 4582
f 4583 4584 4585
f 4583 4585 4586
f 4587 4588 4589
f 4587 4589 4590
v 3.0494 -4.4998 0.7500
v 9.2606 1.4896 0.7500
v 6.5986 1.1198 0.7500
v 10.0000 4.7430 0.7500
v 8.1845 3.2904 0.7500
v 5.9186 0.8771 0.7500
v 8.5795 1.2468 0.7500
v 8.5800 1.2468 0.7500
v 8.5800 1.2458 0.7500
v 8.5795 1.2458 0.7500
v 4.1936 -2.9835 0.7500
v 3.0494 -4.4998 -0.7500
v 9.2606 1.4896 -0.7500
v 6.5986 1.1198 -0.7500
v 10.0000 4.7430 -0.7500
v 8.1845 3.2904 -0.7500
v 5.9186 0.8771 -0.7500
v 8.5795 1.2468 -0.7500
v 8.5800 1.2468 -0.7500
v 8.5800 1.2458 -0.7500
v 8.5795 1.2458 -0.7500
v 4.1936 -2.9835 -0.7500
v 8.5795 1.2458 -0.7500
v 4.1936 -2.9835 -0.7500
v 4.1936 -2.9835 0.7500
v 8.5795 1.2458 0.7500
v 4.1936 -2.9835 -0.7500
v 3.0494 -4.4998 -0.7500
v 3.0494 -4.4998 0.7500
v 4.1936 -2.9835 0.7500
v 6.5986 1.1198 -0.7500
v 10.0000 4.7430 -0.7500
v 10.0000 4.7430 0.7500
v 6.5986 1.1198 0.7500
v 10.0000 4.7430 -0.7500
v 8.1845 3.2904 -0.7500
v 8.1845 3.2904 0.7500
v 10.0000 4.7430 0.7500
v 8.5800 1.2458 -0.7500
v 8.5795 1.2458 -0.7500
v 8.5795 1.2458 0.7500
v 8.5800 1.2458 0.7500
v 8.1845 3.2904 -0.7500
v 5.9186 0.8771 -0.7500
v 5.9186 0.8771 0.7500
v 8.1845 3.2904 0.7500
v 3.0494 -4.4998 -0.7500
v 9.2606 1.4896 -0.7500
v 9.2606 1.4896 0.7500
v 3.0494 -4.4998 0.7500
v 9.2606 1.4896 -0.7500
v 6.5986 1.1198 -0.7500
v 6.5986 1.1198 0.7500
v 9.2606 1.4896 0.7500
v 8.5800 1.2468 -0.7500
v 8.5800 1.2458 -0.7500
v 8.5800 1.2458 0.7500
v 8.5800 1.2468 0.7500
v 5.9186 0.8771 -0.7500
v 8.5795 1.2468 -0.7500
v 8.5795 1.2468 0.7500
v 5.9186 0.8771 0.7500
v 8.5795 1.2468 -0.7500
v 8.5800 1.2468 -0.7500
v 8.5800 1.2468 0.7500
v 8.5795 1.2468 0.7500
f 4600 4601 4591
f 4593 4594 4595
f 4599 4600 4591
f 4593 4595 4596
f 4599 4591 4592
f 4592 4593 4596
f 4598 4599 4592
f 4592 4596 4597
f 4597 4598 4592
f 4611 4602 4612
f 4604 4606 4605
f 4610 4602 4611
f 4604 4607 4606
f 4610 4603 4602
f 4603 4607 4604
f 4609 4603 4610
f 4603 4608 4607
f 4608 4603 4609
f 4613 4614 4615
f 4613 4615 4616
f 4617 4618 4619
f 4617 4619 4620
f 4621 4622 4623
f 4621 4623 4624
f 4625 4626 4627
f 4625 4627 4628
f 4629 4630 4631
f 4629 4631 4632
f 4633 4634 4635
f 4633 4635 4636
f 4637 4638 4639
f 4637 4639 4640
f 4641 4642 4643
f 4641 4643 4644
f 4645 4646 4647
f 4645 4647 4648
f 4649 4650 4651
f 4649 4651 4652
f 4653 4654 4655
f 4653 4655 4656
v 8.8169 0.0107 0.7500
v 6.9251 -1.5372 0.7500
v 6.2134 -2.3034 0.7500
v 5.7211 -2.5223 0.7500
v 5.5634 -2.6512 0.7500
v 6.8944 -2.0597 0.7500
v 8.8169 0.0107 -0.7500
v 6.9251 -1.5372 -0.7500
v 6.2134 -2.3034 -0.7500
v 5.7211 -2.5223 -0.7500
v 5.5634 -2.6512 -0.7500
v 6.8944 -2.0597 -0.7500
v 6.8944 -2.0597 -0.7500
v 8.8169 0.0107 -0.7500
v 8.8169 0.0107 0.7500
v 6.8944 -2.0597 0.7500
v 8.8169 0.0107 -0.7500
v 6.9251 -1.5372 -0.7500
v 6.9251 -1.5372 0.7500
v 8.8169 0.0107 0.7500
v 6.2134 -2.3034 -0.7500
v 5.7211 -2.5223 -0.7500
v 5.7211 -2.5223 0.7500
v 6.2134 -2.3034 0.7500
v 5.7211 -2.5223 -0.7500
v 5.5634 -2.6512 -0.7500
v 5.5634 -2.6512 0.7500
v 5.7211 -2.5223 0.7500
v 6.9251 -1.5372 -0.7500
v 6.2134 -2.3034 -0.7500
v 6.2134 -2.3034 0.7500
v 6.9251 -1.5372 0.7500
v 5.5634 -2.6512 -0.7500
v 6.8944 -2.0597 -0.7500
v 6.8944 -2.0597 0.7500
v 5.5634 -2.6512 0.7500
f 4662 4657 4658
f 4659 4660 4661
f 4662 4658 4659
f 4659 4661 4662
f 4668 4664 4663
f 4665 4667 4666
f 4668 4665 4664
f 4665 4668 4667
f 4669 4670 4671
f 4669 4671 4672
f 4673 4674 4675
f 4673 4675 4676
f 4677 4678 4679
f 4677 4679 4680
f 4681 4682 4683
f 4681 4683 4684
f 4685 4686 4687
f 4685 4687 4688
f 4689 4690 4691
f 4689 4691 4692
v 5.2677 1.3417 0.7500
v 7.7817 3.5599 0.7500
v 5.9030 2.2591 0.7500
v 4.6173 1.1247 0.7500
v 5.2677 1.3417 -0.7500
v 7.7817 3.5599 -0.7500
v 5.9030 2.2591 -0.7500
v 4.6173 1.1247 -0.7500
v 5.9030 2.2591 -0.7500
v 4.6173 1.1247 -0.7500
v 4.6173 1.1247 0.7500
v 5.9030 2.2591 0.7500
v 4.6173 1.1247 -0.7500
v 5.2677 1.3417 -0.7500
v 5.2677 1.3417 0.7500
v 4.6173 1.1247 0.7500
v 5.2677 1.3417 -0.7500
v 7.7817 3.5599 -0.7500
v 7.7817 3.5599 0.7500
v 5.2677 1.3417 0.7500
v 7.7817 3.5599 -0.7500
v 5.9030 2.2591 -0.7500
v 5.9030 2.2591 0.7500
v 7.7817 3.5599 0.7500
f 4695 4696 4693
f 4693 4694 4695
f 4699 4697 4700
f 4697 4699 4698
f 4701 4702 4703
f 4701 4703 4704
f 4705 4706 4707
f 4705 4707 4708
f 4709 4710 4711
f 4709 4711 4712
f 4713 4714 4715
f 4713 4715 4716
o Emas
usemtl Emas
v 5.3261 -0.8241 0.7500
v 2.3684 -4.7430 0.7500
v 8.5795 1.2463 0.7500
v 5.9176 0.8766 0.7500
v 9.3190 4.4998 0.7500
v 1.9247 -1.4156 0.7500
v 5.3261 -0.8241 -0.7500
v 2.3684 -4.7430 -0.7500
v 8.5795 1.2463 -0.7500
v 5.9176 0.8766 -0.7500
v 9.3190 4.4998 -0.7500
v 1.9247 -1.4156 -0.7500
v 5.3261 -0.8241 -0.7500
v 2.3684 -4.7430 -0.7500
v 2.3684 -4.7430 0.7500
v 5.3261 -0.8241 0.7500
v 2.3684 -4.7430 -0.7500
v 8.5795 1.2463 -0.7500
v 8.5795 1.2463 0.7500
v 2.3684 -4.7430 0.7500
v 5.9176 0.8766 -0.7500
v 9.3190 4.4998 -0.7500
v 9.3190 4.4998 0.7500
v 5.9176 0.8766 0.7500
v 9.3190 4.4998 -0.7500
v 1.9247 -1.4156 -0.7500
v 1.9247 -1.4156 0.7500
v 9.3190 4.4998 0.7500
v 1.9247 -1.4156 -0.7500
v 5.3261 -0.8241 -0.7500
v 5.3261 -0.8241 0.7500
v 1.9247 -1.4156 0.7500
v 8.5795 1.2463 -0.7500
v 5.9176 0.8766 -0.7500
v 5.9176 0.8766 0.7500
v 8.5795 1.2463 0.7500
f 4717 4718 4719
f 4720 4721 4722
f 4722 4717 4719
f 4719 4720 4722
f 4723 4725 4724
f 4726 4728 4727
f 4728 4725 4723
f 4725 4728 4726
f 4729 4730 4731
f 4729 4731 4732
f 4733 4734 4735
f 4733 4735 4736
f 4737 4738 4739
f 4737 4739 4740
f 4741 4742 4743
f 4741 4743 4744
f 4745 4746 4747
f 4745 4747 4748
f 4749 4750 4751
f 4749 4751 4752
v 3.2557 0.6548 0.7500
v 4.5866 1.0984 0.7500
v 7.1007 3.3167 0.7500
v 3.2557 0.6548 -0.7500
v 4.5866 1.0984 -0.7500
v 7.1007 3.3167 -0.7500
v 4.5866 1.0984 -0.7500
v 7.1007 3.3167 -0.7500
v 7.1007 3.3167 0.7500
v 4.5866 1.0984 0.7500
v 7.1007 3.3167 -0.7500
v 3.2557 0.6548 -0.7500
v 3.2557 0.6548 0.7500
v 7.1007 3.3167 0.7500
v 3.2557 0.6548 -0.7500
v 4.5866 1.0984 -0.7500
v 4.5866 1.0984 0.7500
v 3.2557 0.6548 0.7500
f 4754 4755 4753
f 4757 4756 4758
f 4759 4760 4761
f 4759 4761 4762
f 4763 4764 4765
f 4763 4765 4766
f 4767 4768 4769
f 4767 4769 4770
v 6.2134 -2.3029 0.7500
v 8.1359 -0.2325 0.7500
v 4.8824 -2.8945 0.7500
v 6.2134 -2.3029 -0.7500
v 8.1359 -0.2325 -0.7500
v 4.8824 -2.8945 -0.7500
v 8.1359 -0.2325 -0.7500
v 4.8824 -2.8945 -0.7500
v 4.8824 -2.8945 0.7500
v 8.1359 -0.2325 0.7500
v 4.8824 -2.8945 -0.7500
v 6.2134 -2.3029 -0.7500
v 6.2134 -2.3029 0.7500
v 4.8824 -2.8945 0.7500
v 6.2134 -2.3029 -0.7500
v 8.1359 -0.2325 -0.7500
v 8.1359 -0.2325 0.7500
v 6.2134 -2.3029 0.7500
f 4772 4773 4771
f 4775 4774 4776
f 4777 4778 4779
f 4777 4779 4780
f 4781 4782 4783
f 4781 4783 4784
f 4785 4786 4787
f 4785 4787 4788
